video_id,clip_stem,wav,gt_npz,dpt_inference,artalk_inference,style
--Y9imYnfBw,--Y9imYnfBw_0000_S0_E271_L504_T63_R792_B351,--Y9imYnfBw_0000_S0_E271_L504_T63_R792_B351.wav,--Y9imYnfBw_0000_S0_E271_L504_T63_R792_B351.npz,--Y9imYnfBw_0000_S0_E271_L504_T63_R792_B351.npz,--Y9imYnfBw_0000_S0_E271_L504_T63_R792_B351_natural_0_mesh_motions.pt,--Y9imYnfBw_0000_S0_E271_L504_T63_R792_B351_s000000.npy
-7TMJtnhiPM,-7TMJtnhiPM_0000_S1202_E1607_L345_T26_R857_B538,-7TMJtnhiPM_0000_S1202_E1607_L345_T26_R857_B538.wav,-7TMJtnhiPM_0000_S1202_E1607_L345_T26_R857_B538.npz,-7TMJtnhiPM_0000_S1202_E1607_L345_T26_R857_B538.npz,-7TMJtnhiPM_0000_S1202_E1607_L345_T26_R857_B538_natural_0_mesh_motions.pt,-7TMJtnhiPM_0000_S1202_E1607_L345_T26_R857_B538_s000000.npy
-A0jrCGS_TE,-A0jrCGS_TE_0000_S1107_E1427_L566_T104_R1062_B600,-A0jrCGS_TE_0000_S1107_E1427_L566_T104_R1062_B600.wav,-A0jrCGS_TE_0000_S1107_E1427_L566_T104_R1062_B600.npz,-A0jrCGS_TE_0000_S1107_E1427_L566_T104_R1062_B600.npz,-A0jrCGS_TE_0000_S1107_E1427_L566_T104_R1062_B600_natural_0_mesh_motions.pt,-A0jrCGS_TE_0000_S1107_E1427_L566_T104_R1062_B600_s000000.npy
-B1Z9vrjpgg,-B1Z9vrjpgg_0004_S1354_E1902_L462_T98_R750_B386,-B1Z9vrjpgg_0004_S1354_E1902_L462_T98_R750_B386.wav,-B1Z9vrjpgg_0004_S1354_E1902_L462_T98_R750_B386.npz,-B1Z9vrjpgg_0004_S1354_E1902_L462_T98_R750_B386.npz,-B1Z9vrjpgg_0004_S1354_E1902_L462_T98_R750_B386_natural_0_mesh_motions.pt,-B1Z9vrjpgg_0004_S1354_E1902_L462_T98_R750_B386_s000000.npy
-B9PTg7XynE,-B9PTg7XynE_0000_S306_E926_L177_T0_R1025_B576,-B9PTg7XynE_0000_S306_E926_L177_T0_R1025_B576.wav,-B9PTg7XynE_0000_S306_E926_L177_T0_R1025_B576.npz,-B9PTg7XynE_0000_S306_E926_L177_T0_R1025_B576.npz,-B9PTg7XynE_0000_S306_E926_L177_T0_R1025_B576_natural_0_mesh_motions.pt,-B9PTg7XynE_0000_S306_E926_L177_T0_R1025_B576_s000000.npy
-BNR218UFX4,-BNR218UFX4_0006_S614_E822_L477_T0_R861_B368,-BNR218UFX4_0006_S614_E822_L477_T0_R861_B368.wav,-BNR218UFX4_0006_S614_E822_L477_T0_R861_B368.npz,-BNR218UFX4_0006_S614_E822_L477_T0_R861_B368.npz,-BNR218UFX4_0006_S614_E822_L477_T0_R861_B368_natural_0_mesh_motions.pt,-BNR218UFX4_0006_S614_E822_L477_T0_R861_B368_s000000.npy
-DiIOp80LOo,-DiIOp80LOo_0000_S599_E935_L519_T56_R903_B440,-DiIOp80LOo_0000_S599_E935_L519_T56_R903_B440.wav,-DiIOp80LOo_0000_S599_E935_L519_T56_R903_B440.npz,-DiIOp80LOo_0000_S599_E935_L519_T56_R903_B440.npz,-DiIOp80LOo_0000_S599_E935_L519_T56_R903_B440_natural_0_mesh_motions.pt,-DiIOp80LOo_0000_S599_E935_L519_T56_R903_B440_s000000.npy
-FbPk4SmV0M,-FbPk4SmV0M_0001_S1102_E1748_L554_T7_R890_B343,-FbPk4SmV0M_0001_S1102_E1748_L554_T7_R890_B343.wav,-FbPk4SmV0M_0001_S1102_E1748_L554_T7_R890_B343.npz,-FbPk4SmV0M_0001_S1102_E1748_L554_T7_R890_B343.npz,-FbPk4SmV0M_0001_S1102_E1748_L554_T7_R890_B343_natural_0_mesh_motions.pt,-FbPk4SmV0M_0001_S1102_E1748_L554_T7_R890_B343_s000000.npy
-GZFS7r2GJ0,-GZFS7r2GJ0_0001_S1335_E1535_L280_T7_R664_B391,-GZFS7r2GJ0_0001_S1335_E1535_L280_T7_R664_B391.wav,-GZFS7r2GJ0_0001_S1335_E1535_L280_T7_R664_B391.npz,-GZFS7r2GJ0_0001_S1335_E1535_L280_T7_R664_B391.npz,-GZFS7r2GJ0_0001_S1335_E1535_L280_T7_R664_B391_natural_0_mesh_motions.pt,-GZFS7r2GJ0_0001_S1335_E1535_L280_T7_R664_B391_s000000.npy
-II0hSGU52I,-II0hSGU52I_0001_S283_E630_L689_T118_R945_B374,-II0hSGU52I_0001_S283_E630_L689_T118_R945_B374.wav,-II0hSGU52I_0001_S283_E630_L689_T118_R945_B374.npz,-II0hSGU52I_0001_S283_E630_L689_T118_R945_B374.npz,-II0hSGU52I_0001_S283_E630_L689_T118_R945_B374_natural_0_mesh_motions.pt,-II0hSGU52I_0001_S283_E630_L689_T118_R945_B374_s000000.npy
-KBiHKx54sg,-KBiHKx54sg_0002_S195_E732_L801_T166_R1217_B582,-KBiHKx54sg_0002_S195_E732_L801_T166_R1217_B582.wav,-KBiHKx54sg_0002_S195_E732_L801_T166_R1217_B582.npz,-KBiHKx54sg_0002_S195_E732_L801_T166_R1217_B582.npz,-KBiHKx54sg_0002_S195_E732_L801_T166_R1217_B582_natural_0_mesh_motions.pt,-KBiHKx54sg_0002_S195_E732_L801_T166_R1217_B582_s000000.npy
-KL3wSSFx10,-KL3wSSFx10_0001_S383_E998_L384_T8_R736_B360,-KL3wSSFx10_0001_S383_E998_L384_T8_R736_B360.wav,-KL3wSSFx10_0001_S383_E998_L384_T8_R736_B360.npz,-KL3wSSFx10_0001_S383_E998_L384_T8_R736_B360.npz,-KL3wSSFx10_0001_S383_E998_L384_T8_R736_B360_natural_0_mesh_motions.pt,-KL3wSSFx10_0001_S383_E998_L384_T8_R736_B360_s000000.npy
-UrrtxGsmoU,-UrrtxGsmoU_0000_S12_E384_L323_T35_R947_B659,-UrrtxGsmoU_0000_S12_E384_L323_T35_R947_B659.wav,-UrrtxGsmoU_0000_S12_E384_L323_T35_R947_B659.npz,-UrrtxGsmoU_0000_S12_E384_L323_T35_R947_B659.npz,-UrrtxGsmoU_0000_S12_E384_L323_T35_R947_B659_natural_0_mesh_motions.pt,-UrrtxGsmoU_0000_S12_E384_L323_T35_R947_B659_s000000.npy
-acp9Dk7Ve4,-acp9Dk7Ve4_0000_S1016_E1535_L114_T32_R642_B560,-acp9Dk7Ve4_0000_S1016_E1535_L114_T32_R642_B560.wav,-acp9Dk7Ve4_0000_S1016_E1535_L114_T32_R642_B560.npz,-acp9Dk7Ve4_0000_S1016_E1535_L114_T32_R642_B560.npz,-acp9Dk7Ve4_0000_S1016_E1535_L114_T32_R642_B560_natural_0_mesh_motions.pt,-acp9Dk7Ve4_0000_S1016_E1535_L114_T32_R642_B560_s000000.npy
-axp0KRQJYc,-axp0KRQJYc_0000_S1053_E1317_L423_T110_R727_B414,-axp0KRQJYc_0000_S1053_E1317_L423_T110_R727_B414.wav,-axp0KRQJYc_0000_S1053_E1317_L423_T110_R727_B414.npz,-axp0KRQJYc_0000_S1053_E1317_L423_T110_R727_B414.npz,-axp0KRQJYc_0000_S1053_E1317_L423_T110_R727_B414_natural_0_mesh_motions.pt,-axp0KRQJYc_0000_S1053_E1317_L423_T110_R727_B414_s000000.npy
-ayP3gFLy9s,-ayP3gFLy9s_0000_S1153_E1400_L462_T150_R878_B566,-ayP3gFLy9s_0000_S1153_E1400_L462_T150_R878_B566.wav,-ayP3gFLy9s_0000_S1153_E1400_L462_T150_R878_B566.npz,-ayP3gFLy9s_0000_S1153_E1400_L462_T150_R878_B566.npz,-ayP3gFLy9s_0000_S1153_E1400_L462_T150_R878_B566_natural_0_mesh_motions.pt,-ayP3gFLy9s_0000_S1153_E1400_L462_T150_R878_B566_s000000.npy
-dvajjXM2dg,-dvajjXM2dg_0000_S1200_E1434_L495_T88_R879_B472,-dvajjXM2dg_0000_S1200_E1434_L495_T88_R879_B472.wav,-dvajjXM2dg_0000_S1200_E1434_L495_T88_R879_B472.npz,-dvajjXM2dg_0000_S1200_E1434_L495_T88_R879_B472.npz,-dvajjXM2dg_0000_S1200_E1434_L495_T88_R879_B472_natural_0_mesh_motions.pt,-dvajjXM2dg_0000_S1200_E1434_L495_T88_R879_B472_s000000.npy
-dxGq0Mu0oY,-dxGq0Mu0oY_0000_S1298_E1503_L291_T112_R595_B416,-dxGq0Mu0oY_0000_S1298_E1503_L291_T112_R595_B416.wav,-dxGq0Mu0oY_0000_S1298_E1503_L291_T112_R595_B416.npz,-dxGq0Mu0oY_0000_S1298_E1503_L291_T112_R595_B416.npz,-dxGq0Mu0oY_0000_S1298_E1503_L291_T112_R595_B416_natural_0_mesh_motions.pt,-dxGq0Mu0oY_0000_S1298_E1503_L291_T112_R595_B416_s000000.npy
-gnJtZFyzZA,-gnJtZFyzZA_0000_S440_E950_L1006_T43_R1262_B299,-gnJtZFyzZA_0000_S440_E950_L1006_T43_R1262_B299.wav,-gnJtZFyzZA_0000_S440_E950_L1006_T43_R1262_B299.npz,-gnJtZFyzZA_0000_S440_E950_L1006_T43_R1262_B299.npz,-gnJtZFyzZA_0000_S440_E950_L1006_T43_R1262_B299_natural_0_mesh_motions.pt,-gnJtZFyzZA_0000_S440_E950_L1006_T43_R1262_B299_s000000.npy
-hLsqlKm-A4,-hLsqlKm-A4_0008_S837_E1092_L452_T113_R788_B449,-hLsqlKm-A4_0008_S837_E1092_L452_T113_R788_B449.wav,-hLsqlKm-A4_0008_S837_E1092_L452_T113_R788_B449.npz,-hLsqlKm-A4_0008_S837_E1092_L452_T113_R788_B449.npz,-hLsqlKm-A4_0008_S837_E1092_L452_T113_R788_B449_natural_0_mesh_motions.pt,-hLsqlKm-A4_0008_S837_E1092_L452_T113_R788_B449_s000000.npy
-mingboa4sM,-mingboa4sM_0000_S973_E1223_L262_T33_R790_B561,-mingboa4sM_0000_S973_E1223_L262_T33_R790_B561.wav,-mingboa4sM_0000_S973_E1223_L262_T33_R790_B561.npz,-mingboa4sM_0000_S973_E1223_L262_T33_R790_B561.npz,-mingboa4sM_0000_S973_E1223_L262_T33_R790_B561_natural_0_mesh_motions.pt,-mingboa4sM_0000_S973_E1223_L262_T33_R790_B561_s000000.npy
-n-HQiT-mkw,-n-HQiT-mkw_0007_S1532_E1839_L200_T49_R488_B337,-n-HQiT-mkw_0007_S1532_E1839_L200_T49_R488_B337.wav,-n-HQiT-mkw_0007_S1532_E1839_L200_T49_R488_B337.npz,-n-HQiT-mkw_0007_S1532_E1839_L200_T49_R488_B337.npz,-n-HQiT-mkw_0007_S1532_E1839_L200_T49_R488_B337_natural_0_mesh_motions.pt,-n-HQiT-mkw_0007_S1532_E1839_L200_T49_R488_B337_s000000.npy
-qsTrNdfd1w,-qsTrNdfd1w_0000_S954_E1535_L825_T169_R1081_B425,-qsTrNdfd1w_0000_S954_E1535_L825_T169_R1081_B425.wav,-qsTrNdfd1w_0000_S954_E1535_L825_T169_R1081_B425.npz,-qsTrNdfd1w_0000_S954_E1535_L825_T169_R1081_B425.npz,-qsTrNdfd1w_0000_S954_E1535_L825_T169_R1081_B425_natural_0_mesh_motions.pt,-qsTrNdfd1w_0000_S954_E1535_L825_T169_R1081_B425_s000000.npy
-r-ckuF3JSg,-r-ckuF3JSg_0000_S686_E1047_L423_T0_R807_B384,-r-ckuF3JSg_0000_S686_E1047_L423_T0_R807_B384.wav,-r-ckuF3JSg_0000_S686_E1047_L423_T0_R807_B384.npz,-r-ckuF3JSg_0000_S686_E1047_L423_T0_R807_B384.npz,-r-ckuF3JSg_0000_S686_E1047_L423_T0_R807_B384_natural_0_mesh_motions.pt,-r-ckuF3JSg_0000_S686_E1047_L423_T0_R807_B384_s000000.npy
-yhJf04a1mI,-yhJf04a1mI_0015_S430_E790_L445_T55_R781_B391,-yhJf04a1mI_0015_S430_E790_L445_T55_R781_B391.wav,-yhJf04a1mI_0015_S430_E790_L445_T55_R781_B391.npz,-yhJf04a1mI_0015_S430_E790_L445_T55_R781_B391.npz,-yhJf04a1mI_0015_S430_E790_L445_T55_R781_B391_natural_0_mesh_motions.pt,-yhJf04a1mI_0015_S430_E790_L445_T55_R781_B391_s000000.npy
-zqAjBpG0Jw,-zqAjBpG0Jw_0000_S1325_E1535_L486_T64_R758_B336,-zqAjBpG0Jw_0000_S1325_E1535_L486_T64_R758_B336.wav,-zqAjBpG0Jw_0000_S1325_E1535_L486_T64_R758_B336.npz,-zqAjBpG0Jw_0000_S1325_E1535_L486_T64_R758_B336.npz,-zqAjBpG0Jw_0000_S1325_E1535_L486_T64_R758_B336_natural_0_mesh_motions.pt,-zqAjBpG0Jw_0000_S1325_E1535_L486_T64_R758_B336_s000000.npy
0-FQbhkWYuY,0-FQbhkWYuY_0000_S507_E802_L448_T40_R832_B424,0-FQbhkWYuY_0000_S507_E802_L448_T40_R832_B424.wav,0-FQbhkWYuY_0000_S507_E802_L448_T40_R832_B424.npz,0-FQbhkWYuY_0000_S507_E802_L448_T40_R832_B424.npz,0-FQbhkWYuY_0000_S507_E802_L448_T40_R832_B424_natural_0_mesh_motions.pt,0-FQbhkWYuY_0000_S507_E802_L448_T40_R832_B424_s000000.npy
04-JxYnzcq0,04-JxYnzcq0_0003_S1133_E1407_L544_T60_R816_B332,04-JxYnzcq0_0003_S1133_E1407_L544_T60_R816_B332.wav,04-JxYnzcq0_0003_S1133_E1407_L544_T60_R816_B332.npz,04-JxYnzcq0_0003_S1133_E1407_L544_T60_R816_B332.npz,04-JxYnzcq0_0003_S1133_E1407_L544_T60_R816_B332_natural_0_mesh_motions.pt,04-JxYnzcq0_0003_S1133_E1407_L544_T60_R816_B332_s000000.npy
04BN6UOVKOM,04BN6UOVKOM_0002_S457_E766_L400_T18_R736_B354,04BN6UOVKOM_0002_S457_E766_L400_T18_R736_B354.wav,04BN6UOVKOM_0002_S457_E766_L400_T18_R736_B354.npz,04BN6UOVKOM_0002_S457_E766_L400_T18_R736_B354.npz,04BN6UOVKOM_0002_S457_E766_L400_T18_R736_B354_natural_0_mesh_motions.pt,04BN6UOVKOM_0002_S457_E766_L400_T18_R736_B354_s000000.npy
04WJEEb33CY,04WJEEb33CY_0001_S1201_E1759_L445_T69_R781_B405,04WJEEb33CY_0001_S1201_E1759_L445_T69_R781_B405.wav,04WJEEb33CY_0001_S1201_E1759_L445_T69_R781_B405.npz,04WJEEb33CY_0001_S1201_E1759_L445_T69_R781_B405.npz,04WJEEb33CY_0001_S1201_E1759_L445_T69_R781_B405_natural_0_mesh_motions.pt,04WJEEb33CY_0001_S1201_E1759_L445_T69_R781_B405_s000000.npy
0B5ojfWryqA,0B5ojfWryqA_0008_S1022_E1408_L336_T39_R736_B439,0B5ojfWryqA_0008_S1022_E1408_L336_T39_R736_B439.wav,0B5ojfWryqA_0008_S1022_E1408_L336_T39_R736_B439.npz,0B5ojfWryqA_0008_S1022_E1408_L336_T39_R736_B439.npz,0B5ojfWryqA_0008_S1022_E1408_L336_T39_R736_B439_natural_0_mesh_motions.pt,0B5ojfWryqA_0008_S1022_E1408_L336_T39_R736_B439_s000000.npy
0H-cSZFZq_4,0H-cSZFZq_4_0001_S0_E283_L477_T16_R845_B384,0H-cSZFZq_4_0001_S0_E283_L477_T16_R845_B384.wav,0H-cSZFZq_4_0001_S0_E283_L477_T16_R845_B384.npz,0H-cSZFZq_4_0001_S0_E283_L477_T16_R845_B384.npz,0H-cSZFZq_4_0001_S0_E283_L477_T16_R845_B384_natural_0_mesh_motions.pt,0H-cSZFZq_4_0001_S0_E283_L477_T16_R845_B384_s000000.npy
0NLQfXOo0dM,0NLQfXOo0dM_0000_S164_E465_L543_T88_R831_B376,0NLQfXOo0dM_0000_S164_E465_L543_T88_R831_B376.wav,0NLQfXOo0dM_0000_S164_E465_L543_T88_R831_B376.npz,0NLQfXOo0dM_0000_S164_E465_L543_T88_R831_B376.npz,0NLQfXOo0dM_0000_S164_E465_L543_T88_R831_B376_natural_0_mesh_motions.pt,0NLQfXOo0dM_0000_S164_E465_L543_T88_R831_B376_s000000.npy
0OaM12UIeVA,0OaM12UIeVA_0001_S542_E825_L478_T97_R798_B417,0OaM12UIeVA_0001_S542_E825_L478_T97_R798_B417.wav,0OaM12UIeVA_0001_S542_E825_L478_T97_R798_B417.npz,0OaM12UIeVA_0001_S542_E825_L478_T97_R798_B417.npz,0OaM12UIeVA_0001_S542_E825_L478_T97_R798_B417_natural_0_mesh_motions.pt,0OaM12UIeVA_0001_S542_E825_L478_T97_R798_B417_s000000.npy
0OzxymzEo-A,0OzxymzEo-A_0000_S1196_E1485_L366_T68_R766_B468,0OzxymzEo-A_0000_S1196_E1485_L366_T68_R766_B468.wav,0OzxymzEo-A_0000_S1196_E1485_L366_T68_R766_B468.npz,0OzxymzEo-A_0000_S1196_E1485_L366_T68_R766_B468.npz,0OzxymzEo-A_0000_S1196_E1485_L366_T68_R766_B468_natural_0_mesh_motions.pt,0OzxymzEo-A_0000_S1196_E1485_L366_T68_R766_B468_s000000.npy
0P-9yxO2df4,0P-9yxO2df4_0005_S1178_E1489_L357_T32_R757_B432,0P-9yxO2df4_0005_S1178_E1489_L357_T32_R757_B432.wav,0P-9yxO2df4_0005_S1178_E1489_L357_T32_R757_B432.npz,0P-9yxO2df4_0005_S1178_E1489_L357_T32_R757_B432.npz,0P-9yxO2df4_0005_S1178_E1489_L357_T32_R757_B432_natural_0_mesh_motions.pt,0P-9yxO2df4_0005_S1178_E1489_L357_T32_R757_B432_s000000.npy
0PtUxdA35Zs,0PtUxdA35Zs_0000_S400_E641_L310_T0_R1062_B704,0PtUxdA35Zs_0000_S400_E641_L310_T0_R1062_B704.wav,0PtUxdA35Zs_0000_S400_E641_L310_T0_R1062_B704.npz,0PtUxdA35Zs_0000_S400_E641_L310_T0_R1062_B704.npz,0PtUxdA35Zs_0000_S400_E641_L310_T0_R1062_B704_natural_0_mesh_motions.pt,0PtUxdA35Zs_0000_S400_E641_L310_T0_R1062_B704_s000000.npy
0RQl9e11aeE,0RQl9e11aeE_0000_S0_E471_L187_T0_R539_B336,0RQl9e11aeE_0000_S0_E471_L187_T0_R539_B336.wav,0RQl9e11aeE_0000_S0_E471_L187_T0_R539_B336.npz,0RQl9e11aeE_0000_S0_E471_L187_T0_R539_B336.npz,0RQl9e11aeE_0000_S0_E471_L187_T0_R539_B336_natural_0_mesh_motions.pt,0RQl9e11aeE_0000_S0_E471_L187_T0_R539_B336_s000000.npy
0SKHozldsNM,0SKHozldsNM_0001_S1030_E1759_L369_T106_R849_B586,0SKHozldsNM_0001_S1030_E1759_L369_T106_R849_B586.wav,0SKHozldsNM_0001_S1030_E1759_L369_T106_R849_B586.npz,0SKHozldsNM_0001_S1030_E1759_L369_T106_R849_B586.npz,0SKHozldsNM_0001_S1030_E1759_L369_T106_R849_B586_natural_0_mesh_motions.pt,0SKHozldsNM_0001_S1030_E1759_L369_T106_R849_B586_s000000.npy
0S_QNLx2S7E,0S_QNLx2S7E_0000_S385_E805_L459_T61_R763_B365,0S_QNLx2S7E_0000_S385_E805_L459_T61_R763_B365.wav,0S_QNLx2S7E_0000_S385_E805_L459_T61_R763_B365.npz,0S_QNLx2S7E_0000_S385_E805_L459_T61_R763_B365.npz,0S_QNLx2S7E_0000_S385_E805_L459_T61_R763_B365_natural_0_mesh_motions.pt,0S_QNLx2S7E_0000_S385_E805_L459_T61_R763_B365_s000000.npy
0X6ZN_eRaSI,0X6ZN_eRaSI_0000_S143_E671_L481_T0_R1201_B624,0X6ZN_eRaSI_0000_S143_E671_L481_T0_R1201_B624.wav,0X6ZN_eRaSI_0000_S143_E671_L481_T0_R1201_B624.npz,0X6ZN_eRaSI_0000_S143_E671_L481_T0_R1201_B624.npz,0X6ZN_eRaSI_0000_S143_E671_L481_T0_R1201_B624_natural_0_mesh_motions.pt,0X6ZN_eRaSI_0000_S143_E671_L481_T0_R1201_B624_s000000.npy
0_Jci9-d2VY,0_Jci9-d2VY_0002_S0_E540_L677_T23_R933_B279,0_Jci9-d2VY_0002_S0_E540_L677_T23_R933_B279.wav,0_Jci9-d2VY_0002_S0_E540_L677_T23_R933_B279.npz,0_Jci9-d2VY_0002_S0_E540_L677_T23_R933_B279.npz,0_Jci9-d2VY_0002_S0_E540_L677_T23_R933_B279_natural_0_mesh_motions.pt,0_Jci9-d2VY_0002_S0_E540_L677_T23_R933_B279_s000000.npy
0_udiqKlYuU,0_udiqKlYuU_0000_S271_E561_L443_T83_R875_B515,0_udiqKlYuU_0000_S271_E561_L443_T83_R875_B515.wav,0_udiqKlYuU_0000_S271_E561_L443_T83_R875_B515.npz,0_udiqKlYuU_0000_S271_E561_L443_T83_R875_B515.npz,0_udiqKlYuU_0000_S271_E561_L443_T83_R875_B515_natural_0_mesh_motions.pt,0_udiqKlYuU_0000_S271_E561_L443_T83_R875_B515_s000000.npy
0aiKZGqjvL4,0aiKZGqjvL4_0001_S481_E703_L456_T62_R840_B446,0aiKZGqjvL4_0001_S481_E703_L456_T62_R840_B446.wav,0aiKZGqjvL4_0001_S481_E703_L456_T62_R840_B446.npz,0aiKZGqjvL4_0001_S481_E703_L456_T62_R840_B446.npz,0aiKZGqjvL4_0001_S481_E703_L456_T62_R840_B446_natural_0_mesh_motions.pt,0aiKZGqjvL4_0001_S481_E703_L456_T62_R840_B446_s000000.npy
0beHbJDqlOs,0beHbJDqlOs_0001_S728_E944_L410_T0_R890_B448,0beHbJDqlOs_0001_S728_E944_L410_T0_R890_B448.wav,0beHbJDqlOs_0001_S728_E944_L410_T0_R890_B448.npz,0beHbJDqlOs_0001_S728_E944_L410_T0_R890_B448.npz,0beHbJDqlOs_0001_S728_E944_L410_T0_R890_B448_natural_0_mesh_motions.pt,0beHbJDqlOs_0001_S728_E944_L410_T0_R890_B448_s000000.npy
0ez7IiBfCGE,0ez7IiBfCGE_0004_S740_E943_L481_T123_R737_B379,0ez7IiBfCGE_0004_S740_E943_L481_T123_R737_B379.wav,0ez7IiBfCGE_0004_S740_E943_L481_T123_R737_B379.npz,0ez7IiBfCGE_0004_S740_E943_L481_T123_R737_B379.npz,0ez7IiBfCGE_0004_S740_E943_L481_T123_R737_B379_natural_0_mesh_motions.pt,0ez7IiBfCGE_0004_S740_E943_L481_T123_R737_B379_s000000.npy
0hhbwkQ06EI,0hhbwkQ06EI_0000_S1315_E1557_L392_T18_R680_B306,0hhbwkQ06EI_0000_S1315_E1557_L392_T18_R680_B306.wav,0hhbwkQ06EI_0000_S1315_E1557_L392_T18_R680_B306.npz,0hhbwkQ06EI_0000_S1315_E1557_L392_T18_R680_B306.npz,0hhbwkQ06EI_0000_S1315_E1557_L392_T18_R680_B306_natural_0_mesh_motions.pt,0hhbwkQ06EI_0000_S1315_E1557_L392_T18_R680_B306_s000000.npy
0hmQbZUYG4o,0hmQbZUYG4o_0000_S229_E654_L170_T0_R1018_B704,0hmQbZUYG4o_0000_S229_E654_L170_T0_R1018_B704.wav,0hmQbZUYG4o_0000_S229_E654_L170_T0_R1018_B704.npz,0hmQbZUYG4o_0000_S229_E654_L170_T0_R1018_B704.npz,0hmQbZUYG4o_0000_S229_E654_L170_T0_R1018_B704_natural_0_mesh_motions.pt,0hmQbZUYG4o_0000_S229_E654_L170_T0_R1018_B704_s000000.npy
0kLlrDNq9RA,0kLlrDNq9RA_0006_S1287_E1535_L428_T0_R1180_B480,0kLlrDNq9RA_0006_S1287_E1535_L428_T0_R1180_B480.wav,0kLlrDNq9RA_0006_S1287_E1535_L428_T0_R1180_B480.npz,0kLlrDNq9RA_0006_S1287_E1535_L428_T0_R1180_B480.npz,0kLlrDNq9RA_0006_S1287_E1535_L428_T0_R1180_B480_natural_0_mesh_motions.pt,0kLlrDNq9RA_0006_S1287_E1535_L428_T0_R1180_B480_s000000.npy
0lOkJkh2Hwg,0lOkJkh2Hwg_0016_S1351_E1614_L491_T0_R795_B256,0lOkJkh2Hwg_0016_S1351_E1614_L491_T0_R795_B256.wav,0lOkJkh2Hwg_0016_S1351_E1614_L491_T0_R795_B256.npz,0lOkJkh2Hwg_0016_S1351_E1614_L491_T0_R795_B256.npz,0lOkJkh2Hwg_0016_S1351_E1614_L491_T0_R795_B256_natural_0_mesh_motions.pt,0lOkJkh2Hwg_0016_S1351_E1614_L491_T0_R795_B256_s000000.npy
0oE11MGQRZM,0oE11MGQRZM_0000_S371_E642_L322_T0_R930_B592,0oE11MGQRZM_0000_S371_E642_L322_T0_R930_B592.wav,0oE11MGQRZM_0000_S371_E642_L322_T0_R930_B592.npz,0oE11MGQRZM_0000_S371_E642_L322_T0_R930_B592.npz,0oE11MGQRZM_0000_S371_E642_L322_T0_R930_B592_natural_0_mesh_motions.pt,0oE11MGQRZM_0000_S371_E642_L322_T0_R930_B592_s000000.npy
0rZJhc1FeU4,0rZJhc1FeU4_0009_S583_E876_L426_T47_R858_B479,0rZJhc1FeU4_0009_S583_E876_L426_T47_R858_B479.wav,0rZJhc1FeU4_0009_S583_E876_L426_T47_R858_B479.npz,0rZJhc1FeU4_0009_S583_E876_L426_T47_R858_B479.npz,0rZJhc1FeU4_0009_S583_E876_L426_T47_R858_B479_natural_0_mesh_motions.pt,0rZJhc1FeU4_0009_S583_E876_L426_T47_R858_B479_s000000.npy
0t9j7CfXTcM,0t9j7CfXTcM_0000_S142_E467_L524_T8_R1068_B552,0t9j7CfXTcM_0000_S142_E467_L524_T8_R1068_B552.wav,0t9j7CfXTcM_0000_S142_E467_L524_T8_R1068_B552.npz,0t9j7CfXTcM_0000_S142_E467_L524_T8_R1068_B552.npz,0t9j7CfXTcM_0000_S142_E467_L524_T8_R1068_B552_natural_0_mesh_motions.pt,0t9j7CfXTcM_0000_S142_E467_L524_T8_R1068_B552_s000000.npy
0uGzSXRi7qQ,0uGzSXRi7qQ_0000_S175_E593_L18_T0_R642_B608,0uGzSXRi7qQ_0000_S175_E593_L18_T0_R642_B608.wav,0uGzSXRi7qQ_0000_S175_E593_L18_T0_R642_B608.npz,0uGzSXRi7qQ_0000_S175_E593_L18_T0_R642_B608.npz,0uGzSXRi7qQ_0000_S175_E593_L18_T0_R642_B608_natural_0_mesh_motions.pt,0uGzSXRi7qQ_0000_S175_E593_L18_T0_R642_B608_s000000.npy
13FSE5dCvvM,13FSE5dCvvM_0008_S1026_E1504_L16_T102_R512_B598,13FSE5dCvvM_0008_S1026_E1504_L16_T102_R512_B598.wav,13FSE5dCvvM_0008_S1026_E1504_L16_T102_R512_B598.npz,13FSE5dCvvM_0008_S1026_E1504_L16_T102_R512_B598.npz,13FSE5dCvvM_0008_S1026_E1504_L16_T102_R512_B598_natural_0_mesh_motions.pt,13FSE5dCvvM_0008_S1026_E1504_L16_T102_R512_B598_s000000.npy
1653Kz-SnxA,1653Kz-SnxA_0001_S376_E789_L456_T7_R840_B391,1653Kz-SnxA_0001_S376_E789_L456_T7_R840_B391.wav,1653Kz-SnxA_0001_S376_E789_L456_T7_R840_B391.npz,1653Kz-SnxA_0001_S376_E789_L456_T7_R840_B391.npz,1653Kz-SnxA_0001_S376_E789_L456_T7_R840_B391_natural_0_mesh_motions.pt,1653Kz-SnxA_0001_S376_E789_L456_T7_R840_B391_s000000.npy
16uK2Gbyk2k,16uK2Gbyk2k_0000_S1469_E1919_L452_T0_R772_B304,16uK2Gbyk2k_0000_S1469_E1919_L452_T0_R772_B304.wav,16uK2Gbyk2k_0000_S1469_E1919_L452_T0_R772_B304.npz,16uK2Gbyk2k_0000_S1469_E1919_L452_T0_R772_B304.npz,16uK2Gbyk2k_0000_S1469_E1919_L452_T0_R772_B304_natural_0_mesh_motions.pt,16uK2Gbyk2k_0000_S1469_E1919_L452_T0_R772_B304_s000000.npy
18Kl4qkvGUU,18Kl4qkvGUU_0002_S1115_E1392_L193_T0_R1009_B704,18Kl4qkvGUU_0002_S1115_E1392_L193_T0_R1009_B704.wav,18Kl4qkvGUU_0002_S1115_E1392_L193_T0_R1009_B704.npz,18Kl4qkvGUU_0002_S1115_E1392_L193_T0_R1009_B704.npz,18Kl4qkvGUU_0002_S1115_E1392_L193_T0_R1009_B704_natural_0_mesh_motions.pt,18Kl4qkvGUU_0002_S1115_E1392_L193_T0_R1009_B704_s000000.npy
18Ts-YxUIts,18Ts-YxUIts_0000_S1054_E1401_L387_T19_R947_B579,18Ts-YxUIts_0000_S1054_E1401_L387_T19_R947_B579.wav,18Ts-YxUIts_0000_S1054_E1401_L387_T19_R947_B579.npz,18Ts-YxUIts_0000_S1054_E1401_L387_T19_R947_B579.npz,18Ts-YxUIts_0000_S1054_E1401_L387_T19_R947_B579_natural_0_mesh_motions.pt,18Ts-YxUIts_0000_S1054_E1401_L387_T19_R947_B579_s000000.npy
19baUOGVR2M,19baUOGVR2M_0000_S1189_E1443_L320_T113_R592_B385,19baUOGVR2M_0000_S1189_E1443_L320_T113_R592_B385.wav,19baUOGVR2M_0000_S1189_E1443_L320_T113_R592_B385.npz,19baUOGVR2M_0000_S1189_E1443_L320_T113_R592_B385.npz,19baUOGVR2M_0000_S1189_E1443_L320_T113_R592_B385_natural_0_mesh_motions.pt,19baUOGVR2M_0000_S1189_E1443_L320_T113_R592_B385_s000000.npy
1ADqe6vt0xE,1ADqe6vt0xE_0005_S0_E696_L298_T4_R954_B660,1ADqe6vt0xE_0005_S0_E696_L298_T4_R954_B660.wav,1ADqe6vt0xE_0005_S0_E696_L298_T4_R954_B660.npz,1ADqe6vt0xE_0005_S0_E696_L298_T4_R954_B660.npz,1ADqe6vt0xE_0005_S0_E696_L298_T4_R954_B660_natural_0_mesh_motions.pt,1ADqe6vt0xE_0005_S0_E696_L298_T4_R954_B660_s000000.npy
1BQNyk_BgDQ,1BQNyk_BgDQ_0000_S1328_E1520_L233_T47_R905_B719,1BQNyk_BgDQ_0000_S1328_E1520_L233_T47_R905_B719.wav,1BQNyk_BgDQ_0000_S1328_E1520_L233_T47_R905_B719.npz,1BQNyk_BgDQ_0000_S1328_E1520_L233_T47_R905_B719.npz,1BQNyk_BgDQ_0000_S1328_E1520_L233_T47_R905_B719_natural_0_mesh_motions.pt,1BQNyk_BgDQ_0000_S1328_E1520_L233_T47_R905_B719_s000000.npy
1C7do4tIrfo,1C7do4tIrfo_0000_S1227_E1923_L358_T49_R838_B529,1C7do4tIrfo_0000_S1227_E1923_L358_T49_R838_B529.wav,1C7do4tIrfo_0000_S1227_E1923_L358_T49_R838_B529.npz,1C7do4tIrfo_0000_S1227_E1923_L358_T49_R838_B529.npz,1C7do4tIrfo_0000_S1227_E1923_L358_T49_R838_B529_natural_0_mesh_motions.pt,1C7do4tIrfo_0000_S1227_E1923_L358_T49_R838_B529_s000000.npy
1FBVcxb4PQA,1FBVcxb4PQA_0000_S625_E838_L484_T28_R820_B364,1FBVcxb4PQA_0000_S625_E838_L484_T28_R820_B364.wav,1FBVcxb4PQA_0000_S625_E838_L484_T28_R820_B364.npz,1FBVcxb4PQA_0000_S625_E838_L484_T28_R820_B364.npz,1FBVcxb4PQA_0000_S625_E838_L484_T28_R820_B364_natural_0_mesh_motions.pt,1FBVcxb4PQA_0000_S625_E838_L484_T28_R820_B364_s000000.npy
1FmSxmpitBA,1FmSxmpitBA_0000_S1236_E1487_L365_T0_R797_B400,1FmSxmpitBA_0000_S1236_E1487_L365_T0_R797_B400.wav,1FmSxmpitBA_0000_S1236_E1487_L365_T0_R797_B400.npz,1FmSxmpitBA_0000_S1236_E1487_L365_T0_R797_B400.npz,1FmSxmpitBA_0000_S1236_E1487_L365_T0_R797_B400_natural_0_mesh_motions.pt,1FmSxmpitBA_0000_S1236_E1487_L365_T0_R797_B400_s000000.npy
1HIHu4mxDLE,1HIHu4mxDLE_0008_S0_E339_L810_T50_R1226_B466,1HIHu4mxDLE_0008_S0_E339_L810_T50_R1226_B466.wav,1HIHu4mxDLE_0008_S0_E339_L810_T50_R1226_B466.npz,1HIHu4mxDLE_0008_S0_E339_L810_T50_R1226_B466.npz,1HIHu4mxDLE_0008_S0_E339_L810_T50_R1226_B466_natural_0_mesh_motions.pt,1HIHu4mxDLE_0008_S0_E339_L810_T50_R1226_B466_s000000.npy
1JSocaAw--A,1JSocaAw--A_0011_S69_E327_L159_T0_R1087_B672,1JSocaAw--A_0011_S69_E327_L159_T0_R1087_B672.wav,1JSocaAw--A_0011_S69_E327_L159_T0_R1087_B672.npz,1JSocaAw--A_0011_S69_E327_L159_T0_R1087_B672.npz,1JSocaAw--A_0011_S69_E327_L159_T0_R1087_B672_natural_0_mesh_motions.pt,1JSocaAw--A_0011_S69_E327_L159_T0_R1087_B672_s000000.npy
1O3ghiyirvU,1O3ghiyirvU_0000_S1282_E1577_L610_T11_R1042_B443,1O3ghiyirvU_0000_S1282_E1577_L610_T11_R1042_B443.wav,1O3ghiyirvU_0000_S1282_E1577_L610_T11_R1042_B443.npz,1O3ghiyirvU_0000_S1282_E1577_L610_T11_R1042_B443.npz,1O3ghiyirvU_0000_S1282_E1577_L610_T11_R1042_B443_natural_0_mesh_motions.pt,1O3ghiyirvU_0000_S1282_E1577_L610_T11_R1042_B443_s000000.npy
1OUkXFsyyP0,1OUkXFsyyP0_0001_S0_E413_L584_T34_R856_B306,1OUkXFsyyP0_0001_S0_E413_L584_T34_R856_B306.wav,1OUkXFsyyP0_0001_S0_E413_L584_T34_R856_B306.npz,1OUkXFsyyP0_0001_S0_E413_L584_T34_R856_B306.npz,1OUkXFsyyP0_0001_S0_E413_L584_T34_R856_B306_natural_0_mesh_motions.pt,1OUkXFsyyP0_0001_S0_E413_L584_T34_R856_B306_s000000.npy
1R5dPw4sYrE,1R5dPw4sYrE_0000_S176_E417_L0_T0_R1264_B704,1R5dPw4sYrE_0000_S176_E417_L0_T0_R1264_B704.wav,1R5dPw4sYrE_0000_S176_E417_L0_T0_R1264_B704.npz,1R5dPw4sYrE_0000_S176_E417_L0_T0_R1264_B704.npz,1R5dPw4sYrE_0000_S176_E417_L0_T0_R1264_B704_natural_0_mesh_motions.pt,1R5dPw4sYrE_0000_S176_E417_L0_T0_R1264_B704_s000000.npy
1UHlG0puRUM,1UHlG0puRUM_0000_S283_E583_L299_T0_R1003_B672,1UHlG0puRUM_0000_S283_E583_L299_T0_R1003_B672.wav,1UHlG0puRUM_0000_S283_E583_L299_T0_R1003_B672.npz,1UHlG0puRUM_0000_S283_E583_L299_T0_R1003_B672.npz,1UHlG0puRUM_0000_S283_E583_L299_T0_R1003_B672_natural_0_mesh_motions.pt,1UHlG0puRUM_0000_S283_E583_L299_T0_R1003_B672_s000000.npy
1WOs6S0VrlA,1WOs6S0VrlA_0000_S139_E413_L507_T69_R779_B341,1WOs6S0VrlA_0000_S139_E413_L507_T69_R779_B341.wav,1WOs6S0VrlA_0000_S139_E413_L507_T69_R779_B341.npz,1WOs6S0VrlA_0000_S139_E413_L507_T69_R779_B341.npz,1WOs6S0VrlA_0000_S139_E413_L507_T69_R779_B341_natural_0_mesh_motions.pt,
1bMYn6Vb-Mk,1bMYn6Vb-Mk_0000_S0_E319_L147_T0_R963_B656,1bMYn6Vb-Mk_0000_S0_E319_L147_T0_R963_B656.wav,1bMYn6Vb-Mk_0000_S0_E319_L147_T0_R963_B656.npz,1bMYn6Vb-Mk_0000_S0_E319_L147_T0_R963_B656.npz,1bMYn6Vb-Mk_0000_S0_E319_L147_T0_R963_B656_natural_0_mesh_motions.pt,
1bwUe85Mg4U,1bwUe85Mg4U_0006_S398_E704_L348_T0_R972_B608,1bwUe85Mg4U_0006_S398_E704_L348_T0_R972_B608.wav,1bwUe85Mg4U_0006_S398_E704_L348_T0_R972_B608.npz,1bwUe85Mg4U_0006_S398_E704_L348_T0_R972_B608.npz,1bwUe85Mg4U_0006_S398_E704_L348_T0_R972_B608_natural_0_mesh_motions.pt,
1h3J3fDsupc,1h3J3fDsupc_0017_S234_E506_L458_T65_R858_B465,1h3J3fDsupc_0017_S234_E506_L458_T65_R858_B465.wav,1h3J3fDsupc_0017_S234_E506_L458_T65_R858_B465.npz,1h3J3fDsupc_0017_S234_E506_L458_T65_R858_B465.npz,1h3J3fDsupc_0017_S234_E506_L458_T65_R858_B465_natural_0_mesh_motions.pt,
1hd5majTxeQ,1hd5majTxeQ_0003_S447_E1021_L867_T391_R1123_B647,1hd5majTxeQ_0003_S447_E1021_L867_T391_R1123_B647.wav,1hd5majTxeQ_0003_S447_E1021_L867_T391_R1123_B647.npz,1hd5majTxeQ_0003_S447_E1021_L867_T391_R1123_B647.npz,1hd5majTxeQ_0003_S447_E1021_L867_T391_R1123_B647_natural_0_mesh_motions.pt,
1i8607wMy68,1i8607wMy68_0004_S1335_E1686_L366_T76_R846_B556,1i8607wMy68_0004_S1335_E1686_L366_T76_R846_B556.wav,1i8607wMy68_0004_S1335_E1686_L366_T76_R846_B556.npz,1i8607wMy68_0004_S1335_E1686_L366_T76_R846_B556.npz,1i8607wMy68_0004_S1335_E1686_L366_T76_R846_B556_natural_0_mesh_motions.pt,
1iXuJgqZhik,1iXuJgqZhik_0003_S1053_E1475_L468_T61_R900_B493,1iXuJgqZhik_0003_S1053_E1475_L468_T61_R900_B493.wav,1iXuJgqZhik_0003_S1053_E1475_L468_T61_R900_B493.npz,1iXuJgqZhik_0003_S1053_E1475_L468_T61_R900_B493.npz,1iXuJgqZhik_0003_S1053_E1475_L468_T61_R900_B493_natural_0_mesh_motions.pt,
1izPOehU6zA,1izPOehU6zA_0000_S1072_E1289_L178_T0_R562_B384,1izPOehU6zA_0000_S1072_E1289_L178_T0_R562_B384.wav,1izPOehU6zA_0000_S1072_E1289_L178_T0_R562_B384.npz,1izPOehU6zA_0000_S1072_E1289_L178_T0_R562_B384.npz,1izPOehU6zA_0000_S1072_E1289_L178_T0_R562_B384_natural_0_mesh_motions.pt,
1oPgMsUmC6Y,1oPgMsUmC6Y_0000_S1532_E1808_L457_T48_R825_B416,1oPgMsUmC6Y_0000_S1532_E1808_L457_T48_R825_B416.wav,1oPgMsUmC6Y_0000_S1532_E1808_L457_T48_R825_B416.npz,1oPgMsUmC6Y_0000_S1532_E1808_L457_T48_R825_B416.npz,1oPgMsUmC6Y_0000_S1532_E1808_L457_T48_R825_B416_natural_0_mesh_motions.pt,
1wKWC0EzK_s,1wKWC0EzK_s_0000_S1407_E1804_L285_T88_R589_B392,1wKWC0EzK_s_0000_S1407_E1804_L285_T88_R589_B392.wav,1wKWC0EzK_s_0000_S1407_E1804_L285_T88_R589_B392.npz,1wKWC0EzK_s_0000_S1407_E1804_L285_T88_R589_B392.npz,1wKWC0EzK_s_0000_S1407_E1804_L285_T88_R589_B392_natural_0_mesh_motions.pt,
1wsOU17LXTU,1wsOU17LXTU_0000_S1237_E1547_L370_T3_R914_B547,1wsOU17LXTU_0000_S1237_E1547_L370_T3_R914_B547.wav,1wsOU17LXTU_0000_S1237_E1547_L370_T3_R914_B547.npz,1wsOU17LXTU_0000_S1237_E1547_L370_T3_R914_B547.npz,1wsOU17LXTU_0000_S1237_E1547_L370_T3_R914_B547_natural_0_mesh_motions.pt,
1yHWhXaXxFk,1yHWhXaXxFk_0002_S1143_E1535_L414_T58_R846_B490,1yHWhXaXxFk_0002_S1143_E1535_L414_T58_R846_B490.wav,1yHWhXaXxFk_0002_S1143_E1535_L414_T58_R846_B490.npz,1yHWhXaXxFk_0002_S1143_E1535_L414_T58_R846_B490.npz,1yHWhXaXxFk_0002_S1143_E1535_L414_T58_R846_B490_natural_0_mesh_motions.pt,
1yP_MElLiKM,1yP_MElLiKM_0000_S803_E1308_L453_T97_R933_B577,1yP_MElLiKM_0000_S803_E1308_L453_T97_R933_B577.wav,1yP_MElLiKM_0000_S803_E1308_L453_T97_R933_B577.npz,1yP_MElLiKM_0000_S803_E1308_L453_T97_R933_B577.npz,1yP_MElLiKM_0000_S803_E1308_L453_T97_R933_B577_natural_0_mesh_motions.pt,
1z2ZTPZEx1E,1z2ZTPZEx1E_0000_S1149_E1393_L526_T0_R910_B368,1z2ZTPZEx1E_0000_S1149_E1393_L526_T0_R910_B368.wav,1z2ZTPZEx1E_0000_S1149_E1393_L526_T0_R910_B368.npz,1z2ZTPZEx1E_0000_S1149_E1393_L526_T0_R910_B368.npz,1z2ZTPZEx1E_0000_S1149_E1393_L526_T0_R910_B368_natural_0_mesh_motions.pt,
1z8sqW5xIrA,1z8sqW5xIrA_0000_S1616_E1903_L221_T54_R557_B390,1z8sqW5xIrA_0000_S1616_E1903_L221_T54_R557_B390.wav,1z8sqW5xIrA_0000_S1616_E1903_L221_T54_R557_B390.npz,1z8sqW5xIrA_0000_S1616_E1903_L221_T54_R557_B390.npz,1z8sqW5xIrA_0000_S1616_E1903_L221_T54_R557_B390_natural_0_mesh_motions.pt,
2250kOXVaGE,2250kOXVaGE_0000_S1084_E1407_L466_T36_R770_B340,2250kOXVaGE_0000_S1084_E1407_L466_T36_R770_B340.wav,2250kOXVaGE_0000_S1084_E1407_L466_T36_R770_B340.npz,2250kOXVaGE_0000_S1084_E1407_L466_T36_R770_B340.npz,2250kOXVaGE_0000_S1084_E1407_L466_T36_R770_B340_natural_0_mesh_motions.pt,
22AUNaHGGz8,22AUNaHGGz8_0000_S0_E592_L323_T0_R947_B576,22AUNaHGGz8_0000_S0_E592_L323_T0_R947_B576.wav,22AUNaHGGz8_0000_S0_E592_L323_T0_R947_B576.npz,22AUNaHGGz8_0000_S0_E592_L323_T0_R947_B576.npz,22AUNaHGGz8_0000_S0_E592_L323_T0_R947_B576_natural_0_mesh_motions.pt,
22tF3y_epZs,22tF3y_epZs_0000_S316_E586_L512_T0_R1136_B592,22tF3y_epZs_0000_S316_E586_L512_T0_R1136_B592.wav,22tF3y_epZs_0000_S316_E586_L512_T0_R1136_B592.npz,22tF3y_epZs_0000_S316_E586_L512_T0_R1136_B592.npz,22tF3y_epZs_0000_S316_E586_L512_T0_R1136_B592_natural_0_mesh_motions.pt,
23eZ2Hjh3gY,23eZ2Hjh3gY_0010_S1479_E1828_L329_T27_R665_B363,23eZ2Hjh3gY_0010_S1479_E1828_L329_T27_R665_B363.wav,23eZ2Hjh3gY_0010_S1479_E1828_L329_T27_R665_B363.npz,23eZ2Hjh3gY_0010_S1479_E1828_L329_T27_R665_B363.npz,23eZ2Hjh3gY_0010_S1479_E1828_L329_T27_R665_B363_natural_0_mesh_motions.pt,
264aaUUvB9U,264aaUUvB9U_0008_S1094_E1432_L462_T110_R814_B462,264aaUUvB9U_0008_S1094_E1432_L462_T110_R814_B462.wav,264aaUUvB9U_0008_S1094_E1432_L462_T110_R814_B462.npz,264aaUUvB9U_0008_S1094_E1432_L462_T110_R814_B462.npz,264aaUUvB9U_0008_S1094_E1432_L462_T110_R814_B462_natural_0_mesh_motions.pt,
2CQgBtUJNBc,2CQgBtUJNBc_0030_S830_E1273_L447_T128_R719_B400,2CQgBtUJNBc_0030_S830_E1273_L447_T128_R719_B400.wav,2CQgBtUJNBc_0030_S830_E1273_L447_T128_R719_B400.npz,2CQgBtUJNBc_0030_S830_E1273_L447_T128_R719_B400.npz,2CQgBtUJNBc_0030_S830_E1273_L447_T128_R719_B400_natural_0_mesh_motions.pt,
2CRIlwxj6uo,2CRIlwxj6uo_0000_S1606_E1919_L337_T0_R817_B480,2CRIlwxj6uo_0000_S1606_E1919_L337_T0_R817_B480.wav,2CRIlwxj6uo_0000_S1606_E1919_L337_T0_R817_B480.npz,2CRIlwxj6uo_0000_S1606_E1919_L337_T0_R817_B480.npz,2CRIlwxj6uo_0000_S1606_E1919_L337_T0_R817_B480_natural_0_mesh_motions.pt,
2DXm-gBAbDQ,2DXm-gBAbDQ_0000_S1128_E1472_L96_T0_R1136_B704,2DXm-gBAbDQ_0000_S1128_E1472_L96_T0_R1136_B704.wav,2DXm-gBAbDQ_0000_S1128_E1472_L96_T0_R1136_B704.npz,2DXm-gBAbDQ_0000_S1128_E1472_L96_T0_R1136_B704.npz,2DXm-gBAbDQ_0000_S1128_E1472_L96_T0_R1136_B704_natural_0_mesh_motions.pt,
2EgGqTDAiC4,2EgGqTDAiC4_0006_S25_E303_L829_T96_R1181_B448,2EgGqTDAiC4_0006_S25_E303_L829_T96_R1181_B448.wav,2EgGqTDAiC4_0006_S25_E303_L829_T96_R1181_B448.npz,2EgGqTDAiC4_0006_S25_E303_L829_T96_R1181_B448.npz,2EgGqTDAiC4_0006_S25_E303_L829_T96_R1181_B448_natural_0_mesh_motions.pt,
2HPH4qtE95k,2HPH4qtE95k_0000_S784_E1147_L464_T0_R800_B320,2HPH4qtE95k_0000_S784_E1147_L464_T0_R800_B320.wav,2HPH4qtE95k_0000_S784_E1147_L464_T0_R800_B320.npz,2HPH4qtE95k_0000_S784_E1147_L464_T0_R800_B320.npz,2HPH4qtE95k_0000_S784_E1147_L464_T0_R800_B320_natural_0_mesh_motions.pt,
2KTA78QK5-A,2KTA78QK5-A_0003_S532_E774_L578_T64_R962_B448,2KTA78QK5-A_0003_S532_E774_L578_T64_R962_B448.wav,2KTA78QK5-A_0003_S532_E774_L578_T64_R962_B448.npz,2KTA78QK5-A_0003_S532_E774_L578_T64_R962_B448.npz,2KTA78QK5-A_0003_S532_E774_L578_T64_R962_B448_natural_0_mesh_motions.pt,
2LdAF2dHHFU,2LdAF2dHHFU_0000_S1561_E1811_L212_T39_R612_B439,2LdAF2dHHFU_0000_S1561_E1811_L212_T39_R612_B439.wav,2LdAF2dHHFU_0000_S1561_E1811_L212_T39_R612_B439.npz,2LdAF2dHHFU_0000_S1561_E1811_L212_T39_R612_B439.npz,2LdAF2dHHFU_0000_S1561_E1811_L212_T39_R612_B439_natural_0_mesh_motions.pt,
2NV_nn8apOA,2NV_nn8apOA_0000_S517_E976_L526_T63_R782_B319,2NV_nn8apOA_0000_S517_E976_L526_T63_R782_B319.wav,2NV_nn8apOA_0000_S517_E976_L526_T63_R782_B319.npz,2NV_nn8apOA_0000_S517_E976_L526_T63_R782_B319.npz,2NV_nn8apOA_0000_S517_E976_L526_T63_R782_B319_natural_0_mesh_motions.pt,
2ObBpwabNmg,2ObBpwabNmg_0003_S800_E1384_L348_T0_R1100_B544,2ObBpwabNmg_0003_S800_E1384_L348_T0_R1100_B544.wav,2ObBpwabNmg_0003_S800_E1384_L348_T0_R1100_B544.npz,2ObBpwabNmg_0003_S800_E1384_L348_T0_R1100_B544.npz,2ObBpwabNmg_0003_S800_E1384_L348_T0_R1100_B544_natural_0_mesh_motions.pt,
2OfVzz2aZ8c,2OfVzz2aZ8c_0000_S1000_E1448_L478_T44_R894_B460,2OfVzz2aZ8c_0000_S1000_E1448_L478_T44_R894_B460.wav,2OfVzz2aZ8c_0000_S1000_E1448_L478_T44_R894_B460.npz,2OfVzz2aZ8c_0000_S1000_E1448_L478_T44_R894_B460.npz,2OfVzz2aZ8c_0000_S1000_E1448_L478_T44_R894_B460_natural_0_mesh_motions.pt,
2PejNMim-YQ,2PejNMim-YQ_0001_S29_E338_L274_T0_R642_B368,2PejNMim-YQ_0001_S29_E338_L274_T0_R642_B368.wav,2PejNMim-YQ_0001_S29_E338_L274_T0_R642_B368.npz,2PejNMim-YQ_0001_S29_E338_L274_T0_R642_B368.npz,2PejNMim-YQ_0001_S29_E338_L274_T0_R642_B368_natural_0_mesh_motions.pt,
2R3GNE3ob-4,2R3GNE3ob-4_0001_S1467_E1726_L113_T60_R529_B476,2R3GNE3ob-4_0001_S1467_E1726_L113_T60_R529_B476.wav,2R3GNE3ob-4_0001_S1467_E1726_L113_T60_R529_B476.npz,2R3GNE3ob-4_0001_S1467_E1726_L113_T60_R529_B476.npz,2R3GNE3ob-4_0001_S1467_E1726_L113_T60_R529_B476_natural_0_mesh_motions.pt,
2Rtp8zWE6nQ,2Rtp8zWE6nQ_0001_S0_E359_L454_T20_R966_B532,2Rtp8zWE6nQ_0001_S0_E359_L454_T20_R966_B532.wav,2Rtp8zWE6nQ_0001_S0_E359_L454_T20_R966_B532.npz,2Rtp8zWE6nQ_0001_S0_E359_L454_T20_R966_B532.npz,2Rtp8zWE6nQ_0001_S0_E359_L454_T20_R966_B532_natural_0_mesh_motions.pt,
2VdwqgI2l2o,2VdwqgI2l2o_0002_S479_E875_L327_T0_R823_B464,2VdwqgI2l2o_0002_S479_E875_L327_T0_R823_B464.wav,2VdwqgI2l2o_0002_S479_E875_L327_T0_R823_B464.npz,2VdwqgI2l2o_0002_S479_E875_L327_T0_R823_B464.npz,2VdwqgI2l2o_0002_S479_E875_L327_T0_R823_B464_natural_0_mesh_motions.pt,
2bAuuK1uU1M,2bAuuK1uU1M_0000_S1238_E1919_L118_T97_R582_B561,2bAuuK1uU1M_0000_S1238_E1919_L118_T97_R582_B561.wav,2bAuuK1uU1M_0000_S1238_E1919_L118_T97_R582_B561.npz,2bAuuK1uU1M_0000_S1238_E1919_L118_T97_R582_B561.npz,2bAuuK1uU1M_0000_S1238_E1919_L118_T97_R582_B561_natural_0_mesh_motions.pt,
2d9BcdLC4dA,2d9BcdLC4dA_0000_S140_E406_L776_T84_R1224_B532,2d9BcdLC4dA_0000_S140_E406_L776_T84_R1224_B532.wav,2d9BcdLC4dA_0000_S140_E406_L776_T84_R1224_B532.npz,2d9BcdLC4dA_0000_S140_E406_L776_T84_R1224_B532.npz,2d9BcdLC4dA_0000_S140_E406_L776_T84_R1224_B532_natural_0_mesh_motions.pt,
2e6a4eog8jc,2e6a4eog8jc_0000_S1159_E1811_L428_T141_R780_B493,2e6a4eog8jc_0000_S1159_E1811_L428_T141_R780_B493.wav,2e6a4eog8jc_0000_S1159_E1811_L428_T141_R780_B493.npz,2e6a4eog8jc_0000_S1159_E1811_L428_T141_R780_B493.npz,2e6a4eog8jc_0000_S1159_E1811_L428_T141_R780_B493_natural_0_mesh_motions.pt,
2eZgkkbNq54,2eZgkkbNq54_0018_S299_E502_L407_T63_R743_B399,2eZgkkbNq54_0018_S299_E502_L407_T63_R743_B399.wav,2eZgkkbNq54_0018_S299_E502_L407_T63_R743_B399.npz,2eZgkkbNq54_0018_S299_E502_L407_T63_R743_B399.npz,2eZgkkbNq54_0018_S299_E502_L407_T63_R743_B399_natural_0_mesh_motions.pt,
2eaxjEpQPkk,2eaxjEpQPkk_0004_S844_E1085_L360_T27_R840_B507,2eaxjEpQPkk_0004_S844_E1085_L360_T27_R840_B507.wav,2eaxjEpQPkk_0004_S844_E1085_L360_T27_R840_B507.npz,2eaxjEpQPkk_0004_S844_E1085_L360_T27_R840_B507.npz,2eaxjEpQPkk_0004_S844_E1085_L360_T27_R840_B507_natural_0_mesh_motions.pt,
2gIkmyxa2ds,2gIkmyxa2ds_0001_S105_E492_L448_T71_R720_B343,2gIkmyxa2ds_0001_S105_E492_L448_T71_R720_B343.wav,2gIkmyxa2ds_0001_S105_E492_L448_T71_R720_B343.npz,2gIkmyxa2ds_0001_S105_E492_L448_T71_R720_B343.npz,2gIkmyxa2ds_0001_S105_E492_L448_T71_R720_B343_natural_0_mesh_motions.pt,
2gMaIjvjCFo,2gMaIjvjCFo_0006_S465_E744_L456_T98_R856_B498,2gMaIjvjCFo_0006_S465_E744_L456_T98_R856_B498.wav,2gMaIjvjCFo_0006_S465_E744_L456_T98_R856_B498.npz,2gMaIjvjCFo_0006_S465_E744_L456_T98_R856_B498.npz,2gMaIjvjCFo_0006_S465_E744_L456_T98_R856_B498_natural_0_mesh_motions.pt,
2mLsOuOve8k,2mLsOuOve8k_0004_S1140_E1406_L743_T187_R1015_B459,2mLsOuOve8k_0004_S1140_E1406_L743_T187_R1015_B459.wav,2mLsOuOve8k_0004_S1140_E1406_L743_T187_R1015_B459.npz,2mLsOuOve8k_0004_S1140_E1406_L743_T187_R1015_B459.npz,2mLsOuOve8k_0004_S1140_E1406_L743_T187_R1015_B459_natural_0_mesh_motions.pt,
2nhDjEnUslE,2nhDjEnUslE_0001_S1111_E1505_L402_T29_R882_B509,2nhDjEnUslE_0001_S1111_E1505_L402_T29_R882_B509.wav,2nhDjEnUslE_0001_S1111_E1505_L402_T29_R882_B509.npz,2nhDjEnUslE_0001_S1111_E1505_L402_T29_R882_B509.npz,2nhDjEnUslE_0001_S1111_E1505_L402_T29_R882_B509_natural_0_mesh_motions.pt,
2nj6tpVKUxQ,2nj6tpVKUxQ_0000_S1136_E1446_L650_T54_R1162_B566,2nj6tpVKUxQ_0000_S1136_E1446_L650_T54_R1162_B566.wav,2nj6tpVKUxQ_0000_S1136_E1446_L650_T54_R1162_B566.npz,2nj6tpVKUxQ_0000_S1136_E1446_L650_T54_R1162_B566.npz,2nj6tpVKUxQ_0000_S1136_E1446_L650_T54_R1162_B566_natural_0_mesh_motions.pt,
2rxU553pKgs,2rxU553pKgs_0006_S1431_E1759_L428_T0_R940_B432,2rxU553pKgs_0006_S1431_E1759_L428_T0_R940_B432.wav,2rxU553pKgs_0006_S1431_E1759_L428_T0_R940_B432.npz,2rxU553pKgs_0006_S1431_E1759_L428_T0_R940_B432.npz,2rxU553pKgs_0006_S1431_E1759_L428_T0_R940_B432_natural_0_mesh_motions.pt,
30QwIdz8Vjc,30QwIdz8Vjc_0002_S1386_E1919_L290_T0_R994_B672,30QwIdz8Vjc_0002_S1386_E1919_L290_T0_R994_B672.wav,30QwIdz8Vjc_0002_S1386_E1919_L290_T0_R994_B672.npz,30QwIdz8Vjc_0002_S1386_E1919_L290_T0_R994_B672.npz,30QwIdz8Vjc_0002_S1386_E1919_L290_T0_R994_B672_natural_0_mesh_motions.pt,
39Axc3FIu9A,39Axc3FIu9A_0000_S1012_E1747_L155_T47_R603_B495,39Axc3FIu9A_0000_S1012_E1747_L155_T47_R603_B495.wav,39Axc3FIu9A_0000_S1012_E1747_L155_T47_R603_B495.npz,39Axc3FIu9A_0000_S1012_E1747_L155_T47_R603_B495.npz,39Axc3FIu9A_0000_S1012_E1747_L155_T47_R603_B495_natural_0_mesh_motions.pt,
3AoYXlMCioI,3AoYXlMCioI_0002_S1108_E1704_L501_T53_R885_B437,3AoYXlMCioI_0002_S1108_E1704_L501_T53_R885_B437.wav,3AoYXlMCioI_0002_S1108_E1704_L501_T53_R885_B437.npz,3AoYXlMCioI_0002_S1108_E1704_L501_T53_R885_B437.npz,3AoYXlMCioI_0002_S1108_E1704_L501_T53_R885_B437_natural_0_mesh_motions.pt,
3BkL0UXgNDs,3BkL0UXgNDs_0002_S203_E646_L468_T21_R788_B341,3BkL0UXgNDs_0002_S203_E646_L468_T21_R788_B341.wav,3BkL0UXgNDs_0002_S203_E646_L468_T21_R788_B341.npz,3BkL0UXgNDs_0002_S203_E646_L468_T21_R788_B341.npz,3BkL0UXgNDs_0002_S203_E646_L468_T21_R788_B341_natural_0_mesh_motions.pt,
3C0T230n-mo,3C0T230n-mo_0003_S969_E1353_L469_T0_R933_B432,3C0T230n-mo_0003_S969_E1353_L469_T0_R933_B432.wav,3C0T230n-mo_0003_S969_E1353_L469_T0_R933_B432.npz,3C0T230n-mo_0003_S969_E1353_L469_T0_R933_B432.npz,3C0T230n-mo_0003_S969_E1353_L469_T0_R933_B432_natural_0_mesh_motions.pt,
3EFiRh-y4L0,3EFiRh-y4L0_0000_S123_E541_L399_T0_R783_B384,3EFiRh-y4L0_0000_S123_E541_L399_T0_R783_B384.wav,3EFiRh-y4L0_0000_S123_E541_L399_T0_R783_B384.npz,3EFiRh-y4L0_0000_S123_E541_L399_T0_R783_B384.npz,3EFiRh-y4L0_0000_S123_E541_L399_T0_R783_B384_natural_0_mesh_motions.pt,
3EJtdIIh43s,3EJtdIIh43s_0000_S0_E397_L283_T105_R843_B665,3EJtdIIh43s_0000_S0_E397_L283_T105_R843_B665.wav,3EJtdIIh43s_0000_S0_E397_L283_T105_R843_B665.npz,3EJtdIIh43s_0000_S0_E397_L283_T105_R843_B665.npz,3EJtdIIh43s_0000_S0_E397_L283_T105_R843_B665_natural_0_mesh_motions.pt,
3EYU3VTI3IU,3EYU3VTI3IU_0000_S1460_E1887_L251_T0_R955_B656,3EYU3VTI3IU_0000_S1460_E1887_L251_T0_R955_B656.wav,3EYU3VTI3IU_0000_S1460_E1887_L251_T0_R955_B656.npz,3EYU3VTI3IU_0000_S1460_E1887_L251_T0_R955_B656.npz,3EYU3VTI3IU_0000_S1460_E1887_L251_T0_R955_B656_natural_0_mesh_motions.pt,
3GUcVRz_JyA,3GUcVRz_JyA_0000_S365_E694_L456_T49_R712_B305,3GUcVRz_JyA_0000_S365_E694_L456_T49_R712_B305.wav,3GUcVRz_JyA_0000_S365_E694_L456_T49_R712_B305.npz,3GUcVRz_JyA_0000_S365_E694_L456_T49_R712_B305.npz,3GUcVRz_JyA_0000_S365_E694_L456_T49_R712_B305_natural_0_mesh_motions.pt,
3KNGPFM4d6c,3KNGPFM4d6c_0001_S135_E405_L534_T0_R998_B464,3KNGPFM4d6c_0001_S135_E405_L534_T0_R998_B464.wav,3KNGPFM4d6c_0001_S135_E405_L534_T0_R998_B464.npz,3KNGPFM4d6c_0001_S135_E405_L534_T0_R998_B464.npz,3KNGPFM4d6c_0001_S135_E405_L534_T0_R998_B464_natural_0_mesh_motions.pt,
3NJN-C1R9gA,3NJN-C1R9gA_0000_S0_E360_L686_T50_R1054_B418,3NJN-C1R9gA_0000_S0_E360_L686_T50_R1054_B418.wav,3NJN-C1R9gA_0000_S0_E360_L686_T50_R1054_B418.npz,3NJN-C1R9gA_0000_S0_E360_L686_T50_R1054_B418.npz,3NJN-C1R9gA_0000_S0_E360_L686_T50_R1054_B418_natural_0_mesh_motions.pt,
3RITVJy7ogI,3RITVJy7ogI_0022_S1320_E1759_L556_T28_R908_B380,3RITVJy7ogI_0022_S1320_E1759_L556_T28_R908_B380.wav,3RITVJy7ogI_0022_S1320_E1759_L556_T28_R908_B380.npz,3RITVJy7ogI_0022_S1320_E1759_L556_T28_R908_B380.npz,3RITVJy7ogI_0022_S1320_E1759_L556_T28_R908_B380_natural_0_mesh_motions.pt,
3Tyan5xgQ4Y,3Tyan5xgQ4Y_0000_S1258_E1811_L333_T128_R829_B624,3Tyan5xgQ4Y_0000_S1258_E1811_L333_T128_R829_B624.wav,3Tyan5xgQ4Y_0000_S1258_E1811_L333_T128_R829_B624.npz,3Tyan5xgQ4Y_0000_S1258_E1811_L333_T128_R829_B624.npz,3Tyan5xgQ4Y_0000_S1258_E1811_L333_T128_R829_B624_natural_0_mesh_motions.pt,
3UYOtcC00L4,3UYOtcC00L4_0000_S1070_E1448_L411_T150_R795_B534,3UYOtcC00L4_0000_S1070_E1448_L411_T150_R795_B534.wav,3UYOtcC00L4_0000_S1070_E1448_L411_T150_R795_B534.npz,3UYOtcC00L4_0000_S1070_E1448_L411_T150_R795_B534.npz,3UYOtcC00L4_0000_S1070_E1448_L411_T150_R795_B534_natural_0_mesh_motions.pt,
3Yepui-bWyw,3Yepui-bWyw_0000_S118_E384_L381_T90_R749_B458,3Yepui-bWyw_0000_S118_E384_L381_T90_R749_B458.wav,3Yepui-bWyw_0000_S118_E384_L381_T90_R749_B458.npz,3Yepui-bWyw_0000_S118_E384_L381_T90_R749_B458.npz,3Yepui-bWyw_0000_S118_E384_L381_T90_R749_B458_natural_0_mesh_motions.pt,
3ZLYs6Wj51s,3ZLYs6Wj51s_0000_S1016_E1301_L448_T104_R992_B648,3ZLYs6Wj51s_0000_S1016_E1301_L448_T104_R992_B648.wav,3ZLYs6Wj51s_0000_S1016_E1301_L448_T104_R992_B648.npz,3ZLYs6Wj51s_0000_S1016_E1301_L448_T104_R992_B648.npz,3ZLYs6Wj51s_0000_S1016_E1301_L448_T104_R992_B648_natural_0_mesh_motions.pt,
3ZQL-3ElxpY,3ZQL-3ElxpY_0084_S640_E1049_L427_T82_R683_B338,3ZQL-3ElxpY_0084_S640_E1049_L427_T82_R683_B338.wav,3ZQL-3ElxpY_0084_S640_E1049_L427_T82_R683_B338.npz,3ZQL-3ElxpY_0084_S640_E1049_L427_T82_R683_B338.npz,3ZQL-3ElxpY_0084_S640_E1049_L427_T82_R683_B338_natural_0_mesh_motions.pt,
3ZlXiEZb3k0,3ZlXiEZb3k0_0002_S1260_E1512_L44_T295_R396_B711,3ZlXiEZb3k0_0002_S1260_E1512_L44_T295_R396_B711.wav,3ZlXiEZb3k0_0002_S1260_E1512_L44_T295_R396_B711.npz,3ZlXiEZb3k0_0002_S1260_E1512_L44_T295_R396_B711.npz,3ZlXiEZb3k0_0002_S1260_E1512_L44_T295_R396_B711_natural_0_mesh_motions.pt,
3_celBcyBJE,3_celBcyBJE_0000_S446_E991_L129_T0_R801_B560,3_celBcyBJE_0000_S446_E991_L129_T0_R801_B560.wav,3_celBcyBJE_0000_S446_E991_L129_T0_R801_B560.npz,3_celBcyBJE_0000_S446_E991_L129_T0_R801_B560.npz,3_celBcyBJE_0000_S446_E991_L129_T0_R801_B560_natural_0_mesh_motions.pt,
3gCA0Z4y7wA,3gCA0Z4y7wA_0007_S1097_E1655_L0_T0_R1120_B704,3gCA0Z4y7wA_0007_S1097_E1655_L0_T0_R1120_B704.wav,3gCA0Z4y7wA_0007_S1097_E1655_L0_T0_R1120_B704.npz,3gCA0Z4y7wA_0007_S1097_E1655_L0_T0_R1120_B704.npz,3gCA0Z4y7wA_0007_S1097_E1655_L0_T0_R1120_B704_natural_0_mesh_motions.pt,
3jESlqRuLw0,3jESlqRuLw0_0006_S555_E947_L633_T15_R969_B351,3jESlqRuLw0_0006_S555_E947_L633_T15_R969_B351.wav,3jESlqRuLw0_0006_S555_E947_L633_T15_R969_B351.npz,3jESlqRuLw0_0006_S555_E947_L633_T15_R969_B351.npz,3jESlqRuLw0_0006_S555_E947_L633_T15_R969_B351_natural_0_mesh_motions.pt,
3lpnoDrt5Tw,3lpnoDrt5Tw_0010_S0_E583_L267_T236_R603_B572,3lpnoDrt5Tw_0010_S0_E583_L267_T236_R603_B572.wav,3lpnoDrt5Tw_0010_S0_E583_L267_T236_R603_B572.npz,3lpnoDrt5Tw_0010_S0_E583_L267_T236_R603_B572.npz,3lpnoDrt5Tw_0010_S0_E583_L267_T236_R603_B572_natural_0_mesh_motions.pt,
3nJexBvb5UY,3nJexBvb5UY_0003_S414_E685_L278_T41_R870_B633,3nJexBvb5UY_0003_S414_E685_L278_T41_R870_B633.wav,3nJexBvb5UY_0003_S414_E685_L278_T41_R870_B633.npz,3nJexBvb5UY_0003_S414_E685_L278_T41_R870_B633.npz,3nJexBvb5UY_0003_S414_E685_L278_T41_R870_B633_natural_0_mesh_motions.pt,
3oV_cljdDs8,3oV_cljdDs8_0000_S1266_E1492_L446_T61_R702_B317,3oV_cljdDs8_0000_S1266_E1492_L446_T61_R702_B317.wav,3oV_cljdDs8_0000_S1266_E1492_L446_T61_R702_B317.npz,3oV_cljdDs8_0000_S1266_E1492_L446_T61_R702_B317.npz,3oV_cljdDs8_0000_S1266_E1492_L446_T61_R702_B317_natural_0_mesh_motions.pt,
3pIR5nfFNQM,3pIR5nfFNQM_0000_S148_E839_L453_T57_R709_B313,3pIR5nfFNQM_0000_S148_E839_L453_T57_R709_B313.wav,3pIR5nfFNQM_0000_S148_E839_L453_T57_R709_B313.npz,3pIR5nfFNQM_0000_S148_E839_L453_T57_R709_B313.npz,3pIR5nfFNQM_0000_S148_E839_L453_T57_R709_B313_natural_0_mesh_motions.pt,
3qBW_x5fatI,3qBW_x5fatI_0000_S300_E650_L314_T86_R602_B374,3qBW_x5fatI_0000_S300_E650_L314_T86_R602_B374.wav,3qBW_x5fatI_0000_S300_E650_L314_T86_R602_B374.npz,3qBW_x5fatI_0000_S300_E650_L314_T86_R602_B374.npz,3qBW_x5fatI_0000_S300_E650_L314_T86_R602_B374_natural_0_mesh_motions.pt,
3v1tt9mD6cg,3v1tt9mD6cg_0000_S1230_E1535_L595_T29_R1011_B445,3v1tt9mD6cg_0000_S1230_E1535_L595_T29_R1011_B445.wav,3v1tt9mD6cg_0000_S1230_E1535_L595_T29_R1011_B445.npz,3v1tt9mD6cg_0000_S1230_E1535_L595_T29_R1011_B445.npz,3v1tt9mD6cg_0000_S1230_E1535_L595_T29_R1011_B445_natural_0_mesh_motions.pt,
3vudNvflufc,3vudNvflufc_0007_S313_E562_L497_T3_R881_B387,3vudNvflufc_0007_S313_E562_L497_T3_R881_B387.wav,3vudNvflufc_0007_S313_E562_L497_T3_R881_B387.npz,3vudNvflufc_0007_S313_E562_L497_T3_R881_B387.npz,3vudNvflufc_0007_S313_E562_L497_T3_R881_B387_natural_0_mesh_motions.pt,
3ytLt3BDqFU,3ytLt3BDqFU_0000_S365_E941_L404_T42_R916_B554,3ytLt3BDqFU_0000_S365_E941_L404_T42_R916_B554.wav,3ytLt3BDqFU_0000_S365_E941_L404_T42_R916_B554.npz,3ytLt3BDqFU_0000_S365_E941_L404_T42_R916_B554.npz,3ytLt3BDqFU_0000_S365_E941_L404_T42_R916_B554_natural_0_mesh_motions.pt,
3zhCbaVBEjg,3zhCbaVBEjg_0001_S958_E1242_L155_T0_R667_B416,3zhCbaVBEjg_0001_S958_E1242_L155_T0_R667_B416.wav,3zhCbaVBEjg_0001_S958_E1242_L155_T0_R667_B416.npz,3zhCbaVBEjg_0001_S958_E1242_L155_T0_R667_B416.npz,3zhCbaVBEjg_0001_S958_E1242_L155_T0_R667_B416_natural_0_mesh_motions.pt,
43wXnwHo_qU,43wXnwHo_qU_0001_S1095_E1431_L161_T52_R481_B372,43wXnwHo_qU_0001_S1095_E1431_L161_T52_R481_B372.wav,43wXnwHo_qU_0001_S1095_E1431_L161_T52_R481_B372.npz,43wXnwHo_qU_0001_S1095_E1431_L161_T52_R481_B372.npz,43wXnwHo_qU_0001_S1095_E1431_L161_T52_R481_B372_natural_0_mesh_motions.pt,
465Wt-eX2RY,465Wt-eX2RY_0000_S333_E916_L810_T73_R1098_B361,465Wt-eX2RY_0000_S333_E916_L810_T73_R1098_B361.wav,465Wt-eX2RY_0000_S333_E916_L810_T73_R1098_B361.npz,465Wt-eX2RY_0000_S333_E916_L810_T73_R1098_B361.npz,465Wt-eX2RY_0000_S333_E916_L810_T73_R1098_B361_natural_0_mesh_motions.pt,
47OtSe4dffo,47OtSe4dffo_0001_S1312_E1675_L526_T231_R798_B519,47OtSe4dffo_0001_S1312_E1675_L526_T231_R798_B519.wav,47OtSe4dffo_0001_S1312_E1675_L526_T231_R798_B519.npz,47OtSe4dffo_0001_S1312_E1675_L526_T231_R798_B519.npz,47OtSe4dffo_0001_S1312_E1675_L526_T231_R798_B519_natural_0_mesh_motions.pt,
4Hg2Eu-F9mU,4Hg2Eu-F9mU_0002_S103_E331_L162_T30_R626_B494,4Hg2Eu-F9mU_0002_S103_E331_L162_T30_R626_B494.wav,4Hg2Eu-F9mU_0002_S103_E331_L162_T30_R626_B494.npz,4Hg2Eu-F9mU_0002_S103_E331_L162_T30_R626_B494.npz,4Hg2Eu-F9mU_0002_S103_E331_L162_T30_R626_B494_natural_0_mesh_motions.pt,
4NXUGnLbl5Y,4NXUGnLbl5Y_0005_S599_E1263_L459_T159_R715_B415,4NXUGnLbl5Y_0005_S599_E1263_L459_T159_R715_B415.wav,4NXUGnLbl5Y_0005_S599_E1263_L459_T159_R715_B415.npz,4NXUGnLbl5Y_0005_S599_E1263_L459_T159_R715_B415.npz,4NXUGnLbl5Y_0005_S599_E1263_L459_T159_R715_B415_natural_0_mesh_motions.pt,
4R4aN98Qrbo,4R4aN98Qrbo_0002_S858_E1092_L472_T42_R840_B410,4R4aN98Qrbo_0002_S858_E1092_L472_T42_R840_B410.wav,4R4aN98Qrbo_0002_S858_E1092_L472_T42_R840_B410.npz,4R4aN98Qrbo_0002_S858_E1092_L472_T42_R840_B410.npz,4R4aN98Qrbo_0002_S858_E1092_L472_T42_R840_B410_natural_0_mesh_motions.pt,
4RN-c0HdJOI,4RN-c0HdJOI_0005_S927_E1130_L375_T0_R999_B512,4RN-c0HdJOI_0005_S927_E1130_L375_T0_R999_B512.wav,4RN-c0HdJOI_0005_S927_E1130_L375_T0_R999_B512.npz,4RN-c0HdJOI_0005_S927_E1130_L375_T0_R999_B512.npz,4RN-c0HdJOI_0005_S927_E1130_L375_T0_R999_B512_natural_0_mesh_motions.pt,
4cz4pq_N--g,4cz4pq_N--g_0001_S857_E1322_L202_T39_R586_B423,4cz4pq_N--g_0001_S857_E1322_L202_T39_R586_B423.wav,4cz4pq_N--g_0001_S857_E1322_L202_T39_R586_B423.npz,4cz4pq_N--g_0001_S857_E1322_L202_T39_R586_B423.npz,4cz4pq_N--g_0001_S857_E1322_L202_T39_R586_B423_natural_0_mesh_motions.pt,
4gxMVLXmBiE,4gxMVLXmBiE_0069_S191_E435_L740_T43_R1188_B491,4gxMVLXmBiE_0069_S191_E435_L740_T43_R1188_B491.wav,4gxMVLXmBiE_0069_S191_E435_L740_T43_R1188_B491.npz,4gxMVLXmBiE_0069_S191_E435_L740_T43_R1188_B491.npz,4gxMVLXmBiE_0069_S191_E435_L740_T43_R1188_B491_natural_0_mesh_motions.pt,
4kR-Fev28po,4kR-Fev28po_0000_S1192_E1706_L124_T297_R412_B585,4kR-Fev28po_0000_S1192_E1706_L124_T297_R412_B585.wav,4kR-Fev28po_0000_S1192_E1706_L124_T297_R412_B585.npz,4kR-Fev28po_0000_S1192_E1706_L124_T297_R412_B585.npz,4kR-Fev28po_0000_S1192_E1706_L124_T297_R412_B585_natural_0_mesh_motions.pt,
4lB_x0kLffU,4lB_x0kLffU_0008_S0_E252_L275_T0_R899_B560,4lB_x0kLffU_0008_S0_E252_L275_T0_R899_B560.wav,4lB_x0kLffU_0008_S0_E252_L275_T0_R899_B560.npz,4lB_x0kLffU_0008_S0_E252_L275_T0_R899_B560.npz,4lB_x0kLffU_0008_S0_E252_L275_T0_R899_B560_natural_0_mesh_motions.pt,
4lOnYQCxbOM,4lOnYQCxbOM_0024_S1327_E1615_L707_T101_R1043_B437,4lOnYQCxbOM_0024_S1327_E1615_L707_T101_R1043_B437.wav,4lOnYQCxbOM_0024_S1327_E1615_L707_T101_R1043_B437.npz,4lOnYQCxbOM_0024_S1327_E1615_L707_T101_R1043_B437.npz,4lOnYQCxbOM_0024_S1327_E1615_L707_T101_R1043_B437_natural_0_mesh_motions.pt,
4oXZCuXwrXo,4oXZCuXwrXo_0002_S1026_E1300_L378_T36_R954_B612,4oXZCuXwrXo_0002_S1026_E1300_L378_T36_R954_B612.wav,4oXZCuXwrXo_0002_S1026_E1300_L378_T36_R954_B612.npz,4oXZCuXwrXo_0002_S1026_E1300_L378_T36_R954_B612.npz,4oXZCuXwrXo_0002_S1026_E1300_L378_T36_R954_B612_natural_0_mesh_motions.pt,
4udsKgSP7UA,4udsKgSP7UA_0003_S1295_E1503_L94_T8_R590_B504,4udsKgSP7UA_0003_S1295_E1503_L94_T8_R590_B504.wav,4udsKgSP7UA_0003_S1295_E1503_L94_T8_R590_B504.npz,4udsKgSP7UA_0003_S1295_E1503_L94_T8_R590_B504.npz,4udsKgSP7UA_0003_S1295_E1503_L94_T8_R590_B504_natural_0_mesh_motions.pt,
4ujhmvsSE9c,4ujhmvsSE9c_0000_S1538_E1896_L415_T0_R1071_B576,4ujhmvsSE9c_0000_S1538_E1896_L415_T0_R1071_B576.wav,4ujhmvsSE9c_0000_S1538_E1896_L415_T0_R1071_B576.npz,4ujhmvsSE9c_0000_S1538_E1896_L415_T0_R1071_B576.npz,4ujhmvsSE9c_0000_S1538_E1896_L415_T0_R1071_B576_natural_0_mesh_motions.pt,
4x234xeqtHg,4x234xeqtHg_0000_S646_E867_L475_T0_R1275_B704,4x234xeqtHg_0000_S646_E867_L475_T0_R1275_B704.wav,4x234xeqtHg_0000_S646_E867_L475_T0_R1275_B704.npz,4x234xeqtHg_0000_S646_E867_L475_T0_R1275_B704.npz,4x234xeqtHg_0000_S646_E867_L475_T0_R1275_B704_natural_0_mesh_motions.pt,
4zzVjonyHcQ,4zzVjonyHcQ_0000_S1169_E1375_L519_T36_R935_B452,4zzVjonyHcQ_0000_S1169_E1375_L519_T36_R935_B452.wav,4zzVjonyHcQ_0000_S1169_E1375_L519_T36_R935_B452.npz,4zzVjonyHcQ_0000_S1169_E1375_L519_T36_R935_B452.npz,4zzVjonyHcQ_0000_S1169_E1375_L519_T36_R935_B452_natural_0_mesh_motions.pt,
50zJWKotPP4,50zJWKotPP4_0000_S1092_E1419_L361_T0_R937_B464,50zJWKotPP4_0000_S1092_E1419_L361_T0_R937_B464.wav,50zJWKotPP4_0000_S1092_E1419_L361_T0_R937_B464.npz,50zJWKotPP4_0000_S1092_E1419_L361_T0_R937_B464.npz,50zJWKotPP4_0000_S1092_E1419_L361_T0_R937_B464_natural_0_mesh_motions.pt,
58GcsaJhTzM,58GcsaJhTzM_0000_S443_E865_L432_T0_R896_B448,58GcsaJhTzM_0000_S443_E865_L432_T0_R896_B448.wav,58GcsaJhTzM_0000_S443_E865_L432_T0_R896_B448.npz,58GcsaJhTzM_0000_S443_E865_L432_T0_R896_B448.npz,58GcsaJhTzM_0000_S443_E865_L432_T0_R896_B448_natural_0_mesh_motions.pt,
58K7XpkuMCM,58K7XpkuMCM_0003_S749_E1051_L648_T68_R968_B388,58K7XpkuMCM_0003_S749_E1051_L648_T68_R968_B388.wav,58K7XpkuMCM_0003_S749_E1051_L648_T68_R968_B388.npz,58K7XpkuMCM_0003_S749_E1051_L648_T68_R968_B388.npz,58K7XpkuMCM_0003_S749_E1051_L648_T68_R968_B388_natural_0_mesh_motions.pt,
5OXy29bFfPk,5OXy29bFfPk_0005_S1442_E1759_L479_T31_R767_B319,5OXy29bFfPk_0005_S1442_E1759_L479_T31_R767_B319.wav,5OXy29bFfPk_0005_S1442_E1759_L479_T31_R767_B319.npz,5OXy29bFfPk_0005_S1442_E1759_L479_T31_R767_B319.npz,5OXy29bFfPk_0005_S1442_E1759_L479_T31_R767_B319_natural_0_mesh_motions.pt,
5PGVFUADgGY,5PGVFUADgGY_0001_S1006_E1257_L464_T0_R992_B512,5PGVFUADgGY_0001_S1006_E1257_L464_T0_R992_B512.wav,5PGVFUADgGY_0001_S1006_E1257_L464_T0_R992_B512.npz,5PGVFUADgGY_0001_S1006_E1257_L464_T0_R992_B512.npz,5PGVFUADgGY_0001_S1006_E1257_L464_T0_R992_B512_natural_0_mesh_motions.pt,
5TfPoq3lkso,5TfPoq3lkso_0021_S750_E1019_L287_T0_R991_B624,5TfPoq3lkso_0021_S750_E1019_L287_T0_R991_B624.wav,5TfPoq3lkso_0021_S750_E1019_L287_T0_R991_B624.npz,5TfPoq3lkso_0021_S750_E1019_L287_T0_R991_B624.npz,5TfPoq3lkso_0021_S750_E1019_L287_T0_R991_B624_natural_0_mesh_motions.pt,
5Yz7ssYCa8Y,5Yz7ssYCa8Y_0005_S667_E874_L514_T64_R834_B384,5Yz7ssYCa8Y_0005_S667_E874_L514_T64_R834_B384.wav,5Yz7ssYCa8Y_0005_S667_E874_L514_T64_R834_B384.npz,5Yz7ssYCa8Y_0005_S667_E874_L514_T64_R834_B384.npz,5Yz7ssYCa8Y_0005_S667_E874_L514_T64_R834_B384_natural_0_mesh_motions.pt,
5dsxC8M7vCM,5dsxC8M7vCM_0000_S1064_E1919_L434_T41_R850_B457,5dsxC8M7vCM_0000_S1064_E1919_L434_T41_R850_B457.wav,5dsxC8M7vCM_0000_S1064_E1919_L434_T41_R850_B457.npz,5dsxC8M7vCM_0000_S1064_E1919_L434_T41_R850_B457.npz,5dsxC8M7vCM_0000_S1064_E1919_L434_T41_R850_B457_natural_0_mesh_motions.pt,
5kas2jBObUY,5kas2jBObUY_0000_S189_E460_L392_T44_R856_B508,5kas2jBObUY_0000_S189_E460_L392_T44_R856_B508.wav,5kas2jBObUY_0000_S189_E460_L392_T44_R856_B508.npz,5kas2jBObUY_0000_S189_E460_L392_T44_R856_B508.npz,5kas2jBObUY_0000_S189_E460_L392_T44_R856_B508_natural_0_mesh_motions.pt,
5l2j8k759-4,5l2j8k759-4_0003_S1482_E1736_L466_T88_R722_B344,5l2j8k759-4_0003_S1482_E1736_L466_T88_R722_B344.wav,5l2j8k759-4_0003_S1482_E1736_L466_T88_R722_B344.npz,5l2j8k759-4_0003_S1482_E1736_L466_T88_R722_B344.npz,5l2j8k759-4_0003_S1482_E1736_L466_T88_R722_B344_natural_0_mesh_motions.pt,
5leH4t1V9LY,5leH4t1V9LY_0000_S629_E1329_L364_T34_R924_B594,5leH4t1V9LY_0000_S629_E1329_L364_T34_R924_B594.wav,5leH4t1V9LY_0000_S629_E1329_L364_T34_R924_B594.npz,5leH4t1V9LY_0000_S629_E1329_L364_T34_R924_B594.npz,5leH4t1V9LY_0000_S629_E1329_L364_T34_R924_B594_natural_0_mesh_motions.pt,
5llwjtJDqMo,5llwjtJDqMo_0000_S601_E949_L329_T11_R969_B651,5llwjtJDqMo_0000_S601_E949_L329_T11_R969_B651.wav,5llwjtJDqMo_0000_S601_E949_L329_T11_R969_B651.npz,5llwjtJDqMo_0000_S601_E949_L329_T11_R969_B651.npz,5llwjtJDqMo_0000_S601_E949_L329_T11_R969_B651_natural_0_mesh_motions.pt,
5meC4Z61qGg,5meC4Z61qGg_0000_S199_E609_L654_T80_R1070_B496,5meC4Z61qGg_0000_S199_E609_L654_T80_R1070_B496.wav,5meC4Z61qGg_0000_S199_E609_L654_T80_R1070_B496.npz,5meC4Z61qGg_0000_S199_E609_L654_T80_R1070_B496.npz,5meC4Z61qGg_0000_S199_E609_L654_T80_R1070_B496_natural_0_mesh_motions.pt,
5qaBD538C9k,5qaBD538C9k_0000_S344_E654_L515_T50_R835_B370,5qaBD538C9k_0000_S344_E654_L515_T50_R835_B370.wav,5qaBD538C9k_0000_S344_E654_L515_T50_R835_B370.npz,5qaBD538C9k_0000_S344_E654_L515_T50_R835_B370.npz,5qaBD538C9k_0000_S344_E654_L515_T50_R835_B370_natural_0_mesh_motions.pt,
5s9UdpT0TOo,5s9UdpT0TOo_0001_S1305_E1919_L275_T0_R883_B592,5s9UdpT0TOo_0001_S1305_E1919_L275_T0_R883_B592.wav,5s9UdpT0TOo_0001_S1305_E1919_L275_T0_R883_B592.npz,5s9UdpT0TOo_0001_S1305_E1919_L275_T0_R883_B592.npz,5s9UdpT0TOo_0001_S1305_E1919_L275_T0_R883_B592_natural_0_mesh_motions.pt,
5shU5ZVQuEc,5shU5ZVQuEc_0000_S1231_E1831_L602_T45_R1178_B621,5shU5ZVQuEc_0000_S1231_E1831_L602_T45_R1178_B621.wav,5shU5ZVQuEc_0000_S1231_E1831_L602_T45_R1178_B621.npz,5shU5ZVQuEc_0000_S1231_E1831_L602_T45_R1178_B621.npz,5shU5ZVQuEc_0000_S1231_E1831_L602_T45_R1178_B621_natural_0_mesh_motions.pt,
5t4cwPdsVgQ,5t4cwPdsVgQ_0000_S800_E1493_L356_T21_R692_B357,5t4cwPdsVgQ_0000_S800_E1493_L356_T21_R692_B357.wav,5t4cwPdsVgQ_0000_S800_E1493_L356_T21_R692_B357.npz,5t4cwPdsVgQ_0000_S800_E1493_L356_T21_R692_B357.npz,5t4cwPdsVgQ_0000_S800_E1493_L356_T21_R692_B357_natural_0_mesh_motions.pt,
5u-Aw6NOIy0,5u-Aw6NOIy0_0000_S1043_E1260_L643_T46_R1091_B494,5u-Aw6NOIy0_0000_S1043_E1260_L643_T46_R1091_B494.wav,5u-Aw6NOIy0_0000_S1043_E1260_L643_T46_R1091_B494.npz,5u-Aw6NOIy0_0000_S1043_E1260_L643_T46_R1091_B494.npz,5u-Aw6NOIy0_0000_S1043_E1260_L643_T46_R1091_B494_natural_0_mesh_motions.pt,
5yZEtG_r-wI,5yZEtG_r-wI_0000_S426_E1054_L481_T32_R785_B336,5yZEtG_r-wI_0000_S426_E1054_L481_T32_R785_B336.wav,5yZEtG_r-wI_0000_S426_E1054_L481_T32_R785_B336.npz,5yZEtG_r-wI_0000_S426_E1054_L481_T32_R785_B336.npz,5yZEtG_r-wI_0000_S426_E1054_L481_T32_R785_B336_natural_0_mesh_motions.pt,
6-O4gWLQkgk,6-O4gWLQkgk_0000_S0_E214_L342_T34_R614_B306,6-O4gWLQkgk_0000_S0_E214_L342_T34_R614_B306.wav,6-O4gWLQkgk_0000_S0_E214_L342_T34_R614_B306.npz,6-O4gWLQkgk_0000_S0_E214_L342_T34_R614_B306.npz,6-O4gWLQkgk_0000_S0_E214_L342_T34_R614_B306_natural_0_mesh_motions.pt,
60bkwhHzols,60bkwhHzols_0000_S1093_E1479_L336_T0_R896_B496,60bkwhHzols_0000_S1093_E1479_L336_T0_R896_B496.wav,60bkwhHzols_0000_S1093_E1479_L336_T0_R896_B496.npz,60bkwhHzols_0000_S1093_E1479_L336_T0_R896_B496.npz,60bkwhHzols_0000_S1093_E1479_L336_T0_R896_B496_natural_0_mesh_motions.pt,
60dSEN1RIbE,60dSEN1RIbE_0001_S185_E597_L512_T141_R944_B573,60dSEN1RIbE_0001_S185_E597_L512_T141_R944_B573.wav,60dSEN1RIbE_0001_S185_E597_L512_T141_R944_B573.npz,60dSEN1RIbE_0001_S185_E597_L512_T141_R944_B573.npz,60dSEN1RIbE_0001_S185_E597_L512_T141_R944_B573_natural_0_mesh_motions.pt,
62OgF2Pw09o,62OgF2Pw09o_0000_S0_E294_L408_T0_R792_B384,62OgF2Pw09o_0000_S0_E294_L408_T0_R792_B384.wav,62OgF2Pw09o_0000_S0_E294_L408_T0_R792_B384.npz,62OgF2Pw09o_0000_S0_E294_L408_T0_R792_B384.npz,62OgF2Pw09o_0000_S0_E294_L408_T0_R792_B384_natural_0_mesh_motions.pt,
63stDIiwraM,63stDIiwraM_0000_S1261_E1518_L202_T0_R538_B320,63stDIiwraM_0000_S1261_E1518_L202_T0_R538_B320.wav,63stDIiwraM_0000_S1261_E1518_L202_T0_R538_B320.npz,63stDIiwraM_0000_S1261_E1518_L202_T0_R538_B320.npz,63stDIiwraM_0000_S1261_E1518_L202_T0_R538_B320_natural_0_mesh_motions.pt,
681IyvC_JAg,681IyvC_JAg_0006_S681_E1020_L190_T71_R446_B327,681IyvC_JAg_0006_S681_E1020_L190_T71_R446_B327.wav,681IyvC_JAg_0006_S681_E1020_L190_T71_R446_B327.npz,681IyvC_JAg_0006_S681_E1020_L190_T71_R446_B327.npz,681IyvC_JAg_0006_S681_E1020_L190_T71_R446_B327_natural_0_mesh_motions.pt,
685CK3xr0jg,685CK3xr0jg_0000_S1111_E1391_L531_T85_R803_B357,685CK3xr0jg_0000_S1111_E1391_L531_T85_R803_B357.wav,685CK3xr0jg_0000_S1111_E1391_L531_T85_R803_B357.npz,685CK3xr0jg_0000_S1111_E1391_L531_T85_R803_B357.npz,685CK3xr0jg_0000_S1111_E1391_L531_T85_R803_B357_natural_0_mesh_motions.pt,
6CIMXUDzKtQ,6CIMXUDzKtQ_0000_S31_E533_L354_T41_R1122_B713,6CIMXUDzKtQ_0000_S31_E533_L354_T41_R1122_B713.wav,6CIMXUDzKtQ_0000_S31_E533_L354_T41_R1122_B713.npz,6CIMXUDzKtQ_0000_S31_E533_L354_T41_R1122_B713.npz,6CIMXUDzKtQ_0000_S31_E533_L354_T41_R1122_B713_natural_0_mesh_motions.pt,
6CS50XMGV0o,6CS50XMGV0o_0000_S601_E1298_L849_T81_R1121_B353,6CS50XMGV0o_0000_S601_E1298_L849_T81_R1121_B353.wav,6CS50XMGV0o_0000_S601_E1298_L849_T81_R1121_B353.npz,6CS50XMGV0o_0000_S601_E1298_L849_T81_R1121_B353.npz,6CS50XMGV0o_0000_S601_E1298_L849_T81_R1121_B353_natural_0_mesh_motions.pt,
6Fd-CsvZQX8,6Fd-CsvZQX8_0016_S934_E1217_L544_T42_R912_B410,6Fd-CsvZQX8_0016_S934_E1217_L544_T42_R912_B410.wav,6Fd-CsvZQX8_0016_S934_E1217_L544_T42_R912_B410.npz,6Fd-CsvZQX8_0016_S934_E1217_L544_T42_R912_B410.npz,6Fd-CsvZQX8_0016_S934_E1217_L544_T42_R912_B410_natural_0_mesh_motions.pt,
6IA7AuXVSxQ,6IA7AuXVSxQ_0053_S1215_E1759_L334_T24_R782_B472,6IA7AuXVSxQ_0053_S1215_E1759_L334_T24_R782_B472.wav,6IA7AuXVSxQ_0053_S1215_E1759_L334_T24_R782_B472.npz,6IA7AuXVSxQ_0053_S1215_E1759_L334_T24_R782_B472.npz,6IA7AuXVSxQ_0053_S1215_E1759_L334_T24_R782_B472_natural_0_mesh_motions.pt,
6IdeRRqG1ak,6IdeRRqG1ak_0001_S129_E459_L426_T0_R986_B512,6IdeRRqG1ak_0001_S129_E459_L426_T0_R986_B512.wav,6IdeRRqG1ak_0001_S129_E459_L426_T0_R986_B512.npz,6IdeRRqG1ak_0001_S129_E459_L426_T0_R986_B512.npz,6IdeRRqG1ak_0001_S129_E459_L426_T0_R986_B512_natural_0_mesh_motions.pt,
6JIUlIwX3Pw,6JIUlIwX3Pw_0000_S90_E334_L334_T20_R654_B340,6JIUlIwX3Pw_0000_S90_E334_L334_T20_R654_B340.wav,6JIUlIwX3Pw_0000_S90_E334_L334_T20_R654_B340.npz,6JIUlIwX3Pw_0000_S90_E334_L334_T20_R654_B340.npz,6JIUlIwX3Pw_0000_S90_E334_L334_T20_R654_B340_natural_0_mesh_motions.pt,
6KKDqqV8OUk,6KKDqqV8OUk_0000_S363_E1028_L386_T60_R930_B604,6KKDqqV8OUk_0000_S363_E1028_L386_T60_R930_B604.wav,6KKDqqV8OUk_0000_S363_E1028_L386_T60_R930_B604.npz,6KKDqqV8OUk_0000_S363_E1028_L386_T60_R930_B604.npz,6KKDqqV8OUk_0000_S363_E1028_L386_T60_R930_B604_natural_0_mesh_motions.pt,
6MhEveLVeO4,6MhEveLVeO4_0000_S134_E455_L442_T0_R922_B448,6MhEveLVeO4_0000_S134_E455_L442_T0_R922_B448.wav,6MhEveLVeO4_0000_S134_E455_L442_T0_R922_B448.npz,6MhEveLVeO4_0000_S134_E455_L442_T0_R922_B448.npz,6MhEveLVeO4_0000_S134_E455_L442_T0_R922_B448_natural_0_mesh_motions.pt,
6Nyz_yd_GJw,6Nyz_yd_GJw_0000_S1272_E1519_L461_T29_R797_B365,6Nyz_yd_GJw_0000_S1272_E1519_L461_T29_R797_B365.wav,6Nyz_yd_GJw_0000_S1272_E1519_L461_T29_R797_B365.npz,6Nyz_yd_GJw_0000_S1272_E1519_L461_T29_R797_B365.npz,6Nyz_yd_GJw_0000_S1272_E1519_L461_T29_R797_B365_natural_0_mesh_motions.pt,
6R08SayU3bU,6R08SayU3bU_0008_S719_E1279_L413_T51_R781_B419,6R08SayU3bU_0008_S719_E1279_L413_T51_R781_B419.wav,6R08SayU3bU_0008_S719_E1279_L413_T51_R781_B419.npz,6R08SayU3bU_0008_S719_E1279_L413_T51_R781_B419.npz,6R08SayU3bU_0008_S719_E1279_L413_T51_R781_B419_natural_0_mesh_motions.pt,
6SsIE00duz0,6SsIE00duz0_0000_S1012_E1301_L226_T0_R770_B512,6SsIE00duz0_0000_S1012_E1301_L226_T0_R770_B512.wav,6SsIE00duz0_0000_S1012_E1301_L226_T0_R770_B512.npz,6SsIE00duz0_0000_S1012_E1301_L226_T0_R770_B512.npz,6SsIE00duz0_0000_S1012_E1301_L226_T0_R770_B512_natural_0_mesh_motions.pt,
6T5iJ6TjWj0,6T5iJ6TjWj0_0000_S241_E613_L29_T0_R829_B704,6T5iJ6TjWj0_0000_S241_E613_L29_T0_R829_B704.wav,6T5iJ6TjWj0_0000_S241_E613_L29_T0_R829_B704.npz,6T5iJ6TjWj0_0000_S241_E613_L29_T0_R829_B704.npz,6T5iJ6TjWj0_0000_S241_E613_L29_T0_R829_B704_natural_0_mesh_motions.pt,
6VVCVtxeq1g,6VVCVtxeq1g_0010_S236_E705_L557_T32_R861_B336,6VVCVtxeq1g_0010_S236_E705_L557_T32_R861_B336.wav,6VVCVtxeq1g_0010_S236_E705_L557_T32_R861_B336.npz,6VVCVtxeq1g_0010_S236_E705_L557_T32_R861_B336.npz,6VVCVtxeq1g_0010_S236_E705_L557_T32_R861_B336_natural_0_mesh_motions.pt,
6YBDqpgpVck,6YBDqpgpVck_0001_S1189_E1503_L10_T0_R1114_B704,6YBDqpgpVck_0001_S1189_E1503_L10_T0_R1114_B704.wav,6YBDqpgpVck_0001_S1189_E1503_L10_T0_R1114_B704.npz,6YBDqpgpVck_0001_S1189_E1503_L10_T0_R1114_B704.npz,6YBDqpgpVck_0001_S1189_E1503_L10_T0_R1114_B704_natural_0_mesh_motions.pt,
6aAa8M4vg2k,6aAa8M4vg2k_0011_S245_E446_L513_T67_R769_B323,6aAa8M4vg2k_0011_S245_E446_L513_T67_R769_B323.wav,6aAa8M4vg2k_0011_S245_E446_L513_T67_R769_B323.npz,6aAa8M4vg2k_0011_S245_E446_L513_T67_R769_B323.npz,6aAa8M4vg2k_0011_S245_E446_L513_T67_R769_B323_natural_0_mesh_motions.pt,
6bm6Y9TaX1w,6bm6Y9TaX1w_0000_S993_E1264_L849_T0_R1265_B656,6bm6Y9TaX1w_0000_S993_E1264_L849_T0_R1265_B656.wav,6bm6Y9TaX1w_0000_S993_E1264_L849_T0_R1265_B656.npz,6bm6Y9TaX1w_0000_S993_E1264_L849_T0_R1265_B656.npz,6bm6Y9TaX1w_0000_S993_E1264_L849_T0_R1265_B656_natural_0_mesh_motions.pt,
6bnxY8W5otQ,6bnxY8W5otQ_0000_S811_E1076_L829_T111_R1101_B383,6bnxY8W5otQ_0000_S811_E1076_L829_T111_R1101_B383.wav,6bnxY8W5otQ_0000_S811_E1076_L829_T111_R1101_B383.npz,6bnxY8W5otQ_0000_S811_E1076_L829_T111_R1101_B383.npz,6bnxY8W5otQ_0000_S811_E1076_L829_T111_R1101_B383_natural_0_mesh_motions.pt,
6frz5TaAIto,6frz5TaAIto_0000_S1100_E1300_L403_T9_R851_B457,6frz5TaAIto_0000_S1100_E1300_L403_T9_R851_B457.wav,6frz5TaAIto_0000_S1100_E1300_L403_T9_R851_B457.npz,6frz5TaAIto_0000_S1100_E1300_L403_T9_R851_B457.npz,6frz5TaAIto_0000_S1100_E1300_L403_T9_R851_B457_natural_0_mesh_motions.pt,
6iXGqEq_cpI,6iXGqEq_cpI_0006_S990_E1347_L432_T37_R800_B405,6iXGqEq_cpI_0006_S990_E1347_L432_T37_R800_B405.wav,6iXGqEq_cpI_0006_S990_E1347_L432_T37_R800_B405.npz,6iXGqEq_cpI_0006_S990_E1347_L432_T37_R800_B405.npz,6iXGqEq_cpI_0006_S990_E1347_L432_T37_R800_B405_natural_0_mesh_motions.pt,
6lzxVmBJIlk,6lzxVmBJIlk_0007_S83_E398_L321_T24_R689_B392,6lzxVmBJIlk_0007_S83_E398_L321_T24_R689_B392.wav,6lzxVmBJIlk_0007_S83_E398_L321_T24_R689_B392.npz,6lzxVmBJIlk_0007_S83_E398_L321_T24_R689_B392.npz,6lzxVmBJIlk_0007_S83_E398_L321_T24_R689_B392_natural_0_mesh_motions.pt,
6mL4rjxEnbo,6mL4rjxEnbo_0000_S1291_E1553_L371_T109_R851_B589,6mL4rjxEnbo_0000_S1291_E1553_L371_T109_R851_B589.wav,6mL4rjxEnbo_0000_S1291_E1553_L371_T109_R851_B589.npz,6mL4rjxEnbo_0000_S1291_E1553_L371_T109_R851_B589.npz,6mL4rjxEnbo_0000_S1291_E1553_L371_T109_R851_B589_natural_0_mesh_motions.pt,
6nDOJdyJDk0,6nDOJdyJDk0_0000_S0_E376_L0_T0_R1264_B704,6nDOJdyJDk0_0000_S0_E376_L0_T0_R1264_B704.wav,6nDOJdyJDk0_0000_S0_E376_L0_T0_R1264_B704.npz,6nDOJdyJDk0_0000_S0_E376_L0_T0_R1264_B704.npz,6nDOJdyJDk0_0000_S0_E376_L0_T0_R1264_B704_natural_0_mesh_motions.pt,
6nPPyCrkwSE,6nPPyCrkwSE_0003_S707_E946_L185_T0_R745_B480,6nPPyCrkwSE_0003_S707_E946_L185_T0_R745_B480.wav,6nPPyCrkwSE_0003_S707_E946_L185_T0_R745_B480.npz,6nPPyCrkwSE_0003_S707_E946_L185_T0_R745_B480.npz,6nPPyCrkwSE_0003_S707_E946_L185_T0_R745_B480_natural_0_mesh_motions.pt,
6p6boxrvbZk,6p6boxrvbZk_0000_S513_E721_L505_T30_R825_B350,6p6boxrvbZk_0000_S513_E721_L505_T30_R825_B350.wav,6p6boxrvbZk_0000_S513_E721_L505_T30_R825_B350.npz,6p6boxrvbZk_0000_S513_E721_L505_T30_R825_B350.npz,6p6boxrvbZk_0000_S513_E721_L505_T30_R825_B350_natural_0_mesh_motions.pt,
6pCBqmPozE4,6pCBqmPozE4_0015_S1322_E1565_L456_T31_R792_B367,6pCBqmPozE4_0015_S1322_E1565_L456_T31_R792_B367.wav,6pCBqmPozE4_0015_S1322_E1565_L456_T31_R792_B367.npz,6pCBqmPozE4_0015_S1322_E1565_L456_T31_R792_B367.npz,6pCBqmPozE4_0015_S1322_E1565_L456_T31_R792_B367_natural_0_mesh_motions.pt,
6ptI5B4a-ag,6ptI5B4a-ag_0000_S1153_E1397_L278_T0_R998_B640,6ptI5B4a-ag_0000_S1153_E1397_L278_T0_R998_B640.wav,6ptI5B4a-ag_0000_S1153_E1397_L278_T0_R998_B640.npz,6ptI5B4a-ag_0000_S1153_E1397_L278_T0_R998_B640.npz,6ptI5B4a-ag_0000_S1153_E1397_L278_T0_R998_B640_natural_0_mesh_motions.pt,
6tx3pU5F1x8,6tx3pU5F1x8_0000_S536_E855_L124_T0_R812_B512,6tx3pU5F1x8_0000_S536_E855_L124_T0_R812_B512.wav,6tx3pU5F1x8_0000_S536_E855_L124_T0_R812_B512.npz,6tx3pU5F1x8_0000_S536_E855_L124_T0_R812_B512.npz,6tx3pU5F1x8_0000_S536_E855_L124_T0_R812_B512_natural_0_mesh_motions.pt,
6yt3pqCQn6s,6yt3pqCQn6s_0011_S1282_E1602_L402_T64_R754_B416,6yt3pqCQn6s_0011_S1282_E1602_L402_T64_R754_B416.wav,6yt3pqCQn6s_0011_S1282_E1602_L402_T64_R754_B416.npz,6yt3pqCQn6s_0011_S1282_E1602_L402_T64_R754_B416.npz,6yt3pqCQn6s_0011_S1282_E1602_L402_T64_R754_B416_natural_0_mesh_motions.pt,
7-AfS9rehcM,7-AfS9rehcM_0000_S825_E1045_L146_T0_R1074_B704,7-AfS9rehcM_0000_S825_E1045_L146_T0_R1074_B704.wav,7-AfS9rehcM_0000_S825_E1045_L146_T0_R1074_B704.npz,7-AfS9rehcM_0000_S825_E1045_L146_T0_R1074_B704.npz,7-AfS9rehcM_0000_S825_E1045_L146_T0_R1074_B704_natural_0_mesh_motions.pt,
7-ByRppD-EE,7-ByRppD-EE_0000_S1189_E1531_L267_T29_R827_B589,7-ByRppD-EE_0000_S1189_E1531_L267_T29_R827_B589.wav,7-ByRppD-EE_0000_S1189_E1531_L267_T29_R827_B589.npz,7-ByRppD-EE_0000_S1189_E1531_L267_T29_R827_B589.npz,7-ByRppD-EE_0000_S1189_E1531_L267_T29_R827_B589_natural_0_mesh_motions.pt,
7-QzoS-dW-c,7-QzoS-dW-c_0011_S74_E269_L471_T0_R1111_B592,7-QzoS-dW-c_0011_S74_E269_L471_T0_R1111_B592.wav,7-QzoS-dW-c_0011_S74_E269_L471_T0_R1111_B592.npz,7-QzoS-dW-c_0011_S74_E269_L471_T0_R1111_B592.npz,7-QzoS-dW-c_0011_S74_E269_L471_T0_R1111_B592_natural_0_mesh_motions.pt,
702SXH0JdaQ,702SXH0JdaQ_0001_S0_E331_L370_T33_R962_B625,702SXH0JdaQ_0001_S0_E331_L370_T33_R962_B625.wav,702SXH0JdaQ_0001_S0_E331_L370_T33_R962_B625.npz,702SXH0JdaQ_0001_S0_E331_L370_T33_R962_B625.npz,702SXH0JdaQ_0001_S0_E331_L370_T33_R962_B625_natural_0_mesh_motions.pt,
75mMPO0x4Gs,75mMPO0x4Gs_0000_S128_E419_L425_T0_R921_B496,75mMPO0x4Gs_0000_S128_E419_L425_T0_R921_B496.wav,75mMPO0x4Gs_0000_S128_E419_L425_T0_R921_B496.npz,75mMPO0x4Gs_0000_S128_E419_L425_T0_R921_B496.npz,75mMPO0x4Gs_0000_S128_E419_L425_T0_R921_B496_natural_0_mesh_motions.pt,
78UIF4JCcYc,78UIF4JCcYc_0000_S1308_E1579_L300_T0_R892_B512,78UIF4JCcYc_0000_S1308_E1579_L300_T0_R892_B512.wav,78UIF4JCcYc_0000_S1308_E1579_L300_T0_R892_B512.npz,78UIF4JCcYc_0000_S1308_E1579_L300_T0_R892_B512.npz,78UIF4JCcYc_0000_S1308_E1579_L300_T0_R892_B512_natural_0_mesh_motions.pt,
7DJdGbYHll4,7DJdGbYHll4_0025_S1242_E1544_L410_T68_R842_B500,7DJdGbYHll4_0025_S1242_E1544_L410_T68_R842_B500.wav,7DJdGbYHll4_0025_S1242_E1544_L410_T68_R842_B500.npz,7DJdGbYHll4_0025_S1242_E1544_L410_T68_R842_B500.npz,7DJdGbYHll4_0025_S1242_E1544_L410_T68_R842_B500_natural_0_mesh_motions.pt,
7ONrAflL5Oc,7ONrAflL5Oc_0003_S1194_E1795_L724_T105_R1060_B441,7ONrAflL5Oc_0003_S1194_E1795_L724_T105_R1060_B441.wav,7ONrAflL5Oc_0003_S1194_E1795_L724_T105_R1060_B441.npz,7ONrAflL5Oc_0003_S1194_E1795_L724_T105_R1060_B441.npz,7ONrAflL5Oc_0003_S1194_E1795_L724_T105_R1060_B441_natural_0_mesh_motions.pt,
7PQ0QmUGpvw,7PQ0QmUGpvw_0000_S1199_E1439_L333_T0_R829_B464,7PQ0QmUGpvw_0000_S1199_E1439_L333_T0_R829_B464.wav,7PQ0QmUGpvw_0000_S1199_E1439_L333_T0_R829_B464.npz,7PQ0QmUGpvw_0000_S1199_E1439_L333_T0_R829_B464.npz,7PQ0QmUGpvw_0000_S1199_E1439_L333_T0_R829_B464_natural_0_mesh_motions.pt,
7Rgh8v8Qmzg,7Rgh8v8Qmzg_0001_S174_E445_L444_T8_R924_B488,7Rgh8v8Qmzg_0001_S174_E445_L444_T8_R924_B488.wav,7Rgh8v8Qmzg_0001_S174_E445_L444_T8_R924_B488.npz,7Rgh8v8Qmzg_0001_S174_E445_L444_T8_R924_B488.npz,7Rgh8v8Qmzg_0001_S174_E445_L444_T8_R924_B488_natural_0_mesh_motions.pt,
7STjD4eWMs8,7STjD4eWMs8_0003_S1451_E1723_L715_T147_R1067_B483,7STjD4eWMs8_0003_S1451_E1723_L715_T147_R1067_B483.wav,7STjD4eWMs8_0003_S1451_E1723_L715_T147_R1067_B483.npz,7STjD4eWMs8_0003_S1451_E1723_L715_T147_R1067_B483.npz,7STjD4eWMs8_0003_S1451_E1723_L715_T147_R1067_B483_natural_0_mesh_motions.pt,
7UQMqOkGD8M,7UQMqOkGD8M_0000_S379_E912_L584_T0_R1016_B416,7UQMqOkGD8M_0000_S379_E912_L584_T0_R1016_B416.wav,7UQMqOkGD8M_0000_S379_E912_L584_T0_R1016_B416.npz,7UQMqOkGD8M_0000_S379_E912_L584_T0_R1016_B416.npz,7UQMqOkGD8M_0000_S379_E912_L584_T0_R1016_B416_natural_0_mesh_motions.pt,
7bAPKKE_tzA,7bAPKKE_tzA_0000_S1064_E1299_L527_T136_R783_B392,7bAPKKE_tzA_0000_S1064_E1299_L527_T136_R783_B392.wav,7bAPKKE_tzA_0000_S1064_E1299_L527_T136_R783_B392.npz,7bAPKKE_tzA_0000_S1064_E1299_L527_T136_R783_B392.npz,7bAPKKE_tzA_0000_S1064_E1299_L527_T136_R783_B392_natural_0_mesh_motions.pt,
7c7ccOHMK8o,7c7ccOHMK8o_0001_S967_E1429_L359_T20_R983_B644,7c7ccOHMK8o_0001_S967_E1429_L359_T20_R983_B644.wav,7c7ccOHMK8o_0001_S967_E1429_L359_T20_R983_B644.npz,7c7ccOHMK8o_0001_S967_E1429_L359_T20_R983_B644.npz,7c7ccOHMK8o_0001_S967_E1429_L359_T20_R983_B644_natural_0_mesh_motions.pt,
7dLu8wqYpJw,7dLu8wqYpJw_0000_S1163_E1491_L130_T51_R546_B467,7dLu8wqYpJw_0000_S1163_E1491_L130_T51_R546_B467.wav,7dLu8wqYpJw_0000_S1163_E1491_L130_T51_R546_B467.npz,7dLu8wqYpJw_0000_S1163_E1491_L130_T51_R546_B467.npz,7dLu8wqYpJw_0000_S1163_E1491_L130_T51_R546_B467_natural_0_mesh_motions.pt,
7dmNo3X-Lus,7dmNo3X-Lus_0002_S0_E608_L326_T79_R726_B463,7dmNo3X-Lus_0002_S0_E608_L326_T79_R726_B463.wav,7dmNo3X-Lus_0002_S0_E608_L326_T79_R726_B463.npz,7dmNo3X-Lus_0002_S0_E608_L326_T79_R726_B463.npz,7dmNo3X-Lus_0002_S0_E608_L326_T79_R726_B463_natural_0_mesh_motions.pt,
7flG_V2SHc0,7flG_V2SHc0_0003_S1103_E1400_L469_T49_R773_B353,7flG_V2SHc0_0003_S1103_E1400_L469_T49_R773_B353.wav,7flG_V2SHc0_0003_S1103_E1400_L469_T49_R773_B353.npz,7flG_V2SHc0_0003_S1103_E1400_L469_T49_R773_B353.npz,7flG_V2SHc0_0003_S1103_E1400_L469_T49_R773_B353_natural_0_mesh_motions.pt,
7hHOLdgvG-4,7hHOLdgvG-4_0005_S1179_E1542_L303_T0_R895_B512,7hHOLdgvG-4_0005_S1179_E1542_L303_T0_R895_B512.wav,7hHOLdgvG-4_0005_S1179_E1542_L303_T0_R895_B512.npz,7hHOLdgvG-4_0005_S1179_E1542_L303_T0_R895_B512.npz,7hHOLdgvG-4_0005_S1179_E1542_L303_T0_R895_B512_natural_0_mesh_motions.pt,
7mHwsV3Mb-Y,7mHwsV3Mb-Y_0002_S220_E772_L445_T29_R861_B445,7mHwsV3Mb-Y_0002_S220_E772_L445_T29_R861_B445.wav,7mHwsV3Mb-Y_0002_S220_E772_L445_T29_R861_B445.npz,7mHwsV3Mb-Y_0002_S220_E772_L445_T29_R861_B445.npz,7mHwsV3Mb-Y_0002_S220_E772_L445_T29_R861_B445_natural_0_mesh_motions.pt,
7oKjW1OIjuw,7oKjW1OIjuw_0000_S26_E748_L468_T12_R948_B492,7oKjW1OIjuw_0000_S26_E748_L468_T12_R948_B492.wav,7oKjW1OIjuw_0000_S26_E748_L468_T12_R948_B492.npz,7oKjW1OIjuw_0000_S26_E748_L468_T12_R948_B492.npz,7oKjW1OIjuw_0000_S26_E748_L468_T12_R948_B492_natural_0_mesh_motions.pt,
7pg_Dgs0wUU,7pg_Dgs0wUU_0001_S0_E294_L275_T0_R867_B576,7pg_Dgs0wUU_0001_S0_E294_L275_T0_R867_B576.wav,7pg_Dgs0wUU_0001_S0_E294_L275_T0_R867_B576.npz,7pg_Dgs0wUU_0001_S0_E294_L275_T0_R867_B576.npz,7pg_Dgs0wUU_0001_S0_E294_L275_T0_R867_B576_natural_0_mesh_motions.pt,
7zWswXer8i4,7zWswXer8i4_0016_S1472_E1820_L311_T95_R695_B479,7zWswXer8i4_0016_S1472_E1820_L311_T95_R695_B479.wav,7zWswXer8i4_0016_S1472_E1820_L311_T95_R695_B479.npz,7zWswXer8i4_0016_S1472_E1820_L311_T95_R695_B479.npz,7zWswXer8i4_0016_S1472_E1820_L311_T95_R695_B479_natural_0_mesh_motions.pt,
8-RmR1XmaxE,8-RmR1XmaxE_0009_S259_E728_L0_T0_R944_B704,8-RmR1XmaxE_0009_S259_E728_L0_T0_R944_B704.wav,8-RmR1XmaxE_0009_S259_E728_L0_T0_R944_B704.npz,8-RmR1XmaxE_0009_S259_E728_L0_T0_R944_B704.npz,8-RmR1XmaxE_0009_S259_E728_L0_T0_R944_B704_natural_0_mesh_motions.pt,
829gaOsl7Z8,829gaOsl7Z8_0001_S0_E424_L418_T97_R770_B449,829gaOsl7Z8_0001_S0_E424_L418_T97_R770_B449.wav,829gaOsl7Z8_0001_S0_E424_L418_T97_R770_B449.npz,829gaOsl7Z8_0001_S0_E424_L418_T97_R770_B449.npz,829gaOsl7Z8_0001_S0_E424_L418_T97_R770_B449_natural_0_mesh_motions.pt,
8CTEl-Zhv38,8CTEl-Zhv38_0002_S149_E463_L571_T183_R827_B439,8CTEl-Zhv38_0002_S149_E463_L571_T183_R827_B439.wav,8CTEl-Zhv38_0002_S149_E463_L571_T183_R827_B439.npz,8CTEl-Zhv38_0002_S149_E463_L571_T183_R827_B439.npz,8CTEl-Zhv38_0002_S149_E463_L571_T183_R827_B439_natural_0_mesh_motions.pt,
8HbsSkuiPmg,8HbsSkuiPmg_0000_S897_E1416_L0_T0_R944_B704,8HbsSkuiPmg_0000_S897_E1416_L0_T0_R944_B704.wav,8HbsSkuiPmg_0000_S897_E1416_L0_T0_R944_B704.npz,8HbsSkuiPmg_0000_S897_E1416_L0_T0_R944_B704.npz,8HbsSkuiPmg_0000_S897_E1416_L0_T0_R944_B704_natural_0_mesh_motions.pt,
8J6FseCtEXc,8J6FseCtEXc_0015_S717_E1298_L552_T69_R952_B469,8J6FseCtEXc_0015_S717_E1298_L552_T69_R952_B469.wav,8J6FseCtEXc_0015_S717_E1298_L552_T69_R952_B469.npz,8J6FseCtEXc_0015_S717_E1298_L552_T69_R952_B469.npz,8J6FseCtEXc_0015_S717_E1298_L552_T69_R952_B469_natural_0_mesh_motions.pt,
8JtWrFwQ-h0,8JtWrFwQ-h0_0001_S348_E636_L248_T44_R648_B444,8JtWrFwQ-h0_0001_S348_E636_L248_T44_R648_B444.wav,8JtWrFwQ-h0_0001_S348_E636_L248_T44_R648_B444.npz,8JtWrFwQ-h0_0001_S348_E636_L248_T44_R648_B444.npz,8JtWrFwQ-h0_0001_S348_E636_L248_T44_R648_B444_natural_0_mesh_motions.pt,
8Kux1TQWdLU,8Kux1TQWdLU_0000_S1400_E1811_L259_T0_R915_B640,8Kux1TQWdLU_0000_S1400_E1811_L259_T0_R915_B640.wav,8Kux1TQWdLU_0000_S1400_E1811_L259_T0_R915_B640.npz,8Kux1TQWdLU_0000_S1400_E1811_L259_T0_R915_B640.npz,8Kux1TQWdLU_0000_S1400_E1811_L259_T0_R915_B640_natural_0_mesh_motions.pt,
8N-x9QC50m0,8N-x9QC50m0_0004_S251_E560_L163_T0_R1027_B672,8N-x9QC50m0_0004_S251_E560_L163_T0_R1027_B672.wav,8N-x9QC50m0_0004_S251_E560_L163_T0_R1027_B672.npz,8N-x9QC50m0_0004_S251_E560_L163_T0_R1027_B672.npz,8N-x9QC50m0_0004_S251_E560_L163_T0_R1027_B672_natural_0_mesh_motions.pt,
8NJ74aVTZMc,8NJ74aVTZMc_0002_S1086_E1305_L683_T1_R1035_B353,8NJ74aVTZMc_0002_S1086_E1305_L683_T1_R1035_B353.wav,8NJ74aVTZMc_0002_S1086_E1305_L683_T1_R1035_B353.npz,8NJ74aVTZMc_0002_S1086_E1305_L683_T1_R1035_B353.npz,8NJ74aVTZMc_0002_S1086_E1305_L683_T1_R1035_B353_natural_0_mesh_motions.pt,
8P3rViI8Xw8,8P3rViI8Xw8_0037_S1165_E1384_L469_T0_R1077_B528,8P3rViI8Xw8_0037_S1165_E1384_L469_T0_R1077_B528.wav,8P3rViI8Xw8_0037_S1165_E1384_L469_T0_R1077_B528.npz,8P3rViI8Xw8_0037_S1165_E1384_L469_T0_R1077_B528.npz,8P3rViI8Xw8_0037_S1165_E1384_L469_T0_R1077_B528_natural_0_mesh_motions.pt,
8SIWlQ0ZUqY,8SIWlQ0ZUqY_0010_S1294_E1685_L275_T38_R851_B614,8SIWlQ0ZUqY_0010_S1294_E1685_L275_T38_R851_B614.wav,8SIWlQ0ZUqY_0010_S1294_E1685_L275_T38_R851_B614.npz,8SIWlQ0ZUqY_0010_S1294_E1685_L275_T38_R851_B614.npz,8SIWlQ0ZUqY_0010_S1294_E1685_L275_T38_R851_B614_natural_0_mesh_motions.pt,
8ToIwnP2a-g,8ToIwnP2a-g_0000_S1465_E1811_L404_T26_R852_B474,8ToIwnP2a-g_0000_S1465_E1811_L404_T26_R852_B474.wav,8ToIwnP2a-g_0000_S1465_E1811_L404_T26_R852_B474.npz,8ToIwnP2a-g_0000_S1465_E1811_L404_T26_R852_B474.npz,8ToIwnP2a-g_0000_S1465_E1811_L404_T26_R852_B474_natural_0_mesh_motions.pt,
8TunLMoE9Xw,8TunLMoE9Xw_0001_S930_E1448_L476_T21_R876_B421,8TunLMoE9Xw_0001_S930_E1448_L476_T21_R876_B421.wav,8TunLMoE9Xw_0001_S930_E1448_L476_T21_R876_B421.npz,8TunLMoE9Xw_0001_S930_E1448_L476_T21_R876_B421.npz,8TunLMoE9Xw_0001_S930_E1448_L476_T21_R876_B421_natural_0_mesh_motions.pt,
8WfV93go5TM,8WfV93go5TM_0000_S402_E656_L164_T0_R756_B496,8WfV93go5TM_0000_S402_E656_L164_T0_R756_B496.wav,8WfV93go5TM_0000_S402_E656_L164_T0_R756_B496.npz,8WfV93go5TM_0000_S402_E656_L164_T0_R756_B496.npz,8WfV93go5TM_0000_S402_E656_L164_T0_R756_B496_natural_0_mesh_motions.pt,
8XlrNlfd-9M,8XlrNlfd-9M_0000_S1319_E1599_L341_T0_R725_B336,8XlrNlfd-9M_0000_S1319_E1599_L341_T0_R725_B336.wav,8XlrNlfd-9M_0000_S1319_E1599_L341_T0_R725_B336.npz,8XlrNlfd-9M_0000_S1319_E1599_L341_T0_R725_B336.npz,8XlrNlfd-9M_0000_S1319_E1599_L341_T0_R725_B336_natural_0_mesh_motions.pt,
8_yb_nW5x6I,8_yb_nW5x6I_0023_S411_E623_L365_T2_R941_B578,8_yb_nW5x6I_0023_S411_E623_L365_T2_R941_B578.wav,8_yb_nW5x6I_0023_S411_E623_L365_T2_R941_B578.npz,8_yb_nW5x6I_0023_S411_E623_L365_T2_R941_B578.npz,8_yb_nW5x6I_0023_S411_E623_L365_T2_R941_B578_natural_0_mesh_motions.pt,
8aafXYh_gHA,8aafXYh_gHA_0000_S1271_E1931_L377_T50_R889_B562,8aafXYh_gHA_0000_S1271_E1931_L377_T50_R889_B562.wav,8aafXYh_gHA_0000_S1271_E1931_L377_T50_R889_B562.npz,8aafXYh_gHA_0000_S1271_E1931_L377_T50_R889_B562.npz,8aafXYh_gHA_0000_S1271_E1931_L377_T50_R889_B562_natural_0_mesh_motions.pt,
8bQPi0ssTLw,8bQPi0ssTLw_0000_S1587_E1919_L360_T66_R760_B466,8bQPi0ssTLw_0000_S1587_E1919_L360_T66_R760_B466.wav,8bQPi0ssTLw_0000_S1587_E1919_L360_T66_R760_B466.npz,8bQPi0ssTLw_0000_S1587_E1919_L360_T66_R760_B466.npz,8bQPi0ssTLw_0000_S1587_E1919_L360_T66_R760_B466_natural_0_mesh_motions.pt,
8gg-oKufUo4,8gg-oKufUo4_0000_S236_E547_L0_T0_R352_B576,8gg-oKufUo4_0000_S236_E547_L0_T0_R352_B576.wav,8gg-oKufUo4_0000_S236_E547_L0_T0_R352_B576.npz,8gg-oKufUo4_0000_S236_E547_L0_T0_R352_B576.npz,8gg-oKufUo4_0000_S236_E547_L0_T0_R352_B576_natural_0_mesh_motions.pt,
8gtpnlVb31U,8gtpnlVb31U_0002_S32_E255_L224_T0_R1008_B704,8gtpnlVb31U_0002_S32_E255_L224_T0_R1008_B704.wav,8gtpnlVb31U_0002_S32_E255_L224_T0_R1008_B704.npz,8gtpnlVb31U_0002_S32_E255_L224_T0_R1008_B704.npz,8gtpnlVb31U_0002_S32_E255_L224_T0_R1008_B704_natural_0_mesh_motions.pt,
8lrlXoXGQo0,8lrlXoXGQo0_0000_S1300_E1512_L431_T0_R911_B480,8lrlXoXGQo0_0000_S1300_E1512_L431_T0_R911_B480.wav,8lrlXoXGQo0_0000_S1300_E1512_L431_T0_R911_B480.npz,8lrlXoXGQo0_0000_S1300_E1512_L431_T0_R911_B480.npz,8lrlXoXGQo0_0000_S1300_E1512_L431_T0_R911_B480_natural_0_mesh_motions.pt,
8vzKZVqXmo4,8vzKZVqXmo4_0002_S1126_E1501_L573_T20_R1005_B452,8vzKZVqXmo4_0002_S1126_E1501_L573_T20_R1005_B452.wav,8vzKZVqXmo4_0002_S1126_E1501_L573_T20_R1005_B452.npz,8vzKZVqXmo4_0002_S1126_E1501_L573_T20_R1005_B452.npz,8vzKZVqXmo4_0002_S1126_E1501_L573_T20_R1005_B452_natural_0_mesh_motions.pt,
9-EtiWDJbJw,9-EtiWDJbJw_0000_S392_E997_L514_T89_R866_B441,9-EtiWDJbJw_0000_S392_E997_L514_T89_R866_B441.wav,9-EtiWDJbJw_0000_S392_E997_L514_T89_R866_B441.npz,9-EtiWDJbJw_0000_S392_E997_L514_T89_R866_B441.npz,9-EtiWDJbJw_0000_S392_E997_L514_T89_R866_B441_natural_0_mesh_motions.pt,
91Zu4JRnfxc,91Zu4JRnfxc_0003_S434_E701_L597_T40_R869_B312,91Zu4JRnfxc_0003_S434_E701_L597_T40_R869_B312.wav,91Zu4JRnfxc_0003_S434_E701_L597_T40_R869_B312.npz,91Zu4JRnfxc_0003_S434_E701_L597_T40_R869_B312.npz,91Zu4JRnfxc_0003_S434_E701_L597_T40_R869_B312_natural_0_mesh_motions.pt,
91z62p7t-AU,91z62p7t-AU_0000_S746_E988_L367_T26_R815_B474,91z62p7t-AU_0000_S746_E988_L367_T26_R815_B474.wav,91z62p7t-AU_0000_S746_E988_L367_T26_R815_B474.npz,91z62p7t-AU_0000_S746_E988_L367_T26_R815_B474.npz,91z62p7t-AU_0000_S746_E988_L367_T26_R815_B474_natural_0_mesh_motions.pt,
95hYfRw1aHA,95hYfRw1aHA_0002_S1208_E1626_L649_T29_R1017_B397,95hYfRw1aHA_0002_S1208_E1626_L649_T29_R1017_B397.wav,95hYfRw1aHA_0002_S1208_E1626_L649_T29_R1017_B397.npz,95hYfRw1aHA_0002_S1208_E1626_L649_T29_R1017_B397.npz,95hYfRw1aHA_0002_S1208_E1626_L649_T29_R1017_B397_natural_0_mesh_motions.pt,
95zvFw1VkqQ,95zvFw1VkqQ_0000_S1482_E1729_L29_T0_R541_B464,95zvFw1VkqQ_0000_S1482_E1729_L29_T0_R541_B464.wav,95zvFw1VkqQ_0000_S1482_E1729_L29_T0_R541_B464.npz,95zvFw1VkqQ_0000_S1482_E1729_L29_T0_R541_B464.npz,95zvFw1VkqQ_0000_S1482_E1729_L29_T0_R541_B464_natural_0_mesh_motions.pt,
9Dm1Sekkcdw,9Dm1Sekkcdw_0000_S1463_E1712_L281_T55_R617_B391,9Dm1Sekkcdw_0000_S1463_E1712_L281_T55_R617_B391.wav,9Dm1Sekkcdw_0000_S1463_E1712_L281_T55_R617_B391.npz,9Dm1Sekkcdw_0000_S1463_E1712_L281_T55_R617_B391.npz,9Dm1Sekkcdw_0000_S1463_E1712_L281_T55_R617_B391_natural_0_mesh_motions.pt,
9G4s_qIxJYk,9G4s_qIxJYk_0016_S766_E988_L409_T130_R697_B418,9G4s_qIxJYk_0016_S766_E988_L409_T130_R697_B418.wav,9G4s_qIxJYk_0016_S766_E988_L409_T130_R697_B418.npz,9G4s_qIxJYk_0016_S766_E988_L409_T130_R697_B418.npz,9G4s_qIxJYk_0016_S766_E988_L409_T130_R697_B418_natural_0_mesh_motions.pt,
9IGRsXq9Wis,9IGRsXq9Wis_0003_S574_E1149_L282_T0_R874_B560,9IGRsXq9Wis_0003_S574_E1149_L282_T0_R874_B560.wav,9IGRsXq9Wis_0003_S574_E1149_L282_T0_R874_B560.npz,9IGRsXq9Wis_0003_S574_E1149_L282_T0_R874_B560.npz,9IGRsXq9Wis_0003_S574_E1149_L282_T0_R874_B560_natural_0_mesh_motions.pt,
9ITi5C8vHpw,9ITi5C8vHpw_0002_S488_E884_L386_T0_R930_B544,9ITi5C8vHpw_0002_S488_E884_L386_T0_R930_B544.wav,9ITi5C8vHpw_0002_S488_E884_L386_T0_R930_B544.npz,9ITi5C8vHpw_0002_S488_E884_L386_T0_R930_B544.npz,9ITi5C8vHpw_0002_S488_E884_L386_T0_R930_B544_natural_0_mesh_motions.pt,
9JJ3ullABD8,9JJ3ullABD8_0003_S1334_E1590_L132_T0_R980_B704,9JJ3ullABD8_0003_S1334_E1590_L132_T0_R980_B704.wav,9JJ3ullABD8_0003_S1334_E1590_L132_T0_R980_B704.npz,9JJ3ullABD8_0003_S1334_E1590_L132_T0_R980_B704.npz,9JJ3ullABD8_0003_S1334_E1590_L132_T0_R980_B704_natural_0_mesh_motions.pt,
9K4A7e3clMM,9K4A7e3clMM_0000_S1417_E1799_L508_T33_R892_B417,9K4A7e3clMM_0000_S1417_E1799_L508_T33_R892_B417.wav,9K4A7e3clMM_0000_S1417_E1799_L508_T33_R892_B417.npz,9K4A7e3clMM_0000_S1417_E1799_L508_T33_R892_B417.npz,9K4A7e3clMM_0000_S1417_E1799_L508_T33_R892_B417_natural_0_mesh_motions.pt,
9QeqkUN0bNU,9QeqkUN0bNU_0003_S1325_E1743_L369_T16_R865_B512,9QeqkUN0bNU_0003_S1325_E1743_L369_T16_R865_B512.wav,9QeqkUN0bNU_0003_S1325_E1743_L369_T16_R865_B512.npz,9QeqkUN0bNU_0003_S1325_E1743_L369_T16_R865_B512.npz,9QeqkUN0bNU_0003_S1325_E1743_L369_T16_R865_B512_natural_0_mesh_motions.pt,
9S9O2T1B6xE,9S9O2T1B6xE_0000_S1047_E1599_L0_T0_R768_B704,9S9O2T1B6xE_0000_S1047_E1599_L0_T0_R768_B704.wav,9S9O2T1B6xE_0000_S1047_E1599_L0_T0_R768_B704.npz,9S9O2T1B6xE_0000_S1047_E1599_L0_T0_R768_B704.npz,9S9O2T1B6xE_0000_S1047_E1599_L0_T0_R768_B704_natural_0_mesh_motions.pt,
9UaAyI-uI30,9UaAyI-uI30_0000_S3_E308_L79_T0_R847_B704,9UaAyI-uI30_0000_S3_E308_L79_T0_R847_B704.wav,9UaAyI-uI30_0000_S3_E308_L79_T0_R847_B704.npz,9UaAyI-uI30_0000_S3_E308_L79_T0_R847_B704.npz,9UaAyI-uI30_0000_S3_E308_L79_T0_R847_B704_natural_0_mesh_motions.pt,
9Wb409Nlhlw,9Wb409Nlhlw_0000_S1013_E1561_L1022_T269_R1278_B621,9Wb409Nlhlw_0000_S1013_E1561_L1022_T269_R1278_B621.wav,9Wb409Nlhlw_0000_S1013_E1561_L1022_T269_R1278_B621.npz,9Wb409Nlhlw_0000_S1013_E1561_L1022_T269_R1278_B621.npz,9Wb409Nlhlw_0000_S1013_E1561_L1022_T269_R1278_B621_natural_0_mesh_motions.pt,
9Zb8e6nE5QI,9Zb8e6nE5QI_0000_S264_E863_L75_T24_R411_B360,9Zb8e6nE5QI_0000_S264_E863_L75_T24_R411_B360.wav,9Zb8e6nE5QI_0000_S264_E863_L75_T24_R411_B360.npz,9Zb8e6nE5QI_0000_S264_E863_L75_T24_R411_B360.npz,9Zb8e6nE5QI_0000_S264_E863_L75_T24_R411_B360_natural_0_mesh_motions.pt,
9Zuk9Huqdrg,9Zuk9Huqdrg_0004_S519_E881_L365_T0_R1133_B704,9Zuk9Huqdrg_0004_S519_E881_L365_T0_R1133_B704.wav,9Zuk9Huqdrg_0004_S519_E881_L365_T0_R1133_B704.npz,9Zuk9Huqdrg_0004_S519_E881_L365_T0_R1133_B704.npz,9Zuk9Huqdrg_0004_S519_E881_L365_T0_R1133_B704_natural_0_mesh_motions.pt,
9_VLbfRXTss,9_VLbfRXTss_0002_S1217_E1535_L376_T89_R840_B553,9_VLbfRXTss_0002_S1217_E1535_L376_T89_R840_B553.wav,9_VLbfRXTss_0002_S1217_E1535_L376_T89_R840_B553.npz,9_VLbfRXTss_0002_S1217_E1535_L376_T89_R840_B553.npz,9_VLbfRXTss_0002_S1217_E1535_L376_T89_R840_B553_natural_0_mesh_motions.pt,
9c7zctYTBLA,9c7zctYTBLA_0000_S1301_E1542_L290_T46_R754_B510,9c7zctYTBLA_0000_S1301_E1542_L290_T46_R754_B510.wav,9c7zctYTBLA_0000_S1301_E1542_L290_T46_R754_B510.npz,9c7zctYTBLA_0000_S1301_E1542_L290_T46_R754_B510.npz,9c7zctYTBLA_0000_S1301_E1542_L290_T46_R754_B510_natural_0_mesh_motions.pt,
9eHXo_KFvJ0,9eHXo_KFvJ0_0000_S1189_E1511_L415_T0_R879_B464,9eHXo_KFvJ0_0000_S1189_E1511_L415_T0_R879_B464.wav,9eHXo_KFvJ0_0000_S1189_E1511_L415_T0_R879_B464.npz,9eHXo_KFvJ0_0000_S1189_E1511_L415_T0_R879_B464.npz,9eHXo_KFvJ0_0000_S1189_E1511_L415_T0_R879_B464_natural_0_mesh_motions.pt,
9kUljb9G-MY,9kUljb9G-MY_0002_S1431_E1737_L289_T0_R897_B592,9kUljb9G-MY_0002_S1431_E1737_L289_T0_R897_B592.wav,9kUljb9G-MY_0002_S1431_E1737_L289_T0_R897_B592.npz,9kUljb9G-MY_0002_S1431_E1737_L289_T0_R897_B592.npz,9kUljb9G-MY_0002_S1431_E1737_L289_T0_R897_B592_natural_0_mesh_motions.pt,
9mAiyn6gMJw,9mAiyn6gMJw_0000_S249_E562_L241_T106_R545_B410,9mAiyn6gMJw_0000_S249_E562_L241_T106_R545_B410.wav,9mAiyn6gMJw_0000_S249_E562_L241_T106_R545_B410.npz,9mAiyn6gMJw_0000_S249_E562_L241_T106_R545_B410.npz,9mAiyn6gMJw_0000_S249_E562_L241_T106_R545_B410_natural_0_mesh_motions.pt,
9n7hn-M4GpI,9n7hn-M4GpI_0000_S818_E1345_L288_T72_R752_B536,9n7hn-M4GpI_0000_S818_E1345_L288_T72_R752_B536.wav,9n7hn-M4GpI_0000_S818_E1345_L288_T72_R752_B536.npz,9n7hn-M4GpI_0000_S818_E1345_L288_T72_R752_B536.npz,9n7hn-M4GpI_0000_S818_E1345_L288_T72_R752_B536_natural_0_mesh_motions.pt,
9p8z1A3TsxU,9p8z1A3TsxU_0002_S1468_E1729_L330_T33_R762_B465,9p8z1A3TsxU_0002_S1468_E1729_L330_T33_R762_B465.wav,9p8z1A3TsxU_0002_S1468_E1729_L330_T33_R762_B465.npz,9p8z1A3TsxU_0002_S1468_E1729_L330_T33_R762_B465.npz,9p8z1A3TsxU_0002_S1468_E1729_L330_T33_R762_B465_natural_0_mesh_motions.pt,
9r8yZ-68pkY,9r8yZ-68pkY_0000_S15_E335_L334_T34_R926_B626,9r8yZ-68pkY_0000_S15_E335_L334_T34_R926_B626.wav,9r8yZ-68pkY_0000_S15_E335_L334_T34_R926_B626.npz,9r8yZ-68pkY_0000_S15_E335_L334_T34_R926_B626.npz,9r8yZ-68pkY_0000_S15_E335_L334_T34_R926_B626_natural_0_mesh_motions.pt,
9t7ujBSH3WM,9t7ujBSH3WM_0001_S1149_E1503_L407_T0_R999_B464,9t7ujBSH3WM_0001_S1149_E1503_L407_T0_R999_B464.wav,9t7ujBSH3WM_0001_S1149_E1503_L407_T0_R999_B464.npz,9t7ujBSH3WM_0001_S1149_E1503_L407_T0_R999_B464.npz,9t7ujBSH3WM_0001_S1149_E1503_L407_T0_R999_B464_natural_0_mesh_motions.pt,
9ydusnvBSys,9ydusnvBSys_0011_S1018_E1391_L308_T0_R1252_B672,9ydusnvBSys_0011_S1018_E1391_L308_T0_R1252_B672.wav,9ydusnvBSys_0011_S1018_E1391_L308_T0_R1252_B672.npz,9ydusnvBSys_0011_S1018_E1391_L308_T0_R1252_B672.npz,9ydusnvBSys_0011_S1018_E1391_L308_T0_R1252_B672_natural_0_mesh_motions.pt,
A-QOg-tFApA,A-QOg-tFApA_0000_S293_E600_L1_T0_R881_B704,A-QOg-tFApA_0000_S293_E600_L1_T0_R881_B704.wav,A-QOg-tFApA_0000_S293_E600_L1_T0_R881_B704.npz,A-QOg-tFApA_0000_S293_E600_L1_T0_R881_B704.npz,A-QOg-tFApA_0000_S293_E600_L1_T0_R881_B704_natural_0_mesh_motions.pt,
A0AViKj8EGk,A0AViKj8EGk_0001_S1326_E1708_L511_T45_R783_B317,A0AViKj8EGk_0001_S1326_E1708_L511_T45_R783_B317.wav,A0AViKj8EGk_0001_S1326_E1708_L511_T45_R783_B317.npz,A0AViKj8EGk_0001_S1326_E1708_L511_T45_R783_B317.npz,A0AViKj8EGk_0001_S1326_E1708_L511_T45_R783_B317_natural_0_mesh_motions.pt,
A2B-b-nfCqk,A2B-b-nfCqk_0000_S350_E634_L203_T0_R747_B528,A2B-b-nfCqk_0000_S350_E634_L203_T0_R747_B528.wav,A2B-b-nfCqk_0000_S350_E634_L203_T0_R747_B528.npz,A2B-b-nfCqk_0000_S350_E634_L203_T0_R747_B528.npz,A2B-b-nfCqk_0000_S350_E634_L203_T0_R747_B528_natural_0_mesh_motions.pt,
A2DdRsUdFeU,A2DdRsUdFeU_0001_S139_E394_L776_T165_R1032_B421,A2DdRsUdFeU_0001_S139_E394_L776_T165_R1032_B421.wav,A2DdRsUdFeU_0001_S139_E394_L776_T165_R1032_B421.npz,A2DdRsUdFeU_0001_S139_E394_L776_T165_R1032_B421.npz,A2DdRsUdFeU_0001_S139_E394_L776_T165_R1032_B421_natural_0_mesh_motions.pt,
A2lEI0kaf3k,A2lEI0kaf3k_0002_S744_E1069_L635_T32_R1083_B480,A2lEI0kaf3k_0002_S744_E1069_L635_T32_R1083_B480.wav,A2lEI0kaf3k_0002_S744_E1069_L635_T32_R1083_B480.npz,A2lEI0kaf3k_0002_S744_E1069_L635_T32_R1083_B480.npz,A2lEI0kaf3k_0002_S744_E1069_L635_T32_R1083_B480_natural_0_mesh_motions.pt,
A3uNIgDmqwI,A3uNIgDmqwI_0058_S1360_E1656_L339_T84_R691_B436,A3uNIgDmqwI_0058_S1360_E1656_L339_T84_R691_B436.wav,A3uNIgDmqwI_0058_S1360_E1656_L339_T84_R691_B436.npz,A3uNIgDmqwI_0058_S1360_E1656_L339_T84_R691_B436.npz,A3uNIgDmqwI_0058_S1360_E1656_L339_T84_R691_B436_natural_0_mesh_motions.pt,
A6xjN8BqDjk,A6xjN8BqDjk_0000_S210_E620_L418_T78_R802_B462,A6xjN8BqDjk_0000_S210_E620_L418_T78_R802_B462.wav,A6xjN8BqDjk_0000_S210_E620_L418_T78_R802_B462.npz,A6xjN8BqDjk_0000_S210_E620_L418_T78_R802_B462.npz,A6xjN8BqDjk_0000_S210_E620_L418_T78_R802_B462_natural_0_mesh_motions.pt,
ACsoFzXDE3Q,ACsoFzXDE3Q_0001_S1078_E1391_L185_T0_R841_B624,ACsoFzXDE3Q_0001_S1078_E1391_L185_T0_R841_B624.wav,ACsoFzXDE3Q_0001_S1078_E1391_L185_T0_R841_B624.npz,ACsoFzXDE3Q_0001_S1078_E1391_L185_T0_R841_B624.npz,ACsoFzXDE3Q_0001_S1078_E1391_L185_T0_R841_B624_natural_0_mesh_motions.pt,
ADQSqUBZjvE,ADQSqUBZjvE_0000_S1288_E1535_L467_T56_R771_B360,ADQSqUBZjvE_0000_S1288_E1535_L467_T56_R771_B360.wav,ADQSqUBZjvE_0000_S1288_E1535_L467_T56_R771_B360.npz,ADQSqUBZjvE_0000_S1288_E1535_L467_T56_R771_B360.npz,ADQSqUBZjvE_0000_S1288_E1535_L467_T56_R771_B360_natural_0_mesh_motions.pt,
AHKGGtJ15o8,AHKGGtJ15o8_0003_S792_E1283_L303_T56_R639_B392,AHKGGtJ15o8_0003_S792_E1283_L303_T56_R639_B392.wav,AHKGGtJ15o8_0003_S792_E1283_L303_T56_R639_B392.npz,AHKGGtJ15o8_0003_S792_E1283_L303_T56_R639_B392.npz,AHKGGtJ15o8_0003_S792_E1283_L303_T56_R639_B392_natural_0_mesh_motions.pt,
AIXQngEnJgY,AIXQngEnJgY_0002_S0_E425_L421_T44_R757_B380,AIXQngEnJgY_0002_S0_E425_L421_T44_R757_B380.wav,AIXQngEnJgY_0002_S0_E425_L421_T44_R757_B380.npz,AIXQngEnJgY_0002_S0_E425_L421_T44_R757_B380.npz,AIXQngEnJgY_0002_S0_E425_L421_T44_R757_B380_natural_0_mesh_motions.pt,
AKkYU-fExWc,AKkYU-fExWc_0001_S1195_E1431_L334_T78_R702_B446,AKkYU-fExWc_0001_S1195_E1431_L334_T78_R702_B446.wav,AKkYU-fExWc_0001_S1195_E1431_L334_T78_R702_B446.npz,AKkYU-fExWc_0001_S1195_E1431_L334_T78_R702_B446.npz,AKkYU-fExWc_0001_S1195_E1431_L334_T78_R702_B446_natural_0_mesh_motions.pt,
AL1pISpcG2Q,AL1pISpcG2Q_0002_S1231_E1759_L282_T112_R906_B704,AL1pISpcG2Q_0002_S1231_E1759_L282_T112_R906_B704.wav,AL1pISpcG2Q_0002_S1231_E1759_L282_T112_R906_B704.npz,AL1pISpcG2Q_0002_S1231_E1759_L282_T112_R906_B704.npz,AL1pISpcG2Q_0002_S1231_E1759_L282_T112_R906_B704_natural_0_mesh_motions.pt,
AQe2ANirwW4,AQe2ANirwW4_0000_S897_E1446_L371_T0_R867_B480,AQe2ANirwW4_0000_S897_E1446_L371_T0_R867_B480.wav,AQe2ANirwW4_0000_S897_E1446_L371_T0_R867_B480.npz,AQe2ANirwW4_0000_S897_E1446_L371_T0_R867_B480.npz,AQe2ANirwW4_0000_S897_E1446_L371_T0_R867_B480_natural_0_mesh_motions.pt,
AQuAGO9ceIU,AQuAGO9ceIU_0006_S1444_E1706_L224_T0_R768_B464,AQuAGO9ceIU_0006_S1444_E1706_L224_T0_R768_B464.wav,AQuAGO9ceIU_0006_S1444_E1706_L224_T0_R768_B464.npz,AQuAGO9ceIU_0006_S1444_E1706_L224_T0_R768_B464.npz,AQuAGO9ceIU_0006_S1444_E1706_L224_T0_R768_B464_natural_0_mesh_motions.pt,
AVc5fXa0oMs,AVc5fXa0oMs_0028_S165_E559_L497_T104_R753_B360,AVc5fXa0oMs_0028_S165_E559_L497_T104_R753_B360.wav,AVc5fXa0oMs_0028_S165_E559_L497_T104_R753_B360.npz,AVc5fXa0oMs_0028_S165_E559_L497_T104_R753_B360.npz,AVc5fXa0oMs_0028_S165_E559_L497_T104_R753_B360_natural_0_mesh_motions.pt,
AXfRrHD4Cps,AXfRrHD4Cps_0002_S1299_E1759_L349_T4_R941_B596,AXfRrHD4Cps_0002_S1299_E1759_L349_T4_R941_B596.wav,AXfRrHD4Cps_0002_S1299_E1759_L349_T4_R941_B596.npz,AXfRrHD4Cps_0002_S1299_E1759_L349_T4_R941_B596.npz,AXfRrHD4Cps_0002_S1299_E1759_L349_T4_R941_B596_natural_0_mesh_motions.pt,
Ac8Fsu0WVKg,Ac8Fsu0WVKg_0000_S296_E537_L454_T135_R726_B407,Ac8Fsu0WVKg_0000_S296_E537_L454_T135_R726_B407.wav,Ac8Fsu0WVKg_0000_S296_E537_L454_T135_R726_B407.npz,Ac8Fsu0WVKg_0000_S296_E537_L454_T135_R726_B407.npz,Ac8Fsu0WVKg_0000_S296_E537_L454_T135_R726_B407_natural_0_mesh_motions.pt,
AccPbM4JhFI,AccPbM4JhFI_0000_S0_E432_L302_T6_R1022_B710,AccPbM4JhFI_0000_S0_E432_L302_T6_R1022_B710.wav,AccPbM4JhFI_0000_S0_E432_L302_T6_R1022_B710.npz,AccPbM4JhFI_0000_S0_E432_L302_T6_R1022_B710.npz,AccPbM4JhFI_0000_S0_E432_L302_T6_R1022_B710_natural_0_mesh_motions.pt,
Ad5je4UNgDw,Ad5je4UNgDw_0001_S787_E1131_L303_T0_R1087_B640,Ad5je4UNgDw_0001_S787_E1131_L303_T0_R1087_B640.wav,Ad5je4UNgDw_0001_S787_E1131_L303_T0_R1087_B640.npz,Ad5je4UNgDw_0001_S787_E1131_L303_T0_R1087_B640.npz,Ad5je4UNgDw_0001_S787_E1131_L303_T0_R1087_B640_natural_0_mesh_motions.pt,
Adgif4D3ujk,Adgif4D3ujk_0008_S1657_E1919_L161_T0_R1217_B704,Adgif4D3ujk_0008_S1657_E1919_L161_T0_R1217_B704.wav,Adgif4D3ujk_0008_S1657_E1919_L161_T0_R1217_B704.npz,Adgif4D3ujk_0008_S1657_E1919_L161_T0_R1217_B704.npz,Adgif4D3ujk_0008_S1657_E1919_L161_T0_R1217_B704_natural_0_mesh_motions.pt,
AfZNZ3bfJvA,AfZNZ3bfJvA_0000_S1526_E1903_L272_T0_R944_B560,AfZNZ3bfJvA_0000_S1526_E1903_L272_T0_R944_B560.wav,AfZNZ3bfJvA_0000_S1526_E1903_L272_T0_R944_B560.npz,AfZNZ3bfJvA_0000_S1526_E1903_L272_T0_R944_B560.npz,AfZNZ3bfJvA_0000_S1526_E1903_L272_T0_R944_B560_natural_0_mesh_motions.pt,
AglvA1tduMA,AglvA1tduMA_0004_S1252_E1690_L711_T166_R1207_B662,AglvA1tduMA_0004_S1252_E1690_L711_T166_R1207_B662.wav,AglvA1tduMA_0004_S1252_E1690_L711_T166_R1207_B662.npz,AglvA1tduMA_0004_S1252_E1690_L711_T166_R1207_B662.npz,AglvA1tduMA_0004_S1252_E1690_L711_T166_R1207_B662_natural_0_mesh_motions.pt,
AkU94JdXbQ0,AkU94JdXbQ0_0000_S1247_E1886_L361_T133_R681_B453,AkU94JdXbQ0_0000_S1247_E1886_L361_T133_R681_B453.wav,AkU94JdXbQ0_0000_S1247_E1886_L361_T133_R681_B453.npz,AkU94JdXbQ0_0000_S1247_E1886_L361_T133_R681_B453.npz,AkU94JdXbQ0_0000_S1247_E1886_L361_T133_R681_B453_natural_0_mesh_motions.pt,
AnxrJiS5uKU,AnxrJiS5uKU_0000_S654_E906_L194_T77_R530_B413,AnxrJiS5uKU_0000_S654_E906_L194_T77_R530_B413.wav,AnxrJiS5uKU_0000_S654_E906_L194_T77_R530_B413.npz,AnxrJiS5uKU_0000_S654_E906_L194_T77_R530_B413.npz,AnxrJiS5uKU_0000_S654_E906_L194_T77_R530_B413_natural_0_mesh_motions.pt,
Aqu7R_7vFKM,Aqu7R_7vFKM_0005_S8_E290_L438_T283_R806_B651,Aqu7R_7vFKM_0005_S8_E290_L438_T283_R806_B651.wav,Aqu7R_7vFKM_0005_S8_E290_L438_T283_R806_B651.npz,Aqu7R_7vFKM_0005_S8_E290_L438_T283_R806_B651.npz,Aqu7R_7vFKM_0005_S8_E290_L438_T283_R806_B651_natural_0_mesh_motions.pt,
AuLoMmjFONE,AuLoMmjFONE_0001_S1211_E1471_L391_T92_R695_B396,AuLoMmjFONE_0001_S1211_E1471_L391_T92_R695_B396.wav,AuLoMmjFONE_0001_S1211_E1471_L391_T92_R695_B396.npz,AuLoMmjFONE_0001_S1211_E1471_L391_T92_R695_B396.npz,AuLoMmjFONE_0001_S1211_E1471_L391_T92_R695_B396_natural_0_mesh_motions.pt,
AwvReatHB2g,AwvReatHB2g_0000_S245_E638_L444_T2_R828_B386,AwvReatHB2g_0000_S245_E638_L444_T2_R828_B386.wav,AwvReatHB2g_0000_S245_E638_L444_T2_R828_B386.npz,AwvReatHB2g_0000_S245_E638_L444_T2_R828_B386.npz,AwvReatHB2g_0000_S245_E638_L444_T2_R828_B386_natural_0_mesh_motions.pt,
AygCTeXnJ6o,AygCTeXnJ6o_0012_S766_E1025_L436_T46_R804_B414,AygCTeXnJ6o_0012_S766_E1025_L436_T46_R804_B414.wav,AygCTeXnJ6o_0012_S766_E1025_L436_T46_R804_B414.npz,AygCTeXnJ6o_0012_S766_E1025_L436_T46_R804_B414.npz,AygCTeXnJ6o_0012_S766_E1025_L436_T46_R804_B414_natural_0_mesh_motions.pt,
AzECoalJ4WU,AzECoalJ4WU_0001_S799_E1375_L429_T89_R909_B569,AzECoalJ4WU_0001_S799_E1375_L429_T89_R909_B569.wav,AzECoalJ4WU_0001_S799_E1375_L429_T89_R909_B569.npz,AzECoalJ4WU_0001_S799_E1375_L429_T89_R909_B569.npz,AzECoalJ4WU_0001_S799_E1375_L429_T89_R909_B569_natural_0_mesh_motions.pt,
AziRcPo6rm0,AziRcPo6rm0_0000_S267_E663_L442_T37_R794_B389,AziRcPo6rm0_0000_S267_E663_L442_T37_R794_B389.wav,AziRcPo6rm0_0000_S267_E663_L442_T37_R794_B389.npz,AziRcPo6rm0_0000_S267_E663_L442_T37_R794_B389.npz,AziRcPo6rm0_0000_S267_E663_L442_T37_R794_B389_natural_0_mesh_motions.pt,
B5uSsp0Rbbc,B5uSsp0Rbbc_0002_S728_E933_L504_T93_R808_B397,B5uSsp0Rbbc_0002_S728_E933_L504_T93_R808_B397.wav,B5uSsp0Rbbc_0002_S728_E933_L504_T93_R808_B397.npz,B5uSsp0Rbbc_0002_S728_E933_L504_T93_R808_B397.npz,B5uSsp0Rbbc_0002_S728_E933_L504_T93_R808_B397_natural_0_mesh_motions.pt,
B7HzMw9rSMs,B7HzMw9rSMs_0000_S1654_E1919_L376_T3_R1000_B627,B7HzMw9rSMs_0000_S1654_E1919_L376_T3_R1000_B627.wav,B7HzMw9rSMs_0000_S1654_E1919_L376_T3_R1000_B627.npz,B7HzMw9rSMs_0000_S1654_E1919_L376_T3_R1000_B627.npz,B7HzMw9rSMs_0000_S1654_E1919_L376_T3_R1000_B627_natural_0_mesh_motions.pt,
BAj3fHStRGI,BAj3fHStRGI_0003_S1332_E1759_L283_T54_R603_B374,BAj3fHStRGI_0003_S1332_E1759_L283_T54_R603_B374.wav,BAj3fHStRGI_0003_S1332_E1759_L283_T54_R603_B374.npz,BAj3fHStRGI_0003_S1332_E1759_L283_T54_R603_B374.npz,BAj3fHStRGI_0003_S1332_E1759_L283_T54_R603_B374_natural_0_mesh_motions.pt,
BB4bpEKrOlM,BB4bpEKrOlM_0000_S0_E390_L757_T169_R1093_B505,BB4bpEKrOlM_0000_S0_E390_L757_T169_R1093_B505.wav,BB4bpEKrOlM_0000_S0_E390_L757_T169_R1093_B505.npz,BB4bpEKrOlM_0000_S0_E390_L757_T169_R1093_B505.npz,BB4bpEKrOlM_0000_S0_E390_L757_T169_R1093_B505_natural_0_mesh_motions.pt,
BDLtYpLZfbU,BDLtYpLZfbU_0000_S542_E1114_L450_T0_R1010_B480,BDLtYpLZfbU_0000_S542_E1114_L450_T0_R1010_B480.wav,BDLtYpLZfbU_0000_S542_E1114_L450_T0_R1010_B480.npz,BDLtYpLZfbU_0000_S542_E1114_L450_T0_R1010_B480.npz,BDLtYpLZfbU_0000_S542_E1114_L450_T0_R1010_B480_natural_0_mesh_motions.pt,
BErluP3jDjw,BErluP3jDjw_0000_S0_E217_L459_T37_R923_B501,BErluP3jDjw_0000_S0_E217_L459_T37_R923_B501.wav,BErluP3jDjw_0000_S0_E217_L459_T37_R923_B501.npz,BErluP3jDjw_0000_S0_E217_L459_T37_R923_B501.npz,BErluP3jDjw_0000_S0_E217_L459_T37_R923_B501_natural_0_mesh_motions.pt,
BF7hcsKb1WA,BF7hcsKb1WA_0000_S255_E520_L364_T0_R860_B464,BF7hcsKb1WA_0000_S255_E520_L364_T0_R860_B464.wav,BF7hcsKb1WA_0000_S255_E520_L364_T0_R860_B464.npz,BF7hcsKb1WA_0000_S255_E520_L364_T0_R860_B464.npz,BF7hcsKb1WA_0000_S255_E520_L364_T0_R860_B464_natural_0_mesh_motions.pt,
BFat39XKT2E,BFat39XKT2E_0004_S878_E1138_L558_T61_R814_B317,BFat39XKT2E_0004_S878_E1138_L558_T61_R814_B317.wav,BFat39XKT2E_0004_S878_E1138_L558_T61_R814_B317.npz,BFat39XKT2E_0004_S878_E1138_L558_T61_R814_B317.npz,BFat39XKT2E_0004_S878_E1138_L558_T61_R814_B317_natural_0_mesh_motions.pt,
BFoqBnl5XNw,BFoqBnl5XNw_0001_S876_E1077_L175_T0_R639_B464,BFoqBnl5XNw_0001_S876_E1077_L175_T0_R639_B464.wav,BFoqBnl5XNw_0001_S876_E1077_L175_T0_R639_B464.npz,BFoqBnl5XNw_0001_S876_E1077_L175_T0_R639_B464.npz,BFoqBnl5XNw_0001_S876_E1077_L175_T0_R639_B464_natural_0_mesh_motions.pt,
BGJuAODr8Ks,BGJuAODr8Ks_0005_S1162_E1462_L503_T5_R791_B293,BGJuAODr8Ks_0005_S1162_E1462_L503_T5_R791_B293.wav,BGJuAODr8Ks_0005_S1162_E1462_L503_T5_R791_B293.npz,BGJuAODr8Ks_0005_S1162_E1462_L503_T5_R791_B293.npz,BGJuAODr8Ks_0005_S1162_E1462_L503_T5_R791_B293_natural_0_mesh_motions.pt,
BH7-eZYnJkE,BH7-eZYnJkE_0000_S711_E1182_L735_T93_R1119_B477,BH7-eZYnJkE_0000_S711_E1182_L735_T93_R1119_B477.wav,BH7-eZYnJkE_0000_S711_E1182_L735_T93_R1119_B477.npz,BH7-eZYnJkE_0000_S711_E1182_L735_T93_R1119_B477.npz,BH7-eZYnJkE_0000_S711_E1182_L735_T93_R1119_B477_natural_0_mesh_motions.pt,
BK1VxSDsCu8,BK1VxSDsCu8_0003_S1233_E1443_L540_T25_R828_B313,BK1VxSDsCu8_0003_S1233_E1443_L540_T25_R828_B313.wav,BK1VxSDsCu8_0003_S1233_E1443_L540_T25_R828_B313.npz,BK1VxSDsCu8_0003_S1233_E1443_L540_T25_R828_B313.npz,BK1VxSDsCu8_0003_S1233_E1443_L540_T25_R828_B313_natural_0_mesh_motions.pt,
BLcZAhQzQF0,BLcZAhQzQF0_0000_S1332_E1646_L401_T0_R881_B464,BLcZAhQzQF0_0000_S1332_E1646_L401_T0_R881_B464.wav,BLcZAhQzQF0_0000_S1332_E1646_L401_T0_R881_B464.npz,BLcZAhQzQF0_0000_S1332_E1646_L401_T0_R881_B464.npz,BLcZAhQzQF0_0000_S1332_E1646_L401_T0_R881_B464_natural_0_mesh_motions.pt,
BM2mqrIXY2w,BM2mqrIXY2w_0022_S1150_E1370_L596_T50_R884_B338,BM2mqrIXY2w_0022_S1150_E1370_L596_T50_R884_B338.wav,BM2mqrIXY2w_0022_S1150_E1370_L596_T50_R884_B338.npz,BM2mqrIXY2w_0022_S1150_E1370_L596_T50_R884_B338.npz,BM2mqrIXY2w_0022_S1150_E1370_L596_T50_R884_B338_natural_0_mesh_motions.pt,
BNgmYFwUjjw,BNgmYFwUjjw_0000_S0_E226_L455_T28_R823_B396,BNgmYFwUjjw_0000_S0_E226_L455_T28_R823_B396.wav,BNgmYFwUjjw_0000_S0_E226_L455_T28_R823_B396.npz,BNgmYFwUjjw_0000_S0_E226_L455_T28_R823_B396.npz,BNgmYFwUjjw_0000_S0_E226_L455_T28_R823_B396_natural_0_mesh_motions.pt,
BNyCZJOTRZA,BNyCZJOTRZA_0003_S1031_E1267_L438_T45_R758_B365,BNyCZJOTRZA_0003_S1031_E1267_L438_T45_R758_B365.wav,BNyCZJOTRZA_0003_S1031_E1267_L438_T45_R758_B365.npz,BNyCZJOTRZA_0003_S1031_E1267_L438_T45_R758_B365.npz,BNyCZJOTRZA_0003_S1031_E1267_L438_T45_R758_B365_natural_0_mesh_motions.pt,
BUouNsjhTTc,BUouNsjhTTc_0000_S1244_E1463_L306_T0_R882_B560,BUouNsjhTTc_0000_S1244_E1463_L306_T0_R882_B560.wav,BUouNsjhTTc_0000_S1244_E1463_L306_T0_R882_B560.npz,BUouNsjhTTc_0000_S1244_E1463_L306_T0_R882_B560.npz,BUouNsjhTTc_0000_S1244_E1463_L306_T0_R882_B560_natural_0_mesh_motions.pt,
BXT72YlkQrA,BXT72YlkQrA_0035_S360_E689_L456_T48_R744_B336,BXT72YlkQrA_0035_S360_E689_L456_T48_R744_B336.wav,BXT72YlkQrA_0035_S360_E689_L456_T48_R744_B336.npz,BXT72YlkQrA_0035_S360_E689_L456_T48_R744_B336.npz,BXT72YlkQrA_0035_S360_E689_L456_T48_R744_B336_natural_0_mesh_motions.pt,
BY2ADlTxdZI,BY2ADlTxdZI_0001_S1179_E1431_L420_T0_R932_B464,BY2ADlTxdZI_0001_S1179_E1431_L420_T0_R932_B464.wav,BY2ADlTxdZI_0001_S1179_E1431_L420_T0_R932_B464.npz,BY2ADlTxdZI_0001_S1179_E1431_L420_T0_R932_B464.npz,BY2ADlTxdZI_0001_S1179_E1431_L420_T0_R932_B464_natural_0_mesh_motions.pt,
BYgCS4of0TI,BYgCS4of0TI_0000_S555_E903_L385_T80_R833_B528,BYgCS4of0TI_0000_S555_E903_L385_T80_R833_B528.wav,BYgCS4of0TI_0000_S555_E903_L385_T80_R833_B528.npz,BYgCS4of0TI_0000_S555_E903_L385_T80_R833_B528.npz,BYgCS4of0TI_0000_S555_E903_L385_T80_R833_B528_natural_0_mesh_motions.pt,
BYvQek24Kbs,BYvQek24Kbs_0000_S1089_E1376_L524_T20_R972_B468,BYvQek24Kbs_0000_S1089_E1376_L524_T20_R972_B468.wav,BYvQek24Kbs_0000_S1089_E1376_L524_T20_R972_B468.npz,BYvQek24Kbs_0000_S1089_E1376_L524_T20_R972_B468.npz,BYvQek24Kbs_0000_S1089_E1376_L524_T20_R972_B468_natural_0_mesh_motions.pt,
Bb3XWac-WuM,Bb3XWac-WuM_0002_S164_E684_L408_T57_R920_B569,Bb3XWac-WuM_0002_S164_E684_L408_T57_R920_B569.wav,Bb3XWac-WuM_0002_S164_E684_L408_T57_R920_B569.npz,Bb3XWac-WuM_0002_S164_E684_L408_T57_R920_B569.npz,Bb3XWac-WuM_0002_S164_E684_L408_T57_R920_B569_natural_0_mesh_motions.pt,
BfdcdAIJh4g,BfdcdAIJh4g_0000_S631_E884_L265_T26_R873_B634,BfdcdAIJh4g_0000_S631_E884_L265_T26_R873_B634.wav,BfdcdAIJh4g_0000_S631_E884_L265_T26_R873_B634.npz,BfdcdAIJh4g_0000_S631_E884_L265_T26_R873_B634.npz,BfdcdAIJh4g_0000_S631_E884_L265_T26_R873_B634_natural_0_mesh_motions.pt,
BhEio_W1LU4,BhEio_W1LU4_0001_S1054_E1632_L312_T36_R712_B436,BhEio_W1LU4_0001_S1054_E1632_L312_T36_R712_B436.wav,BhEio_W1LU4_0001_S1054_E1632_L312_T36_R712_B436.npz,BhEio_W1LU4_0001_S1054_E1632_L312_T36_R712_B436.npz,BhEio_W1LU4_0001_S1054_E1632_L312_T36_R712_B436_natural_0_mesh_motions.pt,
Bio8ZpEFlqY,Bio8ZpEFlqY_0000_S1229_E1503_L698_T58_R986_B346,Bio8ZpEFlqY_0000_S1229_E1503_L698_T58_R986_B346.wav,Bio8ZpEFlqY_0000_S1229_E1503_L698_T58_R986_B346.npz,Bio8ZpEFlqY_0000_S1229_E1503_L698_T58_R986_B346.npz,Bio8ZpEFlqY_0000_S1229_E1503_L698_T58_R986_B346_natural_0_mesh_motions.pt,
BjrDmB15S-M,BjrDmB15S-M_0000_S1001_E1609_L204_T73_R476_B345,BjrDmB15S-M_0000_S1001_E1609_L204_T73_R476_B345.wav,BjrDmB15S-M_0000_S1001_E1609_L204_T73_R476_B345.npz,BjrDmB15S-M_0000_S1001_E1609_L204_T73_R476_B345.npz,BjrDmB15S-M_0000_S1001_E1609_L204_T73_R476_B345_natural_0_mesh_motions.pt,
BlCoAfks8kk,BlCoAfks8kk_0013_S49_E358_L485_T23_R789_B327,BlCoAfks8kk_0013_S49_E358_L485_T23_R789_B327.wav,BlCoAfks8kk_0013_S49_E358_L485_T23_R789_B327.npz,BlCoAfks8kk_0013_S49_E358_L485_T23_R789_B327.npz,BlCoAfks8kk_0013_S49_E358_L485_T23_R789_B327_natural_0_mesh_motions.pt,
BoWXd-LNnm4,BoWXd-LNnm4_0016_S1277_E1566_L516_T131_R868_B483,BoWXd-LNnm4_0016_S1277_E1566_L516_T131_R868_B483.wav,BoWXd-LNnm4_0016_S1277_E1566_L516_T131_R868_B483.npz,BoWXd-LNnm4_0016_S1277_E1566_L516_T131_R868_B483.npz,BoWXd-LNnm4_0016_S1277_E1566_L516_T131_R868_B483_natural_0_mesh_motions.pt,
BoXR8KrAfIQ,BoXR8KrAfIQ_0000_S152_E521_L147_T177_R419_B449,BoXR8KrAfIQ_0000_S152_E521_L147_T177_R419_B449.wav,BoXR8KrAfIQ_0000_S152_E521_L147_T177_R419_B449.npz,BoXR8KrAfIQ_0000_S152_E521_L147_T177_R419_B449.npz,BoXR8KrAfIQ_0000_S152_E521_L147_T177_R419_B449_natural_0_mesh_motions.pt,
Boj9eD0Wug8,Boj9eD0Wug8_0000_S0_E333_L354_T0_R930_B560,Boj9eD0Wug8_0000_S0_E333_L354_T0_R930_B560.wav,Boj9eD0Wug8_0000_S0_E333_L354_T0_R930_B560.npz,Boj9eD0Wug8_0000_S0_E333_L354_T0_R930_B560.npz,Boj9eD0Wug8_0000_S0_E333_L354_T0_R930_B560_natural_0_mesh_motions.pt,
BowyM_Wlsd8,BowyM_Wlsd8_0000_S1028_E1349_L800_T139_R1056_B395,BowyM_Wlsd8_0000_S1028_E1349_L800_T139_R1056_B395.wav,BowyM_Wlsd8_0000_S1028_E1349_L800_T139_R1056_B395.npz,BowyM_Wlsd8_0000_S1028_E1349_L800_T139_R1056_B395.npz,BowyM_Wlsd8_0000_S1028_E1349_L800_T139_R1056_B395_natural_0_mesh_motions.pt,
BsgJuviWgJI,BsgJuviWgJI_0017_S817_E1447_L300_T152_R636_B488,BsgJuviWgJI_0017_S817_E1447_L300_T152_R636_B488.wav,BsgJuviWgJI_0017_S817_E1447_L300_T152_R636_B488.npz,BsgJuviWgJI_0017_S817_E1447_L300_T152_R636_B488.npz,BsgJuviWgJI_0017_S817_E1447_L300_T152_R636_B488_natural_0_mesh_motions.pt,
Bv7wdHRhifM,Bv7wdHRhifM_0000_S1407_E1725_L329_T61_R793_B525,Bv7wdHRhifM_0000_S1407_E1725_L329_T61_R793_B525.wav,Bv7wdHRhifM_0000_S1407_E1725_L329_T61_R793_B525.npz,Bv7wdHRhifM_0000_S1407_E1725_L329_T61_R793_B525.npz,Bv7wdHRhifM_0000_S1407_E1725_L329_T61_R793_B525_natural_0_mesh_motions.pt,
Bzb0FhMqaU8,Bzb0FhMqaU8_0000_S123_E408_L290_T14_R882_B606,Bzb0FhMqaU8_0000_S123_E408_L290_T14_R882_B606.wav,Bzb0FhMqaU8_0000_S123_E408_L290_T14_R882_B606.npz,Bzb0FhMqaU8_0000_S123_E408_L290_T14_R882_B606.npz,Bzb0FhMqaU8_0000_S123_E408_L290_T14_R882_B606_natural_0_mesh_motions.pt,
C2TLW8MS33E,C2TLW8MS33E_0001_S570_E844_L5_T22_R549_B566,C2TLW8MS33E_0001_S570_E844_L5_T22_R549_B566.wav,C2TLW8MS33E_0001_S570_E844_L5_T22_R549_B566.npz,C2TLW8MS33E_0001_S570_E844_L5_T22_R549_B566.npz,C2TLW8MS33E_0001_S570_E844_L5_T22_R549_B566_natural_0_mesh_motions.pt,
C2rVYklWl8I,C2rVYklWl8I_0080_S383_E646_L474_T0_R1082_B576,C2rVYklWl8I_0080_S383_E646_L474_T0_R1082_B576.wav,C2rVYklWl8I_0080_S383_E646_L474_T0_R1082_B576.npz,C2rVYklWl8I_0080_S383_E646_L474_T0_R1082_B576.npz,C2rVYklWl8I_0080_S383_E646_L474_T0_R1082_B576_natural_0_mesh_motions.pt,
CFUGsvVC9mQ,CFUGsvVC9mQ_0005_S437_E654_L793_T59_R1193_B459,CFUGsvVC9mQ_0005_S437_E654_L793_T59_R1193_B459.wav,CFUGsvVC9mQ_0005_S437_E654_L793_T59_R1193_B459.npz,CFUGsvVC9mQ_0005_S437_E654_L793_T59_R1193_B459.npz,CFUGsvVC9mQ_0005_S437_E654_L793_T59_R1193_B459_natural_0_mesh_motions.pt,
CIIsZt9c8nA,CIIsZt9c8nA_0003_S0_E265_L500_T62_R852_B414,CIIsZt9c8nA_0003_S0_E265_L500_T62_R852_B414.wav,CIIsZt9c8nA_0003_S0_E265_L500_T62_R852_B414.npz,CIIsZt9c8nA_0003_S0_E265_L500_T62_R852_B414.npz,CIIsZt9c8nA_0003_S0_E265_L500_T62_R852_B414_natural_0_mesh_motions.pt,
CMAiUAvqIh4,CMAiUAvqIh4_0002_S0_E544_L450_T86_R786_B422,CMAiUAvqIh4_0002_S0_E544_L450_T86_R786_B422.wav,CMAiUAvqIh4_0002_S0_E544_L450_T86_R786_B422.npz,CMAiUAvqIh4_0002_S0_E544_L450_T86_R786_B422.npz,CMAiUAvqIh4_0002_S0_E544_L450_T86_R786_B422_natural_0_mesh_motions.pt,
CPckick_ioM,CPckick_ioM_0000_S284_E532_L214_T33_R630_B449,CPckick_ioM_0000_S284_E532_L214_T33_R630_B449.wav,CPckick_ioM_0000_S284_E532_L214_T33_R630_B449.npz,CPckick_ioM_0000_S284_E532_L214_T33_R630_B449.npz,CPckick_ioM_0000_S284_E532_L214_T33_R630_B449_natural_0_mesh_motions.pt,
CQUP1LhDLPM,CQUP1LhDLPM_0000_S1462_E1919_L430_T0_R862_B416,CQUP1LhDLPM_0000_S1462_E1919_L430_T0_R862_B416.wav,CQUP1LhDLPM_0000_S1462_E1919_L430_T0_R862_B416.npz,CQUP1LhDLPM_0000_S1462_E1919_L430_T0_R862_B416.npz,CQUP1LhDLPM_0000_S1462_E1919_L430_T0_R862_B416_natural_0_mesh_motions.pt,
CaD5TRQQNsI,CaD5TRQQNsI_0001_S1115_E1795_L454_T13_R950_B509,CaD5TRQQNsI_0001_S1115_E1795_L454_T13_R950_B509.wav,CaD5TRQQNsI_0001_S1115_E1795_L454_T13_R950_B509.npz,CaD5TRQQNsI_0001_S1115_E1795_L454_T13_R950_B509.npz,CaD5TRQQNsI_0001_S1115_E1795_L454_T13_R950_B509_natural_0_mesh_motions.pt,
Cd4ZxGNbwTw,Cd4ZxGNbwTw_0001_S1386_E1759_L768_T8_R1216_B456,Cd4ZxGNbwTw_0001_S1386_E1759_L768_T8_R1216_B456.wav,Cd4ZxGNbwTw_0001_S1386_E1759_L768_T8_R1216_B456.npz,Cd4ZxGNbwTw_0001_S1386_E1759_L768_T8_R1216_B456.npz,Cd4ZxGNbwTw_0001_S1386_E1759_L768_T8_R1216_B456_natural_0_mesh_motions.pt,
CfA30p4X9g4,CfA30p4X9g4_0000_S245_E635_L71_T111_R711_B719,CfA30p4X9g4_0000_S245_E635_L71_T111_R711_B719.wav,CfA30p4X9g4_0000_S245_E635_L71_T111_R711_B719.npz,CfA30p4X9g4_0000_S245_E635_L71_T111_R711_B719.npz,CfA30p4X9g4_0000_S245_E635_L71_T111_R711_B719_natural_0_mesh_motions.pt,
CjnVq4zLT6s,CjnVq4zLT6s_0000_S219_E483_L418_T55_R834_B471,CjnVq4zLT6s_0000_S219_E483_L418_T55_R834_B471.wav,CjnVq4zLT6s_0000_S219_E483_L418_T55_R834_B471.npz,CjnVq4zLT6s_0000_S219_E483_L418_T55_R834_B471.npz,CjnVq4zLT6s_0000_S219_E483_L418_T55_R834_B471_natural_0_mesh_motions.pt,
Ckrrk5oBneA,Ckrrk5oBneA_0000_S1313_E1772_L194_T172_R530_B508,Ckrrk5oBneA_0000_S1313_E1772_L194_T172_R530_B508.wav,Ckrrk5oBneA_0000_S1313_E1772_L194_T172_R530_B508.npz,Ckrrk5oBneA_0000_S1313_E1772_L194_T172_R530_B508.npz,Ckrrk5oBneA_0000_S1313_E1772_L194_T172_R530_B508_natural_0_mesh_motions.pt,
ClVtccpCs6g,ClVtccpCs6g_0000_S1167_E1692_L370_T128_R642_B400,ClVtccpCs6g_0000_S1167_E1692_L370_T128_R642_B400.wav,ClVtccpCs6g_0000_S1167_E1692_L370_T128_R642_B400.npz,ClVtccpCs6g_0000_S1167_E1692_L370_T128_R642_B400.npz,ClVtccpCs6g_0000_S1167_E1692_L370_T128_R642_B400_natural_0_mesh_motions.pt,
Cr0cBSpnn40,Cr0cBSpnn40_0000_S147_E391_L396_T67_R796_B467,Cr0cBSpnn40_0000_S147_E391_L396_T67_R796_B467.wav,Cr0cBSpnn40_0000_S147_E391_L396_T67_R796_B467.npz,Cr0cBSpnn40_0000_S147_E391_L396_T67_R796_B467.npz,Cr0cBSpnn40_0000_S147_E391_L396_T67_R796_B467_natural_0_mesh_motions.pt,
CuoCrLWcsjI,CuoCrLWcsjI_0001_S0_E386_L477_T33_R957_B497,CuoCrLWcsjI_0001_S0_E386_L477_T33_R957_B497.wav,CuoCrLWcsjI_0001_S0_E386_L477_T33_R957_B497.npz,CuoCrLWcsjI_0001_S0_E386_L477_T33_R957_B497.npz,CuoCrLWcsjI_0001_S0_E386_L477_T33_R957_B497_natural_0_mesh_motions.pt,
CuyAI82HFe0,CuyAI82HFe0_0000_S634_E894_L570_T7_R1114_B551,CuyAI82HFe0_0000_S634_E894_L570_T7_R1114_B551.wav,CuyAI82HFe0_0000_S634_E894_L570_T7_R1114_B551.npz,CuyAI82HFe0_0000_S634_E894_L570_T7_R1114_B551.npz,CuyAI82HFe0_0000_S634_E894_L570_T7_R1114_B551_natural_0_mesh_motions.pt,
Cymmi8L0O1E,Cymmi8L0O1E_0002_S872_E1231_L521_T65_R777_B321,Cymmi8L0O1E_0002_S872_E1231_L521_T65_R777_B321.wav,Cymmi8L0O1E_0002_S872_E1231_L521_T65_R777_B321.npz,Cymmi8L0O1E_0002_S872_E1231_L521_T65_R777_B321.npz,Cymmi8L0O1E_0002_S872_E1231_L521_T65_R777_B321_natural_0_mesh_motions.pt,
CyyImnREpbg,CyyImnREpbg_0003_S1146_E1422_L462_T11_R974_B523,CyyImnREpbg_0003_S1146_E1422_L462_T11_R974_B523.wav,CyyImnREpbg_0003_S1146_E1422_L462_T11_R974_B523.npz,CyyImnREpbg_0003_S1146_E1422_L462_T11_R974_B523.npz,CyyImnREpbg_0003_S1146_E1422_L462_T11_R974_B523_natural_0_mesh_motions.pt,
D0TgSpsBabY,D0TgSpsBabY_0030_S723_E970_L474_T87_R842_B455,D0TgSpsBabY_0030_S723_E970_L474_T87_R842_B455.wav,D0TgSpsBabY_0030_S723_E970_L474_T87_R842_B455.npz,D0TgSpsBabY_0030_S723_E970_L474_T87_R842_B455.npz,D0TgSpsBabY_0030_S723_E970_L474_T87_R842_B455_natural_0_mesh_motions.pt,
D4T0Ffg1I_Y,D4T0Ffg1I_Y_0002_S0_E256_L364_T0_R716_B304,D4T0Ffg1I_Y_0002_S0_E256_L364_T0_R716_B304.wav,D4T0Ffg1I_Y_0002_S0_E256_L364_T0_R716_B304.npz,D4T0Ffg1I_Y_0002_S0_E256_L364_T0_R716_B304.npz,D4T0Ffg1I_Y_0002_S0_E256_L364_T0_R716_B304_natural_0_mesh_motions.pt,
D5ZZUHKPC10,D5ZZUHKPC10_0000_S346_E735_L291_T64_R595_B368,D5ZZUHKPC10_0000_S346_E735_L291_T64_R595_B368.wav,D5ZZUHKPC10_0000_S346_E735_L291_T64_R595_B368.npz,D5ZZUHKPC10_0000_S346_E735_L291_T64_R595_B368.npz,D5ZZUHKPC10_0000_S346_E735_L291_T64_R595_B368_natural_0_mesh_motions.pt,
D5gW_X-Db74,D5gW_X-Db74_0000_S1559_E1905_L171_T120_R523_B472,D5gW_X-Db74_0000_S1559_E1905_L171_T120_R523_B472.wav,D5gW_X-Db74_0000_S1559_E1905_L171_T120_R523_B472.npz,D5gW_X-Db74_0000_S1559_E1905_L171_T120_R523_B472.npz,D5gW_X-Db74_0000_S1559_E1905_L171_T120_R523_B472_natural_0_mesh_motions.pt,
D7wvFZjtVOw,D7wvFZjtVOw_0000_S810_E1143_L112_T0_R992_B704,D7wvFZjtVOw_0000_S810_E1143_L112_T0_R992_B704.wav,D7wvFZjtVOw_0000_S810_E1143_L112_T0_R992_B704.npz,D7wvFZjtVOw_0000_S810_E1143_L112_T0_R992_B704.npz,D7wvFZjtVOw_0000_S810_E1143_L112_T0_R992_B704_natural_0_mesh_motions.pt,
D8TFETlLRdA,D8TFETlLRdA_0215_S1365_E1759_L300_T106_R604_B410,D8TFETlLRdA_0215_S1365_E1759_L300_T106_R604_B410.wav,D8TFETlLRdA_0215_S1365_E1759_L300_T106_R604_B410.npz,D8TFETlLRdA_0215_S1365_E1759_L300_T106_R604_B410.npz,D8TFETlLRdA_0215_S1365_E1759_L300_T106_R604_B410_natural_0_mesh_motions.pt,
D9aRZXIOX5k,D9aRZXIOX5k_0000_S11_E304_L119_T67_R407_B355,D9aRZXIOX5k_0000_S11_E304_L119_T67_R407_B355.wav,D9aRZXIOX5k_0000_S11_E304_L119_T67_R407_B355.npz,D9aRZXIOX5k_0000_S11_E304_L119_T67_R407_B355.npz,D9aRZXIOX5k_0000_S11_E304_L119_T67_R407_B355_natural_0_mesh_motions.pt,
DChlO5fNMGw,DChlO5fNMGw_0000_S1526_E1816_L473_T0_R1273_B672,DChlO5fNMGw_0000_S1526_E1816_L473_T0_R1273_B672.wav,DChlO5fNMGw_0000_S1526_E1816_L473_T0_R1273_B672.npz,DChlO5fNMGw_0000_S1526_E1816_L473_T0_R1273_B672.npz,DChlO5fNMGw_0000_S1526_E1816_L473_T0_R1273_B672_natural_0_mesh_motions.pt,
DFqDbrTGTnY,DFqDbrTGTnY_0002_S1178_E1871_L373_T97_R885_B609,DFqDbrTGTnY_0002_S1178_E1871_L373_T97_R885_B609.wav,DFqDbrTGTnY_0002_S1178_E1871_L373_T97_R885_B609.npz,DFqDbrTGTnY_0002_S1178_E1871_L373_T97_R885_B609.npz,DFqDbrTGTnY_0002_S1178_E1871_L373_T97_R885_B609_natural_0_mesh_motions.pt,
DKnHYcKfz6Q,DKnHYcKfz6Q_0000_S0_E267_L523_T66_R859_B402,DKnHYcKfz6Q_0000_S0_E267_L523_T66_R859_B402.wav,DKnHYcKfz6Q_0000_S0_E267_L523_T66_R859_B402.npz,DKnHYcKfz6Q_0000_S0_E267_L523_T66_R859_B402.npz,DKnHYcKfz6Q_0000_S0_E267_L523_T66_R859_B402_natural_0_mesh_motions.pt,
DPDF4odJrq8,DPDF4odJrq8_0005_S339_E626_L205_T0_R1181_B704,DPDF4odJrq8_0005_S339_E626_L205_T0_R1181_B704.wav,DPDF4odJrq8_0005_S339_E626_L205_T0_R1181_B704.npz,DPDF4odJrq8_0005_S339_E626_L205_T0_R1181_B704.npz,DPDF4odJrq8_0005_S339_E626_L205_T0_R1181_B704_natural_0_mesh_motions.pt,
DRHNdWF4Kho,DRHNdWF4Kho_0000_S986_E1490_L153_T105_R409_B361,DRHNdWF4Kho_0000_S986_E1490_L153_T105_R409_B361.wav,DRHNdWF4Kho_0000_S986_E1490_L153_T105_R409_B361.npz,DRHNdWF4Kho_0000_S986_E1490_L153_T105_R409_B361.npz,DRHNdWF4Kho_0000_S986_E1490_L153_T105_R409_B361_natural_0_mesh_motions.pt,
DSoKEFb8R_w,DSoKEFb8R_w_0000_S1053_E1475_L706_T11_R1218_B523,DSoKEFb8R_w_0000_S1053_E1475_L706_T11_R1218_B523.wav,DSoKEFb8R_w_0000_S1053_E1475_L706_T11_R1218_B523.npz,DSoKEFb8R_w_0000_S1053_E1475_L706_T11_R1218_B523.npz,DSoKEFb8R_w_0000_S1053_E1475_L706_T11_R1218_B523_natural_0_mesh_motions.pt,
Ddltu_Cq4E0,Ddltu_Cq4E0_0001_S0_E223_L260_T18_R788_B546,Ddltu_Cq4E0_0001_S0_E223_L260_T18_R788_B546.wav,Ddltu_Cq4E0_0001_S0_E223_L260_T18_R788_B546.npz,Ddltu_Cq4E0_0001_S0_E223_L260_T18_R788_B546.npz,Ddltu_Cq4E0_0001_S0_E223_L260_T18_R788_B546_natural_0_mesh_motions.pt,
DgGKe3kCx74,DgGKe3kCx74_0000_S1363_E1777_L746_T41_R1178_B473,DgGKe3kCx74_0000_S1363_E1777_L746_T41_R1178_B473.wav,DgGKe3kCx74_0000_S1363_E1777_L746_T41_R1178_B473.npz,DgGKe3kCx74_0000_S1363_E1777_L746_T41_R1178_B473.npz,DgGKe3kCx74_0000_S1363_E1777_L746_T41_R1178_B473_natural_0_mesh_motions.pt,
DnOLvKEYIQI,DnOLvKEYIQI_0032_S964_E1293_L309_T0_R901_B592,DnOLvKEYIQI_0032_S964_E1293_L309_T0_R901_B592.wav,DnOLvKEYIQI_0032_S964_E1293_L309_T0_R901_B592.npz,DnOLvKEYIQI_0032_S964_E1293_L309_T0_R901_B592.npz,DnOLvKEYIQI_0032_S964_E1293_L309_T0_R901_B592_natural_0_mesh_motions.pt,
DrDOMMmwPvI,DrDOMMmwPvI_0001_S1028_E1258_L334_T73_R782_B521,DrDOMMmwPvI_0001_S1028_E1258_L334_T73_R782_B521.wav,DrDOMMmwPvI_0001_S1028_E1258_L334_T73_R782_B521.npz,DrDOMMmwPvI_0001_S1028_E1258_L334_T73_R782_B521.npz,DrDOMMmwPvI_0001_S1028_E1258_L334_T73_R782_B521_natural_0_mesh_motions.pt,
DuNW0KQ_GZM,DuNW0KQ_GZM_0000_S216_E659_L344_T0_R952_B592,DuNW0KQ_GZM_0000_S216_E659_L344_T0_R952_B592.wav,DuNW0KQ_GZM_0000_S216_E659_L344_T0_R952_B592.npz,DuNW0KQ_GZM_0000_S216_E659_L344_T0_R952_B592.npz,DuNW0KQ_GZM_0000_S216_E659_L344_T0_R952_B592_natural_0_mesh_motions.pt,
E-hVDqrQq6M,E-hVDqrQq6M_0000_S329_E750_L383_T198_R751_B566,E-hVDqrQq6M_0000_S329_E750_L383_T198_R751_B566.wav,E-hVDqrQq6M_0000_S329_E750_L383_T198_R751_B566.npz,E-hVDqrQq6M_0000_S329_E750_L383_T198_R751_B566.npz,E-hVDqrQq6M_0000_S329_E750_L383_T198_R751_B566_natural_0_mesh_motions.pt,
E-qQNDCVSnk,E-qQNDCVSnk_0000_S954_E1535_L501_T21_R869_B389,E-qQNDCVSnk_0000_S954_E1535_L501_T21_R869_B389.wav,E-qQNDCVSnk_0000_S954_E1535_L501_T21_R869_B389.npz,E-qQNDCVSnk_0000_S954_E1535_L501_T21_R869_B389.npz,E-qQNDCVSnk_0000_S954_E1535_L501_T21_R869_B389_natural_0_mesh_motions.pt,
E1QbVtkza54,E1QbVtkza54_0001_S527_E876_L169_T7_R489_B327,E1QbVtkza54_0001_S527_E876_L169_T7_R489_B327.wav,E1QbVtkza54_0001_S527_E876_L169_T7_R489_B327.npz,E1QbVtkza54_0001_S527_E876_L169_T7_R489_B327.npz,E1QbVtkza54_0001_S527_E876_L169_T7_R489_B327_natural_0_mesh_motions.pt,
E1gXzYA0tFA,E1gXzYA0tFA_0005_S1160_E1823_L368_T63_R864_B559,E1gXzYA0tFA_0005_S1160_E1823_L368_T63_R864_B559.wav,E1gXzYA0tFA_0005_S1160_E1823_L368_T63_R864_B559.npz,E1gXzYA0tFA_0005_S1160_E1823_L368_T63_R864_B559.npz,E1gXzYA0tFA_0005_S1160_E1823_L368_T63_R864_B559_natural_0_mesh_motions.pt,
E2uUfyT64VY,E2uUfyT64VY_0001_S213_E466_L197_T353_R485_B641,E2uUfyT64VY_0001_S213_E466_L197_T353_R485_B641.wav,E2uUfyT64VY_0001_S213_E466_L197_T353_R485_B641.npz,E2uUfyT64VY_0001_S213_E466_L197_T353_R485_B641.npz,E2uUfyT64VY_0001_S213_E466_L197_T353_R485_B641_natural_0_mesh_motions.pt,
E7XkvbCu-jU,E7XkvbCu-jU_0001_S1270_E1799_L29_T0_R525_B480,E7XkvbCu-jU_0001_S1270_E1799_L29_T0_R525_B480.wav,E7XkvbCu-jU_0001_S1270_E1799_L29_T0_R525_B480.npz,E7XkvbCu-jU_0001_S1270_E1799_L29_T0_R525_B480.npz,E7XkvbCu-jU_0001_S1270_E1799_L29_T0_R525_B480_natural_0_mesh_motions.pt,
EAc4WhNQZ30,EAc4WhNQZ30_0009_S601_E807_L429_T33_R829_B433,EAc4WhNQZ30_0009_S601_E807_L429_T33_R829_B433.wav,EAc4WhNQZ30_0009_S601_E807_L429_T33_R829_B433.npz,EAc4WhNQZ30_0009_S601_E807_L429_T33_R829_B433.npz,EAc4WhNQZ30_0009_S601_E807_L429_T33_R829_B433_natural_0_mesh_motions.pt,
EB_d1jK1R44,EB_d1jK1R44_0000_S572_E1098_L309_T3_R981_B675,EB_d1jK1R44_0000_S572_E1098_L309_T3_R981_B675.wav,EB_d1jK1R44_0000_S572_E1098_L309_T3_R981_B675.npz,EB_d1jK1R44_0000_S572_E1098_L309_T3_R981_B675.npz,EB_d1jK1R44_0000_S572_E1098_L309_T3_R981_B675_natural_0_mesh_motions.pt,
EEq8OK4BUyM,EEq8OK4BUyM_0000_S916_E1242_L415_T180_R815_B580,EEq8OK4BUyM_0000_S916_E1242_L415_T180_R815_B580.wav,EEq8OK4BUyM_0000_S916_E1242_L415_T180_R815_B580.npz,EEq8OK4BUyM_0000_S916_E1242_L415_T180_R815_B580.npz,EEq8OK4BUyM_0000_S916_E1242_L415_T180_R815_B580_natural_0_mesh_motions.pt,
EH6q2YGx45M,EH6q2YGx45M_0003_S219_E583_L249_T88_R553_B392,EH6q2YGx45M_0003_S219_E583_L249_T88_R553_B392.wav,EH6q2YGx45M_0003_S219_E583_L249_T88_R553_B392.npz,EH6q2YGx45M_0003_S219_E583_L249_T88_R553_B392.npz,EH6q2YGx45M_0003_S219_E583_L249_T88_R553_B392_natural_0_mesh_motions.pt,
EHp_I9ETmtQ,EHp_I9ETmtQ_0000_S1413_E1755_L264_T75_R648_B459,EHp_I9ETmtQ_0000_S1413_E1755_L264_T75_R648_B459.wav,EHp_I9ETmtQ_0000_S1413_E1755_L264_T75_R648_B459.npz,EHp_I9ETmtQ_0000_S1413_E1755_L264_T75_R648_B459.npz,EHp_I9ETmtQ_0000_S1413_E1755_L264_T75_R648_B459_natural_0_mesh_motions.pt,
EJMlBT6jptE,EJMlBT6jptE_0002_S824_E1128_L274_T0_R722_B384,EJMlBT6jptE_0002_S824_E1128_L274_T0_R722_B384.wav,EJMlBT6jptE_0002_S824_E1128_L274_T0_R722_B384.npz,EJMlBT6jptE_0002_S824_E1128_L274_T0_R722_B384.npz,EJMlBT6jptE_0002_S824_E1128_L274_T0_R722_B384_natural_0_mesh_motions.pt,
EJZvz09LVa4,EJZvz09LVa4_0016_S561_E775_L466_T456_R786_B712,EJZvz09LVa4_0016_S561_E775_L466_T456_R786_B712.wav,EJZvz09LVa4_0016_S561_E775_L466_T456_R786_B712.npz,EJZvz09LVa4_0016_S561_E775_L466_T456_R786_B712.npz,EJZvz09LVa4_0016_S561_E775_L466_T456_R786_B712_natural_0_mesh_motions.pt,
EK3WoT1Gqvs,EK3WoT1Gqvs_0002_S697_E900_L518_T104_R822_B408,EK3WoT1Gqvs_0002_S697_E900_L518_T104_R822_B408.wav,EK3WoT1Gqvs_0002_S697_E900_L518_T104_R822_B408.npz,EK3WoT1Gqvs_0002_S697_E900_L518_T104_R822_B408.npz,EK3WoT1Gqvs_0002_S697_E900_L518_T104_R822_B408_natural_0_mesh_motions.pt,
EQLg-kHxwCA,EQLg-kHxwCA_0000_S1344_E1661_L462_T227_R750_B515,EQLg-kHxwCA_0000_S1344_E1661_L462_T227_R750_B515.wav,EQLg-kHxwCA_0000_S1344_E1661_L462_T227_R750_B515.npz,EQLg-kHxwCA_0000_S1344_E1661_L462_T227_R750_B515.npz,EQLg-kHxwCA_0000_S1344_E1661_L462_T227_R750_B515_natural_0_mesh_motions.pt,
EQ_VlFQT9hg,EQ_VlFQT9hg_0000_S1051_E1759_L405_T0_R885_B432,EQ_VlFQT9hg_0000_S1051_E1759_L405_T0_R885_B432.wav,EQ_VlFQT9hg_0000_S1051_E1759_L405_T0_R885_B432.npz,EQ_VlFQT9hg_0000_S1051_E1759_L405_T0_R885_B432.npz,EQ_VlFQT9hg_0000_S1051_E1759_L405_T0_R885_B432_natural_0_mesh_motions.pt,
EUS1m5MSt9k,EUS1m5MSt9k_0007_S44_E337_L457_T0_R1065_B528,EUS1m5MSt9k_0007_S44_E337_L457_T0_R1065_B528.wav,EUS1m5MSt9k_0007_S44_E337_L457_T0_R1065_B528.npz,EUS1m5MSt9k_0007_S44_E337_L457_T0_R1065_B528.npz,EUS1m5MSt9k_0007_S44_E337_L457_T0_R1065_B528_natural_0_mesh_motions.pt,
EVBOSk6kEwg,EVBOSk6kEwg_0006_S1229_E1430_L370_T57_R754_B441,EVBOSk6kEwg_0006_S1229_E1430_L370_T57_R754_B441.wav,EVBOSk6kEwg_0006_S1229_E1430_L370_T57_R754_B441.npz,EVBOSk6kEwg_0006_S1229_E1430_L370_T57_R754_B441.npz,EVBOSk6kEwg_0006_S1229_E1430_L370_T57_R754_B441_natural_0_mesh_motions.pt,
EWSp2QMzKv8,EWSp2QMzKv8_0006_S344_E580_L497_T57_R785_B345,EWSp2QMzKv8_0006_S344_E580_L497_T57_R785_B345.wav,EWSp2QMzKv8_0006_S344_E580_L497_T57_R785_B345.npz,EWSp2QMzKv8_0006_S344_E580_L497_T57_R785_B345.npz,EWSp2QMzKv8_0006_S344_E580_L497_T57_R785_B345_natural_0_mesh_motions.pt,
EYaKFlWd2MY,EYaKFlWd2MY_0005_S1475_E1759_L376_T0_R952_B400,EYaKFlWd2MY_0005_S1475_E1759_L376_T0_R952_B400.wav,EYaKFlWd2MY_0005_S1475_E1759_L376_T0_R952_B400.npz,EYaKFlWd2MY_0005_S1475_E1759_L376_T0_R952_B400.npz,EYaKFlWd2MY_0005_S1475_E1759_L376_T0_R952_B400_natural_0_mesh_motions.pt,
EckpALTiYhE,EckpALTiYhE_0000_S1054_E1461_L300_T21_R908_B629,EckpALTiYhE_0000_S1054_E1461_L300_T21_R908_B629.wav,EckpALTiYhE_0000_S1054_E1461_L300_T21_R908_B629.npz,EckpALTiYhE_0000_S1054_E1461_L300_T21_R908_B629.npz,EckpALTiYhE_0000_S1054_E1461_L300_T21_R908_B629_natural_0_mesh_motions.pt,
EjB9J20nulw,EjB9J20nulw_0000_S0_E363_L390_T25_R934_B569,EjB9J20nulw_0000_S0_E363_L390_T25_R934_B569.wav,EjB9J20nulw_0000_S0_E363_L390_T25_R934_B569.npz,EjB9J20nulw_0000_S0_E363_L390_T25_R934_B569.npz,EjB9J20nulw_0000_S0_E363_L390_T25_R934_B569_natural_0_mesh_motions.pt,
EjBkTt0LHbU,EjBkTt0LHbU_0000_S0_E244_L424_T35_R760_B371,EjBkTt0LHbU_0000_S0_E244_L424_T35_R760_B371.wav,EjBkTt0LHbU_0000_S0_E244_L424_T35_R760_B371.npz,EjBkTt0LHbU_0000_S0_E244_L424_T35_R760_B371.npz,EjBkTt0LHbU_0000_S0_E244_L424_T35_R760_B371_natural_0_mesh_motions.pt,
EnU6HVRC4s0,EnU6HVRC4s0_0002_S752_E1018_L399_T49_R767_B417,EnU6HVRC4s0_0002_S752_E1018_L399_T49_R767_B417.wav,EnU6HVRC4s0_0002_S752_E1018_L399_T49_R767_B417.npz,EnU6HVRC4s0_0002_S752_E1018_L399_T49_R767_B417.npz,EnU6HVRC4s0_0002_S752_E1018_L399_T49_R767_B417_natural_0_mesh_motions.pt,
Eojazns82hw,Eojazns82hw_0000_S1536_E1823_L353_T0_R881_B496,Eojazns82hw_0000_S1536_E1823_L353_T0_R881_B496.wav,Eojazns82hw_0000_S1536_E1823_L353_T0_R881_B496.npz,Eojazns82hw_0000_S1536_E1823_L353_T0_R881_B496.npz,Eojazns82hw_0000_S1536_E1823_L353_T0_R881_B496_natural_0_mesh_motions.pt,
Eoxazjg1NUA,Eoxazjg1NUA_0000_S1426_E1712_L707_T34_R1251_B578,Eoxazjg1NUA_0000_S1426_E1712_L707_T34_R1251_B578.wav,Eoxazjg1NUA_0000_S1426_E1712_L707_T34_R1251_B578.npz,Eoxazjg1NUA_0000_S1426_E1712_L707_T34_R1251_B578.npz,Eoxazjg1NUA_0000_S1426_E1712_L707_T34_R1251_B578_natural_0_mesh_motions.pt,
Esu34JYC2YQ,Esu34JYC2YQ_0002_S717_E997_L507_T27_R891_B411,Esu34JYC2YQ_0002_S717_E997_L507_T27_R891_B411.wav,Esu34JYC2YQ_0002_S717_E997_L507_T27_R891_B411.npz,Esu34JYC2YQ_0002_S717_E997_L507_T27_R891_B411.npz,Esu34JYC2YQ_0002_S717_E997_L507_T27_R891_B411_natural_0_mesh_motions.pt,
EtctGvH92Ww,EtctGvH92Ww_0002_S1167_E1410_L296_T79_R552_B335,EtctGvH92Ww_0002_S1167_E1410_L296_T79_R552_B335.wav,EtctGvH92Ww_0002_S1167_E1410_L296_T79_R552_B335.npz,EtctGvH92Ww_0002_S1167_E1410_L296_T79_R552_B335.npz,EtctGvH92Ww_0002_S1167_E1410_L296_T79_R552_B335_natural_0_mesh_motions.pt,
EuVBpqBgmvM,EuVBpqBgmvM_0003_S0_E377_L338_T216_R594_B472,EuVBpqBgmvM_0003_S0_E377_L338_T216_R594_B472.wav,EuVBpqBgmvM_0003_S0_E377_L338_T216_R594_B472.npz,EuVBpqBgmvM_0003_S0_E377_L338_T216_R594_B472.npz,EuVBpqBgmvM_0003_S0_E377_L338_T216_R594_B472_natural_0_mesh_motions.pt,
F-nsVjM7FmU,F-nsVjM7FmU_0000_S40_E281_L251_T0_R939_B640,F-nsVjM7FmU_0000_S40_E281_L251_T0_R939_B640.wav,F-nsVjM7FmU_0000_S40_E281_L251_T0_R939_B640.npz,F-nsVjM7FmU_0000_S40_E281_L251_T0_R939_B640.npz,F-nsVjM7FmU_0000_S40_E281_L251_T0_R939_B640_natural_0_mesh_motions.pt,
F07fXd4vVlg,F07fXd4vVlg_0000_S0_E211_L159_T43_R431_B315,F07fXd4vVlg_0000_S0_E211_L159_T43_R431_B315.wav,F07fXd4vVlg_0000_S0_E211_L159_T43_R431_B315.npz,F07fXd4vVlg_0000_S0_E211_L159_T43_R431_B315.npz,F07fXd4vVlg_0000_S0_E211_L159_T43_R431_B315_natural_0_mesh_motions.pt,
F4xgvj4kSnU,F4xgvj4kSnU_0001_S0_E436_L439_T57_R839_B457,F4xgvj4kSnU_0001_S0_E436_L439_T57_R839_B457.wav,F4xgvj4kSnU_0001_S0_E436_L439_T57_R839_B457.npz,F4xgvj4kSnU_0001_S0_E436_L439_T57_R839_B457.npz,F4xgvj4kSnU_0001_S0_E436_L439_T57_R839_B457_natural_0_mesh_motions.pt,
F7oit5SKxdw,F7oit5SKxdw_0005_S1118_E1439_L451_T24_R755_B328,F7oit5SKxdw_0005_S1118_E1439_L451_T24_R755_B328.wav,F7oit5SKxdw_0005_S1118_E1439_L451_T24_R755_B328.npz,F7oit5SKxdw_0005_S1118_E1439_L451_T24_R755_B328.npz,F7oit5SKxdw_0005_S1118_E1439_L451_T24_R755_B328_natural_0_mesh_motions.pt,
FAf0YtSelug,FAf0YtSelug_0001_S574_E835_L349_T9_R861_B521,FAf0YtSelug_0001_S574_E835_L349_T9_R861_B521.wav,FAf0YtSelug_0001_S574_E835_L349_T9_R861_B521.npz,FAf0YtSelug_0001_S574_E835_L349_T9_R861_B521.npz,FAf0YtSelug_0001_S574_E835_L349_T9_R861_B521_natural_0_mesh_motions.pt,
FBQDiiEbknE,FBQDiiEbknE_0013_S284_E582_L492_T30_R988_B526,FBQDiiEbknE_0013_S284_E582_L492_T30_R988_B526.wav,FBQDiiEbknE_0013_S284_E582_L492_T30_R988_B526.npz,FBQDiiEbknE_0013_S284_E582_L492_T30_R988_B526.npz,FBQDiiEbknE_0013_S284_E582_L492_T30_R988_B526_natural_0_mesh_motions.pt,
FEc-U45TzKM,FEc-U45TzKM_0003_S0_E254_L352_T0_R1008_B608,FEc-U45TzKM_0003_S0_E254_L352_T0_R1008_B608.wav,FEc-U45TzKM_0003_S0_E254_L352_T0_R1008_B608.npz,FEc-U45TzKM_0003_S0_E254_L352_T0_R1008_B608.npz,FEc-U45TzKM_0003_S0_E254_L352_T0_R1008_B608_natural_0_mesh_motions.pt,
FGgMrNSmMn4,FGgMrNSmMn4_0005_S1217_E1799_L440_T160_R824_B544,FGgMrNSmMn4_0005_S1217_E1799_L440_T160_R824_B544.wav,FGgMrNSmMn4_0005_S1217_E1799_L440_T160_R824_B544.npz,FGgMrNSmMn4_0005_S1217_E1799_L440_T160_R824_B544.npz,FGgMrNSmMn4_0005_S1217_E1799_L440_T160_R824_B544_natural_0_mesh_motions.pt,
FICT79cA3U4,FICT79cA3U4_0001_S0_E254_L298_T128_R586_B416,FICT79cA3U4_0001_S0_E254_L298_T128_R586_B416.wav,FICT79cA3U4_0001_S0_E254_L298_T128_R586_B416.npz,FICT79cA3U4_0001_S0_E254_L298_T128_R586_B416.npz,FICT79cA3U4_0001_S0_E254_L298_T128_R586_B416_natural_0_mesh_motions.pt,
FL9qpSH5eKw,FL9qpSH5eKw_0000_S613_E876_L368_T31_R912_B575,FL9qpSH5eKw_0000_S613_E876_L368_T31_R912_B575.wav,FL9qpSH5eKw_0000_S613_E876_L368_T31_R912_B575.npz,FL9qpSH5eKw_0000_S613_E876_L368_T31_R912_B575.npz,FL9qpSH5eKw_0000_S613_E876_L368_T31_R912_B575_natural_0_mesh_motions.pt,
FLI0WmBWWv4,FLI0WmBWWv4_0001_S1324_E1535_L466_T86_R738_B358,FLI0WmBWWv4_0001_S1324_E1535_L466_T86_R738_B358.wav,FLI0WmBWWv4_0001_S1324_E1535_L466_T86_R738_B358.npz,FLI0WmBWWv4_0001_S1324_E1535_L466_T86_R738_B358.npz,FLI0WmBWWv4_0001_S1324_E1535_L466_T86_R738_B358_natural_0_mesh_motions.pt,
FLIippwrXSc,FLIippwrXSc_0042_S0_E349_L615_T29_R935_B349,FLIippwrXSc_0042_S0_E349_L615_T29_R935_B349.wav,FLIippwrXSc_0042_S0_E349_L615_T29_R935_B349.npz,FLIippwrXSc_0042_S0_E349_L615_T29_R935_B349.npz,FLIippwrXSc_0042_S0_E349_L615_T29_R935_B349_natural_0_mesh_motions.pt,
FNErh9EogUg,FNErh9EogUg_0003_S1302_E1747_L517_T48_R949_B480,FNErh9EogUg_0003_S1302_E1747_L517_T48_R949_B480.wav,FNErh9EogUg_0003_S1302_E1747_L517_T48_R949_B480.npz,FNErh9EogUg_0003_S1302_E1747_L517_T48_R949_B480.npz,FNErh9EogUg_0003_S1302_E1747_L517_T48_R949_B480_natural_0_mesh_motions.pt,
FTN_93Px-Qc,FTN_93Px-Qc_0000_S1420_E1846_L440_T27_R952_B539,FTN_93Px-Qc_0000_S1420_E1846_L440_T27_R952_B539.wav,FTN_93Px-Qc_0000_S1420_E1846_L440_T27_R952_B539.npz,FTN_93Px-Qc_0000_S1420_E1846_L440_T27_R952_B539.npz,FTN_93Px-Qc_0000_S1420_E1846_L440_T27_R952_B539_natural_0_mesh_motions.pt,
FXbC_3_8tGM,FXbC_3_8tGM_0001_S502_E723_L396_T133_R844_B581,FXbC_3_8tGM_0001_S502_E723_L396_T133_R844_B581.wav,FXbC_3_8tGM_0001_S502_E723_L396_T133_R844_B581.npz,FXbC_3_8tGM_0001_S502_E723_L396_T133_R844_B581.npz,FXbC_3_8tGM_0001_S502_E723_L396_T133_R844_B581_natural_0_mesh_motions.pt,
FYo5E7zT-vM,FYo5E7zT-vM_0000_S1156_E1427_L480_T75_R752_B347,FYo5E7zT-vM_0000_S1156_E1427_L480_T75_R752_B347.wav,FYo5E7zT-vM_0000_S1156_E1427_L480_T75_R752_B347.npz,FYo5E7zT-vM_0000_S1156_E1427_L480_T75_R752_B347.npz,FYo5E7zT-vM_0000_S1156_E1427_L480_T75_R752_B347_natural_0_mesh_motions.pt,
FlCNvBBqIyU,FlCNvBBqIyU_0004_S270_E471_L470_T170_R774_B474,FlCNvBBqIyU_0004_S270_E471_L470_T170_R774_B474.wav,FlCNvBBqIyU_0004_S270_E471_L470_T170_R774_B474.npz,FlCNvBBqIyU_0004_S270_E471_L470_T170_R774_B474.npz,FlCNvBBqIyU_0004_S270_E471_L470_T170_R774_B474_natural_0_mesh_motions.pt,
FloFzFl0jZc,FloFzFl0jZc_0000_S1540_E1811_L384_T19_R832_B467,FloFzFl0jZc_0000_S1540_E1811_L384_T19_R832_B467.wav,FloFzFl0jZc_0000_S1540_E1811_L384_T19_R832_B467.npz,FloFzFl0jZc_0000_S1540_E1811_L384_T19_R832_B467.npz,FloFzFl0jZc_0000_S1540_E1811_L384_T19_R832_B467_natural_0_mesh_motions.pt,
FoYce_3oUGs,FoYce_3oUGs_0001_S0_E686_L338_T0_R962_B592,FoYce_3oUGs_0001_S0_E686_L338_T0_R962_B592.wav,FoYce_3oUGs_0001_S0_E686_L338_T0_R962_B592.npz,FoYce_3oUGs_0001_S0_E686_L338_T0_R962_B592.npz,FoYce_3oUGs_0001_S0_E686_L338_T0_R962_B592_natural_0_mesh_motions.pt,
FxBLtp7UpTI,FxBLtp7UpTI_0000_S853_E1150_L389_T44_R757_B412,FxBLtp7UpTI_0000_S853_E1150_L389_T44_R757_B412.wav,FxBLtp7UpTI_0000_S853_E1150_L389_T44_R757_B412.npz,FxBLtp7UpTI_0000_S853_E1150_L389_T44_R757_B412.npz,FxBLtp7UpTI_0000_S853_E1150_L389_T44_R757_B412_natural_0_mesh_motions.pt,
FxQchGBQpZA,FxQchGBQpZA_0009_S112_E398_L444_T108_R716_B380,FxQchGBQpZA_0009_S112_E398_L444_T108_R716_B380.wav,FxQchGBQpZA_0009_S112_E398_L444_T108_R716_B380.npz,FxQchGBQpZA_0009_S112_E398_L444_T108_R716_B380.npz,FxQchGBQpZA_0009_S112_E398_L444_T108_R716_B380_natural_0_mesh_motions.pt,
FxrCNf8utsE,FxrCNf8utsE_0003_S0_E209_L243_T0_R1043_B688,FxrCNf8utsE_0003_S0_E209_L243_T0_R1043_B688.wav,FxrCNf8utsE_0003_S0_E209_L243_T0_R1043_B688.npz,FxrCNf8utsE_0003_S0_E209_L243_T0_R1043_B688.npz,FxrCNf8utsE_0003_S0_E209_L243_T0_R1043_B688_natural_0_mesh_motions.pt,
FzXWP7ZHs-Q,FzXWP7ZHs-Q_0000_S366_E706_L273_T0_R1057_B704,FzXWP7ZHs-Q_0000_S366_E706_L273_T0_R1057_B704.wav,FzXWP7ZHs-Q_0000_S366_E706_L273_T0_R1057_B704.npz,FzXWP7ZHs-Q_0000_S366_E706_L273_T0_R1057_B704.npz,FzXWP7ZHs-Q_0000_S366_E706_L273_T0_R1057_B704_natural_0_mesh_motions.pt,
G2tfebkUbPo,G2tfebkUbPo_0000_S1330_E1595_L626_T91_R882_B347,G2tfebkUbPo_0000_S1330_E1595_L626_T91_R882_B347.wav,G2tfebkUbPo_0000_S1330_E1595_L626_T91_R882_B347.npz,G2tfebkUbPo_0000_S1330_E1595_L626_T91_R882_B347.npz,G2tfebkUbPo_0000_S1330_E1595_L626_T91_R882_B347_natural_0_mesh_motions.pt,
G4SMtaNDtfk,G4SMtaNDtfk_0000_S1070_E1775_L202_T141_R554_B493,G4SMtaNDtfk_0000_S1070_E1775_L202_T141_R554_B493.wav,G4SMtaNDtfk_0000_S1070_E1775_L202_T141_R554_B493.npz,G4SMtaNDtfk_0000_S1070_E1775_L202_T141_R554_B493.npz,G4SMtaNDtfk_0000_S1070_E1775_L202_T141_R554_B493_natural_0_mesh_motions.pt,
G5hOJXZmqPc,G5hOJXZmqPc_0000_S1177_E1448_L489_T0_R1033_B544,G5hOJXZmqPc_0000_S1177_E1448_L489_T0_R1033_B544.wav,G5hOJXZmqPc_0000_S1177_E1448_L489_T0_R1033_B544.npz,G5hOJXZmqPc_0000_S1177_E1448_L489_T0_R1033_B544.npz,G5hOJXZmqPc_0000_S1177_E1448_L489_T0_R1033_B544_natural_0_mesh_motions.pt,
G9CHdvWwzQ0,G9CHdvWwzQ0_0001_S1186_E1479_L397_T109_R765_B477,G9CHdvWwzQ0_0001_S1186_E1479_L397_T109_R765_B477.wav,G9CHdvWwzQ0_0001_S1186_E1479_L397_T109_R765_B477.npz,G9CHdvWwzQ0_0001_S1186_E1479_L397_T109_R765_B477.npz,G9CHdvWwzQ0_0001_S1186_E1479_L397_T109_R765_B477_natural_0_mesh_motions.pt,
GAS_7760FSo,GAS_7760FSo_0055_S105_E349_L394_T20_R778_B404,GAS_7760FSo_0055_S105_E349_L394_T20_R778_B404.wav,GAS_7760FSo_0055_S105_E349_L394_T20_R778_B404.npz,GAS_7760FSo_0055_S105_E349_L394_T20_R778_B404.npz,GAS_7760FSo_0055_S105_E349_L394_T20_R778_B404_natural_0_mesh_motions.pt,
GG0F0uXuIqQ,GG0F0uXuIqQ_0038_S931_E1535_L344_T11_R984_B651,GG0F0uXuIqQ_0038_S931_E1535_L344_T11_R984_B651.wav,GG0F0uXuIqQ_0038_S931_E1535_L344_T11_R984_B651.npz,GG0F0uXuIqQ_0038_S931_E1535_L344_T11_R984_B651.npz,GG0F0uXuIqQ_0038_S931_E1535_L344_T11_R984_B651_natural_0_mesh_motions.pt,
GLUdt99wUY8,GLUdt99wUY8_0000_S1135_E1338_L544_T151_R816_B423,GLUdt99wUY8_0000_S1135_E1338_L544_T151_R816_B423.wav,GLUdt99wUY8_0000_S1135_E1338_L544_T151_R816_B423.npz,GLUdt99wUY8_0000_S1135_E1338_L544_T151_R816_B423.npz,GLUdt99wUY8_0000_S1135_E1338_L544_T151_R816_B423_natural_0_mesh_motions.pt,
GMndqLvTqhA,GMndqLvTqhA_0001_S1286_E1842_L440_T0_R1112_B656,GMndqLvTqhA_0001_S1286_E1842_L440_T0_R1112_B656.wav,GMndqLvTqhA_0001_S1286_E1842_L440_T0_R1112_B656.npz,GMndqLvTqhA_0001_S1286_E1842_L440_T0_R1112_B656.npz,GMndqLvTqhA_0001_S1286_E1842_L440_T0_R1112_B656_natural_0_mesh_motions.pt,
GPEavB9GXHc,GPEavB9GXHc_0000_S517_E1152_L342_T170_R598_B426,GPEavB9GXHc_0000_S517_E1152_L342_T170_R598_B426.wav,GPEavB9GXHc_0000_S517_E1152_L342_T170_R598_B426.npz,GPEavB9GXHc_0000_S517_E1152_L342_T170_R598_B426.npz,GPEavB9GXHc_0000_S517_E1152_L342_T170_R598_B426_natural_0_mesh_motions.pt,
GS1UT0mSks4,GS1UT0mSks4_0002_S1244_E1759_L331_T0_R923_B544,GS1UT0mSks4_0002_S1244_E1759_L331_T0_R923_B544.wav,GS1UT0mSks4_0002_S1244_E1759_L331_T0_R923_B544.npz,GS1UT0mSks4_0002_S1244_E1759_L331_T0_R923_B544.npz,GS1UT0mSks4_0002_S1244_E1759_L331_T0_R923_B544_natural_0_mesh_motions.pt,
GUZ4T_xFtwQ,GUZ4T_xFtwQ_0000_S1604_E1859_L388_T66_R788_B466,GUZ4T_xFtwQ_0000_S1604_E1859_L388_T66_R788_B466.wav,GUZ4T_xFtwQ_0000_S1604_E1859_L388_T66_R788_B466.npz,GUZ4T_xFtwQ_0000_S1604_E1859_L388_T66_R788_B466.npz,GUZ4T_xFtwQ_0000_S1604_E1859_L388_T66_R788_B466_natural_0_mesh_motions.pt,
GXldrjxDZqQ,GXldrjxDZqQ_0002_S1080_E1335_L460_T76_R860_B476,GXldrjxDZqQ_0002_S1080_E1335_L460_T76_R860_B476.wav,GXldrjxDZqQ_0002_S1080_E1335_L460_T76_R860_B476.npz,GXldrjxDZqQ_0002_S1080_E1335_L460_T76_R860_B476.npz,GXldrjxDZqQ_0002_S1080_E1335_L460_T76_R860_B476_natural_0_mesh_motions.pt,
GZRbKJMEdk0,GZRbKJMEdk0_0000_S1147_E1518_L981_T278_R1253_B566,GZRbKJMEdk0_0000_S1147_E1518_L981_T278_R1253_B566.wav,GZRbKJMEdk0_0000_S1147_E1518_L981_T278_R1253_B566.npz,GZRbKJMEdk0_0000_S1147_E1518_L981_T278_R1253_B566.npz,GZRbKJMEdk0_0000_S1147_E1518_L981_T278_R1253_B566_natural_0_mesh_motions.pt,
GZVxh8CQFkg,GZVxh8CQFkg_0006_S0_E300_L443_T0_R795_B352,GZVxh8CQFkg_0006_S0_E300_L443_T0_R795_B352.wav,GZVxh8CQFkg_0006_S0_E300_L443_T0_R795_B352.npz,GZVxh8CQFkg_0006_S0_E300_L443_T0_R795_B352.npz,GZVxh8CQFkg_0006_S0_E300_L443_T0_R795_B352_natural_0_mesh_motions.pt,
GbUfu1wF02s,GbUfu1wF02s_0016_S257_E463_L310_T51_R886_B627,GbUfu1wF02s_0016_S257_E463_L310_T51_R886_B627.wav,GbUfu1wF02s_0016_S257_E463_L310_T51_R886_B627.npz,GbUfu1wF02s_0016_S257_E463_L310_T51_R886_B627.npz,GbUfu1wF02s_0016_S257_E463_L310_T51_R886_B627_natural_0_mesh_motions.pt,
GcNJkyYSmW8,GcNJkyYSmW8_0002_S1080_E1568_L807_T22_R1143_B358,GcNJkyYSmW8_0002_S1080_E1568_L807_T22_R1143_B358.wav,GcNJkyYSmW8_0002_S1080_E1568_L807_T22_R1143_B358.npz,GcNJkyYSmW8_0002_S1080_E1568_L807_T22_R1143_B358.npz,GcNJkyYSmW8_0002_S1080_E1568_L807_T22_R1143_B358_natural_0_mesh_motions.pt,
GcayBgPOr04,GcayBgPOr04_0000_S412_E757_L78_T0_R942_B704,GcayBgPOr04_0000_S412_E757_L78_T0_R942_B704.wav,GcayBgPOr04_0000_S412_E757_L78_T0_R942_B704.npz,GcayBgPOr04_0000_S412_E757_L78_T0_R942_B704.npz,GcayBgPOr04_0000_S412_E757_L78_T0_R942_B704_natural_0_mesh_motions.pt,
Gd_zypjbv9E,Gd_zypjbv9E_0000_S1012_E1463_L707_T4_R1059_B356,Gd_zypjbv9E_0000_S1012_E1463_L707_T4_R1059_B356.wav,Gd_zypjbv9E_0000_S1012_E1463_L707_T4_R1059_B356.npz,Gd_zypjbv9E_0000_S1012_E1463_L707_T4_R1059_B356.npz,Gd_zypjbv9E_0000_S1012_E1463_L707_T4_R1059_B356_natural_0_mesh_motions.pt,
GtzbWxb9nuQ,GtzbWxb9nuQ_0000_S965_E1473_L451_T0_R931_B464,GtzbWxb9nuQ_0000_S965_E1473_L451_T0_R931_B464.wav,GtzbWxb9nuQ_0000_S965_E1473_L451_T0_R931_B464.npz,GtzbWxb9nuQ_0000_S965_E1473_L451_T0_R931_B464.npz,GtzbWxb9nuQ_0000_S965_E1473_L451_T0_R931_B464_natural_0_mesh_motions.pt,
Gzo5PEGQpe8,Gzo5PEGQpe8_0000_S1234_E1823_L0_T0_R992_B704,Gzo5PEGQpe8_0000_S1234_E1823_L0_T0_R992_B704.wav,Gzo5PEGQpe8_0000_S1234_E1823_L0_T0_R992_B704.npz,Gzo5PEGQpe8_0000_S1234_E1823_L0_T0_R992_B704.npz,Gzo5PEGQpe8_0000_S1234_E1823_L0_T0_R992_B704_natural_0_mesh_motions.pt,
H2LhBAi-Q8I,H2LhBAi-Q8I_0000_S1015_E1351_L358_T99_R902_B643,H2LhBAi-Q8I_0000_S1015_E1351_L358_T99_R902_B643.wav,H2LhBAi-Q8I_0000_S1015_E1351_L358_T99_R902_B643.npz,H2LhBAi-Q8I_0000_S1015_E1351_L358_T99_R902_B643.npz,H2LhBAi-Q8I_0000_S1015_E1351_L358_T99_R902_B643_natural_0_mesh_motions.pt,
H4TYEoft_rM,H4TYEoft_rM_0007_S0_E208_L364_T36_R876_B548,H4TYEoft_rM_0007_S0_E208_L364_T36_R876_B548.wav,H4TYEoft_rM_0007_S0_E208_L364_T36_R876_B548.npz,H4TYEoft_rM_0007_S0_E208_L364_T36_R876_B548.npz,H4TYEoft_rM_0007_S0_E208_L364_T36_R876_B548_natural_0_mesh_motions.pt,
H6L04OEm71w,H6L04OEm71w_0001_S863_E1259_L248_T0_R1080_B704,H6L04OEm71w_0001_S863_E1259_L248_T0_R1080_B704.wav,H6L04OEm71w_0001_S863_E1259_L248_T0_R1080_B704.npz,H6L04OEm71w_0001_S863_E1259_L248_T0_R1080_B704.npz,H6L04OEm71w_0001_S863_E1259_L248_T0_R1080_B704_natural_0_mesh_motions.pt,
H6ODJtcqyTg,H6ODJtcqyTg_0001_S210_E622_L566_T78_R854_B366,H6ODJtcqyTg_0001_S210_E622_L566_T78_R854_B366.wav,H6ODJtcqyTg_0001_S210_E622_L566_T78_R854_B366.npz,H6ODJtcqyTg_0001_S210_E622_L566_T78_R854_B366.npz,H6ODJtcqyTg_0001_S210_E622_L566_T78_R854_B366_natural_0_mesh_motions.pt,
HA8PjarK2mo,HA8PjarK2mo_0007_S937_E1525_L495_T60_R991_B556,HA8PjarK2mo_0007_S937_E1525_L495_T60_R991_B556.wav,HA8PjarK2mo_0007_S937_E1525_L495_T60_R991_B556.npz,HA8PjarK2mo_0007_S937_E1525_L495_T60_R991_B556.npz,HA8PjarK2mo_0007_S937_E1525_L495_T60_R991_B556_natural_0_mesh_motions.pt,
HC-zhWIIC5w,HC-zhWIIC5w_0000_S1516_E1870_L419_T48_R787_B416,HC-zhWIIC5w_0000_S1516_E1870_L419_T48_R787_B416.wav,HC-zhWIIC5w_0000_S1516_E1870_L419_T48_R787_B416.npz,HC-zhWIIC5w_0000_S1516_E1870_L419_T48_R787_B416.npz,HC-zhWIIC5w_0000_S1516_E1870_L419_T48_R787_B416_natural_0_mesh_motions.pt,
HFCmCsxt1xw,HFCmCsxt1xw_0000_S362_E790_L165_T53_R517_B405,HFCmCsxt1xw_0000_S362_E790_L165_T53_R517_B405.wav,HFCmCsxt1xw_0000_S362_E790_L165_T53_R517_B405.npz,HFCmCsxt1xw_0000_S362_E790_L165_T53_R517_B405.npz,HFCmCsxt1xw_0000_S362_E790_L165_T53_R517_B405_natural_0_mesh_motions.pt,
HFTVP9qIMPE,HFTVP9qIMPE_0010_S1313_E1799_L294_T27_R886_B619,HFTVP9qIMPE_0010_S1313_E1799_L294_T27_R886_B619.wav,HFTVP9qIMPE_0010_S1313_E1799_L294_T27_R886_B619.npz,HFTVP9qIMPE_0010_S1313_E1799_L294_T27_R886_B619.npz,HFTVP9qIMPE_0010_S1313_E1799_L294_T27_R886_B619_natural_0_mesh_motions.pt,
HLXDpFYmyqo,HLXDpFYmyqo_0006_S483_E763_L412_T115_R700_B403,HLXDpFYmyqo_0006_S483_E763_L412_T115_R700_B403.wav,HLXDpFYmyqo_0006_S483_E763_L412_T115_R700_B403.npz,HLXDpFYmyqo_0006_S483_E763_L412_T115_R700_B403.npz,HLXDpFYmyqo_0006_S483_E763_L412_T115_R700_B403_natural_0_mesh_motions.pt,
HNdh6Valoys,HNdh6Valoys_0000_S326_E668_L232_T0_R920_B624,HNdh6Valoys_0000_S326_E668_L232_T0_R920_B624.wav,HNdh6Valoys_0000_S326_E668_L232_T0_R920_B624.npz,HNdh6Valoys_0000_S326_E668_L232_T0_R920_B624.npz,HNdh6Valoys_0000_S326_E668_L232_T0_R920_B624_natural_0_mesh_motions.pt,
HOpKzDhCFtE,HOpKzDhCFtE_0000_S160_E514_L114_T183_R466_B535,HOpKzDhCFtE_0000_S160_E514_L114_T183_R466_B535.wav,HOpKzDhCFtE_0000_S160_E514_L114_T183_R466_B535.npz,HOpKzDhCFtE_0000_S160_E514_L114_T183_R466_B535.npz,HOpKzDhCFtE_0000_S160_E514_L114_T183_R466_B535_natural_0_mesh_motions.pt,
HPHNakev2ss,HPHNakev2ss_0007_S350_E580_L790_T128_R1046_B384,HPHNakev2ss_0007_S350_E580_L790_T128_R1046_B384.wav,HPHNakev2ss_0007_S350_E580_L790_T128_R1046_B384.npz,HPHNakev2ss_0007_S350_E580_L790_T128_R1046_B384.npz,HPHNakev2ss_0007_S350_E580_L790_T128_R1046_B384_natural_0_mesh_motions.pt,
HTJyZwYPQOI,HTJyZwYPQOI_0001_S1278_E1529_L452_T23_R852_B423,HTJyZwYPQOI_0001_S1278_E1529_L452_T23_R852_B423.wav,HTJyZwYPQOI_0001_S1278_E1529_L452_T23_R852_B423.npz,HTJyZwYPQOI_0001_S1278_E1529_L452_T23_R852_B423.npz,HTJyZwYPQOI_0001_S1278_E1529_L452_T23_R852_B423_natural_0_mesh_motions.pt,
HUoUVlK_bHI,HUoUVlK_bHI_0006_S231_E824_L240_T117_R656_B533,HUoUVlK_bHI_0006_S231_E824_L240_T117_R656_B533.wav,HUoUVlK_bHI_0006_S231_E824_L240_T117_R656_B533.npz,HUoUVlK_bHI_0006_S231_E824_L240_T117_R656_B533.npz,HUoUVlK_bHI_0006_S231_E824_L240_T117_R656_B533_natural_0_mesh_motions.pt,
HVMqm9jlUDM,HVMqm9jlUDM_0021_S349_E683_L0_T0_R1264_B704,HVMqm9jlUDM_0021_S349_E683_L0_T0_R1264_B704.wav,HVMqm9jlUDM_0021_S349_E683_L0_T0_R1264_B704.npz,HVMqm9jlUDM_0021_S349_E683_L0_T0_R1264_B704.npz,HVMqm9jlUDM_0021_S349_E683_L0_T0_R1264_B704_natural_0_mesh_motions.pt,
HXSxHJO6Srg,HXSxHJO6Srg_0002_S938_E1356_L456_T104_R808_B456,HXSxHJO6Srg_0002_S938_E1356_L456_T104_R808_B456.wav,HXSxHJO6Srg_0002_S938_E1356_L456_T104_R808_B456.npz,HXSxHJO6Srg_0002_S938_E1356_L456_T104_R808_B456.npz,HXSxHJO6Srg_0002_S938_E1356_L456_T104_R808_B456_natural_0_mesh_motions.pt,
HZuhPDbZtcg,HZuhPDbZtcg_0004_S0_E438_L333_T0_R909_B512,HZuhPDbZtcg_0004_S0_E438_L333_T0_R909_B512.wav,HZuhPDbZtcg_0004_S0_E438_L333_T0_R909_B512.npz,HZuhPDbZtcg_0004_S0_E438_L333_T0_R909_B512.npz,HZuhPDbZtcg_0004_S0_E438_L333_T0_R909_B512_natural_0_mesh_motions.pt,
HbKvcTZqNA0,HbKvcTZqNA0_0089_S303_E621_L858_T0_R1226_B240,HbKvcTZqNA0_0089_S303_E621_L858_T0_R1226_B240.wav,HbKvcTZqNA0_0089_S303_E621_L858_T0_R1226_B240.npz,HbKvcTZqNA0_0089_S303_E621_L858_T0_R1226_B240.npz,HbKvcTZqNA0_0089_S303_E621_L858_T0_R1226_B240_natural_0_mesh_motions.pt,
Hg0qN4cNJfY,Hg0qN4cNJfY_0002_S1070_E1535_L501_T97_R821_B417,Hg0qN4cNJfY_0002_S1070_E1535_L501_T97_R821_B417.wav,Hg0qN4cNJfY_0002_S1070_E1535_L501_T97_R821_B417.npz,Hg0qN4cNJfY_0002_S1070_E1535_L501_T97_R821_B417.npz,Hg0qN4cNJfY_0002_S1070_E1535_L501_T97_R821_B417_natural_0_mesh_motions.pt,
HhFPSCGRFHY,HhFPSCGRFHY_0000_S0_E651_L125_T0_R509_B352,HhFPSCGRFHY_0000_S0_E651_L125_T0_R509_B352.wav,HhFPSCGRFHY_0000_S0_E651_L125_T0_R509_B352.npz,HhFPSCGRFHY_0000_S0_E651_L125_T0_R509_B352.npz,HhFPSCGRFHY_0000_S0_E651_L125_T0_R509_B352_natural_0_mesh_motions.pt,
HhNo_IOPOtU,HhNo_IOPOtU_0002_S0_E217_L419_T81_R835_B497,HhNo_IOPOtU_0002_S0_E217_L419_T81_R835_B497.wav,HhNo_IOPOtU_0002_S0_E217_L419_T81_R835_B497.npz,HhNo_IOPOtU_0002_S0_E217_L419_T81_R835_B497.npz,HhNo_IOPOtU_0002_S0_E217_L419_T81_R835_B497_natural_0_mesh_motions.pt,
HhljUdMUbs0,HhljUdMUbs0_0002_S896_E1096_L497_T25_R833_B361,HhljUdMUbs0_0002_S896_E1096_L497_T25_R833_B361.wav,HhljUdMUbs0_0002_S896_E1096_L497_T25_R833_B361.npz,HhljUdMUbs0_0002_S896_E1096_L497_T25_R833_B361.npz,HhljUdMUbs0_0002_S896_E1096_L497_T25_R833_B361_natural_0_mesh_motions.pt,
HmexkGBB428,HmexkGBB428_0023_S1517_E1799_L407_T142_R839_B574,HmexkGBB428_0023_S1517_E1799_L407_T142_R839_B574.wav,HmexkGBB428_0023_S1517_E1799_L407_T142_R839_B574.npz,HmexkGBB428_0023_S1517_E1799_L407_T142_R839_B574.npz,HmexkGBB428_0023_S1517_E1799_L407_T142_R839_B574_natural_0_mesh_motions.pt,
HsGbFpi3xtk,HsGbFpi3xtk_0000_S1614_E1919_L469_T53_R789_B373,HsGbFpi3xtk_0000_S1614_E1919_L469_T53_R789_B373.wav,HsGbFpi3xtk_0000_S1614_E1919_L469_T53_R789_B373.npz,HsGbFpi3xtk_0000_S1614_E1919_L469_T53_R789_B373.npz,HsGbFpi3xtk_0000_S1614_E1919_L469_T53_R789_B373_natural_0_mesh_motions.pt,
Hy6QRP3ENl8,Hy6QRP3ENl8_0000_S2_E389_L190_T31_R734_B575,Hy6QRP3ENl8_0000_S2_E389_L190_T31_R734_B575.wav,Hy6QRP3ENl8_0000_S2_E389_L190_T31_R734_B575.npz,Hy6QRP3ENl8_0000_S2_E389_L190_T31_R734_B575.npz,Hy6QRP3ENl8_0000_S2_E389_L190_T31_R734_B575_natural_0_mesh_motions.pt,
HztoBDblr8o,HztoBDblr8o_0000_S1306_E1611_L522_T42_R858_B378,HztoBDblr8o_0000_S1306_E1611_L522_T42_R858_B378.wav,HztoBDblr8o_0000_S1306_E1611_L522_T42_R858_B378.npz,HztoBDblr8o_0000_S1306_E1611_L522_T42_R858_B378.npz,HztoBDblr8o_0000_S1306_E1611_L522_T42_R858_B378_natural_0_mesh_motions.pt,
I-9uLKZmxOw,I-9uLKZmxOw_0013_S358_E639_L516_T25_R884_B393,I-9uLKZmxOw_0013_S358_E639_L516_T25_R884_B393.wav,I-9uLKZmxOw_0013_S358_E639_L516_T25_R884_B393.npz,I-9uLKZmxOw_0013_S358_E639_L516_T25_R884_B393.npz,I-9uLKZmxOw_0013_S358_E639_L516_T25_R884_B393_natural_0_mesh_motions.pt,
I-HFjHKJJ7E,I-HFjHKJJ7E_0007_S700_E992_L569_T88_R905_B424,I-HFjHKJJ7E_0007_S700_E992_L569_T88_R905_B424.wav,I-HFjHKJJ7E_0007_S700_E992_L569_T88_R905_B424.npz,I-HFjHKJJ7E_0007_S700_E992_L569_T88_R905_B424.npz,I-HFjHKJJ7E_0007_S700_E992_L569_T88_R905_B424_natural_0_mesh_motions.pt,
I0lqvxqEKhU,I0lqvxqEKhU_0037_S0_E506_L449_T40_R817_B408,I0lqvxqEKhU_0037_S0_E506_L449_T40_R817_B408.wav,I0lqvxqEKhU_0037_S0_E506_L449_T40_R817_B408.npz,I0lqvxqEKhU_0037_S0_E506_L449_T40_R817_B408.npz,I0lqvxqEKhU_0037_S0_E506_L449_T40_R817_B408_natural_0_mesh_motions.pt,
I1fZdwFStnY,I1fZdwFStnY_0010_S398_E684_L577_T74_R865_B362,I1fZdwFStnY_0010_S398_E684_L577_T74_R865_B362.wav,I1fZdwFStnY_0010_S398_E684_L577_T74_R865_B362.npz,I1fZdwFStnY_0010_S398_E684_L577_T74_R865_B362.npz,I1fZdwFStnY_0010_S398_E684_L577_T74_R865_B362_natural_0_mesh_motions.pt,
I3RMF_9xW1o,I3RMF_9xW1o_0000_S1123_E1619_L462_T23_R830_B391,I3RMF_9xW1o_0000_S1123_E1619_L462_T23_R830_B391.wav,I3RMF_9xW1o_0000_S1123_E1619_L462_T23_R830_B391.npz,I3RMF_9xW1o_0000_S1123_E1619_L462_T23_R830_B391.npz,I3RMF_9xW1o_0000_S1123_E1619_L462_T23_R830_B391_natural_0_mesh_motions.pt,
I9taZpV2JfU,I9taZpV2JfU_0166_S1057_E1686_L187_T0_R811_B496,I9taZpV2JfU_0166_S1057_E1686_L187_T0_R811_B496.wav,I9taZpV2JfU_0166_S1057_E1686_L187_T0_R811_B496.npz,I9taZpV2JfU_0166_S1057_E1686_L187_T0_R811_B496.npz,I9taZpV2JfU_0166_S1057_E1686_L187_T0_R811_B496_natural_0_mesh_motions.pt,
IAYJhZS231s,IAYJhZS231s_0000_S0_E372_L273_T0_R1025_B704,IAYJhZS231s_0000_S0_E372_L273_T0_R1025_B704.wav,IAYJhZS231s_0000_S0_E372_L273_T0_R1025_B704.npz,IAYJhZS231s_0000_S0_E372_L273_T0_R1025_B704.npz,IAYJhZS231s_0000_S0_E372_L273_T0_R1025_B704_natural_0_mesh_motions.pt,
IB6_L9xsnAo,IB6_L9xsnAo_0001_S938_E1248_L357_T53_R773_B469,IB6_L9xsnAo_0001_S938_E1248_L357_T53_R773_B469.wav,IB6_L9xsnAo_0001_S938_E1248_L357_T53_R773_B469.npz,IB6_L9xsnAo_0001_S938_E1248_L357_T53_R773_B469.npz,IB6_L9xsnAo_0001_S938_E1248_L357_T53_R773_B469_natural_0_mesh_motions.pt,
IGEJo3QHvSI,IGEJo3QHvSI_0001_S0_E272_L539_T107_R891_B459,IGEJo3QHvSI_0001_S0_E272_L539_T107_R891_B459.wav,IGEJo3QHvSI_0001_S0_E272_L539_T107_R891_B459.npz,IGEJo3QHvSI_0001_S0_E272_L539_T107_R891_B459.npz,IGEJo3QHvSI_0001_S0_E272_L539_T107_R891_B459_natural_0_mesh_motions.pt,
ILQii0-r-bE,ILQii0-r-bE_0000_S0_E345_L695_T0_R1015_B320,ILQii0-r-bE_0000_S0_E345_L695_T0_R1015_B320.wav,ILQii0-r-bE_0000_S0_E345_L695_T0_R1015_B320.npz,ILQii0-r-bE_0000_S0_E345_L695_T0_R1015_B320.npz,ILQii0-r-bE_0000_S0_E345_L695_T0_R1015_B320_natural_0_mesh_motions.pt,
IM1xpnkmG7o,IM1xpnkmG7o_0005_S1166_E1468_L346_T0_R1178_B528,IM1xpnkmG7o_0005_S1166_E1468_L346_T0_R1178_B528.wav,IM1xpnkmG7o_0005_S1166_E1468_L346_T0_R1178_B528.npz,IM1xpnkmG7o_0005_S1166_E1468_L346_T0_R1178_B528.npz,IM1xpnkmG7o_0005_S1166_E1468_L346_T0_R1178_B528_natural_0_mesh_motions.pt,
IMEIBu0uULg,IMEIBu0uULg_0001_S1097_E1438_L398_T0_R670_B272,IMEIBu0uULg_0001_S1097_E1438_L398_T0_R670_B272.wav,IMEIBu0uULg_0001_S1097_E1438_L398_T0_R670_B272.npz,IMEIBu0uULg_0001_S1097_E1438_L398_T0_R670_B272.npz,IMEIBu0uULg_0001_S1097_E1438_L398_T0_R670_B272_natural_0_mesh_motions.pt,
IPPVWl-jPqk,IPPVWl-jPqk_0001_S0_E374_L359_T5_R823_B469,IPPVWl-jPqk_0001_S0_E374_L359_T5_R823_B469.wav,IPPVWl-jPqk_0001_S0_E374_L359_T5_R823_B469.npz,IPPVWl-jPqk_0001_S0_E374_L359_T5_R823_B469.npz,IPPVWl-jPqk_0001_S0_E374_L359_T5_R823_B469_natural_0_mesh_motions.pt,
ISip9JRbYNs,ISip9JRbYNs_0001_S0_E650_L332_T0_R876_B544,ISip9JRbYNs_0001_S0_E650_L332_T0_R876_B544.wav,ISip9JRbYNs_0001_S0_E650_L332_T0_R876_B544.npz,ISip9JRbYNs_0001_S0_E650_L332_T0_R876_B544.npz,ISip9JRbYNs_0001_S0_E650_L332_T0_R876_B544_natural_0_mesh_motions.pt,
ITBbGDndjGM,ITBbGDndjGM_0001_S864_E1098_L73_T0_R1273_B704,ITBbGDndjGM_0001_S864_E1098_L73_T0_R1273_B704.wav,ITBbGDndjGM_0001_S864_E1098_L73_T0_R1273_B704.npz,ITBbGDndjGM_0001_S864_E1098_L73_T0_R1273_B704.npz,ITBbGDndjGM_0001_S864_E1098_L73_T0_R1273_B704_natural_0_mesh_motions.pt,
ITjHgkTTX_s,ITjHgkTTX_s_0006_S75_E334_L76_T0_R972_B704,ITjHgkTTX_s_0006_S75_E334_L76_T0_R972_B704.wav,ITjHgkTTX_s_0006_S75_E334_L76_T0_R972_B704.npz,ITjHgkTTX_s_0006_S75_E334_L76_T0_R972_B704.npz,ITjHgkTTX_s_0006_S75_E334_L76_T0_R972_B704_natural_0_mesh_motions.pt,
IaHioK3Ljz0,IaHioK3Ljz0_0001_S12_E600_L411_T44_R731_B364,IaHioK3Ljz0_0001_S12_E600_L411_T44_R731_B364.wav,IaHioK3Ljz0_0001_S12_E600_L411_T44_R731_B364.npz,IaHioK3Ljz0_0001_S12_E600_L411_T44_R731_B364.npz,IaHioK3Ljz0_0001_S12_E600_L411_T44_R731_B364_natural_0_mesh_motions.pt,
IahmVXN7xEQ,IahmVXN7xEQ_0002_S1209_E1807_L596_T98_R868_B370,IahmVXN7xEQ_0002_S1209_E1807_L596_T98_R868_B370.wav,IahmVXN7xEQ_0002_S1209_E1807_L596_T98_R868_B370.npz,IahmVXN7xEQ_0002_S1209_E1807_L596_T98_R868_B370.npz,IahmVXN7xEQ_0002_S1209_E1807_L596_T98_R868_B370_natural_0_mesh_motions.pt,
IatKu7sngG8,IatKu7sngG8_0002_S886_E1369_L34_T0_R898_B704,IatKu7sngG8_0002_S886_E1369_L34_T0_R898_B704.wav,IatKu7sngG8_0002_S886_E1369_L34_T0_R898_B704.npz,IatKu7sngG8_0002_S886_E1369_L34_T0_R898_B704.npz,IatKu7sngG8_0002_S886_E1369_L34_T0_R898_B704_natural_0_mesh_motions.pt,
If2Fw0z6uxY,If2Fw0z6uxY_0000_S1111_E1333_L274_T25_R594_B345,If2Fw0z6uxY_0000_S1111_E1333_L274_T25_R594_B345.wav,If2Fw0z6uxY_0000_S1111_E1333_L274_T25_R594_B345.npz,If2Fw0z6uxY_0000_S1111_E1333_L274_T25_R594_B345.npz,If2Fw0z6uxY_0000_S1111_E1333_L274_T25_R594_B345_natural_0_mesh_motions.pt,
IfnTz7vZyVg,IfnTz7vZyVg_0008_S1351_E1728_L441_T136_R729_B424,IfnTz7vZyVg_0008_S1351_E1728_L441_T136_R729_B424.wav,IfnTz7vZyVg_0008_S1351_E1728_L441_T136_R729_B424.npz,IfnTz7vZyVg_0008_S1351_E1728_L441_T136_R729_B424.npz,IfnTz7vZyVg_0008_S1351_E1728_L441_T136_R729_B424_natural_0_mesh_motions.pt,
InL3YA_6P6s,InL3YA_6P6s_0000_S194_E326_L455_T10_R775_B330,InL3YA_6P6s_0000_S194_E326_L455_T10_R775_B330.wav,InL3YA_6P6s_0000_S194_E326_L455_T10_R775_B330.npz,InL3YA_6P6s_0000_S194_E326_L455_T10_R775_B330.npz,InL3YA_6P6s_0000_S194_E326_L455_T10_R775_B330_natural_0_mesh_motions.pt,
InSvBuHK4vI,InSvBuHK4vI_0000_S1274_E1510_L296_T0_R952_B640,InSvBuHK4vI_0000_S1274_E1510_L296_T0_R952_B640.wav,InSvBuHK4vI_0000_S1274_E1510_L296_T0_R952_B640.npz,InSvBuHK4vI_0000_S1274_E1510_L296_T0_R952_B640.npz,InSvBuHK4vI_0000_S1274_E1510_L296_T0_R952_B640_natural_0_mesh_motions.pt,
IsMFdiLsqbg,IsMFdiLsqbg_0002_S1203_E1518_L508_T43_R780_B315,IsMFdiLsqbg_0002_S1203_E1518_L508_T43_R780_B315.wav,IsMFdiLsqbg_0002_S1203_E1518_L508_T43_R780_B315.npz,IsMFdiLsqbg_0002_S1203_E1518_L508_T43_R780_B315.npz,IsMFdiLsqbg_0002_S1203_E1518_L508_T43_R780_B315_natural_0_mesh_motions.pt,
IuuRvopzIf8,IuuRvopzIf8_0004_S1050_E1296_L495_T64_R767_B336,IuuRvopzIf8_0004_S1050_E1296_L495_T64_R767_B336.wav,IuuRvopzIf8_0004_S1050_E1296_L495_T64_R767_B336.npz,IuuRvopzIf8_0004_S1050_E1296_L495_T64_R767_B336.npz,IuuRvopzIf8_0004_S1050_E1296_L495_T64_R767_B336_natural_0_mesh_motions.pt,
IxYu1FAY5qc,IxYu1FAY5qc_0002_S0_E610_L67_T0_R563_B496,IxYu1FAY5qc_0002_S0_E610_L67_T0_R563_B496.wav,IxYu1FAY5qc_0002_S0_E610_L67_T0_R563_B496.npz,IxYu1FAY5qc_0002_S0_E610_L67_T0_R563_B496.npz,IxYu1FAY5qc_0002_S0_E610_L67_T0_R563_B496_natural_0_mesh_motions.pt,
J1OGqF5Eo1k,J1OGqF5Eo1k_0000_S148_E458_L569_T48_R985_B464,J1OGqF5Eo1k_0000_S148_E458_L569_T48_R985_B464.wav,J1OGqF5Eo1k_0000_S148_E458_L569_T48_R985_B464.npz,J1OGqF5Eo1k_0000_S148_E458_L569_T48_R985_B464.npz,J1OGqF5Eo1k_0000_S148_E458_L569_T48_R985_B464_natural_0_mesh_motions.pt,
J44SPYSVAAc,J44SPYSVAAc_0002_S0_E258_L475_T66_R779_B370,J44SPYSVAAc_0002_S0_E258_L475_T66_R779_B370.wav,J44SPYSVAAc_0002_S0_E258_L475_T66_R779_B370.npz,J44SPYSVAAc_0002_S0_E258_L475_T66_R779_B370.npz,J44SPYSVAAc_0002_S0_E258_L475_T66_R779_B370_natural_0_mesh_motions.pt,
J4vKu-s3OqM,J4vKu-s3OqM_0001_S0_E586_L497_T34_R801_B338,J4vKu-s3OqM_0001_S0_E586_L497_T34_R801_B338.wav,J4vKu-s3OqM_0001_S0_E586_L497_T34_R801_B338.npz,J4vKu-s3OqM_0001_S0_E586_L497_T34_R801_B338.npz,J4vKu-s3OqM_0001_S0_E586_L497_T34_R801_B338_natural_0_mesh_motions.pt,
J78srd3-odQ,J78srd3-odQ_0007_S101_E360_L682_T69_R938_B325,J78srd3-odQ_0007_S101_E360_L682_T69_R938_B325.wav,J78srd3-odQ_0007_S101_E360_L682_T69_R938_B325.npz,J78srd3-odQ_0007_S101_E360_L682_T69_R938_B325.npz,J78srd3-odQ_0007_S101_E360_L682_T69_R938_B325_natural_0_mesh_motions.pt,
J7BLQbvZyrU,J7BLQbvZyrU_0003_S1201_E1632_L365_T122_R733_B490,J7BLQbvZyrU_0003_S1201_E1632_L365_T122_R733_B490.wav,J7BLQbvZyrU_0003_S1201_E1632_L365_T122_R733_B490.npz,J7BLQbvZyrU_0003_S1201_E1632_L365_T122_R733_B490.npz,J7BLQbvZyrU_0003_S1201_E1632_L365_T122_R733_B490_natural_0_mesh_motions.pt,
J7ei1-rYHMU,J7ei1-rYHMU_0000_S0_E286_L324_T13_R916_B605,J7ei1-rYHMU_0000_S0_E286_L324_T13_R916_B605.wav,J7ei1-rYHMU_0000_S0_E286_L324_T13_R916_B605.npz,J7ei1-rYHMU_0000_S0_E286_L324_T13_R916_B605.npz,J7ei1-rYHMU_0000_S0_E286_L324_T13_R916_B605_natural_0_mesh_motions.pt,
JFkqEW-sz1c,JFkqEW-sz1c_0000_S54_E447_L491_T119_R795_B423,JFkqEW-sz1c_0000_S54_E447_L491_T119_R795_B423.wav,JFkqEW-sz1c_0000_S54_E447_L491_T119_R795_B423.npz,JFkqEW-sz1c_0000_S54_E447_L491_T119_R795_B423.npz,JFkqEW-sz1c_0000_S54_E447_L491_T119_R795_B423_natural_0_mesh_motions.pt,
JGwMIlpgR2A,JGwMIlpgR2A_0000_S1331_E1535_L389_T9_R933_B553,JGwMIlpgR2A_0000_S1331_E1535_L389_T9_R933_B553.wav,JGwMIlpgR2A_0000_S1331_E1535_L389_T9_R933_B553.npz,JGwMIlpgR2A_0000_S1331_E1535_L389_T9_R933_B553.npz,JGwMIlpgR2A_0000_S1331_E1535_L389_T9_R933_B553_natural_0_mesh_motions.pt,
JIEgN3las5E,JIEgN3las5E_0000_S1436_E1787_L150_T0_R1270_B704,JIEgN3las5E_0000_S1436_E1787_L150_T0_R1270_B704.wav,JIEgN3las5E_0000_S1436_E1787_L150_T0_R1270_B704.npz,JIEgN3las5E_0000_S1436_E1787_L150_T0_R1270_B704.npz,JIEgN3las5E_0000_S1436_E1787_L150_T0_R1270_B704_natural_0_mesh_motions.pt,
JIvGXG4z9X4,JIvGXG4z9X4_0012_S195_E436_L276_T54_R628_B406,JIvGXG4z9X4_0012_S195_E436_L276_T54_R628_B406.wav,JIvGXG4z9X4_0012_S195_E436_L276_T54_R628_B406.npz,JIvGXG4z9X4_0012_S195_E436_L276_T54_R628_B406.npz,JIvGXG4z9X4_0012_S195_E436_L276_T54_R628_B406_natural_0_mesh_motions.pt,
JKg4o6SHbCY,JKg4o6SHbCY_0003_S745_E1015_L295_T0_R1095_B672,JKg4o6SHbCY_0003_S745_E1015_L295_T0_R1095_B672.wav,JKg4o6SHbCY_0003_S745_E1015_L295_T0_R1095_B672.npz,JKg4o6SHbCY_0003_S745_E1015_L295_T0_R1095_B672.npz,JKg4o6SHbCY_0003_S745_E1015_L295_T0_R1095_B672_natural_0_mesh_motions.pt,
JLEPOAlZ7LU,JLEPOAlZ7LU_0015_S558_E783_L394_T18_R810_B434,JLEPOAlZ7LU_0015_S558_E783_L394_T18_R810_B434.wav,JLEPOAlZ7LU_0015_S558_E783_L394_T18_R810_B434.npz,JLEPOAlZ7LU_0015_S558_E783_L394_T18_R810_B434.npz,JLEPOAlZ7LU_0015_S558_E783_L394_T18_R810_B434_natural_0_mesh_motions.pt,
JUM_s4uQDW4,JUM_s4uQDW4_0001_S1130_E1410_L392_T19_R840_B467,JUM_s4uQDW4_0001_S1130_E1410_L392_T19_R840_B467.wav,JUM_s4uQDW4_0001_S1130_E1410_L392_T19_R840_B467.npz,JUM_s4uQDW4_0001_S1130_E1410_L392_T19_R840_B467.npz,JUM_s4uQDW4_0001_S1130_E1410_L392_T19_R840_B467_natural_0_mesh_motions.pt,
JVSwiQ0tNLM,JVSwiQ0tNLM_0006_S1067_E1294_L290_T28_R610_B348,JVSwiQ0tNLM_0006_S1067_E1294_L290_T28_R610_B348.wav,JVSwiQ0tNLM_0006_S1067_E1294_L290_T28_R610_B348.npz,JVSwiQ0tNLM_0006_S1067_E1294_L290_T28_R610_B348.npz,JVSwiQ0tNLM_0006_S1067_E1294_L290_T28_R610_B348_natural_0_mesh_motions.pt,
JeZ5gAUnlFk,JeZ5gAUnlFk_0002_S281_E805_L371_T38_R739_B406,JeZ5gAUnlFk_0002_S281_E805_L371_T38_R739_B406.wav,JeZ5gAUnlFk_0002_S281_E805_L371_T38_R739_B406.npz,JeZ5gAUnlFk_0002_S281_E805_L371_T38_R739_B406.npz,JeZ5gAUnlFk_0002_S281_E805_L371_T38_R739_B406_natural_0_mesh_motions.pt,
JgwRwOWyR0Y,JgwRwOWyR0Y_0003_S547_E754_L576_T0_R960_B368,JgwRwOWyR0Y_0003_S547_E754_L576_T0_R960_B368.wav,JgwRwOWyR0Y_0003_S547_E754_L576_T0_R960_B368.npz,JgwRwOWyR0Y_0003_S547_E754_L576_T0_R960_B368.npz,JgwRwOWyR0Y_0003_S547_E754_L576_T0_R960_B368_natural_0_mesh_motions.pt,
JmWnjvHEM38,JmWnjvHEM38_0000_S0_E326_L276_T67_R660_B451,JmWnjvHEM38_0000_S0_E326_L276_T67_R660_B451.wav,JmWnjvHEM38_0000_S0_E326_L276_T67_R660_B451.npz,JmWnjvHEM38_0000_S0_E326_L276_T67_R660_B451.npz,JmWnjvHEM38_0000_S0_E326_L276_T67_R660_B451_natural_0_mesh_motions.pt,
JmjxtqnhzHI,JmjxtqnhzHI_0003_S1417_E1700_L207_T0_R591_B384,JmjxtqnhzHI_0003_S1417_E1700_L207_T0_R591_B384.wav,JmjxtqnhzHI_0003_S1417_E1700_L207_T0_R591_B384.npz,JmjxtqnhzHI_0003_S1417_E1700_L207_T0_R591_B384.npz,JmjxtqnhzHI_0003_S1417_E1700_L207_T0_R591_B384_natural_0_mesh_motions.pt,
JpL__knumpM,JpL__knumpM_0004_S1320_E1680_L91_T114_R363_B386,JpL__knumpM_0004_S1320_E1680_L91_T114_R363_B386.wav,JpL__knumpM_0004_S1320_E1680_L91_T114_R363_B386.npz,JpL__knumpM_0004_S1320_E1680_L91_T114_R363_B386.npz,JpL__knumpM_0004_S1320_E1680_L91_T114_R363_B386_natural_0_mesh_motions.pt,
JrXU1owDEVs,JrXU1owDEVs_0000_S797_E1181_L859_T144_R1147_B432,JrXU1owDEVs_0000_S797_E1181_L859_T144_R1147_B432.wav,JrXU1owDEVs_0000_S797_E1181_L859_T144_R1147_B432.npz,JrXU1owDEVs_0000_S797_E1181_L859_T144_R1147_B432.npz,JrXU1owDEVs_0000_S797_E1181_L859_T144_R1147_B432_natural_0_mesh_motions.pt,
JsFEIvtKCns,JsFEIvtKCns_0000_S1306_E1619_L466_T77_R786_B397,JsFEIvtKCns_0000_S1306_E1619_L466_T77_R786_B397.wav,JsFEIvtKCns_0000_S1306_E1619_L466_T77_R786_B397.npz,JsFEIvtKCns_0000_S1306_E1619_L466_T77_R786_B397.npz,JsFEIvtKCns_0000_S1306_E1619_L466_T77_R786_B397_natural_0_mesh_motions.pt,
Juen1iIJQTE,Juen1iIJQTE_0000_S1279_E1535_L748_T21_R1212_B485,Juen1iIJQTE_0000_S1279_E1535_L748_T21_R1212_B485.wav,Juen1iIJQTE_0000_S1279_E1535_L748_T21_R1212_B485.npz,Juen1iIJQTE_0000_S1279_E1535_L748_T21_R1212_B485.npz,Juen1iIJQTE_0000_S1279_E1535_L748_T21_R1212_B485_natural_0_mesh_motions.pt,
JvpxC406_jA,JvpxC406_jA_0000_S51_E258_L335_T23_R895_B583,JvpxC406_jA_0000_S51_E258_L335_T23_R895_B583.wav,JvpxC406_jA_0000_S51_E258_L335_T23_R895_B583.npz,JvpxC406_jA_0000_S51_E258_L335_T23_R895_B583.npz,JvpxC406_jA_0000_S51_E258_L335_T23_R895_B583_natural_0_mesh_motions.pt,
JxR5EZ_GY1o,JxR5EZ_GY1o_0001_S886_E1102_L610_T107_R946_B443,JxR5EZ_GY1o_0001_S886_E1102_L610_T107_R946_B443.wav,JxR5EZ_GY1o_0001_S886_E1102_L610_T107_R946_B443.npz,JxR5EZ_GY1o_0001_S886_E1102_L610_T107_R946_B443.npz,JxR5EZ_GY1o_0001_S886_E1102_L610_T107_R946_B443_natural_0_mesh_motions.pt,
JxUqtbpjpqg,JxUqtbpjpqg_0001_S0_E491_L451_T35_R947_B531,JxUqtbpjpqg_0001_S0_E491_L451_T35_R947_B531.wav,JxUqtbpjpqg_0001_S0_E491_L451_T35_R947_B531.npz,JxUqtbpjpqg_0001_S0_E491_L451_T35_R947_B531.npz,JxUqtbpjpqg_0001_S0_E491_L451_T35_R947_B531_natural_0_mesh_motions.pt,
JxWjxAqCrCQ,JxWjxAqCrCQ_0000_S122_E395_L349_T0_R941_B496,JxWjxAqCrCQ_0000_S122_E395_L349_T0_R941_B496.wav,JxWjxAqCrCQ_0000_S122_E395_L349_T0_R941_B496.npz,JxWjxAqCrCQ_0000_S122_E395_L349_T0_R941_B496.npz,JxWjxAqCrCQ_0000_S122_E395_L349_T0_R941_B496_natural_0_mesh_motions.pt,
K-FG2oWl-2k,K-FG2oWl-2k_0006_S296_E547_L269_T0_R605_B320,K-FG2oWl-2k_0006_S296_E547_L269_T0_R605_B320.wav,K-FG2oWl-2k_0006_S296_E547_L269_T0_R605_B320.npz,K-FG2oWl-2k_0006_S296_E547_L269_T0_R605_B320.npz,K-FG2oWl-2k_0006_S296_E547_L269_T0_R605_B320_natural_0_mesh_motions.pt,
K1hPyYEMp3s,K1hPyYEMp3s_0005_S0_E287_L440_T138_R760_B458,K1hPyYEMp3s_0005_S0_E287_L440_T138_R760_B458.wav,K1hPyYEMp3s_0005_S0_E287_L440_T138_R760_B458.npz,K1hPyYEMp3s_0005_S0_E287_L440_T138_R760_B458.npz,K1hPyYEMp3s_0005_S0_E287_L440_T138_R760_B458_natural_0_mesh_motions.pt,
K2POkUf2EUQ,K2POkUf2EUQ_0000_S149_E510_L449_T129_R721_B401,K2POkUf2EUQ_0000_S149_E510_L449_T129_R721_B401.wav,K2POkUf2EUQ_0000_S149_E510_L449_T129_R721_B401.npz,K2POkUf2EUQ_0000_S149_E510_L449_T129_R721_B401.npz,K2POkUf2EUQ_0000_S149_E510_L449_T129_R721_B401_natural_0_mesh_motions.pt,
K2QS3ZvjPMM,K2QS3ZvjPMM_0000_S1420_E1799_L360_T28_R856_B524,K2QS3ZvjPMM_0000_S1420_E1799_L360_T28_R856_B524.wav,K2QS3ZvjPMM_0000_S1420_E1799_L360_T28_R856_B524.npz,K2QS3ZvjPMM_0000_S1420_E1799_L360_T28_R856_B524.npz,K2QS3ZvjPMM_0000_S1420_E1799_L360_T28_R856_B524_natural_0_mesh_motions.pt,
K2bh3ZJOFnI,K2bh3ZJOFnI_0000_S1264_E1520_L294_T26_R758_B490,K2bh3ZJOFnI_0000_S1264_E1520_L294_T26_R758_B490.wav,K2bh3ZJOFnI_0000_S1264_E1520_L294_T26_R758_B490.npz,K2bh3ZJOFnI_0000_S1264_E1520_L294_T26_R758_B490.npz,K2bh3ZJOFnI_0000_S1264_E1520_L294_T26_R758_B490_natural_0_mesh_motions.pt,
K2pUtcVSXEo,K2pUtcVSXEo_0000_S1311_E1551_L178_T0_R1202_B704,K2pUtcVSXEo_0000_S1311_E1551_L178_T0_R1202_B704.wav,K2pUtcVSXEo_0000_S1311_E1551_L178_T0_R1202_B704.npz,K2pUtcVSXEo_0000_S1311_E1551_L178_T0_R1202_B704.npz,K2pUtcVSXEo_0000_S1311_E1551_L178_T0_R1202_B704_natural_0_mesh_motions.pt,
KBQRetXolA8,KBQRetXolA8_0024_S871_E1086_L246_T2_R822_B578,KBQRetXolA8_0024_S871_E1086_L246_T2_R822_B578.wav,KBQRetXolA8_0024_S871_E1086_L246_T2_R822_B578.npz,KBQRetXolA8_0024_S871_E1086_L246_T2_R822_B578.npz,KBQRetXolA8_0024_S871_E1086_L246_T2_R822_B578_natural_0_mesh_motions.pt,
KCcenWMXQQ8,KCcenWMXQQ8_0001_S0_E384_L186_T102_R474_B390,KCcenWMXQQ8_0001_S0_E384_L186_T102_R474_B390.wav,KCcenWMXQQ8_0001_S0_E384_L186_T102_R474_B390.npz,KCcenWMXQQ8_0001_S0_E384_L186_T102_R474_B390.npz,KCcenWMXQQ8_0001_S0_E384_L186_T102_R474_B390_natural_0_mesh_motions.pt,
KD6bh5ZfS2k,KD6bh5ZfS2k_0000_S1055_E1618_L701_T43_R1117_B459,KD6bh5ZfS2k_0000_S1055_E1618_L701_T43_R1117_B459.wav,KD6bh5ZfS2k_0000_S1055_E1618_L701_T43_R1117_B459.npz,KD6bh5ZfS2k_0000_S1055_E1618_L701_T43_R1117_B459.npz,KD6bh5ZfS2k_0000_S1055_E1618_L701_T43_R1117_B459_natural_0_mesh_motions.pt,
KFDlZxR4yG4,KFDlZxR4yG4_0022_S0_E316_L659_T49_R1027_B417,KFDlZxR4yG4_0022_S0_E316_L659_T49_R1027_B417.wav,KFDlZxR4yG4_0022_S0_E316_L659_T49_R1027_B417.npz,KFDlZxR4yG4_0022_S0_E316_L659_T49_R1027_B417.npz,KFDlZxR4yG4_0022_S0_E316_L659_T49_R1027_B417_natural_0_mesh_motions.pt,
KNjgy1o65SA,KNjgy1o65SA_0000_S1098_E1846_L477_T7_R893_B423,KNjgy1o65SA_0000_S1098_E1846_L477_T7_R893_B423.wav,KNjgy1o65SA_0000_S1098_E1846_L477_T7_R893_B423.npz,KNjgy1o65SA_0000_S1098_E1846_L477_T7_R893_B423.npz,KNjgy1o65SA_0000_S1098_E1846_L477_T7_R893_B423_natural_0_mesh_motions.pt,
KP3ToVHnOZY,KP3ToVHnOZY_0001_S1072_E1759_L471_T8_R887_B424,KP3ToVHnOZY_0001_S1072_E1759_L471_T8_R887_B424.wav,KP3ToVHnOZY_0001_S1072_E1759_L471_T8_R887_B424.npz,KP3ToVHnOZY_0001_S1072_E1759_L471_T8_R887_B424.npz,KP3ToVHnOZY_0001_S1072_E1759_L471_T8_R887_B424_natural_0_mesh_motions.pt,
KQQbMdsFsdQ,KQQbMdsFsdQ_0001_S699_E1220_L240_T0_R1088_B704,KQQbMdsFsdQ_0001_S699_E1220_L240_T0_R1088_B704.wav,KQQbMdsFsdQ_0001_S699_E1220_L240_T0_R1088_B704.npz,KQQbMdsFsdQ_0001_S699_E1220_L240_T0_R1088_B704.npz,KQQbMdsFsdQ_0001_S699_E1220_L240_T0_R1088_B704_natural_0_mesh_motions.pt,
KQkK8ThNsOY,KQkK8ThNsOY_0000_S1375_E1801_L342_T50_R678_B386,KQkK8ThNsOY_0000_S1375_E1801_L342_T50_R678_B386.wav,KQkK8ThNsOY_0000_S1375_E1801_L342_T50_R678_B386.npz,KQkK8ThNsOY_0000_S1375_E1801_L342_T50_R678_B386.npz,KQkK8ThNsOY_0000_S1375_E1801_L342_T50_R678_B386_natural_0_mesh_motions.pt,
KTxhy419vto,KTxhy419vto_0000_S1076_E1361_L374_T32_R934_B592,KTxhy419vto_0000_S1076_E1361_L374_T32_R934_B592.wav,KTxhy419vto_0000_S1076_E1361_L374_T32_R934_B592.npz,KTxhy419vto_0000_S1076_E1361_L374_T32_R934_B592.npz,KTxhy419vto_0000_S1076_E1361_L374_T32_R934_B592_natural_0_mesh_motions.pt,
K_vUbBQzFjw,K_vUbBQzFjw_0001_S785_E1305_L328_T0_R1016_B656,K_vUbBQzFjw_0001_S785_E1305_L328_T0_R1016_B656.wav,K_vUbBQzFjw_0001_S785_E1305_L328_T0_R1016_B656.npz,K_vUbBQzFjw_0001_S785_E1305_L328_T0_R1016_B656.npz,K_vUbBQzFjw_0001_S785_E1305_L328_T0_R1016_B656_natural_0_mesh_motions.pt,
KcdTad5fztE,KcdTad5fztE_0000_S0_E330_L435_T13_R819_B397,KcdTad5fztE_0000_S0_E330_L435_T13_R819_B397.wav,KcdTad5fztE_0000_S0_E330_L435_T13_R819_B397.npz,KcdTad5fztE_0000_S0_E330_L435_T13_R819_B397.npz,KcdTad5fztE_0000_S0_E330_L435_T13_R819_B397_natural_0_mesh_motions.pt,
Kd9RcLW7knw,Kd9RcLW7knw_0000_S533_E1155_L681_T63_R953_B335,Kd9RcLW7knw_0000_S533_E1155_L681_T63_R953_B335.wav,Kd9RcLW7knw_0000_S533_E1155_L681_T63_R953_B335.npz,Kd9RcLW7knw_0000_S533_E1155_L681_T63_R953_B335.npz,Kd9RcLW7knw_0000_S533_E1155_L681_T63_R953_B335_natural_0_mesh_motions.pt,
Khnx2cNTiu0,Khnx2cNTiu0_0000_S720_E999_L705_T136_R1009_B440,Khnx2cNTiu0_0000_S720_E999_L705_T136_R1009_B440.wav,Khnx2cNTiu0_0000_S720_E999_L705_T136_R1009_B440.npz,Khnx2cNTiu0_0000_S720_E999_L705_T136_R1009_B440.npz,Khnx2cNTiu0_0000_S720_E999_L705_T136_R1009_B440_natural_0_mesh_motions.pt,
KjMe0TXyQzM,KjMe0TXyQzM_0000_S242_E536_L682_T48_R970_B336,KjMe0TXyQzM_0000_S242_E536_L682_T48_R970_B336.wav,KjMe0TXyQzM_0000_S242_E536_L682_T48_R970_B336.npz,KjMe0TXyQzM_0000_S242_E536_L682_T48_R970_B336.npz,KjMe0TXyQzM_0000_S242_E536_L682_T48_R970_B336_natural_0_mesh_motions.pt,
KmmMz3NfoU4,KmmMz3NfoU4_0000_S555_E891_L393_T72_R761_B440,KmmMz3NfoU4_0000_S555_E891_L393_T72_R761_B440.wav,KmmMz3NfoU4_0000_S555_E891_L393_T72_R761_B440.npz,KmmMz3NfoU4_0000_S555_E891_L393_T72_R761_B440.npz,KmmMz3NfoU4_0000_S555_E891_L393_T72_R761_B440_natural_0_mesh_motions.pt,
KoqaUANGvpA,KoqaUANGvpA_0000_S0_E537_L441_T98_R841_B498,KoqaUANGvpA_0000_S0_E537_L441_T98_R841_B498.wav,KoqaUANGvpA_0000_S0_E537_L441_T98_R841_B498.npz,KoqaUANGvpA_0000_S0_E537_L441_T98_R841_B498.npz,KoqaUANGvpA_0000_S0_E537_L441_T98_R841_B498_natural_0_mesh_motions.pt,
KqygzQmEuhA,KqygzQmEuhA_0009_S238_E491_L376_T57_R888_B569,KqygzQmEuhA_0009_S238_E491_L376_T57_R888_B569.wav,KqygzQmEuhA_0009_S238_E491_L376_T57_R888_B569.npz,KqygzQmEuhA_0009_S238_E491_L376_T57_R888_B569.npz,KqygzQmEuhA_0009_S238_E491_L376_T57_R888_B569_natural_0_mesh_motions.pt,
Kr4Xe-BghFU,Kr4Xe-BghFU_0030_S373_E619_L570_T7_R858_B295,Kr4Xe-BghFU_0030_S373_E619_L570_T7_R858_B295.wav,Kr4Xe-BghFU_0030_S373_E619_L570_T7_R858_B295.npz,Kr4Xe-BghFU_0030_S373_E619_L570_T7_R858_B295.npz,Kr4Xe-BghFU_0030_S373_E619_L570_T7_R858_B295_natural_0_mesh_motions.pt,
KrEzYXCjJDQ,KrEzYXCjJDQ_0000_S0_E548_L372_T0_R884_B480,KrEzYXCjJDQ_0000_S0_E548_L372_T0_R884_B480.wav,KrEzYXCjJDQ_0000_S0_E548_L372_T0_R884_B480.npz,KrEzYXCjJDQ_0000_S0_E548_L372_T0_R884_B480.npz,KrEzYXCjJDQ_0000_S0_E548_L372_T0_R884_B480_natural_0_mesh_motions.pt,
KtHgPTAdfYM,KtHgPTAdfYM_0003_S192_E478_L483_T11_R915_B443,KtHgPTAdfYM_0003_S192_E478_L483_T11_R915_B443.wav,KtHgPTAdfYM_0003_S192_E478_L483_T11_R915_B443.npz,KtHgPTAdfYM_0003_S192_E478_L483_T11_R915_B443.npz,KtHgPTAdfYM_0003_S192_E478_L483_T11_R915_B443_natural_0_mesh_motions.pt,
KuqcVxRqQHI,KuqcVxRqQHI_0000_S1314_E1531_L636_T49_R988_B401,KuqcVxRqQHI_0000_S1314_E1531_L636_T49_R988_B401.wav,KuqcVxRqQHI_0000_S1314_E1531_L636_T49_R988_B401.npz,KuqcVxRqQHI_0000_S1314_E1531_L636_T49_R988_B401.npz,KuqcVxRqQHI_0000_S1314_E1531_L636_T49_R988_B401_natural_0_mesh_motions.pt,
KxbRf-ZlSSk,KxbRf-ZlSSk_0000_S0_E407_L438_T56_R1078_B696,KxbRf-ZlSSk_0000_S0_E407_L438_T56_R1078_B696.wav,KxbRf-ZlSSk_0000_S0_E407_L438_T56_R1078_B696.npz,KxbRf-ZlSSk_0000_S0_E407_L438_T56_R1078_B696.npz,KxbRf-ZlSSk_0000_S0_E407_L438_T56_R1078_B696_natural_0_mesh_motions.pt,
KxcNu6WZSCY,KxcNu6WZSCY_0001_S0_E279_L469_T145_R805_B481,KxcNu6WZSCY_0001_S0_E279_L469_T145_R805_B481.wav,KxcNu6WZSCY_0001_S0_E279_L469_T145_R805_B481.npz,KxcNu6WZSCY_0001_S0_E279_L469_T145_R805_B481.npz,KxcNu6WZSCY_0001_S0_E279_L469_T145_R805_B481_natural_0_mesh_motions.pt,
KzVzRN5XoJs,KzVzRN5XoJs_0000_S160_E534_L425_T14_R841_B430,KzVzRN5XoJs_0000_S160_E534_L425_T14_R841_B430.wav,KzVzRN5XoJs_0000_S160_E534_L425_T14_R841_B430.npz,KzVzRN5XoJs_0000_S160_E534_L425_T14_R841_B430.npz,KzVzRN5XoJs_0000_S160_E534_L425_T14_R841_B430_natural_0_mesh_motions.pt,
Kz_wvavZp6c,Kz_wvavZp6c_0000_S1330_E1694_L508_T160_R812_B464,Kz_wvavZp6c_0000_S1330_E1694_L508_T160_R812_B464.wav,Kz_wvavZp6c_0000_S1330_E1694_L508_T160_R812_B464.npz,Kz_wvavZp6c_0000_S1330_E1694_L508_T160_R812_B464.npz,Kz_wvavZp6c_0000_S1330_E1694_L508_T160_R812_B464_natural_0_mesh_motions.pt,
L0LZDwNDqRQ,L0LZDwNDqRQ_0007_S1235_E1817_L0_T0_R416_B480,L0LZDwNDqRQ_0007_S1235_E1817_L0_T0_R416_B480.wav,L0LZDwNDqRQ_0007_S1235_E1817_L0_T0_R416_B480.npz,L0LZDwNDqRQ_0007_S1235_E1817_L0_T0_R416_B480.npz,L0LZDwNDqRQ_0007_S1235_E1817_L0_T0_R416_B480_natural_0_mesh_motions.pt,
L13WvYq8G68,L13WvYq8G68_0000_S753_E1221_L249_T3_R649_B403,L13WvYq8G68_0000_S753_E1221_L249_T3_R649_B403.wav,L13WvYq8G68_0000_S753_E1221_L249_T3_R649_B403.npz,L13WvYq8G68_0000_S753_E1221_L249_T3_R649_B403.npz,L13WvYq8G68_0000_S753_E1221_L249_T3_R649_B403_natural_0_mesh_motions.pt,
L37uYJnDxVY,L37uYJnDxVY_0003_S223_E596_L333_T0_R861_B496,L37uYJnDxVY_0003_S223_E596_L333_T0_R861_B496.wav,L37uYJnDxVY_0003_S223_E596_L333_T0_R861_B496.npz,L37uYJnDxVY_0003_S223_E596_L333_T0_R861_B496.npz,L37uYJnDxVY_0003_S223_E596_L333_T0_R861_B496_natural_0_mesh_motions.pt,
L5M93LmOmqw,L5M93LmOmqw_0001_S426_E794_L565_T114_R949_B498,L5M93LmOmqw_0001_S426_E794_L565_T114_R949_B498.wav,L5M93LmOmqw_0001_S426_E794_L565_T114_R949_B498.npz,L5M93LmOmqw_0001_S426_E794_L565_T114_R949_B498.npz,L5M93LmOmqw_0001_S426_E794_L565_T114_R949_B498_natural_0_mesh_motions.pt,
LG8TfyiQr7w,LG8TfyiQr7w_0002_S1104_E1400_L433_T67_R865_B499,LG8TfyiQr7w_0002_S1104_E1400_L433_T67_R865_B499.wav,LG8TfyiQr7w_0002_S1104_E1400_L433_T67_R865_B499.npz,LG8TfyiQr7w_0002_S1104_E1400_L433_T67_R865_B499.npz,LG8TfyiQr7w_0002_S1104_E1400_L433_T67_R865_B499_natural_0_mesh_motions.pt,
LH0IOQrB-NU,LH0IOQrB-NU_0005_S0_E394_L15_T0_R1135_B656,LH0IOQrB-NU_0005_S0_E394_L15_T0_R1135_B656.wav,LH0IOQrB-NU_0005_S0_E394_L15_T0_R1135_B656.npz,LH0IOQrB-NU_0005_S0_E394_L15_T0_R1135_B656.npz,LH0IOQrB-NU_0005_S0_E394_L15_T0_R1135_B656_natural_0_mesh_motions.pt,
LH1WrGpM7p8,LH1WrGpM7p8_0000_S1367_E1713_L438_T0_R886_B432,LH1WrGpM7p8_0000_S1367_E1713_L438_T0_R886_B432.wav,LH1WrGpM7p8_0000_S1367_E1713_L438_T0_R886_B432.npz,LH1WrGpM7p8_0000_S1367_E1713_L438_T0_R886_B432.npz,LH1WrGpM7p8_0000_S1367_E1713_L438_T0_R886_B432_natural_0_mesh_motions.pt,
LHFY1Vg97AQ,LHFY1Vg97AQ_0000_S322_E569_L492_T0_R1276_B640,LHFY1Vg97AQ_0000_S322_E569_L492_T0_R1276_B640.wav,LHFY1Vg97AQ_0000_S322_E569_L492_T0_R1276_B640.npz,LHFY1Vg97AQ_0000_S322_E569_L492_T0_R1276_B640.npz,LHFY1Vg97AQ_0000_S322_E569_L492_T0_R1276_B640_natural_0_mesh_motions.pt,
LHNNYQ57V2c,LHNNYQ57V2c_0000_S0_E418_L267_T0_R907_B480,LHNNYQ57V2c_0000_S0_E418_L267_T0_R907_B480.wav,LHNNYQ57V2c_0000_S0_E418_L267_T0_R907_B480.npz,LHNNYQ57V2c_0000_S0_E418_L267_T0_R907_B480.npz,LHNNYQ57V2c_0000_S0_E418_L267_T0_R907_B480_natural_0_mesh_motions.pt,
LL-SFPRBBFw,LL-SFPRBBFw_0000_S1206_E1497_L614_T158_R918_B462,LL-SFPRBBFw_0000_S1206_E1497_L614_T158_R918_B462.wav,LL-SFPRBBFw_0000_S1206_E1497_L614_T158_R918_B462.npz,LL-SFPRBBFw_0000_S1206_E1497_L614_T158_R918_B462.npz,LL-SFPRBBFw_0000_S1206_E1497_L614_T158_R918_B462_natural_0_mesh_motions.pt,
LR7ZZ5gw984,LR7ZZ5gw984_0000_S356_E891_L308_T61_R820_B573,LR7ZZ5gw984_0000_S356_E891_L308_T61_R820_B573.wav,LR7ZZ5gw984_0000_S356_E891_L308_T61_R820_B573.npz,LR7ZZ5gw984_0000_S356_E891_L308_T61_R820_B573.npz,LR7ZZ5gw984_0000_S356_E891_L308_T61_R820_B573_natural_0_mesh_motions.pt,
LRXrEiBeOXo,LRXrEiBeOXo_0001_S137_E434_L406_T19_R790_B403,LRXrEiBeOXo_0001_S137_E434_L406_T19_R790_B403.wav,LRXrEiBeOXo_0001_S137_E434_L406_T19_R790_B403.npz,LRXrEiBeOXo_0001_S137_E434_L406_T19_R790_B403.npz,LRXrEiBeOXo_0001_S137_E434_L406_T19_R790_B403_natural_0_mesh_motions.pt,
LTZPvLi3Hdc,LTZPvLi3Hdc_0000_S1124_E1399_L436_T59_R788_B411,LTZPvLi3Hdc_0000_S1124_E1399_L436_T59_R788_B411.wav,LTZPvLi3Hdc_0000_S1124_E1399_L436_T59_R788_B411.npz,LTZPvLi3Hdc_0000_S1124_E1399_L436_T59_R788_B411.npz,LTZPvLi3Hdc_0000_S1124_E1399_L436_T59_R788_B411_natural_0_mesh_motions.pt,
LVYVlHr2FKU,LVYVlHr2FKU_0003_S1139_E1484_L529_T43_R945_B459,LVYVlHr2FKU_0003_S1139_E1484_L529_T43_R945_B459.wav,LVYVlHr2FKU_0003_S1139_E1484_L529_T43_R945_B459.npz,LVYVlHr2FKU_0003_S1139_E1484_L529_T43_R945_B459.npz,LVYVlHr2FKU_0003_S1139_E1484_L529_T43_R945_B459_natural_0_mesh_motions.pt,
LXAcG9mITz0,LXAcG9mITz0_0017_S1398_E1759_L267_T80_R651_B464,LXAcG9mITz0_0017_S1398_E1759_L267_T80_R651_B464.wav,LXAcG9mITz0_0017_S1398_E1759_L267_T80_R651_B464.npz,LXAcG9mITz0_0017_S1398_E1759_L267_T80_R651_B464.npz,LXAcG9mITz0_0017_S1398_E1759_L267_T80_R651_B464_natural_0_mesh_motions.pt,
Lawz1Mc16Vo,Lawz1Mc16Vo_0009_S251_E664_L300_T78_R796_B574,Lawz1Mc16Vo_0009_S251_E664_L300_T78_R796_B574.wav,Lawz1Mc16Vo_0009_S251_E664_L300_T78_R796_B574.npz,Lawz1Mc16Vo_0009_S251_E664_L300_T78_R796_B574.npz,Lawz1Mc16Vo_0009_S251_E664_L300_T78_R796_B574_natural_0_mesh_motions.pt,
LbR6jjbgbis,LbR6jjbgbis_0002_S1247_E1499_L284_T28_R700_B444,LbR6jjbgbis_0002_S1247_E1499_L284_T28_R700_B444.wav,LbR6jjbgbis_0002_S1247_E1499_L284_T28_R700_B444.npz,LbR6jjbgbis_0002_S1247_E1499_L284_T28_R700_B444.npz,LbR6jjbgbis_0002_S1247_E1499_L284_T28_R700_B444_natural_0_mesh_motions.pt,
LgT5uYkkPE4,LgT5uYkkPE4_0001_S156_E365_L407_T24_R887_B504,LgT5uYkkPE4_0001_S156_E365_L407_T24_R887_B504.wav,LgT5uYkkPE4_0001_S156_E365_L407_T24_R887_B504.npz,LgT5uYkkPE4_0001_S156_E365_L407_T24_R887_B504.npz,LgT5uYkkPE4_0001_S156_E365_L407_T24_R887_B504_natural_0_mesh_motions.pt,
LhF_sfDfBd4,LhF_sfDfBd4_0000_S396_E649_L478_T0_R974_B496,LhF_sfDfBd4_0000_S396_E649_L478_T0_R974_B496.wav,LhF_sfDfBd4_0000_S396_E649_L478_T0_R974_B496.npz,LhF_sfDfBd4_0000_S396_E649_L478_T0_R974_B496.npz,LhF_sfDfBd4_0000_S396_E649_L478_T0_R974_B496_natural_0_mesh_motions.pt,
LiCmCW6EGzA,LiCmCW6EGzA_0000_S1551_E1811_L311_T82_R615_B386,LiCmCW6EGzA_0000_S1551_E1811_L311_T82_R615_B386.wav,LiCmCW6EGzA_0000_S1551_E1811_L311_T82_R615_B386.npz,LiCmCW6EGzA_0000_S1551_E1811_L311_T82_R615_B386.npz,LiCmCW6EGzA_0000_S1551_E1811_L311_T82_R615_B386_natural_0_mesh_motions.pt,
Li_m7BVja44,Li_m7BVja44_0001_S1021_E1268_L509_T61_R941_B493,Li_m7BVja44_0001_S1021_E1268_L509_T61_R941_B493.wav,Li_m7BVja44_0001_S1021_E1268_L509_T61_R941_B493.npz,Li_m7BVja44_0001_S1021_E1268_L509_T61_R941_B493.npz,Li_m7BVja44_0001_S1021_E1268_L509_T61_R941_B493_natural_0_mesh_motions.pt,
LylMvKFdwJU,LylMvKFdwJU_0003_S769_E911_L471_T33_R775_B337,LylMvKFdwJU_0003_S769_E911_L471_T33_R775_B337.wav,LylMvKFdwJU_0003_S769_E911_L471_T33_R775_B337.npz,LylMvKFdwJU_0003_S769_E911_L471_T33_R775_B337.npz,LylMvKFdwJU_0003_S769_E911_L471_T33_R775_B337_natural_0_mesh_motions.pt,
M76UHFsQp2U,M76UHFsQp2U_0002_S1060_E1370_L653_T69_R941_B357,M76UHFsQp2U_0002_S1060_E1370_L653_T69_R941_B357.wav,M76UHFsQp2U_0002_S1060_E1370_L653_T69_R941_B357.npz,M76UHFsQp2U_0002_S1060_E1370_L653_T69_R941_B357.npz,M76UHFsQp2U_0002_S1060_E1370_L653_T69_R941_B357_natural_0_mesh_motions.pt,
M8SkT5nE-0s,M8SkT5nE-0s_0008_S0_E745_L407_T37_R855_B485,M8SkT5nE-0s_0008_S0_E745_L407_T37_R855_B485.wav,M8SkT5nE-0s_0008_S0_E745_L407_T37_R855_B485.npz,M8SkT5nE-0s_0008_S0_E745_L407_T37_R855_B485.npz,M8SkT5nE-0s_0008_S0_E745_L407_T37_R855_B485_natural_0_mesh_motions.pt,
M8ayDH5DuJA,M8ayDH5DuJA_0000_S461_E673_L688_T0_R1136_B448,M8ayDH5DuJA_0000_S461_E673_L688_T0_R1136_B448.wav,M8ayDH5DuJA_0000_S461_E673_L688_T0_R1136_B448.npz,M8ayDH5DuJA_0000_S461_E673_L688_T0_R1136_B448.npz,M8ayDH5DuJA_0000_S461_E673_L688_T0_R1136_B448_natural_0_mesh_motions.pt,
M9Xsci4JUy4,M9Xsci4JUy4_0000_S1004_E1611_L119_T149_R551_B581,M9Xsci4JUy4_0000_S1004_E1611_L119_T149_R551_B581.wav,M9Xsci4JUy4_0000_S1004_E1611_L119_T149_R551_B581.npz,M9Xsci4JUy4_0000_S1004_E1611_L119_T149_R551_B581.npz,M9Xsci4JUy4_0000_S1004_E1611_L119_T149_R551_B581_natural_0_mesh_motions.pt,
MCQ3H2jfCBs,MCQ3H2jfCBs_0000_S0_E329_L365_T0_R877_B496,MCQ3H2jfCBs_0000_S0_E329_L365_T0_R877_B496.wav,MCQ3H2jfCBs_0000_S0_E329_L365_T0_R877_B496.npz,MCQ3H2jfCBs_0000_S0_E329_L365_T0_R877_B496.npz,MCQ3H2jfCBs_0000_S0_E329_L365_T0_R877_B496_natural_0_mesh_motions.pt,
MFcNY_CyXk4,MFcNY_CyXk4_0000_S943_E1253_L395_T2_R1067_B674,MFcNY_CyXk4_0000_S943_E1253_L395_T2_R1067_B674.wav,MFcNY_CyXk4_0000_S943_E1253_L395_T2_R1067_B674.npz,MFcNY_CyXk4_0000_S943_E1253_L395_T2_R1067_B674.npz,MFcNY_CyXk4_0000_S943_E1253_L395_T2_R1067_B674_natural_0_mesh_motions.pt,
MGGCuJdo8xs,MGGCuJdo8xs_0042_S660_E904_L313_T55_R649_B391,MGGCuJdo8xs_0042_S660_E904_L313_T55_R649_B391.wav,MGGCuJdo8xs_0042_S660_E904_L313_T55_R649_B391.npz,MGGCuJdo8xs_0042_S660_E904_L313_T55_R649_B391.npz,MGGCuJdo8xs_0042_S660_E904_L313_T55_R649_B391_natural_0_mesh_motions.pt,
MLUJVpk0BM8,MLUJVpk0BM8_0000_S1050_E1301_L490_T77_R778_B365,MLUJVpk0BM8_0000_S1050_E1301_L490_T77_R778_B365.wav,MLUJVpk0BM8_0000_S1050_E1301_L490_T77_R778_B365.npz,MLUJVpk0BM8_0000_S1050_E1301_L490_T77_R778_B365.npz,MLUJVpk0BM8_0000_S1050_E1301_L490_T77_R778_B365_natural_0_mesh_motions.pt,
MLay5YHp48w,MLay5YHp48w_0005_S470_E713_L536_T49_R856_B369,MLay5YHp48w_0005_S470_E713_L536_T49_R856_B369.wav,MLay5YHp48w_0005_S470_E713_L536_T49_R856_B369.npz,MLay5YHp48w_0005_S470_E713_L536_T49_R856_B369.npz,MLay5YHp48w_0005_S470_E713_L536_T49_R856_B369_natural_0_mesh_motions.pt,
MSr3hE3z2jw,MSr3hE3z2jw_0000_S242_E657_L260_T2_R612_B354,MSr3hE3z2jw_0000_S242_E657_L260_T2_R612_B354.wav,MSr3hE3z2jw_0000_S242_E657_L260_T2_R612_B354.npz,MSr3hE3z2jw_0000_S242_E657_L260_T2_R612_B354.npz,MSr3hE3z2jw_0000_S242_E657_L260_T2_R612_B354_natural_0_mesh_motions.pt,
MT6uJni993A,MT6uJni993A_0064_S113_E465_L435_T117_R707_B389,MT6uJni993A_0064_S113_E465_L435_T117_R707_B389.wav,MT6uJni993A_0064_S113_E465_L435_T117_R707_B389.npz,MT6uJni993A_0064_S113_E465_L435_T117_R707_B389.npz,MT6uJni993A_0064_S113_E465_L435_T117_R707_B389_natural_0_mesh_motions.pt,
MVI_yEqA2RE,MVI_yEqA2RE_0001_S1172_E1696_L628_T70_R980_B422,MVI_yEqA2RE_0001_S1172_E1696_L628_T70_R980_B422.wav,MVI_yEqA2RE_0001_S1172_E1696_L628_T70_R980_B422.npz,MVI_yEqA2RE_0001_S1172_E1696_L628_T70_R980_B422.npz,MVI_yEqA2RE_0001_S1172_E1696_L628_T70_R980_B422_natural_0_mesh_motions.pt,
MeM6r8Nj8G0,MeM6r8Nj8G0_0000_S359_E682_L746_T78_R1130_B462,MeM6r8Nj8G0_0000_S359_E682_L746_T78_R1130_B462.wav,MeM6r8Nj8G0_0000_S359_E682_L746_T78_R1130_B462.npz,MeM6r8Nj8G0_0000_S359_E682_L746_T78_R1130_B462.npz,MeM6r8Nj8G0_0000_S359_E682_L746_T78_R1130_B462_natural_0_mesh_motions.pt,
MgLHVw0tUBg,MgLHVw0tUBg_0001_S28_E283_L633_T164_R1161_B692,MgLHVw0tUBg_0001_S28_E283_L633_T164_R1161_B692.wav,MgLHVw0tUBg_0001_S28_E283_L633_T164_R1161_B692.npz,MgLHVw0tUBg_0001_S28_E283_L633_T164_R1161_B692.npz,MgLHVw0tUBg_0001_S28_E283_L633_T164_R1161_B692_natural_0_mesh_motions.pt,
Mh3Dvs7DwdM,Mh3Dvs7DwdM_0005_S1006_E1361_L612_T41_R980_B409,Mh3Dvs7DwdM_0005_S1006_E1361_L612_T41_R980_B409.wav,Mh3Dvs7DwdM_0005_S1006_E1361_L612_T41_R980_B409.npz,Mh3Dvs7DwdM_0005_S1006_E1361_L612_T41_R980_B409.npz,Mh3Dvs7DwdM_0005_S1006_E1361_L612_T41_R980_B409_natural_0_mesh_motions.pt,
Misd5Qrx_CI,Misd5Qrx_CI_0050_S1390_E1657_L157_T94_R413_B350,Misd5Qrx_CI_0050_S1390_E1657_L157_T94_R413_B350.wav,Misd5Qrx_CI_0050_S1390_E1657_L157_T94_R413_B350.npz,Misd5Qrx_CI_0050_S1390_E1657_L157_T94_R413_B350.npz,Misd5Qrx_CI_0050_S1390_E1657_L157_T94_R413_B350_natural_0_mesh_motions.pt,
MmfiHdQ4Wfs,MmfiHdQ4Wfs_0003_S1323_E1675_L438_T0_R1126_B656,MmfiHdQ4Wfs_0003_S1323_E1675_L438_T0_R1126_B656.wav,MmfiHdQ4Wfs_0003_S1323_E1675_L438_T0_R1126_B656.npz,MmfiHdQ4Wfs_0003_S1323_E1675_L438_T0_R1126_B656.npz,MmfiHdQ4Wfs_0003_S1323_E1675_L438_T0_R1126_B656_natural_0_mesh_motions.pt,
MousuD_jX24,MousuD_jX24_0001_S1481_E1799_L437_T38_R869_B470,MousuD_jX24_0001_S1481_E1799_L437_T38_R869_B470.wav,MousuD_jX24_0001_S1481_E1799_L437_T38_R869_B470.npz,MousuD_jX24_0001_S1481_E1799_L437_T38_R869_B470.npz,MousuD_jX24_0001_S1481_E1799_L437_T38_R869_B470_natural_0_mesh_motions.pt,
MpGxOR50sn4,MpGxOR50sn4_0001_S794_E1180_L430_T62_R798_B430,MpGxOR50sn4_0001_S794_E1180_L430_T62_R798_B430.wav,MpGxOR50sn4_0001_S794_E1180_L430_T62_R798_B430.npz,MpGxOR50sn4_0001_S794_E1180_L430_T62_R798_B430.npz,MpGxOR50sn4_0001_S794_E1180_L430_T62_R798_B430_natural_0_mesh_motions.pt,
Mrcn4Q50j5s,Mrcn4Q50j5s_0001_S0_E280_L509_T91_R813_B395,Mrcn4Q50j5s_0001_S0_E280_L509_T91_R813_B395.wav,Mrcn4Q50j5s_0001_S0_E280_L509_T91_R813_B395.npz,Mrcn4Q50j5s_0001_S0_E280_L509_T91_R813_B395.npz,Mrcn4Q50j5s_0001_S0_E280_L509_T91_R813_B395_natural_0_mesh_motions.pt,
MsA2OJiYApw,MsA2OJiYApw_0000_S1086_E1579_L493_T41_R829_B377,MsA2OJiYApw_0000_S1086_E1579_L493_T41_R829_B377.wav,MsA2OJiYApw_0000_S1086_E1579_L493_T41_R829_B377.npz,MsA2OJiYApw_0000_S1086_E1579_L493_T41_R829_B377.npz,MsA2OJiYApw_0000_S1086_E1579_L493_T41_R829_B377_natural_0_mesh_motions.pt,
N15YpxEHjVs,N15YpxEHjVs_0000_S0_E252_L498_T35_R898_B435,N15YpxEHjVs_0000_S0_E252_L498_T35_R898_B435.wav,N15YpxEHjVs_0000_S0_E252_L498_T35_R898_B435.npz,N15YpxEHjVs_0000_S0_E252_L498_T35_R898_B435.npz,N15YpxEHjVs_0000_S0_E252_L498_T35_R898_B435_natural_0_mesh_motions.pt,
N1cJakFhjNo,N1cJakFhjNo_0004_S1200_E1434_L580_T46_R836_B302,N1cJakFhjNo_0004_S1200_E1434_L580_T46_R836_B302.wav,N1cJakFhjNo_0004_S1200_E1434_L580_T46_R836_B302.npz,N1cJakFhjNo_0004_S1200_E1434_L580_T46_R836_B302.npz,N1cJakFhjNo_0004_S1200_E1434_L580_T46_R836_B302_natural_0_mesh_motions.pt,
N5esEarb5MQ,N5esEarb5MQ_0000_S965_E1158_L653_T28_R973_B348,N5esEarb5MQ_0000_S965_E1158_L653_T28_R973_B348.wav,N5esEarb5MQ_0000_S965_E1158_L653_T28_R973_B348.npz,N5esEarb5MQ_0000_S965_E1158_L653_T28_R973_B348.npz,N5esEarb5MQ_0000_S965_E1158_L653_T28_R973_B348_natural_0_mesh_motions.pt,
N8XGCs0js30,N8XGCs0js30_0020_S611_E879_L443_T114_R747_B418,N8XGCs0js30_0020_S611_E879_L443_T114_R747_B418.wav,N8XGCs0js30_0020_S611_E879_L443_T114_R747_B418.npz,N8XGCs0js30_0020_S611_E879_L443_T114_R747_B418.npz,N8XGCs0js30_0020_S611_E879_L443_T114_R747_B418_natural_0_mesh_motions.pt,
N9JXjNCR1EM,N9JXjNCR1EM_0000_S1408_E1652_L269_T0_R669_B368,N9JXjNCR1EM_0000_S1408_E1652_L269_T0_R669_B368.wav,N9JXjNCR1EM_0000_S1408_E1652_L269_T0_R669_B368.npz,N9JXjNCR1EM_0000_S1408_E1652_L269_T0_R669_B368.npz,N9JXjNCR1EM_0000_S1408_E1652_L269_T0_R669_B368_natural_0_mesh_motions.pt,
NDsl1_vHHTc,NDsl1_vHHTc_0000_S1391_E1611_L495_T0_R1247_B640,NDsl1_vHHTc_0000_S1391_E1611_L495_T0_R1247_B640.wav,NDsl1_vHHTc_0000_S1391_E1611_L495_T0_R1247_B640.npz,NDsl1_vHHTc_0000_S1391_E1611_L495_T0_R1247_B640.npz,NDsl1_vHHTc_0000_S1391_E1611_L495_T0_R1247_B640_natural_0_mesh_motions.pt,
NISKpzp_QAM,NISKpzp_QAM_0000_S654_E1201_L82_T0_R514_B384,NISKpzp_QAM_0000_S654_E1201_L82_T0_R514_B384.wav,NISKpzp_QAM_0000_S654_E1201_L82_T0_R514_B384.npz,NISKpzp_QAM_0000_S654_E1201_L82_T0_R514_B384.npz,NISKpzp_QAM_0000_S654_E1201_L82_T0_R514_B384_natural_0_mesh_motions.pt,
NMWqBL_Uhr4,NMWqBL_Uhr4_0009_S1506_E1759_L289_T0_R1089_B688,NMWqBL_Uhr4_0009_S1506_E1759_L289_T0_R1089_B688.wav,NMWqBL_Uhr4_0009_S1506_E1759_L289_T0_R1089_B688.npz,NMWqBL_Uhr4_0009_S1506_E1759_L289_T0_R1089_B688.npz,NMWqBL_Uhr4_0009_S1506_E1759_L289_T0_R1089_B688_natural_0_mesh_motions.pt,
NM_SJwSMRT8,NM_SJwSMRT8_0007_S859_E1105_L244_T20_R820_B596,NM_SJwSMRT8_0007_S859_E1105_L244_T20_R820_B596.wav,NM_SJwSMRT8_0007_S859_E1105_L244_T20_R820_B596.npz,NM_SJwSMRT8_0007_S859_E1105_L244_T20_R820_B596.npz,NM_SJwSMRT8_0007_S859_E1105_L244_T20_R820_B596_natural_0_mesh_motions.pt,
NMpf6HNYIzc,NMpf6HNYIzc_0034_S373_E713_L459_T45_R859_B445,NMpf6HNYIzc_0034_S373_E713_L459_T45_R859_B445.wav,NMpf6HNYIzc_0034_S373_E713_L459_T45_R859_B445.npz,NMpf6HNYIzc_0034_S373_E713_L459_T45_R859_B445.npz,NMpf6HNYIzc_0034_S373_E713_L459_T45_R859_B445_natural_0_mesh_motions.pt,
NOYFz4DIfh8,NOYFz4DIfh8_0012_S903_E1192_L226_T55_R530_B359,NOYFz4DIfh8_0012_S903_E1192_L226_T55_R530_B359.wav,NOYFz4DIfh8_0012_S903_E1192_L226_T55_R530_B359.npz,NOYFz4DIfh8_0012_S903_E1192_L226_T55_R530_B359.npz,NOYFz4DIfh8_0012_S903_E1192_L226_T55_R530_B359_natural_0_mesh_motions.pt,
NSZvUu8Q8ZQ,NSZvUu8Q8ZQ_0048_S1090_E1624_L421_T64_R837_B480,NSZvUu8Q8ZQ_0048_S1090_E1624_L421_T64_R837_B480.wav,NSZvUu8Q8ZQ_0048_S1090_E1624_L421_T64_R837_B480.npz,NSZvUu8Q8ZQ_0048_S1090_E1624_L421_T64_R837_B480.npz,NSZvUu8Q8ZQ_0048_S1090_E1624_L421_T64_R837_B480_natural_0_mesh_motions.pt,
Nbn1NJjbqoc,Nbn1NJjbqoc_0017_S870_E1230_L405_T0_R869_B464,Nbn1NJjbqoc_0017_S870_E1230_L405_T0_R869_B464.wav,Nbn1NJjbqoc_0017_S870_E1230_L405_T0_R869_B464.npz,Nbn1NJjbqoc_0017_S870_E1230_L405_T0_R869_B464.npz,Nbn1NJjbqoc_0017_S870_E1230_L405_T0_R869_B464_natural_0_mesh_motions.pt,
Nc-HP2vyKoE,Nc-HP2vyKoE_0000_S617_E817_L429_T83_R733_B387,Nc-HP2vyKoE_0000_S617_E817_L429_T83_R733_B387.wav,Nc-HP2vyKoE_0000_S617_E817_L429_T83_R733_B387.npz,Nc-HP2vyKoE_0000_S617_E817_L429_T83_R733_B387.npz,Nc-HP2vyKoE_0000_S617_E817_L429_T83_R733_B387_natural_0_mesh_motions.pt,
Nchrj-dzVgs,Nchrj-dzVgs_0001_S0_E337_L453_T15_R869_B431,Nchrj-dzVgs_0001_S0_E337_L453_T15_R869_B431.wav,Nchrj-dzVgs_0001_S0_E337_L453_T15_R869_B431.npz,Nchrj-dzVgs_0001_S0_E337_L453_T15_R869_B431.npz,Nchrj-dzVgs_0001_S0_E337_L453_T15_R869_B431_natural_0_mesh_motions.pt,
Ndnq9Ofs2eA,Ndnq9Ofs2eA_0001_S0_E296_L381_T121_R861_B601,Ndnq9Ofs2eA_0001_S0_E296_L381_T121_R861_B601.wav,Ndnq9Ofs2eA_0001_S0_E296_L381_T121_R861_B601.npz,Ndnq9Ofs2eA_0001_S0_E296_L381_T121_R861_B601.npz,Ndnq9Ofs2eA_0001_S0_E296_L381_T121_R861_B601_natural_0_mesh_motions.pt,
NhOwdlKHcAE,NhOwdlKHcAE_0000_S379_E668_L505_T62_R793_B350,NhOwdlKHcAE_0000_S379_E668_L505_T62_R793_B350.wav,NhOwdlKHcAE_0000_S379_E668_L505_T62_R793_B350.npz,NhOwdlKHcAE_0000_S379_E668_L505_T62_R793_B350.npz,NhOwdlKHcAE_0000_S379_E668_L505_T62_R793_B350_natural_0_mesh_motions.pt,
NoIHCm4wrpk,NoIHCm4wrpk_0003_S1330_E1668_L361_T20_R905_B564,NoIHCm4wrpk_0003_S1330_E1668_L361_T20_R905_B564.wav,NoIHCm4wrpk_0003_S1330_E1668_L361_T20_R905_B564.npz,NoIHCm4wrpk_0003_S1330_E1668_L361_T20_R905_B564.npz,NoIHCm4wrpk_0003_S1330_E1668_L361_T20_R905_B564_natural_0_mesh_motions.pt,
NpskXvrCNA0,NpskXvrCNA0_0001_S549_E753_L345_T61_R697_B413,NpskXvrCNA0_0001_S549_E753_L345_T61_R697_B413.wav,NpskXvrCNA0_0001_S549_E753_L345_T61_R697_B413.npz,NpskXvrCNA0_0001_S549_E753_L345_T61_R697_B413.npz,NpskXvrCNA0_0001_S549_E753_L345_T61_R697_B413_natural_0_mesh_motions.pt,
O0D0E42AA4I,O0D0E42AA4I_0006_S0_E248_L442_T100_R794_B452,O0D0E42AA4I_0006_S0_E248_L442_T100_R794_B452.wav,O0D0E42AA4I_0006_S0_E248_L442_T100_R794_B452.npz,O0D0E42AA4I_0006_S0_E248_L442_T100_R794_B452.npz,O0D0E42AA4I_0006_S0_E248_L442_T100_R794_B452_natural_0_mesh_motions.pt,
O1UBCHWPIqE,O1UBCHWPIqE_0002_S648_E892_L260_T0_R1108_B656,O1UBCHWPIqE_0002_S648_E892_L260_T0_R1108_B656.wav,O1UBCHWPIqE_0002_S648_E892_L260_T0_R1108_B656.npz,O1UBCHWPIqE_0002_S648_E892_L260_T0_R1108_B656.npz,O1UBCHWPIqE_0002_S648_E892_L260_T0_R1108_B656_natural_0_mesh_motions.pt,
O1j79d0IuhU,O1j79d0IuhU_0004_S1193_E1499_L433_T79_R913_B559,O1j79d0IuhU_0004_S1193_E1499_L433_T79_R913_B559.wav,O1j79d0IuhU_0004_S1193_E1499_L433_T79_R913_B559.npz,O1j79d0IuhU_0004_S1193_E1499_L433_T79_R913_B559.npz,O1j79d0IuhU_0004_S1193_E1499_L433_T79_R913_B559_natural_0_mesh_motions.pt,
O2YHi_g2JuY,O2YHi_g2JuY_0010_S434_E735_L685_T0_R1037_B256,O2YHi_g2JuY_0010_S434_E735_L685_T0_R1037_B256.wav,O2YHi_g2JuY_0010_S434_E735_L685_T0_R1037_B256.npz,O2YHi_g2JuY_0010_S434_E735_L685_T0_R1037_B256.npz,O2YHi_g2JuY_0010_S434_E735_L685_T0_R1037_B256_natural_0_mesh_motions.pt,
O3iPo__LYZQ,O3iPo__LYZQ_0005_S0_E274_L469_T56_R725_B312,O3iPo__LYZQ_0005_S0_E274_L469_T56_R725_B312.wav,O3iPo__LYZQ_0005_S0_E274_L469_T56_R725_B312.npz,O3iPo__LYZQ_0005_S0_E274_L469_T56_R725_B312.npz,O3iPo__LYZQ_0005_S0_E274_L469_T56_R725_B312_natural_0_mesh_motions.pt,
O3jxAN3j_P4,O3jxAN3j_P4_0001_S1475_E1795_L340_T53_R708_B421,O3jxAN3j_P4_0001_S1475_E1795_L340_T53_R708_B421.wav,O3jxAN3j_P4_0001_S1475_E1795_L340_T53_R708_B421.npz,O3jxAN3j_P4_0001_S1475_E1795_L340_T53_R708_B421.npz,O3jxAN3j_P4_0001_S1475_E1795_L340_T53_R708_B421_natural_0_mesh_motions.pt,
O3sFnc87STU,O3sFnc87STU_0000_S996_E1248_L175_T17_R495_B337,O3sFnc87STU_0000_S996_E1248_L175_T17_R495_B337.wav,O3sFnc87STU_0000_S996_E1248_L175_T17_R495_B337.npz,O3sFnc87STU_0000_S996_E1248_L175_T17_R495_B337.npz,O3sFnc87STU_0000_S996_E1248_L175_T17_R495_B337_natural_0_mesh_motions.pt,
O42jXkaQtQU,O42jXkaQtQU_0000_S522_E964_L567_T16_R919_B368,O42jXkaQtQU_0000_S522_E964_L567_T16_R919_B368.wav,O42jXkaQtQU_0000_S522_E964_L567_T16_R919_B368.npz,O42jXkaQtQU_0000_S522_E964_L567_T16_R919_B368.npz,O42jXkaQtQU_0000_S522_E964_L567_T16_R919_B368_natural_0_mesh_motions.pt,
O8gZs9BCr4Y,O8gZs9BCr4Y_0001_S209_E485_L452_T81_R788_B417,O8gZs9BCr4Y_0001_S209_E485_L452_T81_R788_B417.wav,O8gZs9BCr4Y_0001_S209_E485_L452_T81_R788_B417.npz,O8gZs9BCr4Y_0001_S209_E485_L452_T81_R788_B417.npz,O8gZs9BCr4Y_0001_S209_E485_L452_T81_R788_B417_natural_0_mesh_motions.pt,
OBlw3eBxHvA,OBlw3eBxHvA_0002_S1232_E1432_L72_T0_R1272_B704,OBlw3eBxHvA_0002_S1232_E1432_L72_T0_R1272_B704.wav,OBlw3eBxHvA_0002_S1232_E1432_L72_T0_R1272_B704.npz,OBlw3eBxHvA_0002_S1232_E1432_L72_T0_R1272_B704.npz,OBlw3eBxHvA_0002_S1232_E1432_L72_T0_R1272_B704_natural_0_mesh_motions.pt,
OGhvz1fwacA,OGhvz1fwacA_0000_S0_E626_L276_T0_R692_B416,OGhvz1fwacA_0000_S0_E626_L276_T0_R692_B416.wav,OGhvz1fwacA_0000_S0_E626_L276_T0_R692_B416.npz,OGhvz1fwacA_0000_S0_E626_L276_T0_R692_B416.npz,OGhvz1fwacA_0000_S0_E626_L276_T0_R692_B416_natural_0_mesh_motions.pt,
OGzPe8LXHeA,OGzPe8LXHeA_0004_S1167_E1436_L687_T116_R959_B388,OGzPe8LXHeA_0004_S1167_E1436_L687_T116_R959_B388.wav,OGzPe8LXHeA_0004_S1167_E1436_L687_T116_R959_B388.npz,OGzPe8LXHeA_0004_S1167_E1436_L687_T116_R959_B388.npz,OGzPe8LXHeA_0004_S1167_E1436_L687_T116_R959_B388_natural_0_mesh_motions.pt,
OHHqegRBDWg,OHHqegRBDWg_0000_S1015_E1398_L333_T49_R685_B401,OHHqegRBDWg_0000_S1015_E1398_L333_T49_R685_B401.wav,OHHqegRBDWg_0000_S1015_E1398_L333_T49_R685_B401.npz,OHHqegRBDWg_0000_S1015_E1398_L333_T49_R685_B401.npz,OHHqegRBDWg_0000_S1015_E1398_L333_T49_R685_B401_natural_0_mesh_motions.pt,
OI4sCSsyS4s,OI4sCSsyS4s_0001_S1402_E1691_L372_T0_R932_B512,OI4sCSsyS4s_0001_S1402_E1691_L372_T0_R932_B512.wav,OI4sCSsyS4s_0001_S1402_E1691_L372_T0_R932_B512.npz,OI4sCSsyS4s_0001_S1402_E1691_L372_T0_R932_B512.npz,OI4sCSsyS4s_0001_S1402_E1691_L372_T0_R932_B512_natural_0_mesh_motions.pt,
OLbdw1imnKY,OLbdw1imnKY_0002_S0_E670_L291_T0_R995_B656,OLbdw1imnKY_0002_S0_E670_L291_T0_R995_B656.wav,OLbdw1imnKY_0002_S0_E670_L291_T0_R995_B656.npz,OLbdw1imnKY_0002_S0_E670_L291_T0_R995_B656.npz,OLbdw1imnKY_0002_S0_E670_L291_T0_R995_B656_natural_0_mesh_motions.pt,
OLe9xNH4G6s,OLe9xNH4G6s_0000_S888_E1172_L230_T0_R1014_B576,OLe9xNH4G6s_0000_S888_E1172_L230_T0_R1014_B576.wav,OLe9xNH4G6s_0000_S888_E1172_L230_T0_R1014_B576.npz,OLe9xNH4G6s_0000_S888_E1172_L230_T0_R1014_B576.npz,OLe9xNH4G6s_0000_S888_E1172_L230_T0_R1014_B576_natural_0_mesh_motions.pt,
OLfHpvJKNg0,OLfHpvJKNg0_0001_S0_E666_L363_T51_R875_B563,OLfHpvJKNg0_0001_S0_E666_L363_T51_R875_B563.wav,OLfHpvJKNg0_0001_S0_E666_L363_T51_R875_B563.npz,OLfHpvJKNg0_0001_S0_E666_L363_T51_R875_B563.npz,OLfHpvJKNg0_0001_S0_E666_L363_T51_R875_B563_natural_0_mesh_motions.pt,
OMeIMC_s0GQ,OMeIMC_s0GQ_0001_S148_E572_L550_T0_R1270_B640,OMeIMC_s0GQ_0001_S148_E572_L550_T0_R1270_B640.wav,OMeIMC_s0GQ_0001_S148_E572_L550_T0_R1270_B640.npz,OMeIMC_s0GQ_0001_S148_E572_L550_T0_R1270_B640.npz,OMeIMC_s0GQ_0001_S148_E572_L550_T0_R1270_B640_natural_0_mesh_motions.pt,
OMw8kl2kcZY,OMw8kl2kcZY_0003_S683_E1211_L669_T36_R957_B324,OMw8kl2kcZY_0003_S683_E1211_L669_T36_R957_B324.wav,OMw8kl2kcZY_0003_S683_E1211_L669_T36_R957_B324.npz,OMw8kl2kcZY_0003_S683_E1211_L669_T36_R957_B324.npz,OMw8kl2kcZY_0003_S683_E1211_L669_T36_R957_B324_natural_0_mesh_motions.pt,
ON3YD52Df5s,ON3YD52Df5s_0000_S1438_E1797_L557_T38_R829_B310,ON3YD52Df5s_0000_S1438_E1797_L557_T38_R829_B310.wav,ON3YD52Df5s_0000_S1438_E1797_L557_T38_R829_B310.npz,ON3YD52Df5s_0000_S1438_E1797_L557_T38_R829_B310.npz,ON3YD52Df5s_0000_S1438_E1797_L557_T38_R829_B310_natural_0_mesh_motions.pt,
ONvg9SbauMg,ONvg9SbauMg_0008_S1050_E1299_L432_T62_R688_B318,ONvg9SbauMg_0008_S1050_E1299_L432_T62_R688_B318.wav,ONvg9SbauMg_0008_S1050_E1299_L432_T62_R688_B318.npz,ONvg9SbauMg_0008_S1050_E1299_L432_T62_R688_B318.npz,ONvg9SbauMg_0008_S1050_E1299_L432_T62_R688_B318_natural_0_mesh_motions.pt,
OOJ7OYp1gjg,OOJ7OYp1gjg_0002_S982_E1366_L290_T8_R946_B664,OOJ7OYp1gjg_0002_S982_E1366_L290_T8_R946_B664.wav,OOJ7OYp1gjg_0002_S982_E1366_L290_T8_R946_B664.npz,OOJ7OYp1gjg_0002_S982_E1366_L290_T8_R946_B664.npz,OOJ7OYp1gjg_0002_S982_E1366_L290_T8_R946_B664_natural_0_mesh_motions.pt,
OPzyc9rXx-I,OPzyc9rXx-I_0000_S1288_E1511_L274_T40_R786_B552,OPzyc9rXx-I_0000_S1288_E1511_L274_T40_R786_B552.wav,OPzyc9rXx-I_0000_S1288_E1511_L274_T40_R786_B552.npz,OPzyc9rXx-I_0000_S1288_E1511_L274_T40_R786_B552.npz,OPzyc9rXx-I_0000_S1288_E1511_L274_T40_R786_B552_natural_0_mesh_motions.pt,
OSrCb8eDWWk,OSrCb8eDWWk_0001_S1168_E1429_L457_T63_R777_B383,OSrCb8eDWWk_0001_S1168_E1429_L457_T63_R777_B383.wav,OSrCb8eDWWk_0001_S1168_E1429_L457_T63_R777_B383.npz,OSrCb8eDWWk_0001_S1168_E1429_L457_T63_R777_B383.npz,OSrCb8eDWWk_0001_S1168_E1429_L457_T63_R777_B383_natural_0_mesh_motions.pt,
OUE8rKxYGLY,OUE8rKxYGLY_0005_S468_E847_L90_T51_R378_B339,OUE8rKxYGLY_0005_S468_E847_L90_T51_R378_B339.wav,OUE8rKxYGLY_0005_S468_E847_L90_T51_R378_B339.npz,OUE8rKxYGLY_0005_S468_E847_L90_T51_R378_B339.npz,OUE8rKxYGLY_0005_S468_E847_L90_T51_R378_B339_natural_0_mesh_motions.pt,
OUoQ4c1YyJM,OUoQ4c1YyJM_0000_S175_E414_L752_T82_R1088_B418,OUoQ4c1YyJM_0000_S175_E414_L752_T82_R1088_B418.wav,OUoQ4c1YyJM_0000_S175_E414_L752_T82_R1088_B418.npz,OUoQ4c1YyJM_0000_S175_E414_L752_T82_R1088_B418.npz,OUoQ4c1YyJM_0000_S175_E414_L752_T82_R1088_B418_natural_0_mesh_motions.pt,
OWdqgZQdMgw,OWdqgZQdMgw_0000_S169_E413_L496_T0_R1008_B496,OWdqgZQdMgw_0000_S169_E413_L496_T0_R1008_B496.wav,OWdqgZQdMgw_0000_S169_E413_L496_T0_R1008_B496.npz,OWdqgZQdMgw_0000_S169_E413_L496_T0_R1008_B496.npz,OWdqgZQdMgw_0000_S169_E413_L496_T0_R1008_B496_natural_0_mesh_motions.pt,
OYJh1xJbQys,OYJh1xJbQys_0030_S1477_E1758_L314_T64_R746_B496,OYJh1xJbQys_0030_S1477_E1758_L314_T64_R746_B496.wav,OYJh1xJbQys_0030_S1477_E1758_L314_T64_R746_B496.npz,OYJh1xJbQys_0030_S1477_E1758_L314_T64_R746_B496.npz,OYJh1xJbQys_0030_S1477_E1758_L314_T64_R746_B496_natural_0_mesh_motions.pt,
OZWiY3xcr1w,OZWiY3xcr1w_0000_S771_E1360_L461_T185_R957_B681,OZWiY3xcr1w_0000_S771_E1360_L461_T185_R957_B681.wav,OZWiY3xcr1w_0000_S771_E1360_L461_T185_R957_B681.npz,OZWiY3xcr1w_0000_S771_E1360_L461_T185_R957_B681.npz,OZWiY3xcr1w_0000_S771_E1360_L461_T185_R957_B681_natural_0_mesh_motions.pt,
OcPW_rtcbio,OcPW_rtcbio_0003_S1049_E1403_L396_T26_R924_B554,OcPW_rtcbio_0003_S1049_E1403_L396_T26_R924_B554.wav,OcPW_rtcbio_0003_S1049_E1403_L396_T26_R924_B554.npz,OcPW_rtcbio_0003_S1049_E1403_L396_T26_R924_B554.npz,OcPW_rtcbio_0003_S1049_E1403_L396_T26_R924_B554_natural_0_mesh_motions.pt,
Odb1XiXpRTg,Odb1XiXpRTg_0000_S580_E889_L484_T172_R932_B620,Odb1XiXpRTg_0000_S580_E889_L484_T172_R932_B620.wav,Odb1XiXpRTg_0000_S580_E889_L484_T172_R932_B620.npz,Odb1XiXpRTg_0000_S580_E889_L484_T172_R932_B620.npz,Odb1XiXpRTg_0000_S580_E889_L484_T172_R932_B620_natural_0_mesh_motions.pt,
OhHBPhb8a1I,OhHBPhb8a1I_0000_S297_E847_L463_T3_R847_B387,OhHBPhb8a1I_0000_S297_E847_L463_T3_R847_B387.wav,OhHBPhb8a1I_0000_S297_E847_L463_T3_R847_B387.npz,OhHBPhb8a1I_0000_S297_E847_L463_T3_R847_B387.npz,OhHBPhb8a1I_0000_S297_E847_L463_T3_R847_B387_natural_0_mesh_motions.pt,
Oj22JVi762E,Oj22JVi762E_0000_S0_E344_L293_T7_R757_B471,Oj22JVi762E_0000_S0_E344_L293_T7_R757_B471.wav,Oj22JVi762E_0000_S0_E344_L293_T7_R757_B471.npz,Oj22JVi762E_0000_S0_E344_L293_T7_R757_B471.npz,Oj22JVi762E_0000_S0_E344_L293_T7_R757_B471_natural_0_mesh_motions.pt,
OnPdfl9qKRg,OnPdfl9qKRg_0002_S458_E747_L322_T0_R850_B528,OnPdfl9qKRg_0002_S458_E747_L322_T0_R850_B528.wav,OnPdfl9qKRg_0002_S458_E747_L322_T0_R850_B528.npz,OnPdfl9qKRg_0002_S458_E747_L322_T0_R850_B528.npz,OnPdfl9qKRg_0002_S458_E747_L322_T0_R850_B528_natural_0_mesh_motions.pt,
OpaFC283wJE,OpaFC283wJE_0001_S30_E579_L450_T67_R834_B451,OpaFC283wJE_0001_S30_E579_L450_T67_R834_B451.wav,OpaFC283wJE_0001_S30_E579_L450_T67_R834_B451.npz,OpaFC283wJE_0001_S30_E579_L450_T67_R834_B451.npz,OpaFC283wJE_0001_S30_E579_L450_T67_R834_B451_natural_0_mesh_motions.pt,
OsBgWxoAOf0,OsBgWxoAOf0_0021_S407_E868_L102_T119_R390_B407,OsBgWxoAOf0_0021_S407_E868_L102_T119_R390_B407.wav,OsBgWxoAOf0_0021_S407_E868_L102_T119_R390_B407.npz,OsBgWxoAOf0_0021_S407_E868_L102_T119_R390_B407.npz,OsBgWxoAOf0_0021_S407_E868_L102_T119_R390_B407_natural_0_mesh_motions.pt,
OsLj4GyNvYQ,OsLj4GyNvYQ_0000_S0_E263_L453_T65_R821_B433,OsLj4GyNvYQ_0000_S0_E263_L453_T65_R821_B433.wav,OsLj4GyNvYQ_0000_S0_E263_L453_T65_R821_B433.npz,OsLj4GyNvYQ_0000_S0_E263_L453_T65_R821_B433.npz,OsLj4GyNvYQ_0000_S0_E263_L453_T65_R821_B433_natural_0_mesh_motions.pt,
OtTAH-lcO_M,OtTAH-lcO_M_0001_S607_E932_L289_T0_R817_B448,OtTAH-lcO_M_0001_S607_E932_L289_T0_R817_B448.wav,OtTAH-lcO_M_0001_S607_E932_L289_T0_R817_B448.npz,OtTAH-lcO_M_0001_S607_E932_L289_T0_R817_B448.npz,OtTAH-lcO_M_0001_S607_E932_L289_T0_R817_B448_natural_0_mesh_motions.pt,
OuP7vIfN3GI,OuP7vIfN3GI_0001_S265_E504_L291_T0_R1123_B704,OuP7vIfN3GI_0001_S265_E504_L291_T0_R1123_B704.wav,OuP7vIfN3GI_0001_S265_E504_L291_T0_R1123_B704.npz,OuP7vIfN3GI_0001_S265_E504_L291_T0_R1123_B704.npz,OuP7vIfN3GI_0001_S265_E504_L291_T0_R1123_B704_natural_0_mesh_motions.pt,
Oysv7K93B-w,Oysv7K93B-w_0005_S1086_E1759_L320_T64_R720_B464,Oysv7K93B-w_0005_S1086_E1759_L320_T64_R720_B464.wav,Oysv7K93B-w_0005_S1086_E1759_L320_T64_R720_B464.npz,Oysv7K93B-w_0005_S1086_E1759_L320_T64_R720_B464.npz,Oysv7K93B-w_0005_S1086_E1759_L320_T64_R720_B464_natural_0_mesh_motions.pt,
OzIUFdCRm4o,OzIUFdCRm4o_0000_S1264_E1534_L363_T20_R891_B548,OzIUFdCRm4o_0000_S1264_E1534_L363_T20_R891_B548.wav,OzIUFdCRm4o_0000_S1264_E1534_L363_T20_R891_B548.npz,OzIUFdCRm4o_0000_S1264_E1534_L363_T20_R891_B548.npz,OzIUFdCRm4o_0000_S1264_E1534_L363_T20_R891_B548_natural_0_mesh_motions.pt,
P-9Z6WeojxU,P-9Z6WeojxU_0001_S720_E1425_L484_T44_R884_B444,P-9Z6WeojxU_0001_S720_E1425_L484_T44_R884_B444.wav,P-9Z6WeojxU_0001_S720_E1425_L484_T44_R884_B444.npz,P-9Z6WeojxU_0001_S720_E1425_L484_T44_R884_B444.npz,P-9Z6WeojxU_0001_S720_E1425_L484_T44_R884_B444_natural_0_mesh_motions.pt,
P9M__yYbsZ4,P9M__yYbsZ4_0011_S313_E633_L212_T0_R772_B560,P9M__yYbsZ4_0011_S313_E633_L212_T0_R772_B560.wav,P9M__yYbsZ4_0011_S313_E633_L212_T0_R772_B560.npz,P9M__yYbsZ4_0011_S313_E633_L212_T0_R772_B560.npz,P9M__yYbsZ4_0011_S313_E633_L212_T0_R772_B560_natural_0_mesh_motions.pt,
P9S15gsSywg,P9S15gsSywg_0000_S1136_E1391_L367_T0_R1199_B704,P9S15gsSywg_0000_S1136_E1391_L367_T0_R1199_B704.wav,P9S15gsSywg_0000_S1136_E1391_L367_T0_R1199_B704.npz,P9S15gsSywg_0000_S1136_E1391_L367_T0_R1199_B704.npz,P9S15gsSywg_0000_S1136_E1391_L367_T0_R1199_B704_natural_0_mesh_motions.pt,
PGQTyzsX7V8,PGQTyzsX7V8_0000_S1205_E1463_L337_T2_R769_B434,PGQTyzsX7V8_0000_S1205_E1463_L337_T2_R769_B434.wav,PGQTyzsX7V8_0000_S1205_E1463_L337_T2_R769_B434.npz,PGQTyzsX7V8_0000_S1205_E1463_L337_T2_R769_B434.npz,PGQTyzsX7V8_0000_S1205_E1463_L337_T2_R769_B434_natural_0_mesh_motions.pt,
PJXZQrwDPdQ,PJXZQrwDPdQ_0000_S407_E751_L329_T0_R937_B592,PJXZQrwDPdQ_0000_S407_E751_L329_T0_R937_B592.wav,PJXZQrwDPdQ_0000_S407_E751_L329_T0_R937_B592.npz,PJXZQrwDPdQ_0000_S407_E751_L329_T0_R937_B592.npz,PJXZQrwDPdQ_0000_S407_E751_L329_T0_R937_B592_natural_0_mesh_motions.pt,
PNJghHAUlLg,PNJghHAUlLg_0002_S1353_E1787_L444_T35_R892_B483,PNJghHAUlLg_0002_S1353_E1787_L444_T35_R892_B483.wav,PNJghHAUlLg_0002_S1353_E1787_L444_T35_R892_B483.npz,PNJghHAUlLg_0002_S1353_E1787_L444_T35_R892_B483.npz,PNJghHAUlLg_0002_S1353_E1787_L444_T35_R892_B483_natural_0_mesh_motions.pt,
PRgoisHRmUE,PRgoisHRmUE_0004_S1070_E1512_L570_T44_R1082_B556,PRgoisHRmUE_0004_S1070_E1512_L570_T44_R1082_B556.wav,PRgoisHRmUE_0004_S1070_E1512_L570_T44_R1082_B556.npz,PRgoisHRmUE_0004_S1070_E1512_L570_T44_R1082_B556.npz,PRgoisHRmUE_0004_S1070_E1512_L570_T44_R1082_B556_natural_0_mesh_motions.pt,
PT0KwTjsMUo,PT0KwTjsMUo_0000_S1175_E1410_L251_T0_R715_B464,PT0KwTjsMUo_0000_S1175_E1410_L251_T0_R715_B464.wav,PT0KwTjsMUo_0000_S1175_E1410_L251_T0_R715_B464.npz,PT0KwTjsMUo_0000_S1175_E1410_L251_T0_R715_B464.npz,PT0KwTjsMUo_0000_S1175_E1410_L251_T0_R715_B464_natural_0_mesh_motions.pt,
PTOZrIogdhs,PTOZrIogdhs_0003_S1660_E1905_L433_T33_R801_B401,PTOZrIogdhs_0003_S1660_E1905_L433_T33_R801_B401.wav,PTOZrIogdhs_0003_S1660_E1905_L433_T33_R801_B401.npz,PTOZrIogdhs_0003_S1660_E1905_L433_T33_R801_B401.npz,PTOZrIogdhs_0003_S1660_E1905_L433_T33_R801_B401_natural_0_mesh_motions.pt,
PTaeZggiMrM,PTaeZggiMrM_0000_S1086_E1535_L400_T0_R976_B560,PTaeZggiMrM_0000_S1086_E1535_L400_T0_R976_B560.wav,PTaeZggiMrM_0000_S1086_E1535_L400_T0_R976_B560.npz,PTaeZggiMrM_0000_S1086_E1535_L400_T0_R976_B560.npz,PTaeZggiMrM_0000_S1086_E1535_L400_T0_R976_B560_natural_0_mesh_motions.pt,
PUYoRT2EA5Q,PUYoRT2EA5Q_0000_S1601_E1919_L348_T0_R1276_B672,PUYoRT2EA5Q_0000_S1601_E1919_L348_T0_R1276_B672.wav,PUYoRT2EA5Q_0000_S1601_E1919_L348_T0_R1276_B672.npz,PUYoRT2EA5Q_0000_S1601_E1919_L348_T0_R1276_B672.npz,PUYoRT2EA5Q_0000_S1601_E1919_L348_T0_R1276_B672_natural_0_mesh_motions.pt,
PXNdbOr8f9s,PXNdbOr8f9s_0000_S49_E265_L180_T48_R564_B432,PXNdbOr8f9s_0000_S49_E265_L180_T48_R564_B432.wav,PXNdbOr8f9s_0000_S49_E265_L180_T48_R564_B432.npz,PXNdbOr8f9s_0000_S49_E265_L180_T48_R564_B432.npz,PXNdbOr8f9s_0000_S49_E265_L180_T48_R564_B432_natural_0_mesh_motions.pt,
Pa-5lbobZpk,Pa-5lbobZpk_0003_S0_E580_L495_T55_R767_B327,Pa-5lbobZpk_0003_S0_E580_L495_T55_R767_B327.wav,Pa-5lbobZpk_0003_S0_E580_L495_T55_R767_B327.npz,Pa-5lbobZpk_0003_S0_E580_L495_T55_R767_B327.npz,Pa-5lbobZpk_0003_S0_E580_L495_T55_R767_B327_natural_0_mesh_motions.pt,
PjlEL4poXaU,PjlEL4poXaU_0000_S1515_E1781_L297_T13_R681_B397,PjlEL4poXaU_0000_S1515_E1781_L297_T13_R681_B397.wav,PjlEL4poXaU_0000_S1515_E1781_L297_T13_R681_B397.npz,PjlEL4poXaU_0000_S1515_E1781_L297_T13_R681_B397.npz,PjlEL4poXaU_0000_S1515_E1781_L297_T13_R681_B397_natural_0_mesh_motions.pt,
PnxpH92CJOU,PnxpH92CJOU_0008_S1354_E1649_L3_T456_R259_B712,PnxpH92CJOU_0008_S1354_E1649_L3_T456_R259_B712.wav,PnxpH92CJOU_0008_S1354_E1649_L3_T456_R259_B712.npz,PnxpH92CJOU_0008_S1354_E1649_L3_T456_R259_B712.npz,PnxpH92CJOU_0008_S1354_E1649_L3_T456_R259_B712_natural_0_mesh_motions.pt,
Puu_PXPw_H0,Puu_PXPw_H0_0001_S1268_E1476_L239_T132_R511_B404,Puu_PXPw_H0_0001_S1268_E1476_L239_T132_R511_B404.wav,Puu_PXPw_H0_0001_S1268_E1476_L239_T132_R511_B404.npz,Puu_PXPw_H0_0001_S1268_E1476_L239_T132_R511_B404.npz,Puu_PXPw_H0_0001_S1268_E1476_L239_T132_R511_B404_natural_0_mesh_motions.pt,
Pw_JdBkki_I,Pw_JdBkki_I_0010_S1233_E1591_L216_T0_R824_B480,Pw_JdBkki_I_0010_S1233_E1591_L216_T0_R824_B480.wav,Pw_JdBkki_I_0010_S1233_E1591_L216_T0_R824_B480.npz,Pw_JdBkki_I_0010_S1233_E1591_L216_T0_R824_B480.npz,Pw_JdBkki_I_0010_S1233_E1591_L216_T0_R824_B480_natural_0_mesh_motions.pt,
PxVZGdKMmvc,PxVZGdKMmvc_0000_S793_E1358_L440_T25_R840_B425,PxVZGdKMmvc_0000_S793_E1358_L440_T25_R840_B425.wav,PxVZGdKMmvc_0000_S793_E1358_L440_T25_R840_B425.npz,PxVZGdKMmvc_0000_S793_E1358_L440_T25_R840_B425.npz,PxVZGdKMmvc_0000_S793_E1358_L440_T25_R840_B425_natural_0_mesh_motions.pt,
PyNVMlDyNtg,PyNVMlDyNtg_0001_S1001_E1204_L0_T0_R512_B576,PyNVMlDyNtg_0001_S1001_E1204_L0_T0_R512_B576.wav,PyNVMlDyNtg_0001_S1001_E1204_L0_T0_R512_B576.npz,PyNVMlDyNtg_0001_S1001_E1204_L0_T0_R512_B576.npz,PyNVMlDyNtg_0001_S1001_E1204_L0_T0_R512_B576_natural_0_mesh_motions.pt,
PzzNuCk-e0Y,PzzNuCk-e0Y_0000_S777_E1026_L269_T33_R605_B369,PzzNuCk-e0Y_0000_S777_E1026_L269_T33_R605_B369.wav,PzzNuCk-e0Y_0000_S777_E1026_L269_T33_R605_B369.npz,PzzNuCk-e0Y_0000_S777_E1026_L269_T33_R605_B369.npz,PzzNuCk-e0Y_0000_S777_E1026_L269_T33_R605_B369_natural_0_mesh_motions.pt,
Q1MYDq7GgBc,Q1MYDq7GgBc_0008_S1305_E1569_L296_T68_R712_B484,Q1MYDq7GgBc_0008_S1305_E1569_L296_T68_R712_B484.wav,Q1MYDq7GgBc_0008_S1305_E1569_L296_T68_R712_B484.npz,Q1MYDq7GgBc_0008_S1305_E1569_L296_T68_R712_B484.npz,Q1MYDq7GgBc_0008_S1305_E1569_L296_T68_R712_B484_natural_0_mesh_motions.pt,
Q71FNI--3vk,Q71FNI--3vk_0000_S242_E571_L318_T8_R638_B328,Q71FNI--3vk_0000_S242_E571_L318_T8_R638_B328.wav,Q71FNI--3vk_0000_S242_E571_L318_T8_R638_B328.npz,Q71FNI--3vk_0000_S242_E571_L318_T8_R638_B328.npz,Q71FNI--3vk_0000_S242_E571_L318_T8_R638_B328_natural_0_mesh_motions.pt,
QEKRkIbCZEg,QEKRkIbCZEg_0002_S1422_E1759_L437_T23_R837_B423,QEKRkIbCZEg_0002_S1422_E1759_L437_T23_R837_B423.wav,QEKRkIbCZEg_0002_S1422_E1759_L437_T23_R837_B423.npz,QEKRkIbCZEg_0002_S1422_E1759_L437_T23_R837_B423.npz,QEKRkIbCZEg_0002_S1422_E1759_L437_T23_R837_B423_natural_0_mesh_motions.pt,
QEz1caz0loM,QEz1caz0loM_0000_S0_E289_L498_T10_R834_B346,QEz1caz0loM_0000_S0_E289_L498_T10_R834_B346.wav,QEz1caz0loM_0000_S0_E289_L498_T10_R834_B346.npz,QEz1caz0loM_0000_S0_E289_L498_T10_R834_B346.npz,QEz1caz0loM_0000_S0_E289_L498_T10_R834_B346_natural_0_mesh_motions.pt,
QFbp5scBzys,QFbp5scBzys_0006_S1205_E1434_L819_T30_R1235_B446,QFbp5scBzys_0006_S1205_E1434_L819_T30_R1235_B446.wav,QFbp5scBzys_0006_S1205_E1434_L819_T30_R1235_B446.npz,QFbp5scBzys_0006_S1205_E1434_L819_T30_R1235_B446.npz,QFbp5scBzys_0006_S1205_E1434_L819_T30_R1235_B446_natural_0_mesh_motions.pt,
QIz-y9-jywM,QIz-y9-jywM_0000_S1024_E1599_L504_T18_R776_B290,QIz-y9-jywM_0000_S1024_E1599_L504_T18_R776_B290.wav,QIz-y9-jywM_0000_S1024_E1599_L504_T18_R776_B290.npz,QIz-y9-jywM_0000_S1024_E1599_L504_T18_R776_B290.npz,QIz-y9-jywM_0000_S1024_E1599_L504_T18_R776_B290_natural_0_mesh_motions.pt,
QJj7WiwcadU,QJj7WiwcadU_0012_S0_E380_L396_T90_R796_B490,QJj7WiwcadU_0012_S0_E380_L396_T90_R796_B490.wav,QJj7WiwcadU_0012_S0_E380_L396_T90_R796_B490.npz,QJj7WiwcadU_0012_S0_E380_L396_T90_R796_B490.npz,QJj7WiwcadU_0012_S0_E380_L396_T90_R796_B490_natural_0_mesh_motions.pt,
QO7Jhl-r-BY,QO7Jhl-r-BY_0001_S720_E1078_L307_T98_R771_B562,QO7Jhl-r-BY_0001_S720_E1078_L307_T98_R771_B562.wav,QO7Jhl-r-BY_0001_S720_E1078_L307_T98_R771_B562.npz,QO7Jhl-r-BY_0001_S720_E1078_L307_T98_R771_B562.npz,QO7Jhl-r-BY_0001_S720_E1078_L307_T98_R771_B562_natural_0_mesh_motions.pt,
QWgbM9DoA7A,QWgbM9DoA7A_0000_S1324_E1565_L588_T73_R1020_B489,QWgbM9DoA7A_0000_S1324_E1565_L588_T73_R1020_B489.wav,QWgbM9DoA7A_0000_S1324_E1565_L588_T73_R1020_B489.npz,QWgbM9DoA7A_0000_S1324_E1565_L588_T73_R1020_B489.npz,QWgbM9DoA7A_0000_S1324_E1565_L588_T73_R1020_B489_natural_0_mesh_motions.pt,
QZhzZtExnfc,QZhzZtExnfc_0000_S408_E645_L436_T0_R788_B352,QZhzZtExnfc_0000_S408_E645_L436_T0_R788_B352.wav,QZhzZtExnfc_0000_S408_E645_L436_T0_R788_B352.npz,QZhzZtExnfc_0000_S408_E645_L436_T0_R788_B352.npz,QZhzZtExnfc_0000_S408_E645_L436_T0_R788_B352_natural_0_mesh_motions.pt,
QaqyAdedM0Q,QaqyAdedM0Q_0001_S1271_E1521_L504_T43_R840_B379,QaqyAdedM0Q_0001_S1271_E1521_L504_T43_R840_B379.wav,QaqyAdedM0Q_0001_S1271_E1521_L504_T43_R840_B379.npz,QaqyAdedM0Q_0001_S1271_E1521_L504_T43_R840_B379.npz,QaqyAdedM0Q_0001_S1271_E1521_L504_T43_R840_B379_natural_0_mesh_motions.pt,
Qd3DEZud65I,Qd3DEZud65I_0000_S87_E346_L68_T0_R756_B608,Qd3DEZud65I_0000_S87_E346_L68_T0_R756_B608.wav,Qd3DEZud65I_0000_S87_E346_L68_T0_R756_B608.npz,Qd3DEZud65I_0000_S87_E346_L68_T0_R756_B608.npz,Qd3DEZud65I_0000_S87_E346_L68_T0_R756_B608_natural_0_mesh_motions.pt,
QgscBSUsuNU,QgscBSUsuNU_0008_S1126_E1343_L453_T0_R821_B368,QgscBSUsuNU_0008_S1126_E1343_L453_T0_R821_B368.wav,QgscBSUsuNU_0008_S1126_E1343_L453_T0_R821_B368.npz,QgscBSUsuNU_0008_S1126_E1343_L453_T0_R821_B368.npz,QgscBSUsuNU_0008_S1126_E1343_L453_T0_R821_B368_natural_0_mesh_motions.pt,
Qh7rX2S4lFs,Qh7rX2S4lFs_0000_S125_E381_L482_T11_R914_B443,Qh7rX2S4lFs_0000_S125_E381_L482_T11_R914_B443.wav,Qh7rX2S4lFs_0000_S125_E381_L482_T11_R914_B443.npz,Qh7rX2S4lFs_0000_S125_E381_L482_T11_R914_B443.npz,Qh7rX2S4lFs_0000_S125_E381_L482_T11_R914_B443_natural_0_mesh_motions.pt,
QkmGfY9iY9Y,QkmGfY9iY9Y_0000_S1401_E1919_L448_T0_R880_B416,QkmGfY9iY9Y_0000_S1401_E1919_L448_T0_R880_B416.wav,QkmGfY9iY9Y_0000_S1401_E1919_L448_T0_R880_B416.npz,QkmGfY9iY9Y_0000_S1401_E1919_L448_T0_R880_B416.npz,QkmGfY9iY9Y_0000_S1401_E1919_L448_T0_R880_B416_natural_0_mesh_motions.pt,
Qlzca3efn6E,Qlzca3efn6E_0031_S712_E908_L520_T28_R840_B348,Qlzca3efn6E_0031_S712_E908_L520_T28_R840_B348.wav,Qlzca3efn6E_0031_S712_E908_L520_T28_R840_B348.npz,Qlzca3efn6E_0031_S712_E908_L520_T28_R840_B348.npz,Qlzca3efn6E_0031_S712_E908_L520_T28_R840_B348_natural_0_mesh_motions.pt,
QpXUjqjewGU,QpXUjqjewGU_0002_S1230_E1725_L465_T13_R1073_B621,QpXUjqjewGU_0002_S1230_E1725_L465_T13_R1073_B621.wav,QpXUjqjewGU_0002_S1230_E1725_L465_T13_R1073_B621.npz,QpXUjqjewGU_0002_S1230_E1725_L465_T13_R1073_B621.npz,QpXUjqjewGU_0002_S1230_E1725_L465_T13_R1073_B621_natural_0_mesh_motions.pt,
QspDZ-DYs0Y,QspDZ-DYs0Y_0000_S1064_E1537_L528_T8_R880_B360,QspDZ-DYs0Y_0000_S1064_E1537_L528_T8_R880_B360.wav,QspDZ-DYs0Y_0000_S1064_E1537_L528_T8_R880_B360.npz,QspDZ-DYs0Y_0000_S1064_E1537_L528_T8_R880_B360.npz,QspDZ-DYs0Y_0000_S1064_E1537_L528_T8_R880_B360_natural_0_mesh_motions.pt,
R0XyMhCdSkY,R0XyMhCdSkY_0000_S1186_E1643_L135_T0_R631_B464,R0XyMhCdSkY_0000_S1186_E1643_L135_T0_R631_B464.wav,R0XyMhCdSkY_0000_S1186_E1643_L135_T0_R631_B464.npz,R0XyMhCdSkY_0000_S1186_E1643_L135_T0_R631_B464.npz,R0XyMhCdSkY_0000_S1186_E1643_L135_T0_R631_B464_natural_0_mesh_motions.pt,
R3QabWdSsxY,R3QabWdSsxY_0001_S253_E708_L374_T0_R854_B480,R3QabWdSsxY_0001_S253_E708_L374_T0_R854_B480.wav,R3QabWdSsxY_0001_S253_E708_L374_T0_R854_B480.npz,R3QabWdSsxY_0001_S253_E708_L374_T0_R854_B480.npz,R3QabWdSsxY_0001_S253_E708_L374_T0_R854_B480_natural_0_mesh_motions.pt,
R5XePwAO4m0,R5XePwAO4m0_0013_S1493_E1759_L454_T32_R758_B336,R5XePwAO4m0_0013_S1493_E1759_L454_T32_R758_B336.wav,R5XePwAO4m0_0013_S1493_E1759_L454_T32_R758_B336.npz,R5XePwAO4m0_0013_S1493_E1759_L454_T32_R758_B336.npz,R5XePwAO4m0_0013_S1493_E1759_L454_T32_R758_B336_natural_0_mesh_motions.pt,
R9P4_3GEjS8,R9P4_3GEjS8_0007_S878_E1103_L452_T26_R740_B314,R9P4_3GEjS8_0007_S878_E1103_L452_T26_R740_B314.wav,R9P4_3GEjS8_0007_S878_E1103_L452_T26_R740_B314.npz,R9P4_3GEjS8_0007_S878_E1103_L452_T26_R740_B314.npz,R9P4_3GEjS8_0007_S878_E1103_L452_T26_R740_B314_natural_0_mesh_motions.pt,
RCrTM0fHg-o,RCrTM0fHg-o_0002_S660_E1211_L291_T1_R691_B401,RCrTM0fHg-o_0002_S660_E1211_L291_T1_R691_B401.wav,RCrTM0fHg-o_0002_S660_E1211_L291_T1_R691_B401.npz,RCrTM0fHg-o_0002_S660_E1211_L291_T1_R691_B401.npz,RCrTM0fHg-o_0002_S660_E1211_L291_T1_R691_B401_natural_0_mesh_motions.pt,
RDeLBp_-3sM,RDeLBp_-3sM_0000_S306_E604_L431_T12_R815_B380,RDeLBp_-3sM_0000_S306_E604_L431_T12_R815_B380.wav,RDeLBp_-3sM_0000_S306_E604_L431_T12_R815_B380.npz,RDeLBp_-3sM_0000_S306_E604_L431_T12_R815_B380.npz,RDeLBp_-3sM_0000_S306_E604_L431_T12_R815_B380_natural_0_mesh_motions.pt,
RDkMkH4drhc,RDkMkH4drhc_0000_S339_E772_L362_T6_R746_B390,RDkMkH4drhc_0000_S339_E772_L362_T6_R746_B390.wav,RDkMkH4drhc_0000_S339_E772_L362_T6_R746_B390.npz,RDkMkH4drhc_0000_S339_E772_L362_T6_R746_B390.npz,RDkMkH4drhc_0000_S339_E772_L362_T6_R746_B390_natural_0_mesh_motions.pt,
REUvXBK7ypQ,REUvXBK7ypQ_0003_S0_E413_L638_T103_R1070_B535,REUvXBK7ypQ_0003_S0_E413_L638_T103_R1070_B535.wav,REUvXBK7ypQ_0003_S0_E413_L638_T103_R1070_B535.npz,REUvXBK7ypQ_0003_S0_E413_L638_T103_R1070_B535.npz,REUvXBK7ypQ_0003_S0_E413_L638_T103_R1070_B535_natural_0_mesh_motions.pt,
RQXCRoVV9Hc,RQXCRoVV9Hc_0000_S857_E1150_L461_T0_R829_B336,RQXCRoVV9Hc_0000_S857_E1150_L461_T0_R829_B336.wav,RQXCRoVV9Hc_0000_S857_E1150_L461_T0_R829_B336.npz,RQXCRoVV9Hc_0000_S857_E1150_L461_T0_R829_B336.npz,RQXCRoVV9Hc_0000_S857_E1150_L461_T0_R829_B336_natural_0_mesh_motions.pt,
RSJQ7iFntRA,RSJQ7iFntRA_0046_S104_E608_L735_T120_R991_B376,RSJQ7iFntRA_0046_S104_E608_L735_T120_R991_B376.wav,RSJQ7iFntRA_0046_S104_E608_L735_T120_R991_B376.npz,RSJQ7iFntRA_0046_S104_E608_L735_T120_R991_B376.npz,RSJQ7iFntRA_0046_S104_E608_L735_T120_R991_B376_natural_0_mesh_motions.pt,
RVQcpNgh6sI,RVQcpNgh6sI_0003_S0_E263_L501_T61_R853_B413,RVQcpNgh6sI_0003_S0_E263_L501_T61_R853_B413.wav,RVQcpNgh6sI_0003_S0_E263_L501_T61_R853_B413.npz,RVQcpNgh6sI_0003_S0_E263_L501_T61_R853_B413.npz,RVQcpNgh6sI_0003_S0_E263_L501_T61_R853_B413_natural_0_mesh_motions.pt,
RWoOC8KvHEA,RWoOC8KvHEA_0001_S1105_E1406_L124_T0_R1004_B704,RWoOC8KvHEA_0001_S1105_E1406_L124_T0_R1004_B704.wav,RWoOC8KvHEA_0001_S1105_E1406_L124_T0_R1004_B704.npz,RWoOC8KvHEA_0001_S1105_E1406_L124_T0_R1004_B704.npz,RWoOC8KvHEA_0001_S1105_E1406_L124_T0_R1004_B704_natural_0_mesh_motions.pt,
RXEUWvpmJaI,RXEUWvpmJaI_0000_S1165_E1903_L161_T0_R1009_B656,RXEUWvpmJaI_0000_S1165_E1903_L161_T0_R1009_B656.wav,RXEUWvpmJaI_0000_S1165_E1903_L161_T0_R1009_B656.npz,RXEUWvpmJaI_0000_S1165_E1903_L161_T0_R1009_B656.npz,RXEUWvpmJaI_0000_S1165_E1903_L161_T0_R1009_B656_natural_0_mesh_motions.pt,
Raiw3nozIoc,Raiw3nozIoc_0001_S471_E723_L171_T0_R795_B576,Raiw3nozIoc_0001_S471_E723_L171_T0_R795_B576.wav,Raiw3nozIoc_0001_S471_E723_L171_T0_R795_B576.npz,Raiw3nozIoc_0001_S471_E723_L171_T0_R795_B576.npz,Raiw3nozIoc_0001_S471_E723_L171_T0_R795_B576_natural_0_mesh_motions.pt,
RdGOK7ZAHMc,RdGOK7ZAHMc_0002_S1401_E1737_L140_T192_R412_B464,RdGOK7ZAHMc_0002_S1401_E1737_L140_T192_R412_B464.wav,RdGOK7ZAHMc_0002_S1401_E1737_L140_T192_R412_B464.npz,RdGOK7ZAHMc_0002_S1401_E1737_L140_T192_R412_B464.npz,RdGOK7ZAHMc_0002_S1401_E1737_L140_T192_R412_B464_natural_0_mesh_motions.pt,
Rdi5ExhmqHM,Rdi5ExhmqHM_0000_S103_E343_L275_T0_R1091_B704,Rdi5ExhmqHM_0000_S103_E343_L275_T0_R1091_B704.wav,Rdi5ExhmqHM_0000_S103_E343_L275_T0_R1091_B704.npz,Rdi5ExhmqHM_0000_S103_E343_L275_T0_R1091_B704.npz,Rdi5ExhmqHM_0000_S103_E343_L275_T0_R1091_B704_natural_0_mesh_motions.pt,
RdlMCh2idHI,RdlMCh2idHI_0041_S698_E1082_L843_T412_R1131_B700,RdlMCh2idHI_0041_S698_E1082_L843_T412_R1131_B700.wav,RdlMCh2idHI_0041_S698_E1082_L843_T412_R1131_B700.npz,RdlMCh2idHI_0041_S698_E1082_L843_T412_R1131_B700.npz,RdlMCh2idHI_0041_S698_E1082_L843_T412_R1131_B700_natural_0_mesh_motions.pt,
Rh5qNYU-_jI,Rh5qNYU-_jI_0000_S1076_E1372_L529_T135_R1137_B711,Rh5qNYU-_jI_0000_S1076_E1372_L529_T135_R1137_B711.wav,Rh5qNYU-_jI_0000_S1076_E1372_L529_T135_R1137_B711.npz,Rh5qNYU-_jI_0000_S1076_E1372_L529_T135_R1137_B711.npz,Rh5qNYU-_jI_0000_S1076_E1372_L529_T135_R1137_B711_natural_0_mesh_motions.pt,
RhcnVBgKxEg,RhcnVBgKxEg_0010_S1441_E1759_L147_T0_R1075_B640,RhcnVBgKxEg_0010_S1441_E1759_L147_T0_R1075_B640.wav,RhcnVBgKxEg_0010_S1441_E1759_L147_T0_R1075_B640.npz,RhcnVBgKxEg_0010_S1441_E1759_L147_T0_R1075_B640.npz,RhcnVBgKxEg_0010_S1441_E1759_L147_T0_R1075_B640_natural_0_mesh_motions.pt,
RjzuefWqVY8,RjzuefWqVY8_0000_S332_E573_L351_T9_R895_B553,RjzuefWqVY8_0000_S332_E573_L351_T9_R895_B553.wav,RjzuefWqVY8_0000_S332_E573_L351_T9_R895_B553.npz,RjzuefWqVY8_0000_S332_E573_L351_T9_R895_B553.npz,RjzuefWqVY8_0000_S332_E573_L351_T9_R895_B553_natural_0_mesh_motions.pt,
RovZoquZGn4,RovZoquZGn4_0000_S747_E953_L362_T8_R906_B552,RovZoquZGn4_0000_S747_E953_L362_T8_R906_B552.wav,RovZoquZGn4_0000_S747_E953_L362_T8_R906_B552.npz,RovZoquZGn4_0000_S747_E953_L362_T8_R906_B552.npz,RovZoquZGn4_0000_S747_E953_L362_T8_R906_B552_natural_0_mesh_motions.pt,
RvjlBL4A_8U,RvjlBL4A_8U_0000_S0_E550_L225_T7_R705_B487,RvjlBL4A_8U_0000_S0_E550_L225_T7_R705_B487.wav,RvjlBL4A_8U_0000_S0_E550_L225_T7_R705_B487.npz,RvjlBL4A_8U_0000_S0_E550_L225_T7_R705_B487.npz,RvjlBL4A_8U_0000_S0_E550_L225_T7_R705_B487_natural_0_mesh_motions.pt,
RweXbb_OzBU,RweXbb_OzBU_0002_S46_E328_L436_T0_R980_B496,RweXbb_OzBU_0002_S46_E328_L436_T0_R980_B496.wav,RweXbb_OzBU_0002_S46_E328_L436_T0_R980_B496.npz,RweXbb_OzBU_0002_S46_E328_L436_T0_R980_B496.npz,RweXbb_OzBU_0002_S46_E328_L436_T0_R980_B496_natural_0_mesh_motions.pt,
RyiqQnCd7qQ,RyiqQnCd7qQ_0001_S1248_E1500_L455_T60_R887_B492,RyiqQnCd7qQ_0001_S1248_E1500_L455_T60_R887_B492.wav,RyiqQnCd7qQ_0001_S1248_E1500_L455_T60_R887_B492.npz,RyiqQnCd7qQ_0001_S1248_E1500_L455_T60_R887_B492.npz,RyiqQnCd7qQ_0001_S1248_E1500_L455_T60_R887_B492_natural_0_mesh_motions.pt,
RyszHongpf0,RyszHongpf0_0002_S282_E562_L227_T63_R755_B591,RyszHongpf0_0002_S282_E562_L227_T63_R755_B591.wav,RyszHongpf0_0002_S282_E562_L227_T63_R755_B591.npz,RyszHongpf0_0002_S282_E562_L227_T63_R755_B591.npz,RyszHongpf0_0002_S282_E562_L227_T63_R755_B591_natural_0_mesh_motions.pt,
S-imxWoyMD0,S-imxWoyMD0_0002_S112_E594_L775_T15_R1079_B319,S-imxWoyMD0_0002_S112_E594_L775_T15_R1079_B319.wav,S-imxWoyMD0_0002_S112_E594_L775_T15_R1079_B319.npz,S-imxWoyMD0_0002_S112_E594_L775_T15_R1079_B319.npz,S-imxWoyMD0_0002_S112_E594_L775_T15_R1079_B319_natural_0_mesh_motions.pt,
S0MWAAykFuc,S0MWAAykFuc_0002_S680_E1090_L703_T146_R975_B418,S0MWAAykFuc_0002_S680_E1090_L703_T146_R975_B418.wav,S0MWAAykFuc_0002_S680_E1090_L703_T146_R975_B418.npz,S0MWAAykFuc_0002_S680_E1090_L703_T146_R975_B418.npz,S0MWAAykFuc_0002_S680_E1090_L703_T146_R975_B418_natural_0_mesh_motions.pt,
S4nfcw632Oo,S4nfcw632Oo_0000_S1213_E1535_L427_T106_R875_B554,S4nfcw632Oo_0000_S1213_E1535_L427_T106_R875_B554.wav,S4nfcw632Oo_0000_S1213_E1535_L427_T106_R875_B554.npz,S4nfcw632Oo_0000_S1213_E1535_L427_T106_R875_B554.npz,S4nfcw632Oo_0000_S1213_E1535_L427_T106_R875_B554_natural_0_mesh_motions.pt,
S5OzDdLlsUI,S5OzDdLlsUI_0000_S951_E1263_L0_T0_R1136_B704,S5OzDdLlsUI_0000_S951_E1263_L0_T0_R1136_B704.wav,S5OzDdLlsUI_0000_S951_E1263_L0_T0_R1136_B704.npz,S5OzDdLlsUI_0000_S951_E1263_L0_T0_R1136_B704.npz,S5OzDdLlsUI_0000_S951_E1263_L0_T0_R1136_B704_natural_0_mesh_motions.pt,
SCjA7BJDnEM,SCjA7BJDnEM_0002_S953_E1305_L394_T0_R762_B368,SCjA7BJDnEM_0002_S953_E1305_L394_T0_R762_B368.wav,SCjA7BJDnEM_0002_S953_E1305_L394_T0_R762_B368.npz,SCjA7BJDnEM_0002_S953_E1305_L394_T0_R762_B368.npz,SCjA7BJDnEM_0002_S953_E1305_L394_T0_R762_B368_natural_0_mesh_motions.pt,
SD-LjOboaE0,SD-LjOboaE0_0001_S703_E1336_L267_T25_R779_B537,SD-LjOboaE0_0001_S703_E1336_L267_T25_R779_B537.wav,SD-LjOboaE0_0001_S703_E1336_L267_T25_R779_B537.npz,SD-LjOboaE0_0001_S703_E1336_L267_T25_R779_B537.npz,SD-LjOboaE0_0001_S703_E1336_L267_T25_R779_B537_natural_0_mesh_motions.pt,
SDCICtm9zXQ,SDCICtm9zXQ_0003_S763_E1063_L410_T11_R890_B491,SDCICtm9zXQ_0003_S763_E1063_L410_T11_R890_B491.wav,SDCICtm9zXQ_0003_S763_E1063_L410_T11_R890_B491.npz,SDCICtm9zXQ_0003_S763_E1063_L410_T11_R890_B491.npz,SDCICtm9zXQ_0003_S763_E1063_L410_T11_R890_B491_natural_0_mesh_motions.pt,
SEDDSCUJxK8,SEDDSCUJxK8_0000_S0_E333_L233_T0_R761_B512,SEDDSCUJxK8_0000_S0_E333_L233_T0_R761_B512.wav,SEDDSCUJxK8_0000_S0_E333_L233_T0_R761_B512.npz,SEDDSCUJxK8_0000_S0_E333_L233_T0_R761_B512.npz,SEDDSCUJxK8_0000_S0_E333_L233_T0_R761_B512_natural_0_mesh_motions.pt,
SFE7NNxfbM4,SFE7NNxfbM4_0010_S93_E440_L188_T70_R476_B358,SFE7NNxfbM4_0010_S93_E440_L188_T70_R476_B358.wav,SFE7NNxfbM4_0010_S93_E440_L188_T70_R476_B358.npz,SFE7NNxfbM4_0010_S93_E440_L188_T70_R476_B358.npz,SFE7NNxfbM4_0010_S93_E440_L188_T70_R476_B358_natural_0_mesh_motions.pt,
SH80ZuySDW4,SH80ZuySDW4_0001_S707_E907_L676_T166_R1076_B566,SH80ZuySDW4_0001_S707_E907_L676_T166_R1076_B566.wav,SH80ZuySDW4_0001_S707_E907_L676_T166_R1076_B566.npz,SH80ZuySDW4_0001_S707_E907_L676_T166_R1076_B566.npz,SH80ZuySDW4_0001_S707_E907_L676_T166_R1076_B566_natural_0_mesh_motions.pt,
SNBMdDaYhZA,SNBMdDaYhZA_0000_S761_E959_L0_T0_R1264_B704,SNBMdDaYhZA_0000_S761_E959_L0_T0_R1264_B704.wav,SNBMdDaYhZA_0000_S761_E959_L0_T0_R1264_B704.npz,SNBMdDaYhZA_0000_S761_E959_L0_T0_R1264_B704.npz,SNBMdDaYhZA_0000_S761_E959_L0_T0_R1264_B704_natural_0_mesh_motions.pt,
SNcjWH6ZhPI,SNcjWH6ZhPI_0000_S1026_E1408_L548_T54_R820_B326,SNcjWH6ZhPI_0000_S1026_E1408_L548_T54_R820_B326.wav,SNcjWH6ZhPI_0000_S1026_E1408_L548_T54_R820_B326.npz,SNcjWH6ZhPI_0000_S1026_E1408_L548_T54_R820_B326.npz,SNcjWH6ZhPI_0000_S1026_E1408_L548_T54_R820_B326_natural_0_mesh_motions.pt,
SOUME9xzIxk,SOUME9xzIxk_0043_S1122_E1524_L331_T25_R603_B297,SOUME9xzIxk_0043_S1122_E1524_L331_T25_R603_B297.wav,SOUME9xzIxk_0043_S1122_E1524_L331_T25_R603_B297.npz,SOUME9xzIxk_0043_S1122_E1524_L331_T25_R603_B297.npz,SOUME9xzIxk_0043_S1122_E1524_L331_T25_R603_B297_natural_0_mesh_motions.pt,
SSGEoCsFoH4,SSGEoCsFoH4_0000_S0_E326_L437_T76_R741_B380,SSGEoCsFoH4_0000_S0_E326_L437_T76_R741_B380.wav,SSGEoCsFoH4_0000_S0_E326_L437_T76_R741_B380.npz,SSGEoCsFoH4_0000_S0_E326_L437_T76_R741_B380.npz,SSGEoCsFoH4_0000_S0_E326_L437_T76_R741_B380_natural_0_mesh_motions.pt,
STKb-ai6874,STKb-ai6874_0025_S0_E261_L697_T50_R953_B306,STKb-ai6874_0025_S0_E261_L697_T50_R953_B306.wav,STKb-ai6874_0025_S0_E261_L697_T50_R953_B306.npz,STKb-ai6874_0025_S0_E261_L697_T50_R953_B306.npz,STKb-ai6874_0025_S0_E261_L697_T50_R953_B306_natural_0_mesh_motions.pt,
STWrgFYmkL4,STWrgFYmkL4_0002_S0_E448_L903_T97_R1159_B353,STWrgFYmkL4_0002_S0_E448_L903_T97_R1159_B353.wav,STWrgFYmkL4_0002_S0_E448_L903_T97_R1159_B353.npz,STWrgFYmkL4_0002_S0_E448_L903_T97_R1159_B353.npz,STWrgFYmkL4_0002_S0_E448_L903_T97_R1159_B353_natural_0_mesh_motions.pt,
SYriZ4xtdDM,SYriZ4xtdDM_0001_S1325_E1759_L496_T45_R912_B461,SYriZ4xtdDM_0001_S1325_E1759_L496_T45_R912_B461.wav,SYriZ4xtdDM_0001_S1325_E1759_L496_T45_R912_B461.npz,SYriZ4xtdDM_0001_S1325_E1759_L496_T45_R912_B461.npz,SYriZ4xtdDM_0001_S1325_E1759_L496_T45_R912_B461_natural_0_mesh_motions.pt,
SfaKxqo1NfQ,SfaKxqo1NfQ_0000_S1034_E1367_L320_T6_R720_B406,SfaKxqo1NfQ_0000_S1034_E1367_L320_T6_R720_B406.wav,SfaKxqo1NfQ_0000_S1034_E1367_L320_T6_R720_B406.npz,SfaKxqo1NfQ_0000_S1034_E1367_L320_T6_R720_B406.npz,SfaKxqo1NfQ_0000_S1034_E1367_L320_T6_R720_B406_natural_0_mesh_motions.pt,
SfkSpHzhZb8,SfkSpHzhZb8_0000_S0_E308_L442_T138_R778_B474,SfkSpHzhZb8_0000_S0_E308_L442_T138_R778_B474.wav,SfkSpHzhZb8_0000_S0_E308_L442_T138_R778_B474.npz,SfkSpHzhZb8_0000_S0_E308_L442_T138_R778_B474.npz,SfkSpHzhZb8_0000_S0_E308_L442_T138_R778_B474_natural_0_mesh_motions.pt,
Sg-HIZ3qgtk,Sg-HIZ3qgtk_0006_S425_E722_L521_T18_R905_B402,Sg-HIZ3qgtk_0006_S425_E722_L521_T18_R905_B402.wav,Sg-HIZ3qgtk_0006_S425_E722_L521_T18_R905_B402.npz,Sg-HIZ3qgtk_0006_S425_E722_L521_T18_R905_B402.npz,Sg-HIZ3qgtk_0006_S425_E722_L521_T18_R905_B402_natural_0_mesh_motions.pt,
SjbFjIeSCf0,SjbFjIeSCf0_0005_S159_E397_L353_T47_R737_B431,SjbFjIeSCf0_0005_S159_E397_L353_T47_R737_B431.wav,SjbFjIeSCf0_0005_S159_E397_L353_T47_R737_B431.npz,SjbFjIeSCf0_0005_S159_E397_L353_T47_R737_B431.npz,SjbFjIeSCf0_0005_S159_E397_L353_T47_R737_B431_natural_0_mesh_motions.pt,
SlJh09MsJ7I,SlJh09MsJ7I_0000_S1100_E1314_L487_T46_R1031_B590,SlJh09MsJ7I_0000_S1100_E1314_L487_T46_R1031_B590.wav,SlJh09MsJ7I_0000_S1100_E1314_L487_T46_R1031_B590.npz,SlJh09MsJ7I_0000_S1100_E1314_L487_T46_R1031_B590.npz,SlJh09MsJ7I_0000_S1100_E1314_L487_T46_R1031_B590_natural_0_mesh_motions.pt,
SoeKlf4DcSE,SoeKlf4DcSE_0000_S1163_E1903_L443_T19_R795_B371,SoeKlf4DcSE_0000_S1163_E1903_L443_T19_R795_B371.wav,SoeKlf4DcSE_0000_S1163_E1903_L443_T19_R795_B371.npz,SoeKlf4DcSE_0000_S1163_E1903_L443_T19_R795_B371.npz,SoeKlf4DcSE_0000_S1163_E1903_L443_T19_R795_B371_natural_0_mesh_motions.pt,
SsIDNPoW7q8,SsIDNPoW7q8_0011_S228_E576_L350_T0_R750_B400,SsIDNPoW7q8_0011_S228_E576_L350_T0_R750_B400.wav,SsIDNPoW7q8_0011_S228_E576_L350_T0_R750_B400.npz,SsIDNPoW7q8_0011_S228_E576_L350_T0_R750_B400.npz,SsIDNPoW7q8_0011_S228_E576_L350_T0_R750_B400_natural_0_mesh_motions.pt,
Su8Q8XMQzIM,Su8Q8XMQzIM_0000_S1116_E1402_L367_T56_R815_B504,Su8Q8XMQzIM_0000_S1116_E1402_L367_T56_R815_B504.wav,Su8Q8XMQzIM_0000_S1116_E1402_L367_T56_R815_B504.npz,Su8Q8XMQzIM_0000_S1116_E1402_L367_T56_R815_B504.npz,Su8Q8XMQzIM_0000_S1116_E1402_L367_T56_R815_B504_natural_0_mesh_motions.pt,
SuYeKcei7Zo,SuYeKcei7Zo_0000_S501_E876_L517_T40_R837_B360,SuYeKcei7Zo_0000_S501_E876_L517_T40_R837_B360.wav,SuYeKcei7Zo_0000_S501_E876_L517_T40_R837_B360.npz,SuYeKcei7Zo_0000_S501_E876_L517_T40_R837_B360.npz,SuYeKcei7Zo_0000_S501_E876_L517_T40_R837_B360_natural_0_mesh_motions.pt,
SvWCVOGF6vs,SvWCVOGF6vs_0004_S321_E739_L591_T244_R927_B580,SvWCVOGF6vs_0004_S321_E739_L591_T244_R927_B580.wav,SvWCVOGF6vs_0004_S321_E739_L591_T244_R927_B580.npz,SvWCVOGF6vs_0004_S321_E739_L591_T244_R927_B580.npz,SvWCVOGF6vs_0004_S321_E739_L591_T244_R927_B580_natural_0_mesh_motions.pt,
SzjmpNTVH6U,SzjmpNTVH6U_0000_S0_E278_L495_T0_R799_B288,SzjmpNTVH6U_0000_S0_E278_L495_T0_R799_B288.wav,SzjmpNTVH6U_0000_S0_E278_L495_T0_R799_B288.npz,SzjmpNTVH6U_0000_S0_E278_L495_T0_R799_B288.npz,SzjmpNTVH6U_0000_S0_E278_L495_T0_R799_B288_natural_0_mesh_motions.pt,
Szx43_ah4ys,Szx43_ah4ys_0019_S109_E394_L437_T22_R853_B438,Szx43_ah4ys_0019_S109_E394_L437_T22_R853_B438.wav,Szx43_ah4ys_0019_S109_E394_L437_T22_R853_B438.npz,Szx43_ah4ys_0019_S109_E394_L437_T22_R853_B438.npz,Szx43_ah4ys_0019_S109_E394_L437_T22_R853_B438_natural_0_mesh_motions.pt,
T0qjkPboQXY,T0qjkPboQXY_0000_S183_E423_L502_T0_R822_B304,T0qjkPboQXY_0000_S183_E423_L502_T0_R822_B304.wav,T0qjkPboQXY_0000_S183_E423_L502_T0_R822_B304.npz,T0qjkPboQXY_0000_S183_E423_L502_T0_R822_B304.npz,T0qjkPboQXY_0000_S183_E423_L502_T0_R822_B304_natural_0_mesh_motions.pt,
TIgRgGQ2azQ,TIgRgGQ2azQ_0000_S108_E492_L407_T0_R791_B384,TIgRgGQ2azQ_0000_S108_E492_L407_T0_R791_B384.wav,TIgRgGQ2azQ_0000_S108_E492_L407_T0_R791_B384.npz,TIgRgGQ2azQ_0000_S108_E492_L407_T0_R791_B384.npz,TIgRgGQ2azQ_0000_S108_E492_L407_T0_R791_B384_natural_0_mesh_motions.pt,
TJXW9hpOlnI,TJXW9hpOlnI_0000_S984_E1423_L327_T0_R935_B576,TJXW9hpOlnI_0000_S984_E1423_L327_T0_R935_B576.wav,TJXW9hpOlnI_0000_S984_E1423_L327_T0_R935_B576.npz,TJXW9hpOlnI_0000_S984_E1423_L327_T0_R935_B576.npz,TJXW9hpOlnI_0000_S984_E1423_L327_T0_R935_B576_natural_0_mesh_motions.pt,
TNEWst_1m4s,TNEWst_1m4s_0001_S1299_E1535_L352_T33_R1024_B705,TNEWst_1m4s_0001_S1299_E1535_L352_T33_R1024_B705.wav,TNEWst_1m4s_0001_S1299_E1535_L352_T33_R1024_B705.npz,TNEWst_1m4s_0001_S1299_E1535_L352_T33_R1024_B705.npz,TNEWst_1m4s_0001_S1299_E1535_L352_T33_R1024_B705_natural_0_mesh_motions.pt,
TOT4eRF4oCU,TOT4eRF4oCU_0002_S192_E408_L642_T109_R930_B397,TOT4eRF4oCU_0002_S192_E408_L642_T109_R930_B397.wav,TOT4eRF4oCU_0002_S192_E408_L642_T109_R930_B397.npz,TOT4eRF4oCU_0002_S192_E408_L642_T109_R930_B397.npz,TOT4eRF4oCU_0002_S192_E408_L642_T109_R930_B397_natural_0_mesh_motions.pt,
TOzkrCUSlFg,TOzkrCUSlFg_0000_S0_E586_L467_T18_R963_B514,TOzkrCUSlFg_0000_S0_E586_L467_T18_R963_B514.wav,TOzkrCUSlFg_0000_S0_E586_L467_T18_R963_B514.npz,TOzkrCUSlFg_0000_S0_E586_L467_T18_R963_B514.npz,TOzkrCUSlFg_0000_S0_E586_L467_T18_R963_B514_natural_0_mesh_motions.pt,
TP2wD0LX4T8,TP2wD0LX4T8_0000_S1171_E1447_L490_T70_R794_B374,TP2wD0LX4T8_0000_S1171_E1447_L490_T70_R794_B374.wav,TP2wD0LX4T8_0000_S1171_E1447_L490_T70_R794_B374.npz,TP2wD0LX4T8_0000_S1171_E1447_L490_T70_R794_B374.npz,TP2wD0LX4T8_0000_S1171_E1447_L490_T70_R794_B374_natural_0_mesh_motions.pt,
TQ2NfO8grLs,TQ2NfO8grLs_0024_S1238_E1503_L740_T153_R996_B409,TQ2NfO8grLs_0024_S1238_E1503_L740_T153_R996_B409.wav,TQ2NfO8grLs_0024_S1238_E1503_L740_T153_R996_B409.npz,TQ2NfO8grLs_0024_S1238_E1503_L740_T153_R996_B409.npz,TQ2NfO8grLs_0024_S1238_E1503_L740_T153_R996_B409_natural_0_mesh_motions.pt,
TQ7NqpFMbFs,TQ7NqpFMbFs_0000_S589_E929_L655_T16_R1023_B384,TQ7NqpFMbFs_0000_S589_E929_L655_T16_R1023_B384.wav,TQ7NqpFMbFs_0000_S589_E929_L655_T16_R1023_B384.npz,TQ7NqpFMbFs_0000_S589_E929_L655_T16_R1023_B384.npz,TQ7NqpFMbFs_0000_S589_E929_L655_T16_R1023_B384_natural_0_mesh_motions.pt,
TQzJKL_4l44,TQzJKL_4l44_0000_S308_E811_L99_T0_R595_B448,TQzJKL_4l44_0000_S308_E811_L99_T0_R595_B448.wav,TQzJKL_4l44_0000_S308_E811_L99_T0_R595_B448.npz,TQzJKL_4l44_0000_S308_E811_L99_T0_R595_B448.npz,TQzJKL_4l44_0000_S308_E811_L99_T0_R595_B448_natural_0_mesh_motions.pt,
TUVeg-x9Za4,TUVeg-x9Za4_0002_S101_E347_L402_T24_R770_B392,TUVeg-x9Za4_0002_S101_E347_L402_T24_R770_B392.wav,TUVeg-x9Za4_0002_S101_E347_L402_T24_R770_B392.npz,TUVeg-x9Za4_0002_S101_E347_L402_T24_R770_B392.npz,TUVeg-x9Za4_0002_S101_E347_L402_T24_R770_B392_natural_0_mesh_motions.pt,
TXjwmCoRmhM,TXjwmCoRmhM_0000_S1112_E1572_L436_T29_R1012_B605,TXjwmCoRmhM_0000_S1112_E1572_L436_T29_R1012_B605.wav,TXjwmCoRmhM_0000_S1112_E1572_L436_T29_R1012_B605.npz,TXjwmCoRmhM_0000_S1112_E1572_L436_T29_R1012_B605.npz,TXjwmCoRmhM_0000_S1112_E1572_L436_T29_R1012_B605_natural_0_mesh_motions.pt,
Tg2yHK2Hnag,Tg2yHK2Hnag_0000_S867_E1548_L454_T189_R806_B541,Tg2yHK2Hnag_0000_S867_E1548_L454_T189_R806_B541.wav,Tg2yHK2Hnag_0000_S867_E1548_L454_T189_R806_B541.npz,Tg2yHK2Hnag_0000_S867_E1548_L454_T189_R806_B541.npz,Tg2yHK2Hnag_0000_S867_E1548_L454_T189_R806_B541_natural_0_mesh_motions.pt,
Tm1RbCh9YeA,Tm1RbCh9YeA_0001_S544_E796_L571_T59_R827_B315,Tm1RbCh9YeA_0001_S544_E796_L571_T59_R827_B315.wav,Tm1RbCh9YeA_0001_S544_E796_L571_T59_R827_B315.npz,Tm1RbCh9YeA_0001_S544_E796_L571_T59_R827_B315.npz,Tm1RbCh9YeA_0001_S544_E796_L571_T59_R827_B315_natural_0_mesh_motions.pt,
Tq-AsJ8M5yw,Tq-AsJ8M5yw_0002_S775_E1070_L385_T94_R913_B622,Tq-AsJ8M5yw_0002_S775_E1070_L385_T94_R913_B622.wav,Tq-AsJ8M5yw_0002_S775_E1070_L385_T94_R913_B622.npz,Tq-AsJ8M5yw_0002_S775_E1070_L385_T94_R913_B622.npz,Tq-AsJ8M5yw_0002_S775_E1070_L385_T94_R913_B622_natural_0_mesh_motions.pt,
Trq6vcUOeQE,Trq6vcUOeQE_0001_S1139_E1525_L261_T40_R853_B632,Trq6vcUOeQE_0001_S1139_E1525_L261_T40_R853_B632.wav,Trq6vcUOeQE_0001_S1139_E1525_L261_T40_R853_B632.npz,Trq6vcUOeQE_0001_S1139_E1525_L261_T40_R853_B632.npz,Trq6vcUOeQE_0001_S1139_E1525_L261_T40_R853_B632_natural_0_mesh_motions.pt,
Ts04-23URYA,Ts04-23URYA_0000_S615_E857_L265_T4_R569_B308,Ts04-23URYA_0000_S615_E857_L265_T4_R569_B308.wav,Ts04-23URYA_0000_S615_E857_L265_T4_R569_B308.npz,Ts04-23URYA_0000_S615_E857_L265_T4_R569_B308.npz,Ts04-23URYA_0000_S615_E857_L265_T4_R569_B308_natural_0_mesh_motions.pt,
Tu22Y0kIzJ0,Tu22Y0kIzJ0_0001_S0_E319_L355_T0_R1219_B704,Tu22Y0kIzJ0_0001_S0_E319_L355_T0_R1219_B704.wav,Tu22Y0kIzJ0_0001_S0_E319_L355_T0_R1219_B704.npz,Tu22Y0kIzJ0_0001_S0_E319_L355_T0_R1219_B704.npz,Tu22Y0kIzJ0_0001_S0_E319_L355_T0_R1219_B704_natural_0_mesh_motions.pt,
U-kFZbOf6Nk,U-kFZbOf6Nk_0000_S497_E781_L515_T50_R1027_B562,U-kFZbOf6Nk_0000_S497_E781_L515_T50_R1027_B562.wav,U-kFZbOf6Nk_0000_S497_E781_L515_T50_R1027_B562.npz,U-kFZbOf6Nk_0000_S497_E781_L515_T50_R1027_B562.npz,U-kFZbOf6Nk_0000_S497_E781_L515_T50_R1027_B562_natural_0_mesh_motions.pt,
U2eqvs_MZGg,U2eqvs_MZGg_0002_S0_E481_L505_T168_R809_B472,U2eqvs_MZGg_0002_S0_E481_L505_T168_R809_B472.wav,U2eqvs_MZGg_0002_S0_E481_L505_T168_R809_B472.npz,U2eqvs_MZGg_0002_S0_E481_L505_T168_R809_B472.npz,U2eqvs_MZGg_0002_S0_E481_L505_T168_R809_B472_natural_0_mesh_motions.pt,
U5Ze75nn72M,U5Ze75nn72M_0030_S1119_E1375_L429_T54_R701_B326,U5Ze75nn72M_0030_S1119_E1375_L429_T54_R701_B326.wav,U5Ze75nn72M_0030_S1119_E1375_L429_T54_R701_B326.npz,U5Ze75nn72M_0030_S1119_E1375_L429_T54_R701_B326.npz,U5Ze75nn72M_0030_S1119_E1375_L429_T54_R701_B326_natural_0_mesh_motions.pt,
UA-U6m9O5OI,UA-U6m9O5OI_0005_S1071_E1540_L582_T123_R870_B411,UA-U6m9O5OI_0005_S1071_E1540_L582_T123_R870_B411.wav,UA-U6m9O5OI_0005_S1071_E1540_L582_T123_R870_B411.npz,UA-U6m9O5OI_0005_S1071_E1540_L582_T123_R870_B411.npz,UA-U6m9O5OI_0005_S1071_E1540_L582_T123_R870_B411_natural_0_mesh_motions.pt,
UFXt6O5cxjw,UFXt6O5cxjw_0007_S535_E781_L549_T26_R1013_B490,UFXt6O5cxjw_0007_S535_E781_L549_T26_R1013_B490.wav,UFXt6O5cxjw_0007_S535_E781_L549_T26_R1013_B490.npz,UFXt6O5cxjw_0007_S535_E781_L549_T26_R1013_B490.npz,UFXt6O5cxjw_0007_S535_E781_L549_T26_R1013_B490_natural_0_mesh_motions.pt,
UIV2gt1Jzno,UIV2gt1Jzno_0015_S367_E601_L421_T0_R1077_B608,UIV2gt1Jzno_0015_S367_E601_L421_T0_R1077_B608.wav,UIV2gt1Jzno_0015_S367_E601_L421_T0_R1077_B608.npz,UIV2gt1Jzno_0015_S367_E601_L421_T0_R1077_B608.npz,UIV2gt1Jzno_0015_S367_E601_L421_T0_R1077_B608_natural_0_mesh_motions.pt,
UIr0uGUWN6g,UIr0uGUWN6g_0000_S1217_E1535_L601_T41_R873_B313,UIr0uGUWN6g_0000_S1217_E1535_L601_T41_R873_B313.wav,UIr0uGUWN6g_0000_S1217_E1535_L601_T41_R873_B313.npz,UIr0uGUWN6g_0000_S1217_E1535_L601_T41_R873_B313.npz,UIr0uGUWN6g_0000_S1217_E1535_L601_T41_R873_B313_natural_0_mesh_motions.pt,
UJeKNl461d8,UJeKNl461d8_0010_S1155_E1759_L585_T339_R889_B643,UJeKNl461d8_0010_S1155_E1759_L585_T339_R889_B643.wav,UJeKNl461d8_0010_S1155_E1759_L585_T339_R889_B643.npz,UJeKNl461d8_0010_S1155_E1759_L585_T339_R889_B643.npz,UJeKNl461d8_0010_S1155_E1759_L585_T339_R889_B643_natural_0_mesh_motions.pt,
UKBlZt_JL-I,UKBlZt_JL-I_0001_S46_E458_L116_T130_R484_B498,UKBlZt_JL-I_0001_S46_E458_L116_T130_R484_B498.wav,UKBlZt_JL-I_0001_S46_E458_L116_T130_R484_B498.npz,UKBlZt_JL-I_0001_S46_E458_L116_T130_R484_B498.npz,UKBlZt_JL-I_0001_S46_E458_L116_T130_R484_B498_natural_0_mesh_motions.pt,
UKc54igtdXI,UKc54igtdXI_0002_S999_E1295_L680_T0_R1272_B608,UKc54igtdXI_0002_S999_E1295_L680_T0_R1272_B608.wav,UKc54igtdXI_0002_S999_E1295_L680_T0_R1272_B608.npz,UKc54igtdXI_0002_S999_E1295_L680_T0_R1272_B608.npz,UKc54igtdXI_0002_S999_E1295_L680_T0_R1272_B608_natural_0_mesh_motions.pt,
UOGLLo60dzI,UOGLLo60dzI_0000_S1085_E1393_L646_T0_R1046_B384,UOGLLo60dzI_0000_S1085_E1393_L646_T0_R1046_B384.wav,UOGLLo60dzI_0000_S1085_E1393_L646_T0_R1046_B384.npz,UOGLLo60dzI_0000_S1085_E1393_L646_T0_R1046_B384.npz,UOGLLo60dzI_0000_S1085_E1393_L646_T0_R1046_B384_natural_0_mesh_motions.pt,
UPRvrLsqN8U,UPRvrLsqN8U_0000_S1634_E1919_L161_T52_R465_B356,UPRvrLsqN8U_0000_S1634_E1919_L161_T52_R465_B356.wav,UPRvrLsqN8U_0000_S1634_E1919_L161_T52_R465_B356.npz,UPRvrLsqN8U_0000_S1634_E1919_L161_T52_R465_B356.npz,UPRvrLsqN8U_0000_S1634_E1919_L161_T52_R465_B356_natural_0_mesh_motions.pt,
URC125wpMS4,URC125wpMS4_0000_S1404_E1720_L323_T0_R851_B512,URC125wpMS4_0000_S1404_E1720_L323_T0_R851_B512.wav,URC125wpMS4_0000_S1404_E1720_L323_T0_R851_B512.npz,URC125wpMS4_0000_S1404_E1720_L323_T0_R851_B512.npz,URC125wpMS4_0000_S1404_E1720_L323_T0_R851_B512_natural_0_mesh_motions.pt,
UT7n0WY_6Ww,UT7n0WY_6Ww_0000_S364_E896_L351_T0_R1071_B608,UT7n0WY_6Ww_0000_S364_E896_L351_T0_R1071_B608.wav,UT7n0WY_6Ww_0000_S364_E896_L351_T0_R1071_B608.npz,UT7n0WY_6Ww_0000_S364_E896_L351_T0_R1071_B608.npz,UT7n0WY_6Ww_0000_S364_E896_L351_T0_R1071_B608_natural_0_mesh_motions.pt,
UUT_nhIlR_U,UUT_nhIlR_U_0000_S1159_E1505_L548_T88_R932_B472,UUT_nhIlR_U_0000_S1159_E1505_L548_T88_R932_B472.wav,UUT_nhIlR_U_0000_S1159_E1505_L548_T88_R932_B472.npz,UUT_nhIlR_U_0000_S1159_E1505_L548_T88_R932_B472.npz,UUT_nhIlR_U_0000_S1159_E1505_L548_T88_R932_B472_natural_0_mesh_motions.pt,
UVTsXdLyIsk,UVTsXdLyIsk_0000_S1071_E1813_L423_T0_R839_B400,UVTsXdLyIsk_0000_S1071_E1813_L423_T0_R839_B400.wav,UVTsXdLyIsk_0000_S1071_E1813_L423_T0_R839_B400.npz,UVTsXdLyIsk_0000_S1071_E1813_L423_T0_R839_B400.npz,UVTsXdLyIsk_0000_S1071_E1813_L423_T0_R839_B400_natural_0_mesh_motions.pt,
UVaN02jNqgM,UVaN02jNqgM_0000_S0_E300_L365_T13_R717_B365,UVaN02jNqgM_0000_S0_E300_L365_T13_R717_B365.wav,UVaN02jNqgM_0000_S0_E300_L365_T13_R717_B365.npz,UVaN02jNqgM_0000_S0_E300_L365_T13_R717_B365.npz,UVaN02jNqgM_0000_S0_E300_L365_T13_R717_B365_natural_0_mesh_motions.pt,
UXRKQjlYUZU,UXRKQjlYUZU_0000_S1127_E1491_L362_T23_R826_B487,UXRKQjlYUZU_0000_S1127_E1491_L362_T23_R826_B487.wav,UXRKQjlYUZU_0000_S1127_E1491_L362_T23_R826_B487.npz,UXRKQjlYUZU_0000_S1127_E1491_L362_T23_R826_B487.npz,UXRKQjlYUZU_0000_S1127_E1491_L362_T23_R826_B487_natural_0_mesh_motions.pt,
UXZm1KDE_qA,UXZm1KDE_qA_0000_S1277_E1511_L409_T118_R777_B486,UXZm1KDE_qA_0000_S1277_E1511_L409_T118_R777_B486.wav,UXZm1KDE_qA_0000_S1277_E1511_L409_T118_R777_B486.npz,UXZm1KDE_qA_0000_S1277_E1511_L409_T118_R777_B486.npz,UXZm1KDE_qA_0000_S1277_E1511_L409_T118_R777_B486_natural_0_mesh_motions.pt,
UbyxFZSZZ90,UbyxFZSZZ90_0000_S821_E1075_L570_T43_R922_B395,UbyxFZSZZ90_0000_S821_E1075_L570_T43_R922_B395.wav,UbyxFZSZZ90_0000_S821_E1075_L570_T43_R922_B395.npz,UbyxFZSZZ90_0000_S821_E1075_L570_T43_R922_B395.npz,UbyxFZSZZ90_0000_S821_E1075_L570_T43_R922_B395_natural_0_mesh_motions.pt,
UdpTELIW7bU,UdpTELIW7bU_0001_S957_E1359_L446_T126_R894_B574,UdpTELIW7bU_0001_S957_E1359_L446_T126_R894_B574.wav,UdpTELIW7bU_0001_S957_E1359_L446_T126_R894_B574.npz,UdpTELIW7bU_0001_S957_E1359_L446_T126_R894_B574.npz,UdpTELIW7bU_0001_S957_E1359_L446_T126_R894_B574_natural_0_mesh_motions.pt,
UeO44STvnJw,UeO44STvnJw_0011_S181_E557_L677_T86_R933_B342,UeO44STvnJw_0011_S181_E557_L677_T86_R933_B342.wav,UeO44STvnJw_0011_S181_E557_L677_T86_R933_B342.npz,UeO44STvnJw_0011_S181_E557_L677_T86_R933_B342.npz,UeO44STvnJw_0011_S181_E557_L677_T86_R933_B342_natural_0_mesh_motions.pt,
UjAxgnvxIJE,UjAxgnvxIJE_0110_S678_E1040_L398_T49_R926_B577,UjAxgnvxIJE_0110_S678_E1040_L398_T49_R926_B577.wav,UjAxgnvxIJE_0110_S678_E1040_L398_T49_R926_B577.npz,UjAxgnvxIJE_0110_S678_E1040_L398_T49_R926_B577.npz,UjAxgnvxIJE_0110_S678_E1040_L398_T49_R926_B577_natural_0_mesh_motions.pt,
Ul_ZfzfHRek,Ul_ZfzfHRek_0003_S641_E1030_L450_T78_R738_B366,Ul_ZfzfHRek_0003_S641_E1030_L450_T78_R738_B366.wav,Ul_ZfzfHRek_0003_S641_E1030_L450_T78_R738_B366.npz,Ul_ZfzfHRek_0003_S641_E1030_L450_T78_R738_B366.npz,Ul_ZfzfHRek_0003_S641_E1030_L450_T78_R738_B366_natural_0_mesh_motions.pt,
UmA3FpFowh4,UmA3FpFowh4_0001_S1067_E1535_L744_T42_R1080_B378,UmA3FpFowh4_0001_S1067_E1535_L744_T42_R1080_B378.wav,UmA3FpFowh4_0001_S1067_E1535_L744_T42_R1080_B378.npz,UmA3FpFowh4_0001_S1067_E1535_L744_T42_R1080_B378.npz,UmA3FpFowh4_0001_S1067_E1535_L744_T42_R1080_B378_natural_0_mesh_motions.pt,
UoVJllDh6rg,UoVJllDh6rg_0007_S253_E584_L290_T4_R706_B420,UoVJllDh6rg_0007_S253_E584_L290_T4_R706_B420.wav,UoVJllDh6rg_0007_S253_E584_L290_T4_R706_B420.npz,UoVJllDh6rg_0007_S253_E584_L290_T4_R706_B420.npz,UoVJllDh6rg_0007_S253_E584_L290_T4_R706_B420_natural_0_mesh_motions.pt,
Ux-ExovbpsE,Ux-ExovbpsE_0010_S1459_E1788_L427_T74_R795_B442,Ux-ExovbpsE_0010_S1459_E1788_L427_T74_R795_B442.wav,Ux-ExovbpsE_0010_S1459_E1788_L427_T74_R795_B442.npz,Ux-ExovbpsE_0010_S1459_E1788_L427_T74_R795_B442.npz,Ux-ExovbpsE_0010_S1459_E1788_L427_T74_R795_B442_natural_0_mesh_motions.pt,
V2XB2l3aFvc,V2XB2l3aFvc_0004_S1516_E1762_L504_T113_R888_B497,V2XB2l3aFvc_0004_S1516_E1762_L504_T113_R888_B497.wav,V2XB2l3aFvc_0004_S1516_E1762_L504_T113_R888_B497.npz,V2XB2l3aFvc_0004_S1516_E1762_L504_T113_R888_B497.npz,V2XB2l3aFvc_0004_S1516_E1762_L504_T113_R888_B497_natural_0_mesh_motions.pt,
V5FsNyk9rDo,V5FsNyk9rDo_0000_S548_E806_L328_T24_R664_B360,V5FsNyk9rDo_0000_S548_E806_L328_T24_R664_B360.wav,V5FsNyk9rDo_0000_S548_E806_L328_T24_R664_B360.npz,V5FsNyk9rDo_0000_S548_E806_L328_T24_R664_B360.npz,V5FsNyk9rDo_0000_S548_E806_L328_T24_R664_B360_natural_0_mesh_motions.pt,
V5uV1vR2M6g,V5uV1vR2M6g_0001_S237_E557_L465_T22_R817_B374,V5uV1vR2M6g_0001_S237_E557_L465_T22_R817_B374.wav,V5uV1vR2M6g_0001_S237_E557_L465_T22_R817_B374.npz,V5uV1vR2M6g_0001_S237_E557_L465_T22_R817_B374.npz,V5uV1vR2M6g_0001_S237_E557_L465_T22_R817_B374_natural_0_mesh_motions.pt,
V6egGoCrbIo,V6egGoCrbIo_0003_S400_E651_L370_T33_R962_B625,V6egGoCrbIo_0003_S400_E651_L370_T33_R962_B625.wav,V6egGoCrbIo_0003_S400_E651_L370_T33_R962_B625.npz,V6egGoCrbIo_0003_S400_E651_L370_T33_R962_B625.npz,V6egGoCrbIo_0003_S400_E651_L370_T33_R962_B625_natural_0_mesh_motions.pt,
VDLUQlOR_nI,VDLUQlOR_nI_0001_S1125_E1340_L447_T0_R1103_B640,VDLUQlOR_nI_0001_S1125_E1340_L447_T0_R1103_B640.wav,VDLUQlOR_nI_0001_S1125_E1340_L447_T0_R1103_B640.npz,VDLUQlOR_nI_0001_S1125_E1340_L447_T0_R1103_B640.npz,VDLUQlOR_nI_0001_S1125_E1340_L447_T0_R1103_B640_natural_0_mesh_motions.pt,
VF0hNn-Yfn0,VF0hNn-Yfn0_0027_S875_E1098_L121_T133_R521_B533,VF0hNn-Yfn0_0027_S875_E1098_L121_T133_R521_B533.wav,VF0hNn-Yfn0_0027_S875_E1098_L121_T133_R521_B533.npz,VF0hNn-Yfn0_0027_S875_E1098_L121_T133_R521_B533.npz,VF0hNn-Yfn0_0027_S875_E1098_L121_T133_R521_B533_natural_0_mesh_motions.pt,
VFeOyT16oEI,VFeOyT16oEI_0000_S1251_E1499_L470_T0_R934_B448,VFeOyT16oEI_0000_S1251_E1499_L470_T0_R934_B448.wav,VFeOyT16oEI_0000_S1251_E1499_L470_T0_R934_B448.npz,VFeOyT16oEI_0000_S1251_E1499_L470_T0_R934_B448.npz,VFeOyT16oEI_0000_S1251_E1499_L470_T0_R934_B448_natural_0_mesh_motions.pt,
VFf_xowsMcQ,VFf_xowsMcQ_0001_S0_E421_L495_T66_R1119_B690,VFf_xowsMcQ_0001_S0_E421_L495_T66_R1119_B690.wav,VFf_xowsMcQ_0001_S0_E421_L495_T66_R1119_B690.npz,VFf_xowsMcQ_0001_S0_E421_L495_T66_R1119_B690.npz,VFf_xowsMcQ_0001_S0_E421_L495_T66_R1119_B690_natural_0_mesh_motions.pt,
VGOslZT-f-I,VGOslZT-f-I_0001_S0_E218_L289_T40_R609_B360,VGOslZT-f-I_0001_S0_E218_L289_T40_R609_B360.wav,VGOslZT-f-I_0001_S0_E218_L289_T40_R609_B360.npz,VGOslZT-f-I_0001_S0_E218_L289_T40_R609_B360.npz,VGOslZT-f-I_0001_S0_E218_L289_T40_R609_B360_natural_0_mesh_motions.pt,
VJjiUcZCkzw,VJjiUcZCkzw_0175_S259_E600_L318_T148_R590_B420,VJjiUcZCkzw_0175_S259_E600_L318_T148_R590_B420.wav,VJjiUcZCkzw_0175_S259_E600_L318_T148_R590_B420.npz,VJjiUcZCkzw_0175_S259_E600_L318_T148_R590_B420.npz,VJjiUcZCkzw_0175_S259_E600_L318_T148_R590_B420_natural_0_mesh_motions.pt,
VKnNVP23toY,VKnNVP23toY_0000_S422_E628_L434_T37_R786_B389,VKnNVP23toY_0000_S422_E628_L434_T37_R786_B389.wav,VKnNVP23toY_0000_S422_E628_L434_T37_R786_B389.npz,VKnNVP23toY_0000_S422_E628_L434_T37_R786_B389.npz,VKnNVP23toY_0000_S422_E628_L434_T37_R786_B389_natural_0_mesh_motions.pt,
VNtYIBI3BFc,VNtYIBI3BFc_0002_S1167_E1615_L836_T193_R1204_B545,VNtYIBI3BFc_0002_S1167_E1615_L836_T193_R1204_B545.wav,VNtYIBI3BFc_0002_S1167_E1615_L836_T193_R1204_B545.npz,VNtYIBI3BFc_0002_S1167_E1615_L836_T193_R1204_B545.npz,VNtYIBI3BFc_0002_S1167_E1615_L836_T193_R1204_B545_natural_0_mesh_motions.pt,
VRu86oG1hVY,VRu86oG1hVY_0006_S1232_E1525_L299_T0_R923_B592,VRu86oG1hVY_0006_S1232_E1525_L299_T0_R923_B592.wav,VRu86oG1hVY_0006_S1232_E1525_L299_T0_R923_B592.npz,VRu86oG1hVY_0006_S1232_E1525_L299_T0_R923_B592.npz,VRu86oG1hVY_0006_S1232_E1525_L299_T0_R923_B592_natural_0_mesh_motions.pt,
VSRuncwwJyQ,VSRuncwwJyQ_0002_S398_E749_L360_T26_R712_B378,VSRuncwwJyQ_0002_S398_E749_L360_T26_R712_B378.wav,VSRuncwwJyQ_0002_S398_E749_L360_T26_R712_B378.npz,VSRuncwwJyQ_0002_S398_E749_L360_T26_R712_B378.npz,VSRuncwwJyQ_0002_S398_E749_L360_T26_R712_B378_natural_0_mesh_motions.pt,
VWrYbF797LI,VWrYbF797LI_0018_S0_E332_L174_T41_R974_B713,VWrYbF797LI_0018_S0_E332_L174_T41_R974_B713.wav,VWrYbF797LI_0018_S0_E332_L174_T41_R974_B713.npz,VWrYbF797LI_0018_S0_E332_L174_T41_R974_B713.npz,VWrYbF797LI_0018_S0_E332_L174_T41_R974_B713_natural_0_mesh_motions.pt,
VZki-LyHI0E,VZki-LyHI0E_0002_S188_E434_L43_T104_R411_B472,VZki-LyHI0E_0002_S188_E434_L43_T104_R411_B472.wav,VZki-LyHI0E_0002_S188_E434_L43_T104_R411_B472.npz,VZki-LyHI0E_0002_S188_E434_L43_T104_R411_B472.npz,VZki-LyHI0E_0002_S188_E434_L43_T104_R411_B472_natural_0_mesh_motions.pt,
V_lZ61OB0EI,V_lZ61OB0EI_0003_S810_E1002_L768_T38_R1056_B326,V_lZ61OB0EI_0003_S810_E1002_L768_T38_R1056_B326.wav,V_lZ61OB0EI_0003_S810_E1002_L768_T38_R1056_B326.npz,V_lZ61OB0EI_0003_S810_E1002_L768_T38_R1056_B326.npz,V_lZ61OB0EI_0003_S810_E1002_L768_T38_R1056_B326_natural_0_mesh_motions.pt,
VcLWubfmJcM,VcLWubfmJcM_0000_S840_E1080_L376_T47_R824_B479,VcLWubfmJcM_0000_S840_E1080_L376_T47_R824_B479.wav,VcLWubfmJcM_0000_S840_E1080_L376_T47_R824_B479.npz,VcLWubfmJcM_0000_S840_E1080_L376_T47_R824_B479.npz,VcLWubfmJcM_0000_S840_E1080_L376_T47_R824_B479_natural_0_mesh_motions.pt,
VePpQBCbKBw,VePpQBCbKBw_0000_S1092_E1535_L245_T0_R1013_B704,VePpQBCbKBw_0000_S1092_E1535_L245_T0_R1013_B704.wav,VePpQBCbKBw_0000_S1092_E1535_L245_T0_R1013_B704.npz,VePpQBCbKBw_0000_S1092_E1535_L245_T0_R1013_B704.npz,VePpQBCbKBw_0000_S1092_E1535_L245_T0_R1013_B704_natural_0_mesh_motions.pt,
VfLSoyinXmo,VfLSoyinXmo_0001_S1077_E1499_L313_T0_R713_B400,VfLSoyinXmo_0001_S1077_E1499_L313_T0_R713_B400.wav,VfLSoyinXmo_0001_S1077_E1499_L313_T0_R713_B400.npz,VfLSoyinXmo_0001_S1077_E1499_L313_T0_R713_B400.npz,VfLSoyinXmo_0001_S1077_E1499_L313_T0_R713_B400_natural_0_mesh_motions.pt,
VgrW-fB3EXI,VgrW-fB3EXI_0000_S674_E928_L374_T3_R822_B451,VgrW-fB3EXI_0000_S674_E928_L374_T3_R822_B451.wav,VgrW-fB3EXI_0000_S674_E928_L374_T3_R822_B451.npz,VgrW-fB3EXI_0000_S674_E928_L374_T3_R822_B451.npz,VgrW-fB3EXI_0000_S674_E928_L374_T3_R822_B451_natural_0_mesh_motions.pt,
Vm2mKdh_VUc,Vm2mKdh_VUc_0010_S1348_E1681_L339_T57_R819_B537,Vm2mKdh_VUc_0010_S1348_E1681_L339_T57_R819_B537.wav,Vm2mKdh_VUc_0010_S1348_E1681_L339_T57_R819_B537.npz,Vm2mKdh_VUc_0010_S1348_E1681_L339_T57_R819_B537.npz,Vm2mKdh_VUc_0010_S1348_E1681_L339_T57_R819_B537_natural_0_mesh_motions.pt,
VmPl5QClxYk,VmPl5QClxYk_0002_S0_E316_L364_T27_R860_B523,VmPl5QClxYk_0002_S0_E316_L364_T27_R860_B523.wav,VmPl5QClxYk_0002_S0_E316_L364_T27_R860_B523.npz,VmPl5QClxYk_0002_S0_E316_L364_T27_R860_B523.npz,VmPl5QClxYk_0002_S0_E316_L364_T27_R860_B523_natural_0_mesh_motions.pt,
VpKnSOS6NGo,VpKnSOS6NGo_0019_S638_E852_L441_T184_R761_B504,VpKnSOS6NGo_0019_S638_E852_L441_T184_R761_B504.wav,VpKnSOS6NGo_0019_S638_E852_L441_T184_R761_B504.npz,VpKnSOS6NGo_0019_S638_E852_L441_T184_R761_B504.npz,VpKnSOS6NGo_0019_S638_E852_L441_T184_R761_B504_natural_0_mesh_motions.pt,
Vpw09qKQal0,Vpw09qKQal0_0004_S448_E827_L477_T41_R909_B473,Vpw09qKQal0_0004_S448_E827_L477_T41_R909_B473.wav,Vpw09qKQal0_0004_S448_E827_L477_T41_R909_B473.npz,Vpw09qKQal0_0004_S448_E827_L477_T41_R909_B473.npz,Vpw09qKQal0_0004_S448_E827_L477_T41_R909_B473_natural_0_mesh_motions.pt,
VsOismDNYjE,VsOismDNYjE_0001_S1160_E1484_L435_T0_R1091_B592,VsOismDNYjE_0001_S1160_E1484_L435_T0_R1091_B592.wav,VsOismDNYjE_0001_S1160_E1484_L435_T0_R1091_B592.npz,VsOismDNYjE_0001_S1160_E1484_L435_T0_R1091_B592.npz,VsOismDNYjE_0001_S1160_E1484_L435_T0_R1091_B592_natural_0_mesh_motions.pt,
Vwxft_tqrcg,Vwxft_tqrcg_0001_S1115_E1324_L484_T68_R852_B436,Vwxft_tqrcg_0001_S1115_E1324_L484_T68_R852_B436.wav,Vwxft_tqrcg_0001_S1115_E1324_L484_T68_R852_B436.npz,Vwxft_tqrcg_0001_S1115_E1324_L484_T68_R852_B436.npz,Vwxft_tqrcg_0001_S1115_E1324_L484_T68_R852_B436_natural_0_mesh_motions.pt,
W-7t8Zho4AI,W-7t8Zho4AI_0005_S834_E1124_L562_T19_R1042_B499,W-7t8Zho4AI_0005_S834_E1124_L562_T19_R1042_B499.wav,W-7t8Zho4AI_0005_S834_E1124_L562_T19_R1042_B499.npz,W-7t8Zho4AI_0005_S834_E1124_L562_T19_R1042_B499.npz,W-7t8Zho4AI_0005_S834_E1124_L562_T19_R1042_B499_natural_0_mesh_motions.pt,
W-_X1HZM7ys,W-_X1HZM7ys_0004_S483_E896_L426_T27_R842_B443,W-_X1HZM7ys_0004_S483_E896_L426_T27_R842_B443.wav,W-_X1HZM7ys_0004_S483_E896_L426_T27_R842_B443.npz,W-_X1HZM7ys_0004_S483_E896_L426_T27_R842_B443.npz,W-_X1HZM7ys_0004_S483_E896_L426_T27_R842_B443_natural_0_mesh_motions.pt,
W0Mw5dfZoyg,W0Mw5dfZoyg_0000_S235_E808_L511_T0_R831_B272,W0Mw5dfZoyg_0000_S235_E808_L511_T0_R831_B272.wav,W0Mw5dfZoyg_0000_S235_E808_L511_T0_R831_B272.npz,W0Mw5dfZoyg_0000_S235_E808_L511_T0_R831_B272.npz,W0Mw5dfZoyg_0000_S235_E808_L511_T0_R831_B272_natural_0_mesh_motions.pt,
W0caVAMB7LQ,W0caVAMB7LQ_0000_S1378_E1641_L371_T117_R659_B405,W0caVAMB7LQ_0000_S1378_E1641_L371_T117_R659_B405.wav,W0caVAMB7LQ_0000_S1378_E1641_L371_T117_R659_B405.npz,W0caVAMB7LQ_0000_S1378_E1641_L371_T117_R659_B405.npz,W0caVAMB7LQ_0000_S1378_E1641_L371_T117_R659_B405_natural_0_mesh_motions.pt,
W354uz6KPJE,W354uz6KPJE_0002_S298_E757_L222_T0_R686_B464,W354uz6KPJE_0002_S298_E757_L222_T0_R686_B464.wav,W354uz6KPJE_0002_S298_E757_L222_T0_R686_B464.npz,W354uz6KPJE_0002_S298_E757_L222_T0_R686_B464.npz,W354uz6KPJE_0002_S298_E757_L222_T0_R686_B464_natural_0_mesh_motions.pt,
W3H5b9yZcOs,W3H5b9yZcOs_0011_S947_E1296_L58_T39_R314_B295,W3H5b9yZcOs_0011_S947_E1296_L58_T39_R314_B295.wav,W3H5b9yZcOs_0011_S947_E1296_L58_T39_R314_B295.npz,W3H5b9yZcOs_0011_S947_E1296_L58_T39_R314_B295.npz,W3H5b9yZcOs_0011_S947_E1296_L58_T39_R314_B295_natural_0_mesh_motions.pt,
W3XADagE6P8,W3XADagE6P8_0011_S0_E655_L408_T136_R728_B456,W3XADagE6P8_0011_S0_E655_L408_T136_R728_B456.wav,W3XADagE6P8_0011_S0_E655_L408_T136_R728_B456.npz,W3XADagE6P8_0011_S0_E655_L408_T136_R728_B456.npz,W3XADagE6P8_0011_S0_E655_L408_T136_R728_B456_natural_0_mesh_motions.pt,
W42cARRDRe4,W42cARRDRe4_0000_S0_E389_L418_T53_R850_B485,W42cARRDRe4_0000_S0_E389_L418_T53_R850_B485.wav,W42cARRDRe4_0000_S0_E389_L418_T53_R850_B485.npz,W42cARRDRe4_0000_S0_E389_L418_T53_R850_B485.npz,W42cARRDRe4_0000_S0_E389_L418_T53_R850_B485_natural_0_mesh_motions.pt,
W9okU7bAE-U,W9okU7bAE-U_0003_S0_E731_L275_T0_R867_B576,W9okU7bAE-U_0003_S0_E731_L275_T0_R867_B576.wav,W9okU7bAE-U_0003_S0_E731_L275_T0_R867_B576.npz,W9okU7bAE-U_0003_S0_E731_L275_T0_R867_B576.npz,W9okU7bAE-U_0003_S0_E731_L275_T0_R867_B576_natural_0_mesh_motions.pt,
WA1L8vXkSKQ,WA1L8vXkSKQ_0000_S395_E640_L734_T32_R1230_B528,WA1L8vXkSKQ_0000_S395_E640_L734_T32_R1230_B528.wav,WA1L8vXkSKQ_0000_S395_E640_L734_T32_R1230_B528.npz,WA1L8vXkSKQ_0000_S395_E640_L734_T32_R1230_B528.npz,WA1L8vXkSKQ_0000_S395_E640_L734_T32_R1230_B528_natural_0_mesh_motions.pt,
WA9sMdQzdiA,WA9sMdQzdiA_0000_S931_E1138_L84_T49_R564_B529,WA9sMdQzdiA_0000_S931_E1138_L84_T49_R564_B529.wav,WA9sMdQzdiA_0000_S931_E1138_L84_T49_R564_B529.npz,WA9sMdQzdiA_0000_S931_E1138_L84_T49_R564_B529.npz,WA9sMdQzdiA_0000_S931_E1138_L84_T49_R564_B529_natural_0_mesh_motions.pt,
WAl7wIw5ReQ,WAl7wIw5ReQ_0000_S1306_E1535_L485_T0_R1093_B592,WAl7wIw5ReQ_0000_S1306_E1535_L485_T0_R1093_B592.wav,WAl7wIw5ReQ_0000_S1306_E1535_L485_T0_R1093_B592.npz,WAl7wIw5ReQ_0000_S1306_E1535_L485_T0_R1093_B592.npz,WAl7wIw5ReQ_0000_S1306_E1535_L485_T0_R1093_B592_natural_0_mesh_motions.pt,
WDialA8RHEg,WDialA8RHEg_0003_S1059_E1759_L314_T18_R602_B306,WDialA8RHEg_0003_S1059_E1759_L314_T18_R602_B306.wav,WDialA8RHEg_0003_S1059_E1759_L314_T18_R602_B306.npz,WDialA8RHEg_0003_S1059_E1759_L314_T18_R602_B306.npz,WDialA8RHEg_0003_S1059_E1759_L314_T18_R602_B306_natural_0_mesh_motions.pt,
WIiuU7Fd-KA,WIiuU7Fd-KA_0001_S400_E682_L383_T0_R911_B464,WIiuU7Fd-KA_0001_S400_E682_L383_T0_R911_B464.wav,WIiuU7Fd-KA_0001_S400_E682_L383_T0_R911_B464.npz,WIiuU7Fd-KA_0001_S400_E682_L383_T0_R911_B464.npz,WIiuU7Fd-KA_0001_S400_E682_L383_T0_R911_B464_natural_0_mesh_motions.pt,
WJaW32ZTyKE,WJaW32ZTyKE_0000_S1268_E1728_L83_T0_R755_B640,WJaW32ZTyKE_0000_S1268_E1728_L83_T0_R755_B640.wav,WJaW32ZTyKE_0000_S1268_E1728_L83_T0_R755_B640.npz,WJaW32ZTyKE_0000_S1268_E1728_L83_T0_R755_B640.npz,WJaW32ZTyKE_0000_S1268_E1728_L83_T0_R755_B640_natural_0_mesh_motions.pt,
WJlK8D9Vy1k,WJlK8D9Vy1k_0003_S498_E1017_L325_T46_R773_B494,WJlK8D9Vy1k_0003_S498_E1017_L325_T46_R773_B494.wav,WJlK8D9Vy1k_0003_S498_E1017_L325_T46_R773_B494.npz,WJlK8D9Vy1k_0003_S498_E1017_L325_T46_R773_B494.npz,WJlK8D9Vy1k_0003_S498_E1017_L325_T46_R773_B494_natural_0_mesh_motions.pt,
WLVKRBitiY4,WLVKRBitiY4_0004_S0_E267_L154_T0_R1162_B704,WLVKRBitiY4_0004_S0_E267_L154_T0_R1162_B704.wav,WLVKRBitiY4_0004_S0_E267_L154_T0_R1162_B704.npz,WLVKRBitiY4_0004_S0_E267_L154_T0_R1162_B704.npz,WLVKRBitiY4_0004_S0_E267_L154_T0_R1162_B704_natural_0_mesh_motions.pt,
WP4jOqfpJx8,WP4jOqfpJx8_0000_S748_E1046_L327_T168_R599_B440,WP4jOqfpJx8_0000_S748_E1046_L327_T168_R599_B440.wav,WP4jOqfpJx8_0000_S748_E1046_L327_T168_R599_B440.npz,WP4jOqfpJx8_0000_S748_E1046_L327_T168_R599_B440.npz,WP4jOqfpJx8_0000_S748_E1046_L327_T168_R599_B440_natural_0_mesh_motions.pt,
WQ2QwrfZHTk,WQ2QwrfZHTk_0000_S398_E649_L478_T85_R910_B517,WQ2QwrfZHTk_0000_S398_E649_L478_T85_R910_B517.wav,WQ2QwrfZHTk_0000_S398_E649_L478_T85_R910_B517.npz,WQ2QwrfZHTk_0000_S398_E649_L478_T85_R910_B517.npz,WQ2QwrfZHTk_0000_S398_E649_L478_T85_R910_B517_natural_0_mesh_motions.pt,
WQ4W-UqaaMo,WQ4W-UqaaMo_0000_S575_E992_L233_T109_R889_B717,WQ4W-UqaaMo_0000_S575_E992_L233_T109_R889_B717.wav,WQ4W-UqaaMo_0000_S575_E992_L233_T109_R889_B717.npz,WQ4W-UqaaMo_0000_S575_E992_L233_T109_R889_B717.npz,WQ4W-UqaaMo_0000_S575_E992_L233_T109_R889_B717_natural_0_mesh_motions.pt,
WQXM3hU-7vk,WQXM3hU-7vk_0003_S384_E734_L471_T34_R791_B354,WQXM3hU-7vk_0003_S384_E734_L471_T34_R791_B354.wav,WQXM3hU-7vk_0003_S384_E734_L471_T34_R791_B354.npz,WQXM3hU-7vk_0003_S384_E734_L471_T34_R791_B354.npz,WQXM3hU-7vk_0003_S384_E734_L471_T34_R791_B354_natural_0_mesh_motions.pt,
WQiGCGxYMm4,WQiGCGxYMm4_0000_S1030_E1442_L473_T0_R1017_B528,WQiGCGxYMm4_0000_S1030_E1442_L473_T0_R1017_B528.wav,WQiGCGxYMm4_0000_S1030_E1442_L473_T0_R1017_B528.npz,WQiGCGxYMm4_0000_S1030_E1442_L473_T0_R1017_B528.npz,WQiGCGxYMm4_0000_S1030_E1442_L473_T0_R1017_B528_natural_0_mesh_motions.pt,
WR4vkITJckY,WR4vkITJckY_0000_S893_E1203_L69_T0_R1205_B640,WR4vkITJckY_0000_S893_E1203_L69_T0_R1205_B640.wav,WR4vkITJckY_0000_S893_E1203_L69_T0_R1205_B640.npz,WR4vkITJckY_0000_S893_E1203_L69_T0_R1205_B640.npz,WR4vkITJckY_0000_S893_E1203_L69_T0_R1205_B640_natural_0_mesh_motions.pt,
WT2aDvMsZF8,WT2aDvMsZF8_0002_S610_E969_L263_T0_R599_B320,WT2aDvMsZF8_0002_S610_E969_L263_T0_R599_B320.wav,WT2aDvMsZF8_0002_S610_E969_L263_T0_R599_B320.npz,WT2aDvMsZF8_0002_S610_E969_L263_T0_R599_B320.npz,WT2aDvMsZF8_0002_S610_E969_L263_T0_R599_B320_natural_0_mesh_motions.pt,
WTxTntSi6Jw,WTxTntSi6Jw_0000_S532_E871_L202_T66_R458_B322,WTxTntSi6Jw_0000_S532_E871_L202_T66_R458_B322.wav,WTxTntSi6Jw_0000_S532_E871_L202_T66_R458_B322.npz,WTxTntSi6Jw_0000_S532_E871_L202_T66_R458_B322.npz,WTxTntSi6Jw_0000_S532_E871_L202_T66_R458_B322_natural_0_mesh_motions.pt,
WUx-OqSLBak,WUx-OqSLBak_0000_S142_E663_L391_T44_R759_B412,WUx-OqSLBak_0000_S142_E663_L391_T44_R759_B412.wav,WUx-OqSLBak_0000_S142_E663_L391_T44_R759_B412.npz,WUx-OqSLBak_0000_S142_E663_L391_T44_R759_B412.npz,WUx-OqSLBak_0000_S142_E663_L391_T44_R759_B412_natural_0_mesh_motions.pt,
WZQi3LOqiNc,WZQi3LOqiNc_0000_S1164_E1811_L105_T0_R1097_B704,WZQi3LOqiNc_0000_S1164_E1811_L105_T0_R1097_B704.wav,WZQi3LOqiNc_0000_S1164_E1811_L105_T0_R1097_B704.npz,WZQi3LOqiNc_0000_S1164_E1811_L105_T0_R1097_B704.npz,WZQi3LOqiNc_0000_S1164_E1811_L105_T0_R1097_B704_natural_0_mesh_motions.pt,
WZw5Vz_imPM,WZw5Vz_imPM_0002_S1052_E1439_L314_T0_R730_B416,WZw5Vz_imPM_0002_S1052_E1439_L314_T0_R730_B416.wav,WZw5Vz_imPM_0002_S1052_E1439_L314_T0_R730_B416.npz,WZw5Vz_imPM_0002_S1052_E1439_L314_T0_R730_B416.npz,WZw5Vz_imPM_0002_S1052_E1439_L314_T0_R730_B416_natural_0_mesh_motions.pt,
WeHTlU8efMA,WeHTlU8efMA_0008_S397_E619_L371_T0_R1027_B624,WeHTlU8efMA_0008_S397_E619_L371_T0_R1027_B624.wav,WeHTlU8efMA_0008_S397_E619_L371_T0_R1027_B624.npz,WeHTlU8efMA_0008_S397_E619_L371_T0_R1027_B624.npz,WeHTlU8efMA_0008_S397_E619_L371_T0_R1027_B624_natural_0_mesh_motions.pt,
WgWkOiDD4n4,WgWkOiDD4n4_0001_S1096_E1412_L133_T114_R453_B434,WgWkOiDD4n4_0001_S1096_E1412_L133_T114_R453_B434.wav,WgWkOiDD4n4_0001_S1096_E1412_L133_T114_R453_B434.npz,WgWkOiDD4n4_0001_S1096_E1412_L133_T114_R453_B434.npz,WgWkOiDD4n4_0001_S1096_E1412_L133_T114_R453_B434_natural_0_mesh_motions.pt,
WiILKjGKveI,WiILKjGKveI_0000_S0_E277_L0_T0_R1264_B704,WiILKjGKveI_0000_S0_E277_L0_T0_R1264_B704.wav,WiILKjGKveI_0000_S0_E277_L0_T0_R1264_B704.npz,WiILKjGKveI_0000_S0_E277_L0_T0_R1264_B704.npz,WiILKjGKveI_0000_S0_E277_L0_T0_R1264_B704_natural_0_mesh_motions.pt,
WiNgIQ1pOlE,WiNgIQ1pOlE_0000_S1322_E1871_L144_T24_R496_B376,WiNgIQ1pOlE_0000_S1322_E1871_L144_T24_R496_B376.wav,WiNgIQ1pOlE_0000_S1322_E1871_L144_T24_R496_B376.npz,WiNgIQ1pOlE_0000_S1322_E1871_L144_T24_R496_B376.npz,WiNgIQ1pOlE_0000_S1322_E1871_L144_T24_R496_B376_natural_0_mesh_motions.pt,
WsQ7ysVt-0A,WsQ7ysVt-0A_0000_S1268_E1535_L490_T27_R1002_B539,WsQ7ysVt-0A_0000_S1268_E1535_L490_T27_R1002_B539.wav,WsQ7ysVt-0A_0000_S1268_E1535_L490_T27_R1002_B539.npz,WsQ7ysVt-0A_0000_S1268_E1535_L490_T27_R1002_B539.npz,WsQ7ysVt-0A_0000_S1268_E1535_L490_T27_R1002_B539_natural_0_mesh_motions.pt,
Wx9v_J34Fyo,Wx9v_J34Fyo_0001_S965_E1245_L447_T18_R975_B546,Wx9v_J34Fyo_0001_S965_E1245_L447_T18_R975_B546.wav,Wx9v_J34Fyo_0001_S965_E1245_L447_T18_R975_B546.npz,Wx9v_J34Fyo_0001_S965_E1245_L447_T18_R975_B546.npz,Wx9v_J34Fyo_0001_S965_E1245_L447_T18_R975_B546_natural_0_mesh_motions.pt,
WzyI1gx_PHI,WzyI1gx_PHI_0000_S637_E917_L248_T0_R968_B672,WzyI1gx_PHI_0000_S637_E917_L248_T0_R968_B672.wav,WzyI1gx_PHI_0000_S637_E917_L248_T0_R968_B672.npz,WzyI1gx_PHI_0000_S637_E917_L248_T0_R968_B672.npz,WzyI1gx_PHI_0000_S637_E917_L248_T0_R968_B672_natural_0_mesh_motions.pt,
X-irPLY6oLk,X-irPLY6oLk_0002_S1066_E1535_L373_T45_R773_B445,X-irPLY6oLk_0002_S1066_E1535_L373_T45_R773_B445.wav,X-irPLY6oLk_0002_S1066_E1535_L373_T45_R773_B445.npz,X-irPLY6oLk_0002_S1066_E1535_L373_T45_R773_B445.npz,X-irPLY6oLk_0002_S1066_E1535_L373_T45_R773_B445_natural_0_mesh_motions.pt,
X3bcvqrTTJI,X3bcvqrTTJI_0000_S741_E1074_L620_T64_R1036_B480,X3bcvqrTTJI_0000_S741_E1074_L620_T64_R1036_B480.wav,X3bcvqrTTJI_0000_S741_E1074_L620_T64_R1036_B480.npz,X3bcvqrTTJI_0000_S741_E1074_L620_T64_R1036_B480.npz,X3bcvqrTTJI_0000_S741_E1074_L620_T64_R1036_B480_natural_0_mesh_motions.pt,
X3tI7SRuvhw,X3tI7SRuvhw_0001_S210_E781_L308_T14_R772_B478,X3tI7SRuvhw_0001_S210_E781_L308_T14_R772_B478.wav,X3tI7SRuvhw_0001_S210_E781_L308_T14_R772_B478.npz,X3tI7SRuvhw_0001_S210_E781_L308_T14_R772_B478.npz,X3tI7SRuvhw_0001_S210_E781_L308_T14_R772_B478_natural_0_mesh_motions.pt,
X3ztiC2hUXM,X3ztiC2hUXM_0004_S1172_E1461_L359_T56_R871_B568,X3ztiC2hUXM_0004_S1172_E1461_L359_T56_R871_B568.wav,X3ztiC2hUXM_0004_S1172_E1461_L359_T56_R871_B568.npz,X3ztiC2hUXM_0004_S1172_E1461_L359_T56_R871_B568.npz,X3ztiC2hUXM_0004_S1172_E1461_L359_T56_R871_B568_natural_0_mesh_motions.pt,
X7Jd6mI9iHM,X7Jd6mI9iHM_0004_S283_E498_L456_T46_R760_B350,X7Jd6mI9iHM_0004_S283_E498_L456_T46_R760_B350.wav,X7Jd6mI9iHM_0004_S283_E498_L456_T46_R760_B350.npz,X7Jd6mI9iHM_0004_S283_E498_L456_T46_R760_B350.npz,X7Jd6mI9iHM_0004_S283_E498_L456_T46_R760_B350_natural_0_mesh_motions.pt,
X7WI5_UUpys,X7WI5_UUpys_0004_S721_E989_L0_T0_R560_B560,X7WI5_UUpys_0004_S721_E989_L0_T0_R560_B560.wav,X7WI5_UUpys_0004_S721_E989_L0_T0_R560_B560.npz,X7WI5_UUpys_0004_S721_E989_L0_T0_R560_B560.npz,X7WI5_UUpys_0004_S721_E989_L0_T0_R560_B560_natural_0_mesh_motions.pt,
XAhljQgieEs,XAhljQgieEs_0007_S1084_E1353_L303_T29_R799_B525,XAhljQgieEs_0007_S1084_E1353_L303_T29_R799_B525.wav,XAhljQgieEs_0007_S1084_E1353_L303_T29_R799_B525.npz,XAhljQgieEs_0007_S1084_E1353_L303_T29_R799_B525.npz,XAhljQgieEs_0007_S1084_E1353_L303_T29_R799_B525_natural_0_mesh_motions.pt,
XBF-Pd_asag,XBF-Pd_asag_0001_S1209_E1759_L294_T118_R582_B406,XBF-Pd_asag_0001_S1209_E1759_L294_T118_R582_B406.wav,XBF-Pd_asag_0001_S1209_E1759_L294_T118_R582_B406.npz,XBF-Pd_asag_0001_S1209_E1759_L294_T118_R582_B406.npz,XBF-Pd_asag_0001_S1209_E1759_L294_T118_R582_B406_natural_0_mesh_motions.pt,
XIXA-Kqb_Os,XIXA-Kqb_Os_0000_S522_E1033_L750_T86_R1118_B454,XIXA-Kqb_Os_0000_S522_E1033_L750_T86_R1118_B454.wav,XIXA-Kqb_Os_0000_S522_E1033_L750_T86_R1118_B454.npz,XIXA-Kqb_Os_0000_S522_E1033_L750_T86_R1118_B454.npz,XIXA-Kqb_Os_0000_S522_E1033_L750_T86_R1118_B454_natural_0_mesh_motions.pt,
XL6m6Zl2ejc,XL6m6Zl2ejc_0003_S0_E263_L4_T2_R532_B530,XL6m6Zl2ejc_0003_S0_E263_L4_T2_R532_B530.wav,XL6m6Zl2ejc_0003_S0_E263_L4_T2_R532_B530.npz,XL6m6Zl2ejc_0003_S0_E263_L4_T2_R532_B530.npz,XL6m6Zl2ejc_0003_S0_E263_L4_T2_R532_B530_natural_0_mesh_motions.pt,
XLSJ7NIldNo,XLSJ7NIldNo_0012_S1174_E1417_L273_T0_R737_B432,XLSJ7NIldNo_0012_S1174_E1417_L273_T0_R737_B432.wav,XLSJ7NIldNo_0012_S1174_E1417_L273_T0_R737_B432.npz,XLSJ7NIldNo_0012_S1174_E1417_L273_T0_R737_B432.npz,XLSJ7NIldNo_0012_S1174_E1417_L273_T0_R737_B432_natural_0_mesh_motions.pt,
XPwYTyTbCag,XPwYTyTbCag_0006_S273_E615_L765_T0_R1277_B416,XPwYTyTbCag_0006_S273_E615_L765_T0_R1277_B416.wav,XPwYTyTbCag_0006_S273_E615_L765_T0_R1277_B416.npz,XPwYTyTbCag_0006_S273_E615_L765_T0_R1277_B416.npz,XPwYTyTbCag_0006_S273_E615_L765_T0_R1277_B416_natural_0_mesh_motions.pt,
XQy5b5mlVZ4,XQy5b5mlVZ4_0000_S0_E460_L796_T185_R1084_B473,XQy5b5mlVZ4_0000_S0_E460_L796_T185_R1084_B473.wav,XQy5b5mlVZ4_0000_S0_E460_L796_T185_R1084_B473.npz,XQy5b5mlVZ4_0000_S0_E460_L796_T185_R1084_B473.npz,XQy5b5mlVZ4_0000_S0_E460_L796_T185_R1084_B473_natural_0_mesh_motions.pt,
XVtVVuER3W4,XVtVVuER3W4_0011_S908_E1240_L827_T230_R1083_B486,XVtVVuER3W4_0011_S908_E1240_L827_T230_R1083_B486.wav,XVtVVuER3W4_0011_S908_E1240_L827_T230_R1083_B486.npz,XVtVVuER3W4_0011_S908_E1240_L827_T230_R1083_B486.npz,XVtVVuER3W4_0011_S908_E1240_L827_T230_R1083_B486_natural_0_mesh_motions.pt,
XXKVwqZS1R8,XXKVwqZS1R8_0000_S1474_E1811_L525_T0_R877_B256,XXKVwqZS1R8_0000_S1474_E1811_L525_T0_R877_B256.wav,XXKVwqZS1R8_0000_S1474_E1811_L525_T0_R877_B256.npz,XXKVwqZS1R8_0000_S1474_E1811_L525_T0_R877_B256.npz,XXKVwqZS1R8_0000_S1474_E1811_L525_T0_R877_B256_natural_0_mesh_motions.pt,
XXgJZXUPZXM,XXgJZXUPZXM_0003_S1192_E1799_L586_T0_R1066_B432,XXgJZXUPZXM_0003_S1192_E1799_L586_T0_R1066_B432.wav,XXgJZXUPZXM_0003_S1192_E1799_L586_T0_R1066_B432.npz,XXgJZXUPZXM_0003_S1192_E1799_L586_T0_R1066_B432.npz,XXgJZXUPZXM_0003_S1192_E1799_L586_T0_R1066_B432_natural_0_mesh_motions.pt,
XZxl6h-TxQ4,XZxl6h-TxQ4_0000_S1344_E1811_L447_T156_R783_B492,XZxl6h-TxQ4_0000_S1344_E1811_L447_T156_R783_B492.wav,XZxl6h-TxQ4_0000_S1344_E1811_L447_T156_R783_B492.npz,XZxl6h-TxQ4_0000_S1344_E1811_L447_T156_R783_B492.npz,XZxl6h-TxQ4_0000_S1344_E1811_L447_T156_R783_B492_natural_0_mesh_motions.pt,
XaGss5gNQEM,XaGss5gNQEM_0017_S910_E1104_L392_T43_R728_B379,XaGss5gNQEM_0017_S910_E1104_L392_T43_R728_B379.wav,XaGss5gNQEM_0017_S910_E1104_L392_T43_R728_B379.npz,XaGss5gNQEM_0017_S910_E1104_L392_T43_R728_B379.npz,XaGss5gNQEM_0017_S910_E1104_L392_T43_R728_B379_natural_0_mesh_motions.pt,
XaxSxkApUQc,XaxSxkApUQc_0000_S0_E300_L324_T55_R884_B615,XaxSxkApUQc_0000_S0_E300_L324_T55_R884_B615.wav,XaxSxkApUQc_0000_S0_E300_L324_T55_R884_B615.npz,XaxSxkApUQc_0000_S0_E300_L324_T55_R884_B615.npz,XaxSxkApUQc_0000_S0_E300_L324_T55_R884_B615_natural_0_mesh_motions.pt,
Xb32P_VWh7w,Xb32P_VWh7w_0038_S1227_E1746_L398_T105_R766_B473,Xb32P_VWh7w_0038_S1227_E1746_L398_T105_R766_B473.wav,Xb32P_VWh7w_0038_S1227_E1746_L398_T105_R766_B473.npz,Xb32P_VWh7w_0038_S1227_E1746_L398_T105_R766_B473.npz,Xb32P_VWh7w_0038_S1227_E1746_L398_T105_R766_B473_natural_0_mesh_motions.pt,
XbDyn-2_xIc,XbDyn-2_xIc_0002_S1358_E1638_L526_T49_R894_B417,XbDyn-2_xIc_0002_S1358_E1638_L526_T49_R894_B417.wav,XbDyn-2_xIc_0002_S1358_E1638_L526_T49_R894_B417.npz,XbDyn-2_xIc_0002_S1358_E1638_L526_T49_R894_B417.npz,XbDyn-2_xIc_0002_S1358_E1638_L526_T49_R894_B417_natural_0_mesh_motions.pt,
XbtdjM8wGv4,XbtdjM8wGv4_0000_S0_E272_L454_T0_R1030_B544,XbtdjM8wGv4_0000_S0_E272_L454_T0_R1030_B544.wav,XbtdjM8wGv4_0000_S0_E272_L454_T0_R1030_B544.npz,XbtdjM8wGv4_0000_S0_E272_L454_T0_R1030_B544.npz,XbtdjM8wGv4_0000_S0_E272_L454_T0_R1030_B544_natural_0_mesh_motions.pt,
XcZaQG7wUpA,XcZaQG7wUpA_0003_S968_E1231_L374_T25_R838_B489,XcZaQG7wUpA_0003_S968_E1231_L374_T25_R838_B489.wav,XcZaQG7wUpA_0003_S968_E1231_L374_T25_R838_B489.npz,XcZaQG7wUpA_0003_S968_E1231_L374_T25_R838_B489.npz,XcZaQG7wUpA_0003_S968_E1231_L374_T25_R838_B489_natural_0_mesh_motions.pt,
XfMoY5WSlvc,XfMoY5WSlvc_0002_S139_E441_L433_T40_R769_B376,XfMoY5WSlvc_0002_S139_E441_L433_T40_R769_B376.wav,XfMoY5WSlvc_0002_S139_E441_L433_T40_R769_B376.npz,XfMoY5WSlvc_0002_S139_E441_L433_T40_R769_B376.npz,XfMoY5WSlvc_0002_S139_E441_L433_T40_R769_B376_natural_0_mesh_motions.pt,
XkNofrvAt2s,XkNofrvAt2s_0000_S875_E1404_L780_T0_R1068_B160,XkNofrvAt2s_0000_S875_E1404_L780_T0_R1068_B160.wav,XkNofrvAt2s_0000_S875_E1404_L780_T0_R1068_B160.npz,XkNofrvAt2s_0000_S875_E1404_L780_T0_R1068_B160.npz,XkNofrvAt2s_0000_S875_E1404_L780_T0_R1068_B160_natural_0_mesh_motions.pt,
XoVZxH4CwMQ,XoVZxH4CwMQ_0000_S1060_E1551_L658_T38_R978_B358,XoVZxH4CwMQ_0000_S1060_E1551_L658_T38_R978_B358.wav,XoVZxH4CwMQ_0000_S1060_E1551_L658_T38_R978_B358.npz,XoVZxH4CwMQ_0000_S1060_E1551_L658_T38_R978_B358.npz,XoVZxH4CwMQ_0000_S1060_E1551_L658_T38_R978_B358_natural_0_mesh_motions.pt,
XrGuIdJ0Ckg,XrGuIdJ0Ckg_0001_S878_E1124_L509_T25_R845_B361,XrGuIdJ0Ckg_0001_S878_E1124_L509_T25_R845_B361.wav,XrGuIdJ0Ckg_0001_S878_E1124_L509_T25_R845_B361.npz,XrGuIdJ0Ckg_0001_S878_E1124_L509_T25_R845_B361.npz,XrGuIdJ0Ckg_0001_S878_E1124_L509_T25_R845_B361_natural_0_mesh_motions.pt,
XvfpyrdeZ0s,XvfpyrdeZ0s_0001_S1061_E1261_L370_T90_R898_B618,XvfpyrdeZ0s_0001_S1061_E1261_L370_T90_R898_B618.wav,XvfpyrdeZ0s_0001_S1061_E1261_L370_T90_R898_B618.npz,XvfpyrdeZ0s_0001_S1061_E1261_L370_T90_R898_B618.npz,XvfpyrdeZ0s_0001_S1061_E1261_L370_T90_R898_B618_natural_0_mesh_motions.pt,
XxqpGCkrF8g,XxqpGCkrF8g_0000_S39_E284_L378_T149_R778_B549,XxqpGCkrF8g_0000_S39_E284_L378_T149_R778_B549.wav,XxqpGCkrF8g_0000_S39_E284_L378_T149_R778_B549.npz,XxqpGCkrF8g_0000_S39_E284_L378_T149_R778_B549.npz,XxqpGCkrF8g_0000_S39_E284_L378_T149_R778_B549_natural_0_mesh_motions.pt,
XyvlWUQAkxM,XyvlWUQAkxM_0000_S1487_E1734_L422_T10_R870_B458,XyvlWUQAkxM_0000_S1487_E1734_L422_T10_R870_B458.wav,XyvlWUQAkxM_0000_S1487_E1734_L422_T10_R870_B458.npz,XyvlWUQAkxM_0000_S1487_E1734_L422_T10_R870_B458.npz,XyvlWUQAkxM_0000_S1487_E1734_L422_T10_R870_B458_natural_0_mesh_motions.pt,
Y1QnypwCPZo,Y1QnypwCPZo_0001_S437_E732_L444_T25_R796_B377,Y1QnypwCPZo_0001_S437_E732_L444_T25_R796_B377.wav,Y1QnypwCPZo_0001_S437_E732_L444_T25_R796_B377.npz,Y1QnypwCPZo_0001_S437_E732_L444_T25_R796_B377.npz,Y1QnypwCPZo_0001_S437_E732_L444_T25_R796_B377_natural_0_mesh_motions.pt,
Y3sbt-6ndq0,Y3sbt-6ndq0_0025_S708_E906_L698_T82_R954_B338,Y3sbt-6ndq0_0025_S708_E906_L698_T82_R954_B338.wav,Y3sbt-6ndq0_0025_S708_E906_L698_T82_R954_B338.npz,Y3sbt-6ndq0_0025_S708_E906_L698_T82_R954_B338.npz,Y3sbt-6ndq0_0025_S708_E906_L698_T82_R954_B338_natural_0_mesh_motions.pt,
Y6Mn-d9QMxY,Y6Mn-d9QMxY_0000_S264_E551_L477_T134_R845_B502,Y6Mn-d9QMxY_0000_S264_E551_L477_T134_R845_B502.wav,Y6Mn-d9QMxY_0000_S264_E551_L477_T134_R845_B502.npz,Y6Mn-d9QMxY_0000_S264_E551_L477_T134_R845_B502.npz,Y6Mn-d9QMxY_0000_S264_E551_L477_T134_R845_B502_natural_0_mesh_motions.pt,
Y9anPwwkuU4,Y9anPwwkuU4_0001_S1269_E1738_L271_T108_R671_B508,Y9anPwwkuU4_0001_S1269_E1738_L271_T108_R671_B508.wav,Y9anPwwkuU4_0001_S1269_E1738_L271_T108_R671_B508.npz,Y9anPwwkuU4_0001_S1269_E1738_L271_T108_R671_B508.npz,Y9anPwwkuU4_0001_S1269_E1738_L271_T108_R671_B508_natural_0_mesh_motions.pt,
YEgE-m8kzpM,YEgE-m8kzpM_0011_S621_E870_L747_T79_R1003_B335,YEgE-m8kzpM_0011_S621_E870_L747_T79_R1003_B335.wav,YEgE-m8kzpM_0011_S621_E870_L747_T79_R1003_B335.npz,YEgE-m8kzpM_0011_S621_E870_L747_T79_R1003_B335.npz,YEgE-m8kzpM_0011_S621_E870_L747_T79_R1003_B335_natural_0_mesh_motions.pt,
YGwLb86Uso8,YGwLb86Uso8_0000_S169_E573_L433_T0_R849_B400,YGwLb86Uso8_0000_S169_E573_L433_T0_R849_B400.wav,YGwLb86Uso8_0000_S169_E573_L433_T0_R849_B400.npz,YGwLb86Uso8_0000_S169_E573_L433_T0_R849_B400.npz,YGwLb86Uso8_0000_S169_E573_L433_T0_R849_B400_natural_0_mesh_motions.pt,
YJkS7QqeYPw,YJkS7QqeYPw_0000_S181_E543_L374_T0_R854_B448,YJkS7QqeYPw_0000_S181_E543_L374_T0_R854_B448.wav,YJkS7QqeYPw_0000_S181_E543_L374_T0_R854_B448.npz,YJkS7QqeYPw_0000_S181_E543_L374_T0_R854_B448.npz,YJkS7QqeYPw_0000_S181_E543_L374_T0_R854_B448_natural_0_mesh_motions.pt,
YMqKHYZHQD0,YMqKHYZHQD0_0017_S901_E1471_L1029_T39_R1269_B343,YMqKHYZHQD0_0017_S901_E1471_L1029_T39_R1269_B343.wav,YMqKHYZHQD0_0017_S901_E1471_L1029_T39_R1269_B343.npz,YMqKHYZHQD0_0017_S901_E1471_L1029_T39_R1269_B343.npz,YMqKHYZHQD0_0017_S901_E1471_L1029_T39_R1269_B343_natural_0_mesh_motions.pt,
YOD6jIFD5aw,YOD6jIFD5aw_0000_S1245_E1491_L347_T0_R1179_B704,YOD6jIFD5aw_0000_S1245_E1491_L347_T0_R1179_B704.wav,YOD6jIFD5aw_0000_S1245_E1491_L347_T0_R1179_B704.npz,YOD6jIFD5aw_0000_S1245_E1491_L347_T0_R1179_B704.npz,YOD6jIFD5aw_0000_S1245_E1491_L347_T0_R1179_B704_natural_0_mesh_motions.pt,
YP_35HEWcfc,YP_35HEWcfc_0001_S1259_E1688_L489_T0_R873_B336,YP_35HEWcfc_0001_S1259_E1688_L489_T0_R873_B336.wav,YP_35HEWcfc_0001_S1259_E1688_L489_T0_R873_B336.npz,YP_35HEWcfc_0001_S1259_E1688_L489_T0_R873_B336.npz,YP_35HEWcfc_0001_S1259_E1688_L489_T0_R873_B336_natural_0_mesh_motions.pt,
YWpX7tlXLB0,YWpX7tlXLB0_0009_S0_E411_L80_T0_R816_B640,YWpX7tlXLB0_0009_S0_E411_L80_T0_R816_B640.wav,YWpX7tlXLB0_0009_S0_E411_L80_T0_R816_B640.npz,YWpX7tlXLB0_0009_S0_E411_L80_T0_R816_B640.npz,YWpX7tlXLB0_0009_S0_E411_L80_T0_R816_B640_natural_0_mesh_motions.pt,
YXPEXwjYpGA,YXPEXwjYpGA_0000_S0_E489_L471_T0_R807_B336,YXPEXwjYpGA_0000_S0_E489_L471_T0_R807_B336.wav,YXPEXwjYpGA_0000_S0_E489_L471_T0_R807_B336.npz,YXPEXwjYpGA_0000_S0_E489_L471_T0_R807_B336.npz,YXPEXwjYpGA_0000_S0_E489_L471_T0_R807_B336_natural_0_mesh_motions.pt,
YXfpaJVsVa4,YXfpaJVsVa4_0003_S1250_E1503_L486_T0_R1030_B480,YXfpaJVsVa4_0003_S1250_E1503_L486_T0_R1030_B480.wav,YXfpaJVsVa4_0003_S1250_E1503_L486_T0_R1030_B480.npz,YXfpaJVsVa4_0003_S1250_E1503_L486_T0_R1030_B480.npz,YXfpaJVsVa4_0003_S1250_E1503_L486_T0_R1030_B480_natural_0_mesh_motions.pt,
YZLGkfy0_oM,YZLGkfy0_oM_0004_S504_E759_L491_T136_R747_B392,YZLGkfy0_oM_0004_S504_E759_L491_T136_R747_B392.wav,YZLGkfy0_oM_0004_S504_E759_L491_T136_R747_B392.npz,YZLGkfy0_oM_0004_S504_E759_L491_T136_R747_B392.npz,YZLGkfy0_oM_0004_S504_E759_L491_T136_R747_B392_natural_0_mesh_motions.pt,
YZp4fNMECVg,YZp4fNMECVg_0002_S0_E724_L240_T5_R880_B645,YZp4fNMECVg_0002_S0_E724_L240_T5_R880_B645.wav,YZp4fNMECVg_0002_S0_E724_L240_T5_R880_B645.npz,YZp4fNMECVg_0002_S0_E724_L240_T5_R880_B645.npz,YZp4fNMECVg_0002_S0_E724_L240_T5_R880_B645_natural_0_mesh_motions.pt,
Yex9CPZzezk,Yex9CPZzezk_0000_S153_E504_L426_T64_R794_B432,Yex9CPZzezk_0000_S153_E504_L426_T64_R794_B432.wav,Yex9CPZzezk_0000_S153_E504_L426_T64_R794_B432.npz,Yex9CPZzezk_0000_S153_E504_L426_T64_R794_B432.npz,Yex9CPZzezk_0000_S153_E504_L426_T64_R794_B432_natural_0_mesh_motions.pt,
YgCBzXR63l8,YgCBzXR63l8_0001_S1212_E1547_L772_T84_R1108_B420,YgCBzXR63l8_0001_S1212_E1547_L772_T84_R1108_B420.wav,YgCBzXR63l8_0001_S1212_E1547_L772_T84_R1108_B420.npz,YgCBzXR63l8_0001_S1212_E1547_L772_T84_R1108_B420.npz,YgCBzXR63l8_0001_S1212_E1547_L772_T84_R1108_B420_natural_0_mesh_motions.pt,
YhoYie6_la0,YhoYie6_la0_0007_S669_E916_L313_T32_R649_B368,YhoYie6_la0_0007_S669_E916_L313_T32_R649_B368.wav,YhoYie6_la0_0007_S669_E916_L313_T32_R649_B368.npz,YhoYie6_la0_0007_S669_E916_L313_T32_R649_B368.npz,YhoYie6_la0_0007_S669_E916_L313_T32_R649_B368_natural_0_mesh_motions.pt,
YjTCns1fFmM,YjTCns1fFmM_0002_S0_E284_L811_T443_R1083_B715,YjTCns1fFmM_0002_S0_E284_L811_T443_R1083_B715.wav,YjTCns1fFmM_0002_S0_E284_L811_T443_R1083_B715.npz,YjTCns1fFmM_0002_S0_E284_L811_T443_R1083_B715.npz,YjTCns1fFmM_0002_S0_E284_L811_T443_R1083_B715_natural_0_mesh_motions.pt,
YjwTPflZm70,YjwTPflZm70_0018_S836_E1038_L689_T31_R1041_B383,YjwTPflZm70_0018_S836_E1038_L689_T31_R1041_B383.wav,YjwTPflZm70_0018_S836_E1038_L689_T31_R1041_B383.npz,YjwTPflZm70_0018_S836_E1038_L689_T31_R1041_B383.npz,YjwTPflZm70_0018_S836_E1038_L689_T31_R1041_B383_natural_0_mesh_motions.pt,
YlIl427ZdHc,YlIl427ZdHc_0003_S818_E1407_L108_T0_R476_B352,YlIl427ZdHc_0003_S818_E1407_L108_T0_R476_B352.wav,YlIl427ZdHc_0003_S818_E1407_L108_T0_R476_B352.npz,YlIl427ZdHc_0003_S818_E1407_L108_T0_R476_B352.npz,YlIl427ZdHc_0003_S818_E1407_L108_T0_R476_B352_natural_0_mesh_motions.pt,
YpmKbkU-X_U,YpmKbkU-X_U_0000_S1369_E1610_L345_T23_R857_B535,YpmKbkU-X_U_0000_S1369_E1610_L345_T23_R857_B535.wav,YpmKbkU-X_U_0000_S1369_E1610_L345_T23_R857_B535.npz,YpmKbkU-X_U_0000_S1369_E1610_L345_T23_R857_B535.npz,YpmKbkU-X_U_0000_S1369_E1610_L345_T23_R857_B535_natural_0_mesh_motions.pt,
YuLSfLZ9apM,YuLSfLZ9apM_0002_S527_E740_L338_T79_R706_B447,YuLSfLZ9apM_0002_S527_E740_L338_T79_R706_B447.wav,YuLSfLZ9apM_0002_S527_E740_L338_T79_R706_B447.npz,YuLSfLZ9apM_0002_S527_E740_L338_T79_R706_B447.npz,YuLSfLZ9apM_0002_S527_E740_L338_T79_R706_B447_natural_0_mesh_motions.pt,
YvRRXziXpMY,YvRRXziXpMY_0001_S802_E1287_L489_T138_R969_B618,YvRRXziXpMY_0001_S802_E1287_L489_T138_R969_B618.wav,YvRRXziXpMY_0001_S802_E1287_L489_T138_R969_B618.npz,YvRRXziXpMY_0001_S802_E1287_L489_T138_R969_B618.npz,YvRRXziXpMY_0001_S802_E1287_L489_T138_R969_B618_natural_0_mesh_motions.pt,
Z12xymgfH9k,Z12xymgfH9k_0004_S982_E1235_L214_T0_R710_B464,Z12xymgfH9k_0004_S982_E1235_L214_T0_R710_B464.wav,Z12xymgfH9k_0004_S982_E1235_L214_T0_R710_B464.npz,Z12xymgfH9k_0004_S982_E1235_L214_T0_R710_B464.npz,Z12xymgfH9k_0004_S982_E1235_L214_T0_R710_B464_natural_0_mesh_motions.pt,
Z5SpCVtoOdw,Z5SpCVtoOdw_0002_S0_E480_L479_T171_R911_B603,Z5SpCVtoOdw_0002_S0_E480_L479_T171_R911_B603.wav,Z5SpCVtoOdw_0002_S0_E480_L479_T171_R911_B603.npz,Z5SpCVtoOdw_0002_S0_E480_L479_T171_R911_B603.npz,Z5SpCVtoOdw_0002_S0_E480_L479_T171_R911_B603_natural_0_mesh_motions.pt,
Z8iLMnTX6OQ,Z8iLMnTX6OQ_0003_S768_E1097_L247_T140_R503_B396,Z8iLMnTX6OQ_0003_S768_E1097_L247_T140_R503_B396.wav,Z8iLMnTX6OQ_0003_S768_E1097_L247_T140_R503_B396.npz,Z8iLMnTX6OQ_0003_S768_E1097_L247_T140_R503_B396.npz,Z8iLMnTX6OQ_0003_S768_E1097_L247_T140_R503_B396_natural_0_mesh_motions.pt,
ZAX4LKUeAVE,ZAX4LKUeAVE_0005_S1093_E1451_L424_T28_R840_B444,ZAX4LKUeAVE_0005_S1093_E1451_L424_T28_R840_B444.wav,ZAX4LKUeAVE_0005_S1093_E1451_L424_T28_R840_B444.npz,ZAX4LKUeAVE_0005_S1093_E1451_L424_T28_R840_B444.npz,ZAX4LKUeAVE_0005_S1093_E1451_L424_T28_R840_B444_natural_0_mesh_motions.pt,
ZAYK9cMiSbE,ZAYK9cMiSbE_0020_S1412_E1799_L395_T17_R955_B577,ZAYK9cMiSbE_0020_S1412_E1799_L395_T17_R955_B577.wav,ZAYK9cMiSbE_0020_S1412_E1799_L395_T17_R955_B577.npz,ZAYK9cMiSbE_0020_S1412_E1799_L395_T17_R955_B577.npz,ZAYK9cMiSbE_0020_S1412_E1799_L395_T17_R955_B577_natural_0_mesh_motions.pt,
ZBcOyv8LZ8s,ZBcOyv8LZ8s_0002_S749_E1148_L497_T20_R929_B452,ZBcOyv8LZ8s_0002_S749_E1148_L497_T20_R929_B452.wav,ZBcOyv8LZ8s_0002_S749_E1148_L497_T20_R929_B452.npz,ZBcOyv8LZ8s_0002_S749_E1148_L497_T20_R929_B452.npz,ZBcOyv8LZ8s_0002_S749_E1148_L497_T20_R929_B452_natural_0_mesh_motions.pt,
ZDfRJiIODMs,ZDfRJiIODMs_0000_S0_E281_L513_T83_R833_B403,ZDfRJiIODMs_0000_S0_E281_L513_T83_R833_B403.wav,ZDfRJiIODMs_0000_S0_E281_L513_T83_R833_B403.npz,ZDfRJiIODMs_0000_S0_E281_L513_T83_R833_B403.npz,ZDfRJiIODMs_0000_S0_E281_L513_T83_R833_B403_natural_0_mesh_motions.pt,
ZEHCzjk0Hrk,ZEHCzjk0Hrk_0007_S315_E555_L385_T0_R961_B560,ZEHCzjk0Hrk_0007_S315_E555_L385_T0_R961_B560.wav,ZEHCzjk0Hrk_0007_S315_E555_L385_T0_R961_B560.npz,ZEHCzjk0Hrk_0007_S315_E555_L385_T0_R961_B560.npz,ZEHCzjk0Hrk_0007_S315_E555_L385_T0_R961_B560_natural_0_mesh_motions.pt,
ZH6357PHRCc,ZH6357PHRCc_0017_S636_E940_L496_T51_R752_B307,ZH6357PHRCc_0017_S636_E940_L496_T51_R752_B307.wav,ZH6357PHRCc_0017_S636_E940_L496_T51_R752_B307.npz,ZH6357PHRCc_0017_S636_E940_L496_T51_R752_B307.npz,ZH6357PHRCc_0017_S636_E940_L496_T51_R752_B307_natural_0_mesh_motions.pt,
ZHLsDRxEMGs,ZHLsDRxEMGs_0000_S313_E519_L568_T0_R1048_B480,ZHLsDRxEMGs_0000_S313_E519_L568_T0_R1048_B480.wav,ZHLsDRxEMGs_0000_S313_E519_L568_T0_R1048_B480.npz,ZHLsDRxEMGs_0000_S313_E519_L568_T0_R1048_B480.npz,ZHLsDRxEMGs_0000_S313_E519_L568_T0_R1048_B480_natural_0_mesh_motions.pt,
ZQPrD6cbqHQ,ZQPrD6cbqHQ_0009_S831_E1222_L630_T0_R1174_B336,ZQPrD6cbqHQ_0009_S831_E1222_L630_T0_R1174_B336.wav,ZQPrD6cbqHQ_0009_S831_E1222_L630_T0_R1174_B336.npz,ZQPrD6cbqHQ_0009_S831_E1222_L630_T0_R1174_B336.npz,ZQPrD6cbqHQ_0009_S831_E1222_L630_T0_R1174_B336_natural_0_mesh_motions.pt,
ZQQwgYaQh1w,ZQQwgYaQh1w_0003_S849_E1051_L358_T0_R902_B528,ZQQwgYaQh1w_0003_S849_E1051_L358_T0_R902_B528.wav,ZQQwgYaQh1w_0003_S849_E1051_L358_T0_R902_B528.npz,ZQQwgYaQh1w_0003_S849_E1051_L358_T0_R902_B528.npz,ZQQwgYaQh1w_0003_S849_E1051_L358_T0_R902_B528_natural_0_mesh_motions.pt,
ZSEV1ivNUWY,ZSEV1ivNUWY_0000_S1008_E1295_L656_T31_R1088_B463,ZSEV1ivNUWY_0000_S1008_E1295_L656_T31_R1088_B463.wav,ZSEV1ivNUWY_0000_S1008_E1295_L656_T31_R1088_B463.npz,ZSEV1ivNUWY_0000_S1008_E1295_L656_T31_R1088_B463.npz,ZSEV1ivNUWY_0000_S1008_E1295_L656_T31_R1088_B463_natural_0_mesh_motions.pt,
ZUlkRGgSLfI,ZUlkRGgSLfI_0002_S752_E1051_L327_T9_R951_B633,ZUlkRGgSLfI_0002_S752_E1051_L327_T9_R951_B633.wav,ZUlkRGgSLfI_0002_S752_E1051_L327_T9_R951_B633.npz,ZUlkRGgSLfI_0002_S752_E1051_L327_T9_R951_B633.npz,ZUlkRGgSLfI_0002_S752_E1051_L327_T9_R951_B633_natural_0_mesh_motions.pt,
ZYSjPZUqLdk,ZYSjPZUqLdk_0000_S268_E473_L151_T1_R823_B673,ZYSjPZUqLdk_0000_S268_E473_L151_T1_R823_B673.wav,ZYSjPZUqLdk_0000_S268_E473_L151_T1_R823_B673.npz,ZYSjPZUqLdk_0000_S268_E473_L151_T1_R823_B673.npz,ZYSjPZUqLdk_0000_S268_E473_L151_T1_R823_B673_natural_0_mesh_motions.pt,
ZZIjgZYnP6Q,ZZIjgZYnP6Q_0000_S145_E606_L497_T10_R769_B282,ZZIjgZYnP6Q_0000_S145_E606_L497_T10_R769_B282.wav,ZZIjgZYnP6Q_0000_S145_E606_L497_T10_R769_B282.npz,ZZIjgZYnP6Q_0000_S145_E606_L497_T10_R769_B282.npz,ZZIjgZYnP6Q_0000_S145_E606_L497_T10_R769_B282_natural_0_mesh_motions.pt,
Z_TNQsWm8SM,Z_TNQsWm8SM_0000_S323_E528_L331_T0_R715_B352,Z_TNQsWm8SM_0000_S323_E528_L331_T0_R715_B352.wav,Z_TNQsWm8SM_0000_S323_E528_L331_T0_R715_B352.npz,Z_TNQsWm8SM_0000_S323_E528_L331_T0_R715_B352.npz,Z_TNQsWm8SM_0000_S323_E528_L331_T0_R715_B352_natural_0_mesh_motions.pt,
Zg4zFxyeLMQ,Zg4zFxyeLMQ_0001_S76_E496_L434_T9_R786_B361,Zg4zFxyeLMQ_0001_S76_E496_L434_T9_R786_B361.wav,Zg4zFxyeLMQ_0001_S76_E496_L434_T9_R786_B361.npz,Zg4zFxyeLMQ_0001_S76_E496_L434_T9_R786_B361.npz,Zg4zFxyeLMQ_0001_S76_E496_L434_T9_R786_B361_natural_0_mesh_motions.pt,
Zi2RoikofDs,Zi2RoikofDs_0000_S1010_E1366_L466_T149_R866_B549,Zi2RoikofDs_0000_S1010_E1366_L466_T149_R866_B549.wav,Zi2RoikofDs_0000_S1010_E1366_L466_T149_R866_B549.npz,Zi2RoikofDs_0000_S1010_E1366_L466_T149_R866_B549.npz,Zi2RoikofDs_0000_S1010_E1366_L466_T149_R866_B549_natural_0_mesh_motions.pt,
Zj7U7R-2fcs,Zj7U7R-2fcs_0000_S1014_E1535_L89_T0_R889_B704,Zj7U7R-2fcs_0000_S1014_E1535_L89_T0_R889_B704.wav,Zj7U7R-2fcs_0000_S1014_E1535_L89_T0_R889_B704.npz,Zj7U7R-2fcs_0000_S1014_E1535_L89_T0_R889_B704.npz,Zj7U7R-2fcs_0000_S1014_E1535_L89_T0_R889_B704_natural_0_mesh_motions.pt,
ZjmynEwugnk,ZjmynEwugnk_0000_S57_E347_L282_T0_R1050_B592,ZjmynEwugnk_0000_S57_E347_L282_T0_R1050_B592.wav,ZjmynEwugnk_0000_S57_E347_L282_T0_R1050_B592.npz,ZjmynEwugnk_0000_S57_E347_L282_T0_R1050_B592.npz,ZjmynEwugnk_0000_S57_E347_L282_T0_R1050_B592_natural_0_mesh_motions.pt,
Zn8iU3-RNL0,Zn8iU3-RNL0_0015_S206_E687_L361_T310_R665_B614,Zn8iU3-RNL0_0015_S206_E687_L361_T310_R665_B614.wav,Zn8iU3-RNL0_0015_S206_E687_L361_T310_R665_B614.npz,Zn8iU3-RNL0_0015_S206_E687_L361_T310_R665_B614.npz,Zn8iU3-RNL0_0015_S206_E687_L361_T310_R665_B614_natural_0_mesh_motions.pt,
ZpNQS6CX7FA,ZpNQS6CX7FA_0000_S1320_E1919_L522_T122_R874_B474,ZpNQS6CX7FA_0000_S1320_E1919_L522_T122_R874_B474.wav,ZpNQS6CX7FA_0000_S1320_E1919_L522_T122_R874_B474.npz,ZpNQS6CX7FA_0000_S1320_E1919_L522_T122_R874_B474.npz,ZpNQS6CX7FA_0000_S1320_E1919_L522_T122_R874_B474_natural_0_mesh_motions.pt,
ZptziXSxpx0,ZptziXSxpx0_0001_S1102_E1535_L598_T48_R934_B384,ZptziXSxpx0_0001_S1102_E1535_L598_T48_R934_B384.wav,ZptziXSxpx0_0001_S1102_E1535_L598_T48_R934_B384.npz,ZptziXSxpx0_0001_S1102_E1535_L598_T48_R934_B384.npz,ZptziXSxpx0_0001_S1102_E1535_L598_T48_R934_B384_natural_0_mesh_motions.pt,
ZsY6kAHzdwM,ZsY6kAHzdwM_0003_S1043_E1322_L373_T39_R837_B503,ZsY6kAHzdwM_0003_S1043_E1322_L373_T39_R837_B503.wav,ZsY6kAHzdwM_0003_S1043_E1322_L373_T39_R837_B503.npz,ZsY6kAHzdwM_0003_S1043_E1322_L373_T39_R837_B503.npz,ZsY6kAHzdwM_0003_S1043_E1322_L373_T39_R837_B503_natural_0_mesh_motions.pt,
ZtXr7bckLyc,ZtXr7bckLyc_0000_S1388_E1688_L0_T0_R1264_B704,ZtXr7bckLyc_0000_S1388_E1688_L0_T0_R1264_B704.wav,ZtXr7bckLyc_0000_S1388_E1688_L0_T0_R1264_B704.npz,ZtXr7bckLyc_0000_S1388_E1688_L0_T0_R1264_B704.npz,ZtXr7bckLyc_0000_S1388_E1688_L0_T0_R1264_B704_natural_0_mesh_motions.pt,
ZyOqaUFxojc,ZyOqaUFxojc_0001_S775_E1100_L334_T2_R974_B642,ZyOqaUFxojc_0001_S775_E1100_L334_T2_R974_B642.wav,ZyOqaUFxojc_0001_S775_E1100_L334_T2_R974_B642.npz,ZyOqaUFxojc_0001_S775_E1100_L334_T2_R974_B642.npz,ZyOqaUFxojc_0001_S775_E1100_L334_T2_R974_B642_natural_0_mesh_motions.pt,
ZyUCcfMcmyE,ZyUCcfMcmyE_0002_S180_E425_L246_T0_R934_B592,ZyUCcfMcmyE_0002_S180_E425_L246_T0_R934_B592.wav,ZyUCcfMcmyE_0002_S180_E425_L246_T0_R934_B592.npz,ZyUCcfMcmyE_0002_S180_E425_L246_T0_R934_B592.npz,ZyUCcfMcmyE_0002_S180_E425_L246_T0_R934_B592_natural_0_mesh_motions.pt,
ZzVhwsetzDk,ZzVhwsetzDk_0001_S562_E881_L417_T7_R929_B519,ZzVhwsetzDk_0001_S562_E881_L417_T7_R929_B519.wav,ZzVhwsetzDk_0001_S562_E881_L417_T7_R929_B519.npz,ZzVhwsetzDk_0001_S562_E881_L417_T7_R929_B519.npz,ZzVhwsetzDk_0001_S562_E881_L417_T7_R929_B519_natural_0_mesh_motions.pt,
_1B60L4m60M,_1B60L4m60M_0002_S1359_E1623_L499_T79_R819_B399,_1B60L4m60M_0002_S1359_E1623_L499_T79_R819_B399.wav,_1B60L4m60M_0002_S1359_E1623_L499_T79_R819_B399.npz,_1B60L4m60M_0002_S1359_E1623_L499_T79_R819_B399.npz,_1B60L4m60M_0002_S1359_E1623_L499_T79_R819_B399_natural_0_mesh_motions.pt,
_4bzRoRn260,_4bzRoRn260_0002_S0_E513_L448_T69_R784_B405,_4bzRoRn260_0002_S0_E513_L448_T69_R784_B405.wav,_4bzRoRn260_0002_S0_E513_L448_T69_R784_B405.npz,_4bzRoRn260_0002_S0_E513_L448_T69_R784_B405.npz,_4bzRoRn260_0002_S0_E513_L448_T69_R784_B405_natural_0_mesh_motions.pt,
_4r4LIX84TM,_4r4LIX84TM_0001_S961_E1518_L533_T39_R901_B407,_4r4LIX84TM_0001_S961_E1518_L533_T39_R901_B407.wav,_4r4LIX84TM_0001_S961_E1518_L533_T39_R901_B407.npz,_4r4LIX84TM_0001_S961_E1518_L533_T39_R901_B407.npz,_4r4LIX84TM_0001_S961_E1518_L533_T39_R901_B407_natural_0_mesh_motions.pt,
_5O0_4kkKSg,_5O0_4kkKSg_0001_S154_E434_L466_T61_R834_B429,_5O0_4kkKSg_0001_S154_E434_L466_T61_R834_B429.wav,_5O0_4kkKSg_0001_S154_E434_L466_T61_R834_B429.npz,_5O0_4kkKSg_0001_S154_E434_L466_T61_R834_B429.npz,_5O0_4kkKSg_0001_S154_E434_L466_T61_R834_B429_natural_0_mesh_motions.pt,
_5r3yqpaNuM,_5r3yqpaNuM_0004_S538_E1262_L413_T0_R941_B496,_5r3yqpaNuM_0004_S538_E1262_L413_T0_R941_B496.wav,_5r3yqpaNuM_0004_S538_E1262_L413_T0_R941_B496.npz,_5r3yqpaNuM_0004_S538_E1262_L413_T0_R941_B496.npz,_5r3yqpaNuM_0004_S538_E1262_L413_T0_R941_B496_natural_0_mesh_motions.pt,
_6ck3EDlssw,_6ck3EDlssw_0000_S1542_E1903_L430_T0_R958_B480,_6ck3EDlssw_0000_S1542_E1903_L430_T0_R958_B480.wav,_6ck3EDlssw_0000_S1542_E1903_L430_T0_R958_B480.npz,_6ck3EDlssw_0000_S1542_E1903_L430_T0_R958_B480.npz,_6ck3EDlssw_0000_S1542_E1903_L430_T0_R958_B480_natural_0_mesh_motions.pt,
_7RMd0g9FtQ,_7RMd0g9FtQ_0002_S0_E246_L448_T36_R736_B324,_7RMd0g9FtQ_0002_S0_E246_L448_T36_R736_B324.wav,_7RMd0g9FtQ_0002_S0_E246_L448_T36_R736_B324.npz,_7RMd0g9FtQ_0002_S0_E246_L448_T36_R736_B324.npz,_7RMd0g9FtQ_0002_S0_E246_L448_T36_R736_B324_natural_0_mesh_motions.pt,
_AvNT3vyzr0,_AvNT3vyzr0_0000_S1125_E1391_L219_T25_R747_B553,_AvNT3vyzr0_0000_S1125_E1391_L219_T25_R747_B553.wav,_AvNT3vyzr0_0000_S1125_E1391_L219_T25_R747_B553.npz,_AvNT3vyzr0_0000_S1125_E1391_L219_T25_R747_B553.npz,_AvNT3vyzr0_0000_S1125_E1391_L219_T25_R747_B553_natural_0_mesh_motions.pt,
_BxhdmIGNys,_BxhdmIGNys_0001_S729_E1007_L556_T255_R876_B575,_BxhdmIGNys_0001_S729_E1007_L556_T255_R876_B575.wav,_BxhdmIGNys_0001_S729_E1007_L556_T255_R876_B575.npz,_BxhdmIGNys_0001_S729_E1007_L556_T255_R876_B575.npz,_BxhdmIGNys_0001_S729_E1007_L556_T255_R876_B575_natural_0_mesh_motions.pt,
_CKFycGHzLo,_CKFycGHzLo_0012_S1379_E1799_L283_T0_R1051_B672,_CKFycGHzLo_0012_S1379_E1799_L283_T0_R1051_B672.wav,_CKFycGHzLo_0012_S1379_E1799_L283_T0_R1051_B672.npz,_CKFycGHzLo_0012_S1379_E1799_L283_T0_R1051_B672.npz,_CKFycGHzLo_0012_S1379_E1799_L283_T0_R1051_B672_natural_0_mesh_motions.pt,
_F6bq0l18Ng,_F6bq0l18Ng_0001_S838_E1204_L87_T0_R471_B368,_F6bq0l18Ng_0001_S838_E1204_L87_T0_R471_B368.wav,_F6bq0l18Ng_0001_S838_E1204_L87_T0_R471_B368.npz,_F6bq0l18Ng_0001_S838_E1204_L87_T0_R471_B368.npz,_F6bq0l18Ng_0001_S838_E1204_L87_T0_R471_B368_natural_0_mesh_motions.pt,
_FcVS3nf3Qs,_FcVS3nf3Qs_0055_S459_E978_L596_T171_R868_B443,_FcVS3nf3Qs_0055_S459_E978_L596_T171_R868_B443.wav,_FcVS3nf3Qs_0055_S459_E978_L596_T171_R868_B443.npz,_FcVS3nf3Qs_0055_S459_E978_L596_T171_R868_B443.npz,_FcVS3nf3Qs_0055_S459_E978_L596_T171_R868_B443_natural_0_mesh_motions.pt,
_H71S7ar21o,_H71S7ar21o_0001_S1073_E1320_L534_T206_R806_B478,_H71S7ar21o_0001_S1073_E1320_L534_T206_R806_B478.wav,_H71S7ar21o_0001_S1073_E1320_L534_T206_R806_B478.npz,_H71S7ar21o_0001_S1073_E1320_L534_T206_R806_B478.npz,_H71S7ar21o_0001_S1073_E1320_L534_T206_R806_B478_natural_0_mesh_motions.pt,
_ITluulB74Q,_ITluulB74Q_0000_S1330_E1923_L867_T0_R1235_B320,_ITluulB74Q_0000_S1330_E1923_L867_T0_R1235_B320.wav,_ITluulB74Q_0000_S1330_E1923_L867_T0_R1235_B320.npz,_ITluulB74Q_0000_S1330_E1923_L867_T0_R1235_B320.npz,_ITluulB74Q_0000_S1330_E1923_L867_T0_R1235_B320_natural_0_mesh_motions.pt,
_K-JEM9RNeA,_K-JEM9RNeA_0006_S1025_E1269_L380_T106_R764_B490,_K-JEM9RNeA_0006_S1025_E1269_L380_T106_R764_B490.wav,_K-JEM9RNeA_0006_S1025_E1269_L380_T106_R764_B490.npz,_K-JEM9RNeA_0006_S1025_E1269_L380_T106_R764_B490.npz,_K-JEM9RNeA_0006_S1025_E1269_L380_T106_R764_B490_natural_0_mesh_motions.pt,
_OhqC6w4C28,_OhqC6w4C28_0003_S993_E1309_L551_T0_R1015_B448,_OhqC6w4C28_0003_S993_E1309_L551_T0_R1015_B448.wav,_OhqC6w4C28_0003_S993_E1309_L551_T0_R1015_B448.npz,_OhqC6w4C28_0003_S993_E1309_L551_T0_R1015_B448.npz,_OhqC6w4C28_0003_S993_E1309_L551_T0_R1015_B448_natural_0_mesh_motions.pt,
_QRahNSxQfc,_QRahNSxQfc_0002_S18_E271_L445_T79_R701_B335,_QRahNSxQfc_0002_S18_E271_L445_T79_R701_B335.wav,_QRahNSxQfc_0002_S18_E271_L445_T79_R701_B335.npz,_QRahNSxQfc_0002_S18_E271_L445_T79_R701_B335.npz,_QRahNSxQfc_0002_S18_E271_L445_T79_R701_B335_natural_0_mesh_motions.pt,
_UVuXcclWM8,_UVuXcclWM8_0004_S0_E399_L522_T0_R922_B352,_UVuXcclWM8_0004_S0_E399_L522_T0_R922_B352.wav,_UVuXcclWM8_0004_S0_E399_L522_T0_R922_B352.npz,_UVuXcclWM8_0004_S0_E399_L522_T0_R922_B352.npz,_UVuXcclWM8_0004_S0_E399_L522_T0_R922_B352_natural_0_mesh_motions.pt,
_WN-6t58HdM,_WN-6t58HdM_0000_S36_E409_L280_T9_R1032_B713,_WN-6t58HdM_0000_S36_E409_L280_T9_R1032_B713.wav,_WN-6t58HdM_0000_S36_E409_L280_T9_R1032_B713.npz,_WN-6t58HdM_0000_S36_E409_L280_T9_R1032_B713.npz,_WN-6t58HdM_0000_S36_E409_L280_T9_R1032_B713_natural_0_mesh_motions.pt,
_ZZVgjbePRI,_ZZVgjbePRI_0006_S402_E687_L496_T84_R768_B356,_ZZVgjbePRI_0006_S402_E687_L496_T84_R768_B356.wav,_ZZVgjbePRI_0006_S402_E687_L496_T84_R768_B356.npz,_ZZVgjbePRI_0006_S402_E687_L496_T84_R768_B356.npz,_ZZVgjbePRI_0006_S402_E687_L496_T84_R768_B356_natural_0_mesh_motions.pt,
_ak7BooJlnk,_ak7BooJlnk_0007_S352_E653_L262_T0_R934_B656,_ak7BooJlnk_0007_S352_E653_L262_T0_R934_B656.wav,_ak7BooJlnk_0007_S352_E653_L262_T0_R934_B656.npz,_ak7BooJlnk_0007_S352_E653_L262_T0_R934_B656.npz,_ak7BooJlnk_0007_S352_E653_L262_T0_R934_B656_natural_0_mesh_motions.pt,
_czQyx6JYgc,_czQyx6JYgc_0000_S1239_E1485_L130_T0_R594_B400,_czQyx6JYgc_0000_S1239_E1485_L130_T0_R594_B400.wav,_czQyx6JYgc_0000_S1239_E1485_L130_T0_R594_B400.npz,_czQyx6JYgc_0000_S1239_E1485_L130_T0_R594_B400.npz,_czQyx6JYgc_0000_S1239_E1485_L130_T0_R594_B400_natural_0_mesh_motions.pt,
_f2hDpHsQlg,_f2hDpHsQlg_0000_S602_E912_L227_T17_R707_B497,_f2hDpHsQlg_0000_S602_E912_L227_T17_R707_B497.wav,_f2hDpHsQlg_0000_S602_E912_L227_T17_R707_B497.npz,_f2hDpHsQlg_0000_S602_E912_L227_T17_R707_B497.npz,_f2hDpHsQlg_0000_S602_E912_L227_T17_R707_B497_natural_0_mesh_motions.pt,
_gJN7I0a9XU,_gJN7I0a9XU_0048_S0_E229_L539_T72_R811_B344,_gJN7I0a9XU_0048_S0_E229_L539_T72_R811_B344.wav,_gJN7I0a9XU_0048_S0_E229_L539_T72_R811_B344.npz,_gJN7I0a9XU_0048_S0_E229_L539_T72_R811_B344.npz,_gJN7I0a9XU_0048_S0_E229_L539_T72_R811_B344_natural_0_mesh_motions.pt,
_gR3p72XEMg,_gR3p72XEMg_0000_S1181_E1433_L920_T117_R1176_B373,_gR3p72XEMg_0000_S1181_E1433_L920_T117_R1176_B373.wav,_gR3p72XEMg_0000_S1181_E1433_L920_T117_R1176_B373.npz,_gR3p72XEMg_0000_S1181_E1433_L920_T117_R1176_B373.npz,_gR3p72XEMg_0000_S1181_E1433_L920_T117_R1176_B373_natural_0_mesh_motions.pt,
_gm8Jp_4a5E,_gm8Jp_4a5E_0003_S481_E780_L499_T5_R1107_B613,_gm8Jp_4a5E_0003_S481_E780_L499_T5_R1107_B613.wav,_gm8Jp_4a5E_0003_S481_E780_L499_T5_R1107_B613.npz,_gm8Jp_4a5E_0003_S481_E780_L499_T5_R1107_B613.npz,_gm8Jp_4a5E_0003_S481_E780_L499_T5_R1107_B613_natural_0_mesh_motions.pt,
_nwF3zYpfQ4,_nwF3zYpfQ4_0003_S1149_E1759_L271_T43_R655_B427,_nwF3zYpfQ4_0003_S1149_E1759_L271_T43_R655_B427.wav,_nwF3zYpfQ4_0003_S1149_E1759_L271_T43_R655_B427.npz,_nwF3zYpfQ4_0003_S1149_E1759_L271_T43_R655_B427.npz,_nwF3zYpfQ4_0003_S1149_E1759_L271_T43_R655_B427_natural_0_mesh_motions.pt,
_rWxLXmPdc0,_rWxLXmPdc0_0001_S778_E1291_L518_T20_R806_B308,_rWxLXmPdc0_0001_S778_E1291_L518_T20_R806_B308.wav,_rWxLXmPdc0_0001_S778_E1291_L518_T20_R806_B308.npz,_rWxLXmPdc0_0001_S778_E1291_L518_T20_R806_B308.npz,_rWxLXmPdc0_0001_S778_E1291_L518_T20_R806_B308_natural_0_mesh_motions.pt,
_sWO1yvsmmo,_sWO1yvsmmo_0000_S1551_E1886_L405_T27_R821_B443,_sWO1yvsmmo_0000_S1551_E1886_L405_T27_R821_B443.wav,_sWO1yvsmmo_0000_S1551_E1886_L405_T27_R821_B443.npz,_sWO1yvsmmo_0000_S1551_E1886_L405_T27_R821_B443.npz,_sWO1yvsmmo_0000_S1551_E1886_L405_T27_R821_B443_natural_0_mesh_motions.pt,
_t61OZ5dN9Q,_t61OZ5dN9Q_0000_S1048_E1421_L426_T36_R842_B452,_t61OZ5dN9Q_0000_S1048_E1421_L426_T36_R842_B452.wav,_t61OZ5dN9Q_0000_S1048_E1421_L426_T36_R842_B452.npz,_t61OZ5dN9Q_0000_S1048_E1421_L426_T36_R842_B452.npz,_t61OZ5dN9Q_0000_S1048_E1421_L426_T36_R842_B452_natural_0_mesh_motions.pt,
_uV1LuL6yDQ,_uV1LuL6yDQ_0003_S517_E886_L561_T62_R897_B398,_uV1LuL6yDQ_0003_S517_E886_L561_T62_R897_B398.wav,_uV1LuL6yDQ_0003_S517_E886_L561_T62_R897_B398.npz,_uV1LuL6yDQ_0003_S517_E886_L561_T62_R897_B398.npz,_uV1LuL6yDQ_0003_S517_E886_L561_T62_R897_B398_natural_0_mesh_motions.pt,
_y9aHEd08LM,_y9aHEd08LM_0007_S795_E990_L330_T0_R890_B544,_y9aHEd08LM_0007_S795_E990_L330_T0_R890_B544.wav,_y9aHEd08LM_0007_S795_E990_L330_T0_R890_B544.npz,_y9aHEd08LM_0007_S795_E990_L330_T0_R890_B544.npz,_y9aHEd08LM_0007_S795_E990_L330_T0_R890_B544_natural_0_mesh_motions.pt,
_yKGZu_8gyI,_yKGZu_8gyI_0000_S1185_E1667_L0_T0_R1168_B704,_yKGZu_8gyI_0000_S1185_E1667_L0_T0_R1168_B704.wav,_yKGZu_8gyI_0000_S1185_E1667_L0_T0_R1168_B704.npz,_yKGZu_8gyI_0000_S1185_E1667_L0_T0_R1168_B704.npz,_yKGZu_8gyI_0000_S1185_E1667_L0_T0_R1168_B704_natural_0_mesh_motions.pt,
_zYWKwpARf0,_zYWKwpARf0_0004_S449_E882_L436_T56_R836_B456,_zYWKwpARf0_0004_S449_E882_L436_T56_R836_B456.wav,_zYWKwpARf0_0004_S449_E882_L436_T56_R836_B456.npz,_zYWKwpARf0_0004_S449_E882_L436_T56_R836_B456.npz,_zYWKwpARf0_0004_S449_E882_L436_T56_R836_B456_natural_0_mesh_motions.pt,
a3Ah-REb5vc,a3Ah-REb5vc_0000_S977_E1537_L299_T15_R763_B479,a3Ah-REb5vc_0000_S977_E1537_L299_T15_R763_B479.wav,a3Ah-REb5vc_0000_S977_E1537_L299_T15_R763_B479.npz,a3Ah-REb5vc_0000_S977_E1537_L299_T15_R763_B479.npz,a3Ah-REb5vc_0000_S977_E1537_L299_T15_R763_B479_natural_0_mesh_motions.pt,
a5CAVvzL2GA,a5CAVvzL2GA_0000_S1602_E1869_L426_T39_R938_B551,a5CAVvzL2GA_0000_S1602_E1869_L426_T39_R938_B551.wav,a5CAVvzL2GA_0000_S1602_E1869_L426_T39_R938_B551.npz,a5CAVvzL2GA_0000_S1602_E1869_L426_T39_R938_B551.npz,a5CAVvzL2GA_0000_S1602_E1869_L426_T39_R938_B551_natural_0_mesh_motions.pt,
a5lUNW9wlpY,a5lUNW9wlpY_0002_S1167_E1536_L286_T0_R1038_B688,a5lUNW9wlpY_0002_S1167_E1536_L286_T0_R1038_B688.wav,a5lUNW9wlpY_0002_S1167_E1536_L286_T0_R1038_B688.npz,a5lUNW9wlpY_0002_S1167_E1536_L286_T0_R1038_B688.npz,a5lUNW9wlpY_0002_S1167_E1536_L286_T0_R1038_B688_natural_0_mesh_motions.pt,
aA1H4iLap44,aA1H4iLap44_0001_S159_E470_L636_T31_R972_B367,aA1H4iLap44_0001_S159_E470_L636_T31_R972_B367.wav,aA1H4iLap44_0001_S159_E470_L636_T31_R972_B367.npz,aA1H4iLap44_0001_S159_E470_L636_T31_R972_B367.npz,aA1H4iLap44_0001_S159_E470_L636_T31_R972_B367_natural_0_mesh_motions.pt,
aB0Ku9J6jHg,aB0Ku9J6jHg_0002_S300_E632_L365_T149_R669_B453,aB0Ku9J6jHg_0002_S300_E632_L365_T149_R669_B453.wav,aB0Ku9J6jHg_0002_S300_E632_L365_T149_R669_B453.npz,aB0Ku9J6jHg_0002_S300_E632_L365_T149_R669_B453.npz,aB0Ku9J6jHg_0002_S300_E632_L365_T149_R669_B453_natural_0_mesh_motions.pt,
aGPO0OB2_Ak,aGPO0OB2_Ak_0000_S1087_E1448_L283_T0_R939_B576,aGPO0OB2_Ak_0000_S1087_E1448_L283_T0_R939_B576.wav,aGPO0OB2_Ak_0000_S1087_E1448_L283_T0_R939_B576.npz,aGPO0OB2_Ak_0000_S1087_E1448_L283_T0_R939_B576.npz,aGPO0OB2_Ak_0000_S1087_E1448_L283_T0_R939_B576_natural_0_mesh_motions.pt,
aJAQVletzdY,aJAQVletzdY_0010_S343_E552_L630_T40_R934_B344,aJAQVletzdY_0010_S343_E552_L630_T40_R934_B344.wav,aJAQVletzdY_0010_S343_E552_L630_T40_R934_B344.npz,aJAQVletzdY_0010_S343_E552_L630_T40_R934_B344.npz,aJAQVletzdY_0010_S343_E552_L630_T40_R934_B344_natural_0_mesh_motions.pt,
aLPYGw9HubM,aLPYGw9HubM_0014_S982_E1252_L452_T36_R804_B388,aLPYGw9HubM_0014_S982_E1252_L452_T36_R804_B388.wav,aLPYGw9HubM_0014_S982_E1252_L452_T36_R804_B388.npz,aLPYGw9HubM_0014_S982_E1252_L452_T36_R804_B388.npz,aLPYGw9HubM_0014_S982_E1252_L452_T36_R804_B388_natural_0_mesh_motions.pt,
aSDRWUh7nqQ,aSDRWUh7nqQ_0000_S925_E1214_L467_T63_R915_B511,aSDRWUh7nqQ_0000_S925_E1214_L467_T63_R915_B511.wav,aSDRWUh7nqQ_0000_S925_E1214_L467_T63_R915_B511.npz,aSDRWUh7nqQ_0000_S925_E1214_L467_T63_R915_B511.npz,aSDRWUh7nqQ_0000_S925_E1214_L467_T63_R915_B511_natural_0_mesh_motions.pt,
aSF8LfYNlSM,aSF8LfYNlSM_0005_S342_E583_L723_T62_R1027_B366,aSF8LfYNlSM_0005_S342_E583_L723_T62_R1027_B366.wav,aSF8LfYNlSM_0005_S342_E583_L723_T62_R1027_B366.npz,aSF8LfYNlSM_0005_S342_E583_L723_T62_R1027_B366.npz,aSF8LfYNlSM_0005_S342_E583_L723_T62_R1027_B366_natural_0_mesh_motions.pt,
aSp8Pf6zXvg,aSp8Pf6zXvg_0004_S532_E895_L736_T47_R1024_B335,aSp8Pf6zXvg_0004_S532_E895_L736_T47_R1024_B335.wav,aSp8Pf6zXvg_0004_S532_E895_L736_T47_R1024_B335.npz,aSp8Pf6zXvg_0004_S532_E895_L736_T47_R1024_B335.npz,aSp8Pf6zXvg_0004_S532_E895_L736_T47_R1024_B335_natural_0_mesh_motions.pt,
aTigt0mmyiM,aTigt0mmyiM_0002_S1031_E1535_L298_T81_R650_B433,aTigt0mmyiM_0002_S1031_E1535_L298_T81_R650_B433.wav,aTigt0mmyiM_0002_S1031_E1535_L298_T81_R650_B433.npz,aTigt0mmyiM_0002_S1031_E1535_L298_T81_R650_B433.npz,aTigt0mmyiM_0002_S1031_E1535_L298_T81_R650_B433_natural_0_mesh_motions.pt,
aValNp9ADko,aValNp9ADko_0000_S1078_E1299_L369_T54_R865_B534,aValNp9ADko_0000_S1078_E1299_L369_T54_R865_B534.wav,aValNp9ADko_0000_S1078_E1299_L369_T54_R865_B534.npz,aValNp9ADko_0000_S1078_E1299_L369_T54_R865_B534.npz,aValNp9ADko_0000_S1078_E1299_L369_T54_R865_B534_natural_0_mesh_motions.pt,
aVstEGR5jt0,aVstEGR5jt0_0000_S450_E696_L629_T113_R933_B417,aVstEGR5jt0_0000_S450_E696_L629_T113_R933_B417.wav,aVstEGR5jt0_0000_S450_E696_L629_T113_R933_B417.npz,aVstEGR5jt0_0000_S450_E696_L629_T113_R933_B417.npz,aVstEGR5jt0_0000_S450_E696_L629_T113_R933_B417_natural_0_mesh_motions.pt,
aVtOmrULE2w,aVtOmrULE2w_0011_S413_E762_L315_T97_R683_B465,aVtOmrULE2w_0011_S413_E762_L315_T97_R683_B465.wav,aVtOmrULE2w_0011_S413_E762_L315_T97_R683_B465.npz,aVtOmrULE2w_0011_S413_E762_L315_T97_R683_B465.npz,aVtOmrULE2w_0011_S413_E762_L315_T97_R683_B465_natural_0_mesh_motions.pt,
aZn-H9uoYk8,aZn-H9uoYk8_0000_S1066_E1451_L430_T0_R1102_B480,aZn-H9uoYk8_0000_S1066_E1451_L430_T0_R1102_B480.wav,aZn-H9uoYk8_0000_S1066_E1451_L430_T0_R1102_B480.npz,aZn-H9uoYk8_0000_S1066_E1451_L430_T0_R1102_B480.npz,aZn-H9uoYk8_0000_S1066_E1451_L430_T0_R1102_B480_natural_0_mesh_motions.pt,
acWlXpQu83s,acWlXpQu83s_0002_S217_E468_L467_T4_R899_B436,acWlXpQu83s_0002_S217_E468_L467_T4_R899_B436.wav,acWlXpQu83s_0002_S217_E468_L467_T4_R899_B436.npz,acWlXpQu83s_0002_S217_E468_L467_T4_R899_B436.npz,acWlXpQu83s_0002_S217_E468_L467_T4_R899_B436_natural_0_mesh_motions.pt,
ad7p5nSZbBg,ad7p5nSZbBg_0000_S666_E1073_L214_T15_R486_B287,ad7p5nSZbBg_0000_S666_E1073_L214_T15_R486_B287.wav,ad7p5nSZbBg_0000_S666_E1073_L214_T15_R486_B287.npz,ad7p5nSZbBg_0000_S666_E1073_L214_T15_R486_B287.npz,ad7p5nSZbBg_0000_S666_E1073_L214_T15_R486_B287_natural_0_mesh_motions.pt,
adXUEwBrrl0,adXUEwBrrl0_0004_S1076_E1359_L854_T149_R1158_B453,adXUEwBrrl0_0004_S1076_E1359_L854_T149_R1158_B453.wav,adXUEwBrrl0_0004_S1076_E1359_L854_T149_R1158_B453.npz,adXUEwBrrl0_0004_S1076_E1359_L854_T149_R1158_B453.npz,adXUEwBrrl0_0004_S1076_E1359_L854_T149_R1158_B453_natural_0_mesh_motions.pt,
ae527aiePIg,ae527aiePIg_0014_S754_E1318_L433_T70_R817_B454,ae527aiePIg_0014_S754_E1318_L433_T70_R817_B454.wav,ae527aiePIg_0014_S754_E1318_L433_T70_R817_B454.npz,ae527aiePIg_0014_S754_E1318_L433_T70_R817_B454.npz,ae527aiePIg_0014_S754_E1318_L433_T70_R817_B454_natural_0_mesh_motions.pt,
afqjRWOtCzM,afqjRWOtCzM_0003_S712_E1050_L549_T95_R837_B383,afqjRWOtCzM_0003_S712_E1050_L549_T95_R837_B383.wav,afqjRWOtCzM_0003_S712_E1050_L549_T95_R837_B383.npz,afqjRWOtCzM_0003_S712_E1050_L549_T95_R837_B383.npz,afqjRWOtCzM_0003_S712_E1050_L549_T95_R837_B383_natural_0_mesh_motions.pt,
atd0dgRkl2k,atd0dgRkl2k_0005_S587_E841_L545_T85_R961_B501,atd0dgRkl2k_0005_S587_E841_L545_T85_R961_B501.wav,atd0dgRkl2k_0005_S587_E841_L545_T85_R961_B501.npz,atd0dgRkl2k_0005_S587_E841_L545_T85_R961_B501.npz,atd0dgRkl2k_0005_S587_E841_L545_T85_R961_B501_natural_0_mesh_motions.pt,
azPa3uccg2I,azPa3uccg2I_0010_S1044_E1283_L272_T140_R608_B476,azPa3uccg2I_0010_S1044_E1283_L272_T140_R608_B476.wav,azPa3uccg2I_0010_S1044_E1283_L272_T140_R608_B476.npz,azPa3uccg2I_0010_S1044_E1283_L272_T140_R608_B476.npz,azPa3uccg2I_0010_S1044_E1283_L272_T140_R608_B476_natural_0_mesh_motions.pt,
b-lZA6gHWg8,b-lZA6gHWg8_0031_S0_E314_L464_T34_R880_B450,b-lZA6gHWg8_0031_S0_E314_L464_T34_R880_B450.wav,b-lZA6gHWg8_0031_S0_E314_L464_T34_R880_B450.npz,b-lZA6gHWg8_0031_S0_E314_L464_T34_R880_B450.npz,b-lZA6gHWg8_0031_S0_E314_L464_T34_R880_B450_natural_0_mesh_motions.pt,
b3wy7s_QvOY,b3wy7s_QvOY_0000_S1510_E1872_L485_T82_R773_B370,b3wy7s_QvOY_0000_S1510_E1872_L485_T82_R773_B370.wav,b3wy7s_QvOY_0000_S1510_E1872_L485_T82_R773_B370.npz,b3wy7s_QvOY_0000_S1510_E1872_L485_T82_R773_B370.npz,b3wy7s_QvOY_0000_S1510_E1872_L485_T82_R773_B370_natural_0_mesh_motions.pt,
b44IhiCuNw4,b44IhiCuNw4_0003_S338_E979_L454_T34_R774_B354,b44IhiCuNw4_0003_S338_E979_L454_T34_R774_B354.wav,b44IhiCuNw4_0003_S338_E979_L454_T34_R774_B354.npz,b44IhiCuNw4_0003_S338_E979_L454_T34_R774_B354.npz,b44IhiCuNw4_0003_S338_E979_L454_T34_R774_B354_natural_0_mesh_motions.pt,
b4jlwhPxTpo,b4jlwhPxTpo_0000_S316_E649_L263_T0_R1031_B704,b4jlwhPxTpo_0000_S316_E649_L263_T0_R1031_B704.wav,b4jlwhPxTpo_0000_S316_E649_L263_T0_R1031_B704.npz,b4jlwhPxTpo_0000_S316_E649_L263_T0_R1031_B704.npz,b4jlwhPxTpo_0000_S316_E649_L263_T0_R1031_B704_natural_0_mesh_motions.pt,
b552H9Gclo0,b552H9Gclo0_0000_S1482_E1770_L621_T23_R1261_B663,b552H9Gclo0_0000_S1482_E1770_L621_T23_R1261_B663.wav,b552H9Gclo0_0000_S1482_E1770_L621_T23_R1261_B663.npz,b552H9Gclo0_0000_S1482_E1770_L621_T23_R1261_B663.npz,b552H9Gclo0_0000_S1482_E1770_L621_T23_R1261_B663_natural_0_mesh_motions.pt,
bCbKYU8D2QA,bCbKYU8D2QA_0002_S1484_E1774_L477_T5_R797_B325,bCbKYU8D2QA_0002_S1484_E1774_L477_T5_R797_B325.wav,bCbKYU8D2QA_0002_S1484_E1774_L477_T5_R797_B325.npz,bCbKYU8D2QA_0002_S1484_E1774_L477_T5_R797_B325.npz,bCbKYU8D2QA_0002_S1484_E1774_L477_T5_R797_B325_natural_0_mesh_motions.pt,
bDjCnFvz11A,bDjCnFvz11A_0003_S1155_E1407_L518_T0_R1126_B592,bDjCnFvz11A_0003_S1155_E1407_L518_T0_R1126_B592.wav,bDjCnFvz11A_0003_S1155_E1407_L518_T0_R1126_B592.npz,bDjCnFvz11A_0003_S1155_E1407_L518_T0_R1126_B592.npz,bDjCnFvz11A_0003_S1155_E1407_L518_T0_R1126_B592_natural_0_mesh_motions.pt,
bKqwRavOIVY,bKqwRavOIVY_0045_S1225_E1481_L425_T41_R1001_B617,bKqwRavOIVY_0045_S1225_E1481_L425_T41_R1001_B617.wav,bKqwRavOIVY_0045_S1225_E1481_L425_T41_R1001_B617.npz,bKqwRavOIVY_0045_S1225_E1481_L425_T41_R1001_B617.npz,bKqwRavOIVY_0045_S1225_E1481_L425_T41_R1001_B617_natural_0_mesh_motions.pt,
bMtTAQHLc6A,bMtTAQHLc6A_0000_S1165_E1442_L479_T0_R1007_B496,bMtTAQHLc6A_0000_S1165_E1442_L479_T0_R1007_B496.wav,bMtTAQHLc6A_0000_S1165_E1442_L479_T0_R1007_B496.npz,bMtTAQHLc6A_0000_S1165_E1442_L479_T0_R1007_B496.npz,bMtTAQHLc6A_0000_S1165_E1442_L479_T0_R1007_B496_natural_0_mesh_motions.pt,
bQ5gacQY7y8,bQ5gacQY7y8_0000_S1173_E1594_L274_T0_R882_B576,bQ5gacQY7y8_0000_S1173_E1594_L274_T0_R882_B576.wav,bQ5gacQY7y8_0000_S1173_E1594_L274_T0_R882_B576.npz,bQ5gacQY7y8_0000_S1173_E1594_L274_T0_R882_B576.npz,bQ5gacQY7y8_0000_S1173_E1594_L274_T0_R882_B576_natural_0_mesh_motions.pt,
bRh_KJ6yyGU,bRh_KJ6yyGU_0005_S122_E603_L425_T0_R1017_B544,bRh_KJ6yyGU_0005_S122_E603_L425_T0_R1017_B544.wav,bRh_KJ6yyGU_0005_S122_E603_L425_T0_R1017_B544.npz,bRh_KJ6yyGU_0005_S122_E603_L425_T0_R1017_B544.npz,bRh_KJ6yyGU_0005_S122_E603_L425_T0_R1017_B544_natural_0_mesh_motions.pt,
bSySiLIcnzs,bSySiLIcnzs_0001_S1075_E1324_L478_T0_R1102_B560,bSySiLIcnzs_0001_S1075_E1324_L478_T0_R1102_B560.wav,bSySiLIcnzs_0001_S1075_E1324_L478_T0_R1102_B560.npz,bSySiLIcnzs_0001_S1075_E1324_L478_T0_R1102_B560.npz,bSySiLIcnzs_0001_S1075_E1324_L478_T0_R1102_B560_natural_0_mesh_motions.pt,
babTVMWIosM,babTVMWIosM_0009_S1218_E1426_L536_T54_R856_B374,babTVMWIosM_0009_S1218_E1426_L536_T54_R856_B374.wav,babTVMWIosM_0009_S1218_E1426_L536_T54_R856_B374.npz,babTVMWIosM_0009_S1218_E1426_L536_T54_R856_B374.npz,babTVMWIosM_0009_S1218_E1426_L536_T54_R856_B374_natural_0_mesh_motions.pt,
be0sJh-pxOg,be0sJh-pxOg_0004_S191_E408_L459_T0_R955_B496,be0sJh-pxOg_0004_S191_E408_L459_T0_R955_B496.wav,be0sJh-pxOg_0004_S191_E408_L459_T0_R955_B496.npz,be0sJh-pxOg_0004_S191_E408_L459_T0_R955_B496.npz,be0sJh-pxOg_0004_S191_E408_L459_T0_R955_B496_natural_0_mesh_motions.pt,
bebrJ-o4d2E,bebrJ-o4d2E_0000_S1293_E1596_L365_T48_R893_B576,bebrJ-o4d2E_0000_S1293_E1596_L365_T48_R893_B576.wav,bebrJ-o4d2E_0000_S1293_E1596_L365_T48_R893_B576.npz,bebrJ-o4d2E_0000_S1293_E1596_L365_T48_R893_B576.npz,bebrJ-o4d2E_0000_S1293_E1596_L365_T48_R893_B576_natural_0_mesh_motions.pt,
bj77Ljq7kbA,bj77Ljq7kbA_0000_S81_E316_L381_T23_R861_B503,bj77Ljq7kbA_0000_S81_E316_L381_T23_R861_B503.wav,bj77Ljq7kbA_0000_S81_E316_L381_T23_R861_B503.npz,bj77Ljq7kbA_0000_S81_E316_L381_T23_R861_B503.npz,bj77Ljq7kbA_0000_S81_E316_L381_T23_R861_B503_natural_0_mesh_motions.pt,
bjNvrJwE9Dc,bjNvrJwE9Dc_0000_S1556_E1811_L432_T110_R848_B526,bjNvrJwE9Dc_0000_S1556_E1811_L432_T110_R848_B526.wav,bjNvrJwE9Dc_0000_S1556_E1811_L432_T110_R848_B526.npz,bjNvrJwE9Dc_0000_S1556_E1811_L432_T110_R848_B526.npz,bjNvrJwE9Dc_0000_S1556_E1811_L432_T110_R848_B526_natural_0_mesh_motions.pt,
bk4b1P_IHZ8,bk4b1P_IHZ8_0000_S0_E299_L128_T179_R608_B659,bk4b1P_IHZ8_0000_S0_E299_L128_T179_R608_B659.wav,bk4b1P_IHZ8_0000_S0_E299_L128_T179_R608_B659.npz,bk4b1P_IHZ8_0000_S0_E299_L128_T179_R608_B659.npz,bk4b1P_IHZ8_0000_S0_E299_L128_T179_R608_B659_natural_0_mesh_motions.pt,
bkUDUnE6aP8,bkUDUnE6aP8_0013_S70_E301_L718_T35_R1006_B323,bkUDUnE6aP8_0013_S70_E301_L718_T35_R1006_B323.wav,bkUDUnE6aP8_0013_S70_E301_L718_T35_R1006_B323.npz,bkUDUnE6aP8_0013_S70_E301_L718_T35_R1006_B323.npz,bkUDUnE6aP8_0013_S70_E301_L718_T35_R1006_B323_natural_0_mesh_motions.pt,
bkZBYQ7mnrQ,bkZBYQ7mnrQ_0000_S1147_E1393_L375_T0_R823_B416,bkZBYQ7mnrQ_0000_S1147_E1393_L375_T0_R823_B416.wav,bkZBYQ7mnrQ_0000_S1147_E1393_L375_T0_R823_B416.npz,bkZBYQ7mnrQ_0000_S1147_E1393_L375_T0_R823_B416.npz,bkZBYQ7mnrQ_0000_S1147_E1393_L375_T0_R823_B416_natural_0_mesh_motions.pt,
bn5OSGM8oKc,bn5OSGM8oKc_0001_S0_E542_L404_T0_R900_B464,bn5OSGM8oKc_0001_S0_E542_L404_T0_R900_B464.wav,bn5OSGM8oKc_0001_S0_E542_L404_T0_R900_B464.npz,bn5OSGM8oKc_0001_S0_E542_L404_T0_R900_B464.npz,bn5OSGM8oKc_0001_S0_E542_L404_T0_R900_B464_natural_0_mesh_motions.pt,
bqfAc6X_uUY,bqfAc6X_uUY_0001_S1481_E1799_L273_T14_R865_B606,bqfAc6X_uUY_0001_S1481_E1799_L273_T14_R865_B606.wav,bqfAc6X_uUY_0001_S1481_E1799_L273_T14_R865_B606.npz,bqfAc6X_uUY_0001_S1481_E1799_L273_T14_R865_B606.npz,bqfAc6X_uUY_0001_S1481_E1799_L273_T14_R865_B606_natural_0_mesh_motions.pt,
bugT5lGfl9M,bugT5lGfl9M_0029_S627_E993_L571_T61_R1035_B525,bugT5lGfl9M_0029_S627_E993_L571_T61_R1035_B525.wav,bugT5lGfl9M_0029_S627_E993_L571_T61_R1035_B525.npz,bugT5lGfl9M_0029_S627_E993_L571_T61_R1035_B525.npz,bugT5lGfl9M_0029_S627_E993_L571_T61_R1035_B525_natural_0_mesh_motions.pt,
bvCbqmHHQD8,bvCbqmHHQD8_0000_S0_E463_L413_T51_R813_B451,bvCbqmHHQD8_0000_S0_E463_L413_T51_R813_B451.wav,bvCbqmHHQD8_0000_S0_E463_L413_T51_R813_B451.npz,bvCbqmHHQD8_0000_S0_E463_L413_T51_R813_B451.npz,bvCbqmHHQD8_0000_S0_E463_L413_T51_R813_B451_natural_0_mesh_motions.pt,
bzDZY35Vacw,bzDZY35Vacw_0002_S1020_E1267_L167_T0_R647_B400,bzDZY35Vacw_0002_S1020_E1267_L167_T0_R647_B400.wav,bzDZY35Vacw_0002_S1020_E1267_L167_T0_R647_B400.npz,bzDZY35Vacw_0002_S1020_E1267_L167_T0_R647_B400.npz,bzDZY35Vacw_0002_S1020_E1267_L167_T0_R647_B400_natural_0_mesh_motions.pt,
c0XSC8b_9hU,c0XSC8b_9hU_0003_S1063_E1531_L474_T117_R730_B373,c0XSC8b_9hU_0003_S1063_E1531_L474_T117_R730_B373.wav,c0XSC8b_9hU_0003_S1063_E1531_L474_T117_R730_B373.npz,c0XSC8b_9hU_0003_S1063_E1531_L474_T117_R730_B373.npz,c0XSC8b_9hU_0003_S1063_E1531_L474_T117_R730_B373_natural_0_mesh_motions.pt,
c1H__IGGs8E,c1H__IGGs8E_0000_S1450_E1839_L509_T19_R893_B403,c1H__IGGs8E_0000_S1450_E1839_L509_T19_R893_B403.wav,c1H__IGGs8E_0000_S1450_E1839_L509_T19_R893_B403.npz,c1H__IGGs8E_0000_S1450_E1839_L509_T19_R893_B403.npz,c1H__IGGs8E_0000_S1450_E1839_L509_T19_R893_B403_natural_0_mesh_motions.pt,
c41Mm_I_pBc,c41Mm_I_pBc_0005_S0_E513_L243_T11_R643_B411,c41Mm_I_pBc_0005_S0_E513_L243_T11_R643_B411.wav,c41Mm_I_pBc_0005_S0_E513_L243_T11_R643_B411.npz,c41Mm_I_pBc_0005_S0_E513_L243_T11_R643_B411.npz,c41Mm_I_pBc_0005_S0_E513_L243_T11_R643_B411_natural_0_mesh_motions.pt,
c62KFa9jY8E,c62KFa9jY8E_0003_S1308_E1633_L488_T67_R808_B387,c62KFa9jY8E_0003_S1308_E1633_L488_T67_R808_B387.wav,c62KFa9jY8E_0003_S1308_E1633_L488_T67_R808_B387.npz,c62KFa9jY8E_0003_S1308_E1633_L488_T67_R808_B387.npz,c62KFa9jY8E_0003_S1308_E1633_L488_T67_R808_B387_natural_0_mesh_motions.pt,
c6gVQ2e1zEs,c6gVQ2e1zEs_0003_S729_E1100_L194_T0_R1026_B704,c6gVQ2e1zEs_0003_S729_E1100_L194_T0_R1026_B704.wav,c6gVQ2e1zEs_0003_S729_E1100_L194_T0_R1026_B704.npz,c6gVQ2e1zEs_0003_S729_E1100_L194_T0_R1026_B704.npz,c6gVQ2e1zEs_0003_S729_E1100_L194_T0_R1026_B704_natural_0_mesh_motions.pt,
c7baTdyHv8g,c7baTdyHv8g_0021_S522_E764_L315_T50_R763_B498,c7baTdyHv8g_0021_S522_E764_L315_T50_R763_B498.wav,c7baTdyHv8g_0021_S522_E764_L315_T50_R763_B498.npz,c7baTdyHv8g_0021_S522_E764_L315_T50_R763_B498.npz,c7baTdyHv8g_0021_S522_E764_L315_T50_R763_B498_natural_0_mesh_motions.pt,
cFhONVldyE0,cFhONVldyE0_0000_S347_E556_L385_T81_R785_B481,cFhONVldyE0_0000_S347_E556_L385_T81_R785_B481.wav,cFhONVldyE0_0000_S347_E556_L385_T81_R785_B481.npz,cFhONVldyE0_0000_S347_E556_L385_T81_R785_B481.npz,cFhONVldyE0_0000_S347_E556_L385_T81_R785_B481_natural_0_mesh_motions.pt,
cG_MFoGh_EM,cG_MFoGh_EM_0064_S1086_E1373_L238_T51_R718_B531,cG_MFoGh_EM_0064_S1086_E1373_L238_T51_R718_B531.wav,cG_MFoGh_EM_0064_S1086_E1373_L238_T51_R718_B531.npz,cG_MFoGh_EM_0064_S1086_E1373_L238_T51_R718_B531.npz,cG_MFoGh_EM_0064_S1086_E1373_L238_T51_R718_B531_natural_0_mesh_motions.pt,
cH3DOOXFE24,cH3DOOXFE24_0003_S961_E1214_L433_T14_R785_B366,cH3DOOXFE24_0003_S961_E1214_L433_T14_R785_B366.wav,cH3DOOXFE24_0003_S961_E1214_L433_T14_R785_B366.npz,cH3DOOXFE24_0003_S961_E1214_L433_T14_R785_B366.npz,cH3DOOXFE24_0003_S961_E1214_L433_T14_R785_B366_natural_0_mesh_motions.pt,
cIpXNRmZtVc,cIpXNRmZtVc_0000_S0_E640_L728_T0_R1272_B512,cIpXNRmZtVc_0000_S0_E640_L728_T0_R1272_B512.wav,cIpXNRmZtVc_0000_S0_E640_L728_T0_R1272_B512.npz,cIpXNRmZtVc_0000_S0_E640_L728_T0_R1272_B512.npz,cIpXNRmZtVc_0000_S0_E640_L728_T0_R1272_B512_natural_0_mesh_motions.pt,
cLMUQZr0TOg,cLMUQZr0TOg_0001_S1191_E1759_L514_T220_R818_B524,cLMUQZr0TOg_0001_S1191_E1759_L514_T220_R818_B524.wav,cLMUQZr0TOg_0001_S1191_E1759_L514_T220_R818_B524.npz,cLMUQZr0TOg_0001_S1191_E1759_L514_T220_R818_B524.npz,cLMUQZr0TOg_0001_S1191_E1759_L514_T220_R818_B524_natural_0_mesh_motions.pt,
cLcmBWC4FBI,cLcmBWC4FBI_0000_S397_E780_L228_T57_R564_B393,cLcmBWC4FBI_0000_S397_E780_L228_T57_R564_B393.wav,cLcmBWC4FBI_0000_S397_E780_L228_T57_R564_B393.npz,cLcmBWC4FBI_0000_S397_E780_L228_T57_R564_B393.npz,cLcmBWC4FBI_0000_S397_E780_L228_T57_R564_B393_natural_0_mesh_motions.pt,
cUkZLttONGM,cUkZLttONGM_0001_S1314_E1519_L515_T44_R803_B332,cUkZLttONGM_0001_S1314_E1519_L515_T44_R803_B332.wav,cUkZLttONGM_0001_S1314_E1519_L515_T44_R803_B332.npz,cUkZLttONGM_0001_S1314_E1519_L515_T44_R803_B332.npz,cUkZLttONGM_0001_S1314_E1519_L515_T44_R803_B332_natural_0_mesh_motions.pt,
c_Ok8VutSbw,c_Ok8VutSbw_0000_S692_E959_L156_T39_R764_B647,c_Ok8VutSbw_0000_S692_E959_L156_T39_R764_B647.wav,c_Ok8VutSbw_0000_S692_E959_L156_T39_R764_B647.npz,c_Ok8VutSbw_0000_S692_E959_L156_T39_R764_B647.npz,c_Ok8VutSbw_0000_S692_E959_L156_T39_R764_B647_natural_0_mesh_motions.pt,
ca_kO_J5rWg,ca_kO_J5rWg_0000_S1283_E1799_L38_T43_R390_B395,ca_kO_J5rWg_0000_S1283_E1799_L38_T43_R390_B395.wav,ca_kO_J5rWg_0000_S1283_E1799_L38_T43_R390_B395.npz,ca_kO_J5rWg_0000_S1283_E1799_L38_T43_R390_B395.npz,ca_kO_J5rWg_0000_S1283_E1799_L38_T43_R390_B395_natural_0_mesh_motions.pt,
cafMvJshI1c,cafMvJshI1c_0030_S0_E378_L469_T94_R741_B366,cafMvJshI1c_0030_S0_E378_L469_T94_R741_B366.wav,cafMvJshI1c_0030_S0_E378_L469_T94_R741_B366.npz,cafMvJshI1c_0030_S0_E378_L469_T94_R741_B366.npz,cafMvJshI1c_0030_S0_E378_L469_T94_R741_B366_natural_0_mesh_motions.pt,
cbqshch5yAA,cbqshch5yAA_0002_S119_E490_L711_T214_R983_B486,cbqshch5yAA_0002_S119_E490_L711_T214_R983_B486.wav,cbqshch5yAA_0002_S119_E490_L711_T214_R983_B486.npz,cbqshch5yAA_0002_S119_E490_L711_T214_R983_B486.npz,cbqshch5yAA_0002_S119_E490_L711_T214_R983_B486_natural_0_mesh_motions.pt,
ciV5Vi-3Adw,ciV5Vi-3Adw_0003_S0_E362_L414_T81_R702_B369,ciV5Vi-3Adw_0003_S0_E362_L414_T81_R702_B369.wav,ciV5Vi-3Adw_0003_S0_E362_L414_T81_R702_B369.npz,ciV5Vi-3Adw_0003_S0_E362_L414_T81_R702_B369.npz,ciV5Vi-3Adw_0003_S0_E362_L414_T81_R702_B369_natural_0_mesh_motions.pt,
cmA7Ze4KPd8,cmA7Ze4KPd8_0002_S1058_E1362_L254_T45_R526_B317,cmA7Ze4KPd8_0002_S1058_E1362_L254_T45_R526_B317.wav,cmA7Ze4KPd8_0002_S1058_E1362_L254_T45_R526_B317.npz,cmA7Ze4KPd8_0002_S1058_E1362_L254_T45_R526_B317.npz,cmA7Ze4KPd8_0002_S1058_E1362_L254_T45_R526_B317_natural_0_mesh_motions.pt,
cngWph0hiVo,cngWph0hiVo_0004_S402_E682_L440_T65_R696_B321,cngWph0hiVo_0004_S402_E682_L440_T65_R696_B321.wav,cngWph0hiVo_0004_S402_E682_L440_T65_R696_B321.npz,cngWph0hiVo_0004_S402_E682_L440_T65_R696_B321.npz,cngWph0hiVo_0004_S402_E682_L440_T65_R696_B321_natural_0_mesh_motions.pt,
cpAUXdNPnQs,cpAUXdNPnQs_0000_S243_E578_L376_T0_R888_B512,cpAUXdNPnQs_0000_S243_E578_L376_T0_R888_B512.wav,cpAUXdNPnQs_0000_S243_E578_L376_T0_R888_B512.npz,cpAUXdNPnQs_0000_S243_E578_L376_T0_R888_B512.npz,cpAUXdNPnQs_0000_S243_E578_L376_T0_R888_B512_natural_0_mesh_motions.pt,
cvlLKmzsEBc,cvlLKmzsEBc_0000_S1641_E1923_L98_T54_R978_B710,cvlLKmzsEBc_0000_S1641_E1923_L98_T54_R978_B710.wav,cvlLKmzsEBc_0000_S1641_E1923_L98_T54_R978_B710.npz,cvlLKmzsEBc_0000_S1641_E1923_L98_T54_R978_B710.npz,cvlLKmzsEBc_0000_S1641_E1923_L98_T54_R978_B710_natural_0_mesh_motions.pt,
cy9rx19dujU,cy9rx19dujU_0004_S602_E812_L289_T0_R657_B368,cy9rx19dujU_0004_S602_E812_L289_T0_R657_B368.wav,cy9rx19dujU_0004_S602_E812_L289_T0_R657_B368.npz,cy9rx19dujU_0004_S602_E812_L289_T0_R657_B368.npz,cy9rx19dujU_0004_S602_E812_L289_T0_R657_B368_natural_0_mesh_motions.pt,
d0npGPi3UPw,d0npGPi3UPw_0000_S0_E359_L196_T57_R580_B441,d0npGPi3UPw_0000_S0_E359_L196_T57_R580_B441.wav,d0npGPi3UPw_0000_S0_E359_L196_T57_R580_B441.npz,d0npGPi3UPw_0000_S0_E359_L196_T57_R580_B441.npz,d0npGPi3UPw_0000_S0_E359_L196_T57_R580_B441_natural_0_mesh_motions.pt,
d2b921R6Q7U,d2b921R6Q7U_0005_S1511_E1759_L625_T29_R897_B301,d2b921R6Q7U_0005_S1511_E1759_L625_T29_R897_B301.wav,d2b921R6Q7U_0005_S1511_E1759_L625_T29_R897_B301.npz,d2b921R6Q7U_0005_S1511_E1759_L625_T29_R897_B301.npz,d2b921R6Q7U_0005_S1511_E1759_L625_T29_R897_B301_natural_0_mesh_motions.pt,
d9ShdxJRArw,d9ShdxJRArw_0018_S1432_E1677_L283_T158_R923_B718,d9ShdxJRArw_0018_S1432_E1677_L283_T158_R923_B718.wav,d9ShdxJRArw_0018_S1432_E1677_L283_T158_R923_B718.npz,d9ShdxJRArw_0018_S1432_E1677_L283_T158_R923_B718.npz,d9ShdxJRArw_0018_S1432_E1677_L283_T158_R923_B718_natural_0_mesh_motions.pt,
dFxMzUUWLeM,dFxMzUUWLeM_0001_S1280_E1531_L440_T1_R856_B417,dFxMzUUWLeM_0001_S1280_E1531_L440_T1_R856_B417.wav,dFxMzUUWLeM_0001_S1280_E1531_L440_T1_R856_B417.npz,dFxMzUUWLeM_0001_S1280_E1531_L440_T1_R856_B417.npz,dFxMzUUWLeM_0001_S1280_E1531_L440_T1_R856_B417_natural_0_mesh_motions.pt,
dKfNJ2umK4o,dKfNJ2umK4o_0000_S196_E419_L282_T15_R618_B351,dKfNJ2umK4o_0000_S196_E419_L282_T15_R618_B351.wav,dKfNJ2umK4o_0000_S196_E419_L282_T15_R618_B351.npz,dKfNJ2umK4o_0000_S196_E419_L282_T15_R618_B351.npz,dKfNJ2umK4o_0000_S196_E419_L282_T15_R618_B351_natural_0_mesh_motions.pt,
dMN2CeulM6o,dMN2CeulM6o_0000_S1215_E1483_L426_T30_R842_B446,dMN2CeulM6o_0000_S1215_E1483_L426_T30_R842_B446.wav,dMN2CeulM6o_0000_S1215_E1483_L426_T30_R842_B446.npz,dMN2CeulM6o_0000_S1215_E1483_L426_T30_R842_B446.npz,dMN2CeulM6o_0000_S1215_E1483_L426_T30_R842_B446_natural_0_mesh_motions.pt,
dMjan7yZ4gU,dMjan7yZ4gU_0001_S332_E583_L360_T87_R680_B407,dMjan7yZ4gU_0001_S332_E583_L360_T87_R680_B407.wav,dMjan7yZ4gU_0001_S332_E583_L360_T87_R680_B407.npz,dMjan7yZ4gU_0001_S332_E583_L360_T87_R680_B407.npz,dMjan7yZ4gU_0001_S332_E583_L360_T87_R680_B407_natural_0_mesh_motions.pt,
dMxd2IrTF7w,dMxd2IrTF7w_0000_S0_E272_L84_T19_R596_B531,dMxd2IrTF7w_0000_S0_E272_L84_T19_R596_B531.wav,dMxd2IrTF7w_0000_S0_E272_L84_T19_R596_B531.npz,dMxd2IrTF7w_0000_S0_E272_L84_T19_R596_B531.npz,dMxd2IrTF7w_0000_S0_E272_L84_T19_R596_B531_natural_0_mesh_motions.pt,
dMyTRV4x50w,dMyTRV4x50w_0012_S370_E595_L0_T41_R240_B425,dMyTRV4x50w_0012_S370_E595_L0_T41_R240_B425.wav,dMyTRV4x50w_0012_S370_E595_L0_T41_R240_B425.npz,dMyTRV4x50w_0012_S370_E595_L0_T41_R240_B425.npz,dMyTRV4x50w_0012_S370_E595_L0_T41_R240_B425_natural_0_mesh_motions.pt,
dUKtnNKWV44,dUKtnNKWV44_0000_S0_E465_L421_T0_R885_B464,dUKtnNKWV44_0000_S0_E465_L421_T0_R885_B464.wav,dUKtnNKWV44_0000_S0_E465_L421_T0_R885_B464.npz,dUKtnNKWV44_0000_S0_E465_L421_T0_R885_B464.npz,dUKtnNKWV44_0000_S0_E465_L421_T0_R885_B464_natural_0_mesh_motions.pt,
d_oCEre1NJ0,d_oCEre1NJ0_0000_S2_E260_L485_T34_R821_B370,d_oCEre1NJ0_0000_S2_E260_L485_T34_R821_B370.wav,d_oCEre1NJ0_0000_S2_E260_L485_T34_R821_B370.npz,d_oCEre1NJ0_0000_S2_E260_L485_T34_R821_B370.npz,d_oCEre1NJ0_0000_S2_E260_L485_T34_R821_B370_natural_0_mesh_motions.pt,
daTulcsI2RU,daTulcsI2RU_0003_S1243_E1773_L530_T31_R930_B431,daTulcsI2RU_0003_S1243_E1773_L530_T31_R930_B431.wav,daTulcsI2RU_0003_S1243_E1773_L530_T31_R930_B431.npz,daTulcsI2RU_0003_S1243_E1773_L530_T31_R930_B431.npz,daTulcsI2RU_0003_S1243_E1773_L530_T31_R930_B431_natural_0_mesh_motions.pt,
dd9EimkKEZw,dd9EimkKEZw_0002_S0_E414_L807_T225_R1063_B481,dd9EimkKEZw_0002_S0_E414_L807_T225_R1063_B481.wav,dd9EimkKEZw_0002_S0_E414_L807_T225_R1063_B481.npz,dd9EimkKEZw_0002_S0_E414_L807_T225_R1063_B481.npz,dd9EimkKEZw_0002_S0_E414_L807_T225_R1063_B481_natural_0_mesh_motions.pt,
dk2FVz_B5ls,dk2FVz_B5ls_0000_S504_E787_L493_T19_R797_B323,dk2FVz_B5ls_0000_S504_E787_L493_T19_R797_B323.wav,dk2FVz_B5ls_0000_S504_E787_L493_T19_R797_B323.npz,dk2FVz_B5ls_0000_S504_E787_L493_T19_R797_B323.npz,dk2FVz_B5ls_0000_S504_E787_L493_T19_R797_B323_natural_0_mesh_motions.pt,
dnQnF9apUF8,dnQnF9apUF8_0052_S0_E711_L0_T166_R304_B470,dnQnF9apUF8_0052_S0_E711_L0_T166_R304_B470.wav,dnQnF9apUF8_0052_S0_E711_L0_T166_R304_B470.npz,dnQnF9apUF8_0052_S0_E711_L0_T166_R304_B470.npz,dnQnF9apUF8_0052_S0_E711_L0_T166_R304_B470_natural_0_mesh_motions.pt,
dt9To7mMjl0,dt9To7mMjl0_0003_S351_E575_L389_T78_R821_B510,dt9To7mMjl0_0003_S351_E575_L389_T78_R821_B510.wav,dt9To7mMjl0_0003_S351_E575_L389_T78_R821_B510.npz,dt9To7mMjl0_0003_S351_E575_L389_T78_R821_B510.npz,dt9To7mMjl0_0003_S351_E575_L389_T78_R821_B510_natural_0_mesh_motions.pt,
dt9tqCG8neM,dt9tqCG8neM_0002_S371_E667_L315_T0_R1083_B704,dt9tqCG8neM_0002_S371_E667_L315_T0_R1083_B704.wav,dt9tqCG8neM_0002_S371_E667_L315_T0_R1083_B704.npz,dt9tqCG8neM_0002_S371_E667_L315_T0_R1083_B704.npz,dt9tqCG8neM_0002_S371_E667_L315_T0_R1083_B704_natural_0_mesh_motions.pt,
dwd_Z917XGI,dwd_Z917XGI_0000_S974_E1330_L489_T35_R889_B435,dwd_Z917XGI_0000_S974_E1330_L489_T35_R889_B435.wav,dwd_Z917XGI_0000_S974_E1330_L489_T35_R889_B435.npz,dwd_Z917XGI_0000_S974_E1330_L489_T35_R889_B435.npz,dwd_Z917XGI_0000_S974_E1330_L489_T35_R889_B435_natural_0_mesh_motions.pt,
dxWIZ0ODlZE,dxWIZ0ODlZE_0003_S1082_E1389_L767_T0_R1103_B304,dxWIZ0ODlZE_0003_S1082_E1389_L767_T0_R1103_B304.wav,dxWIZ0ODlZE_0003_S1082_E1389_L767_T0_R1103_B304.npz,dxWIZ0ODlZE_0003_S1082_E1389_L767_T0_R1103_B304.npz,dxWIZ0ODlZE_0003_S1082_E1389_L767_T0_R1103_B304_natural_0_mesh_motions.pt,
e0Q9GzQzBhE,e0Q9GzQzBhE_0002_S1344_E1759_L445_T40_R749_B344,e0Q9GzQzBhE_0002_S1344_E1759_L445_T40_R749_B344.wav,e0Q9GzQzBhE_0002_S1344_E1759_L445_T40_R749_B344.npz,e0Q9GzQzBhE_0002_S1344_E1759_L445_T40_R749_B344.npz,e0Q9GzQzBhE_0002_S1344_E1759_L445_T40_R749_B344_natural_0_mesh_motions.pt,
e3rjGvtVXeo,e3rjGvtVXeo_0000_S1095_E1290_L162_T0_R962_B688,e3rjGvtVXeo_0000_S1095_E1290_L162_T0_R962_B688.wav,e3rjGvtVXeo_0000_S1095_E1290_L162_T0_R962_B688.npz,e3rjGvtVXeo_0000_S1095_E1290_L162_T0_R962_B688.npz,e3rjGvtVXeo_0000_S1095_E1290_L162_T0_R962_B688_natural_0_mesh_motions.pt,
eAQBVytibCc,eAQBVytibCc_0000_S445_E747_L406_T10_R886_B490,eAQBVytibCc_0000_S445_E747_L406_T10_R886_B490.wav,eAQBVytibCc_0000_S445_E747_L406_T10_R886_B490.npz,eAQBVytibCc_0000_S445_E747_L406_T10_R886_B490.npz,eAQBVytibCc_0000_S445_E747_L406_T10_R886_B490_natural_0_mesh_motions.pt,
eCKD8fP2aao,eCKD8fP2aao_0000_S1204_E1535_L157_T24_R653_B520,eCKD8fP2aao_0000_S1204_E1535_L157_T24_R653_B520.wav,eCKD8fP2aao_0000_S1204_E1535_L157_T24_R653_B520.npz,eCKD8fP2aao_0000_S1204_E1535_L157_T24_R653_B520.npz,eCKD8fP2aao_0000_S1204_E1535_L157_T24_R653_B520_natural_0_mesh_motions.pt,
eF7TdzaX_Jc,eF7TdzaX_Jc_0007_S747_E1053_L295_T0_R775_B432,eF7TdzaX_Jc_0007_S747_E1053_L295_T0_R775_B432.wav,eF7TdzaX_Jc_0007_S747_E1053_L295_T0_R775_B432.npz,eF7TdzaX_Jc_0007_S747_E1053_L295_T0_R775_B432.npz,eF7TdzaX_Jc_0007_S747_E1053_L295_T0_R775_B432_natural_0_mesh_motions.pt,
eFUL4yP0vqo,eFUL4yP0vqo_0001_S1312_E1595_L572_T28_R972_B428,eFUL4yP0vqo_0001_S1312_E1595_L572_T28_R972_B428.wav,eFUL4yP0vqo_0001_S1312_E1595_L572_T28_R972_B428.npz,eFUL4yP0vqo_0001_S1312_E1595_L572_T28_R972_B428.npz,eFUL4yP0vqo_0001_S1312_E1595_L572_T28_R972_B428_natural_0_mesh_motions.pt,
eFdjgis1E5I,eFdjgis1E5I_0000_S1259_E1799_L302_T23_R926_B647,eFdjgis1E5I_0000_S1259_E1799_L302_T23_R926_B647.wav,eFdjgis1E5I_0000_S1259_E1799_L302_T23_R926_B647.npz,eFdjgis1E5I_0000_S1259_E1799_L302_T23_R926_B647.npz,eFdjgis1E5I_0000_S1259_E1799_L302_T23_R926_B647_natural_0_mesh_motions.pt,
eGYkD0e411I,eGYkD0e411I_0008_S272_E550_L685_T131_R957_B403,eGYkD0e411I_0008_S272_E550_L685_T131_R957_B403.wav,eGYkD0e411I_0008_S272_E550_L685_T131_R957_B403.npz,eGYkD0e411I_0008_S272_E550_L685_T131_R957_B403.npz,eGYkD0e411I_0008_S272_E550_L685_T131_R957_B403_natural_0_mesh_motions.pt,
eIXNlBbw54g,eIXNlBbw54g_0022_S286_E517_L494_T43_R830_B379,eIXNlBbw54g_0022_S286_E517_L494_T43_R830_B379.wav,eIXNlBbw54g_0022_S286_E517_L494_T43_R830_B379.npz,eIXNlBbw54g_0022_S286_E517_L494_T43_R830_B379.npz,eIXNlBbw54g_0022_S286_E517_L494_T43_R830_B379_natural_0_mesh_motions.pt,
eLX1KG3FnBg,eLX1KG3FnBg_0000_S1170_E1535_L248_T37_R728_B517,eLX1KG3FnBg_0000_S1170_E1535_L248_T37_R728_B517.wav,eLX1KG3FnBg_0000_S1170_E1535_L248_T37_R728_B517.npz,eLX1KG3FnBg_0000_S1170_E1535_L248_T37_R728_B517.npz,eLX1KG3FnBg_0000_S1170_E1535_L248_T37_R728_B517_natural_0_mesh_motions.pt,
eNtpsXBrhk4,eNtpsXBrhk4_0009_S316_E602_L340_T144_R596_B400,eNtpsXBrhk4_0009_S316_E602_L340_T144_R596_B400.wav,eNtpsXBrhk4_0009_S316_E602_L340_T144_R596_B400.npz,eNtpsXBrhk4_0009_S316_E602_L340_T144_R596_B400.npz,eNtpsXBrhk4_0009_S316_E602_L340_T144_R596_B400_natural_0_mesh_motions.pt,
eO8hhdMv7P4,eO8hhdMv7P4_0000_S146_E422_L613_T86_R917_B390,eO8hhdMv7P4_0000_S146_E422_L613_T86_R917_B390.wav,eO8hhdMv7P4_0000_S146_E422_L613_T86_R917_B390.npz,eO8hhdMv7P4_0000_S146_E422_L613_T86_R917_B390.npz,eO8hhdMv7P4_0000_S146_E422_L613_T86_R917_B390_natural_0_mesh_motions.pt,
eOJ7XVQlnB8,eOJ7XVQlnB8_0000_S572_E817_L583_T85_R999_B517,eOJ7XVQlnB8_0000_S572_E817_L583_T85_R999_B517.wav,eOJ7XVQlnB8_0000_S572_E817_L583_T85_R999_B517.npz,eOJ7XVQlnB8_0000_S572_E817_L583_T85_R999_B517.npz,eOJ7XVQlnB8_0000_S572_E817_L583_T85_R999_B517_natural_0_mesh_motions.pt,
eQcmzGIKrzg,eQcmzGIKrzg_0025_S0_E210_L641_T40_R897_B296,eQcmzGIKrzg_0025_S0_E210_L641_T40_R897_B296.wav,eQcmzGIKrzg_0025_S0_E210_L641_T40_R897_B296.npz,eQcmzGIKrzg_0025_S0_E210_L641_T40_R897_B296.npz,eQcmzGIKrzg_0025_S0_E210_L641_T40_R897_B296_natural_0_mesh_motions.pt,
eRU1XIwXCAE,eRU1XIwXCAE_0000_S242_E664_L287_T0_R623_B336,eRU1XIwXCAE_0000_S242_E664_L287_T0_R623_B336.wav,eRU1XIwXCAE_0000_S242_E664_L287_T0_R623_B336.npz,eRU1XIwXCAE_0000_S242_E664_L287_T0_R623_B336.npz,eRU1XIwXCAE_0000_S242_E664_L287_T0_R623_B336_natural_0_mesh_motions.pt,
eRvOQ8MsyV0,eRvOQ8MsyV0_0000_S924_E1367_L76_T0_R860_B640,eRvOQ8MsyV0_0000_S924_E1367_L76_T0_R860_B640.wav,eRvOQ8MsyV0_0000_S924_E1367_L76_T0_R860_B640.npz,eRvOQ8MsyV0_0000_S924_E1367_L76_T0_R860_B640.npz,eRvOQ8MsyV0_0000_S924_E1367_L76_T0_R860_B640_natural_0_mesh_motions.pt,
eSR9swuM61I,eSR9swuM61I_0000_S81_E420_L424_T65_R936_B593,eSR9swuM61I_0000_S81_E420_L424_T65_R936_B593.wav,eSR9swuM61I_0000_S81_E420_L424_T65_R936_B593.npz,eSR9swuM61I_0000_S81_E420_L424_T65_R936_B593.npz,eSR9swuM61I_0000_S81_E420_L424_T65_R936_B593_natural_0_mesh_motions.pt,
eT5IGtWmQ-M,eT5IGtWmQ-M_0001_S1317_E1759_L348_T0_R972_B592,eT5IGtWmQ-M_0001_S1317_E1759_L348_T0_R972_B592.wav,eT5IGtWmQ-M_0001_S1317_E1759_L348_T0_R972_B592.npz,eT5IGtWmQ-M_0001_S1317_E1759_L348_T0_R972_B592.npz,eT5IGtWmQ-M_0001_S1317_E1759_L348_T0_R972_B592_natural_0_mesh_motions.pt,
eVXJaSgEf74,eVXJaSgEf74_0004_S1049_E1421_L441_T15_R953_B527,eVXJaSgEf74_0004_S1049_E1421_L441_T15_R953_B527.wav,eVXJaSgEf74_0004_S1049_E1421_L441_T15_R953_B527.npz,eVXJaSgEf74_0004_S1049_E1421_L441_T15_R953_B527.npz,eVXJaSgEf74_0004_S1049_E1421_L441_T15_R953_B527_natural_0_mesh_motions.pt,
eVz41Qm-5aU,eVz41Qm-5aU_0000_S435_E745_L376_T49_R808_B481,eVz41Qm-5aU_0000_S435_E745_L376_T49_R808_B481.wav,eVz41Qm-5aU_0000_S435_E745_L376_T49_R808_B481.npz,eVz41Qm-5aU_0000_S435_E745_L376_T49_R808_B481.npz,eVz41Qm-5aU_0000_S435_E745_L376_T49_R808_B481_natural_0_mesh_motions.pt,
eX3PtJN52g8,eX3PtJN52g8_0000_S558_E842_L391_T27_R967_B603,eX3PtJN52g8_0000_S558_E842_L391_T27_R967_B603.wav,eX3PtJN52g8_0000_S558_E842_L391_T27_R967_B603.npz,eX3PtJN52g8_0000_S558_E842_L391_T27_R967_B603.npz,eX3PtJN52g8_0000_S558_E842_L391_T27_R967_B603_natural_0_mesh_motions.pt,
eY5c3ce48Rs,eY5c3ce48Rs_0000_S1194_E1625_L0_T265_R352_B665,eY5c3ce48Rs_0000_S1194_E1625_L0_T265_R352_B665.wav,eY5c3ce48Rs_0000_S1194_E1625_L0_T265_R352_B665.npz,eY5c3ce48Rs_0000_S1194_E1625_L0_T265_R352_B665.npz,eY5c3ce48Rs_0000_S1194_E1625_L0_T265_R352_B665_natural_0_mesh_motions.pt,
eg0bYuuHzkI,eg0bYuuHzkI_0000_S1206_E1456_L300_T13_R796_B509,eg0bYuuHzkI_0000_S1206_E1456_L300_T13_R796_B509.wav,eg0bYuuHzkI_0000_S1206_E1456_L300_T13_R796_B509.npz,eg0bYuuHzkI_0000_S1206_E1456_L300_T13_R796_B509.npz,eg0bYuuHzkI_0000_S1206_E1456_L300_T13_R796_B509_natural_0_mesh_motions.pt,
ejrSSx2FMhQ,ejrSSx2FMhQ_0002_S0_E728_L479_T45_R767_B333,ejrSSx2FMhQ_0002_S0_E728_L479_T45_R767_B333.wav,ejrSSx2FMhQ_0002_S0_E728_L479_T45_R767_B333.npz,ejrSSx2FMhQ_0002_S0_E728_L479_T45_R767_B333.npz,ejrSSx2FMhQ_0002_S0_E728_L479_T45_R767_B333_natural_0_mesh_motions.pt,
ekxjCWMq8Z0,ekxjCWMq8Z0_0000_S677_E1367_L735_T94_R1023_B382,ekxjCWMq8Z0_0000_S677_E1367_L735_T94_R1023_B382.wav,ekxjCWMq8Z0_0000_S677_E1367_L735_T94_R1023_B382.npz,ekxjCWMq8Z0_0000_S677_E1367_L735_T94_R1023_B382.npz,ekxjCWMq8Z0_0000_S677_E1367_L735_T94_R1023_B382_natural_0_mesh_motions.pt,
emqCYr2xVGw,emqCYr2xVGw_0002_S1070_E1334_L377_T0_R985_B544,emqCYr2xVGw_0002_S1070_E1334_L377_T0_R985_B544.wav,emqCYr2xVGw_0002_S1070_E1334_L377_T0_R985_B544.npz,emqCYr2xVGw_0002_S1070_E1334_L377_T0_R985_B544.npz,emqCYr2xVGw_0002_S1070_E1334_L377_T0_R985_B544_natural_0_mesh_motions.pt,
eoHw0W_CzX8,eoHw0W_CzX8_0000_S1536_E1815_L235_T0_R763_B400,eoHw0W_CzX8_0000_S1536_E1815_L235_T0_R763_B400.wav,eoHw0W_CzX8_0000_S1536_E1815_L235_T0_R763_B400.npz,eoHw0W_CzX8_0000_S1536_E1815_L235_T0_R763_B400.npz,eoHw0W_CzX8_0000_S1536_E1815_L235_T0_R763_B400_natural_0_mesh_motions.pt,
eoN2Xrs6cxc,eoN2Xrs6cxc_0001_S112_E347_L414_T0_R990_B544,eoN2Xrs6cxc_0001_S112_E347_L414_T0_R990_B544.wav,eoN2Xrs6cxc_0001_S112_E347_L414_T0_R990_B544.npz,eoN2Xrs6cxc_0001_S112_E347_L414_T0_R990_B544.npz,eoN2Xrs6cxc_0001_S112_E347_L414_T0_R990_B544_natural_0_mesh_motions.pt,
eowka-cMoxM,eowka-cMoxM_0000_S1326_E1691_L359_T9_R839_B489,eowka-cMoxM_0000_S1326_E1691_L359_T9_R839_B489.wav,eowka-cMoxM_0000_S1326_E1691_L359_T9_R839_B489.npz,eowka-cMoxM_0000_S1326_E1691_L359_T9_R839_B489.npz,eowka-cMoxM_0000_S1326_E1691_L359_T9_R839_B489_natural_0_mesh_motions.pt,
err7vaMQ4z4,err7vaMQ4z4_0001_S0_E253_L151_T0_R791_B640,err7vaMQ4z4_0001_S0_E253_L151_T0_R791_B640.wav,err7vaMQ4z4_0001_S0_E253_L151_T0_R791_B640.npz,err7vaMQ4z4_0001_S0_E253_L151_T0_R791_B640.npz,err7vaMQ4z4_0001_S0_E253_L151_T0_R791_B640_natural_0_mesh_motions.pt,
etnFlNJ-uys,etnFlNJ-uys_0001_S0_E318_L602_T1_R938_B337,etnFlNJ-uys_0001_S0_E318_L602_T1_R938_B337.wav,etnFlNJ-uys_0001_S0_E318_L602_T1_R938_B337.npz,etnFlNJ-uys_0001_S0_E318_L602_T1_R938_B337.npz,etnFlNJ-uys_0001_S0_E318_L602_T1_R938_B337_natural_0_mesh_motions.pt,
eub0JuAMSiI,eub0JuAMSiI_0001_S792_E1028_L539_T41_R843_B345,eub0JuAMSiI_0001_S792_E1028_L539_T41_R843_B345.wav,eub0JuAMSiI_0001_S792_E1028_L539_T41_R843_B345.npz,eub0JuAMSiI_0001_S792_E1028_L539_T41_R843_B345.npz,eub0JuAMSiI_0001_S792_E1028_L539_T41_R843_B345_natural_0_mesh_motions.pt,
evORVtwC0zk,evORVtwC0zk_0000_S1328_E1531_L700_T134_R1180_B614,evORVtwC0zk_0000_S1328_E1531_L700_T134_R1180_B614.wav,evORVtwC0zk_0000_S1328_E1531_L700_T134_R1180_B614.npz,evORVtwC0zk_0000_S1328_E1531_L700_T134_R1180_B614.npz,evORVtwC0zk_0000_S1328_E1531_L700_T134_R1180_B614_natural_0_mesh_motions.pt,
ewQ3FI_u5nY,ewQ3FI_u5nY_0000_S0_E280_L142_T5_R478_B341,ewQ3FI_u5nY_0000_S0_E280_L142_T5_R478_B341.wav,ewQ3FI_u5nY_0000_S0_E280_L142_T5_R478_B341.npz,ewQ3FI_u5nY_0000_S0_E280_L142_T5_R478_B341.npz,ewQ3FI_u5nY_0000_S0_E280_L142_T5_R478_B341_natural_0_mesh_motions.pt,
exsaT4HrbhA,exsaT4HrbhA_0000_S597_E797_L675_T0_R1203_B528,exsaT4HrbhA_0000_S597_E797_L675_T0_R1203_B528.wav,exsaT4HrbhA_0000_S597_E797_L675_T0_R1203_B528.npz,exsaT4HrbhA_0000_S597_E797_L675_T0_R1203_B528.npz,exsaT4HrbhA_0000_S597_E797_L675_T0_R1203_B528_natural_0_mesh_motions.pt,
exvJz3JPHuI,exvJz3JPHuI_0000_S1334_E1617_L387_T0_R979_B480,exvJz3JPHuI_0000_S1334_E1617_L387_T0_R979_B480.wav,exvJz3JPHuI_0000_S1334_E1617_L387_T0_R979_B480.npz,exvJz3JPHuI_0000_S1334_E1617_L387_T0_R979_B480.npz,exvJz3JPHuI_0000_S1334_E1617_L387_T0_R979_B480_natural_0_mesh_motions.pt,
ezQjNJUSraY,ezQjNJUSraY_0016_S284_E588_L487_T42_R807_B362,ezQjNJUSraY_0016_S284_E588_L487_T42_R807_B362.wav,ezQjNJUSraY_0016_S284_E588_L487_T42_R807_B362.npz,ezQjNJUSraY_0016_S284_E588_L487_T42_R807_B362.npz,ezQjNJUSraY_0016_S284_E588_L487_T42_R807_B362_natural_0_mesh_motions.pt,
f5kTVt7QnK4,f5kTVt7QnK4_0006_S465_E910_L271_T81_R655_B465,f5kTVt7QnK4_0006_S465_E910_L271_T81_R655_B465.wav,f5kTVt7QnK4_0006_S465_E910_L271_T81_R655_B465.npz,f5kTVt7QnK4_0006_S465_E910_L271_T81_R655_B465.npz,f5kTVt7QnK4_0006_S465_E910_L271_T81_R655_B465_natural_0_mesh_motions.pt,
f5mk7tpuEs4,f5mk7tpuEs4_0003_S0_E418_L218_T0_R1130_B624,f5mk7tpuEs4_0003_S0_E418_L218_T0_R1130_B624.wav,f5mk7tpuEs4_0003_S0_E418_L218_T0_R1130_B624.npz,f5mk7tpuEs4_0003_S0_E418_L218_T0_R1130_B624.npz,f5mk7tpuEs4_0003_S0_E418_L218_T0_R1130_B624_natural_0_mesh_motions.pt,
f7HNmm8MHMI,f7HNmm8MHMI_0009_S1170_E1411_L436_T25_R772_B361,f7HNmm8MHMI_0009_S1170_E1411_L436_T25_R772_B361.wav,f7HNmm8MHMI_0009_S1170_E1411_L436_T25_R772_B361.npz,f7HNmm8MHMI_0009_S1170_E1411_L436_T25_R772_B361.npz,f7HNmm8MHMI_0009_S1170_E1411_L436_T25_R772_B361_natural_0_mesh_motions.pt,
fAtWwadP6CY,fAtWwadP6CY_0002_S961_E1194_L535_T109_R807_B381,fAtWwadP6CY_0002_S961_E1194_L535_T109_R807_B381.wav,fAtWwadP6CY_0002_S961_E1194_L535_T109_R807_B381.npz,fAtWwadP6CY_0002_S961_E1194_L535_T109_R807_B381.npz,fAtWwadP6CY_0002_S961_E1194_L535_T109_R807_B381_natural_0_mesh_motions.pt,
fDZ8fFOesDQ,fDZ8fFOesDQ_0003_S512_E780_L706_T133_R1090_B517,fDZ8fFOesDQ_0003_S512_E780_L706_T133_R1090_B517.wav,fDZ8fFOesDQ_0003_S512_E780_L706_T133_R1090_B517.npz,fDZ8fFOesDQ_0003_S512_E780_L706_T133_R1090_B517.npz,fDZ8fFOesDQ_0003_S512_E780_L706_T133_R1090_B517_natural_0_mesh_motions.pt,
fSSzNXPVvYc,fSSzNXPVvYc_0000_S1466_E1728_L245_T48_R533_B336,fSSzNXPVvYc_0000_S1466_E1728_L245_T48_R533_B336.wav,fSSzNXPVvYc_0000_S1466_E1728_L245_T48_R533_B336.npz,fSSzNXPVvYc_0000_S1466_E1728_L245_T48_R533_B336.npz,fSSzNXPVvYc_0000_S1466_E1728_L245_T48_R533_B336_natural_0_mesh_motions.pt,
fUQ-OTqjp9c,fUQ-OTqjp9c_0042_S882_E1123_L349_T19_R845_B515,fUQ-OTqjp9c_0042_S882_E1123_L349_T19_R845_B515.wav,fUQ-OTqjp9c_0042_S882_E1123_L349_T19_R845_B515.npz,fUQ-OTqjp9c_0042_S882_E1123_L349_T19_R845_B515.npz,fUQ-OTqjp9c_0042_S882_E1123_L349_T19_R845_B515_natural_0_mesh_motions.pt,
fUzh2Hu4JoY,fUzh2Hu4JoY_0002_S292_E555_L207_T94_R495_B382,fUzh2Hu4JoY_0002_S292_E555_L207_T94_R495_B382.wav,fUzh2Hu4JoY_0002_S292_E555_L207_T94_R495_B382.npz,fUzh2Hu4JoY_0002_S292_E555_L207_T94_R495_B382.npz,fUzh2Hu4JoY_0002_S292_E555_L207_T94_R495_B382_natural_0_mesh_motions.pt,
fV1xRX3XGKk,fV1xRX3XGKk_0000_S1269_E1919_L423_T35_R855_B467,fV1xRX3XGKk_0000_S1269_E1919_L423_T35_R855_B467.wav,fV1xRX3XGKk_0000_S1269_E1919_L423_T35_R855_B467.npz,fV1xRX3XGKk_0000_S1269_E1919_L423_T35_R855_B467.npz,fV1xRX3XGKk_0000_S1269_E1919_L423_T35_R855_B467_natural_0_mesh_motions.pt,
fWnDlFMfOA0,fWnDlFMfOA0_0000_S1046_E1499_L48_T0_R928_B704,fWnDlFMfOA0_0000_S1046_E1499_L48_T0_R928_B704.wav,fWnDlFMfOA0_0000_S1046_E1499_L48_T0_R928_B704.npz,fWnDlFMfOA0_0000_S1046_E1499_L48_T0_R928_B704.npz,fWnDlFMfOA0_0000_S1046_E1499_L48_T0_R928_B704_natural_0_mesh_motions.pt,
fXuqsnqsfGE,fXuqsnqsfGE_0000_S241_E522_L453_T59_R757_B363,fXuqsnqsfGE_0000_S241_E522_L453_T59_R757_B363.wav,fXuqsnqsfGE_0000_S241_E522_L453_T59_R757_B363.npz,fXuqsnqsfGE_0000_S241_E522_L453_T59_R757_B363.npz,fXuqsnqsfGE_0000_S241_E522_L453_T59_R757_B363_natural_0_mesh_motions.pt,
fYHqUK0tqH8,fYHqUK0tqH8_0000_S731_E1236_L607_T27_R1023_B443,fYHqUK0tqH8_0000_S731_E1236_L607_T27_R1023_B443.wav,fYHqUK0tqH8_0000_S731_E1236_L607_T27_R1023_B443.npz,fYHqUK0tqH8_0000_S731_E1236_L607_T27_R1023_B443.npz,fYHqUK0tqH8_0000_S731_E1236_L607_T27_R1023_B443_natural_0_mesh_motions.pt,
fZ8S5N2akUE,fZ8S5N2akUE_0000_S109_E600_L517_T27_R789_B299,fZ8S5N2akUE_0000_S109_E600_L517_T27_R789_B299.wav,fZ8S5N2akUE_0000_S109_E600_L517_T27_R789_B299.npz,fZ8S5N2akUE_0000_S109_E600_L517_T27_R789_B299.npz,fZ8S5N2akUE_0000_S109_E600_L517_T27_R789_B299_natural_0_mesh_motions.pt,
f_LHuvCZLf0,f_LHuvCZLf0_0006_S0_E617_L414_T71_R846_B503,f_LHuvCZLf0_0006_S0_E617_L414_T71_R846_B503.wav,f_LHuvCZLf0_0006_S0_E617_L414_T71_R846_B503.npz,f_LHuvCZLf0_0006_S0_E617_L414_T71_R846_B503.npz,f_LHuvCZLf0_0006_S0_E617_L414_T71_R846_B503_natural_0_mesh_motions.pt,
fceagC5I1Yk,fceagC5I1Yk_0001_S417_E1135_L337_T84_R641_B388,fceagC5I1Yk_0001_S417_E1135_L337_T84_R641_B388.wav,fceagC5I1Yk_0001_S417_E1135_L337_T84_R641_B388.npz,fceagC5I1Yk_0001_S417_E1135_L337_T84_R641_B388.npz,fceagC5I1Yk_0001_S417_E1135_L337_T84_R641_B388_natural_0_mesh_motions.pt,
fdANKfoxm6s,fdANKfoxm6s_0015_S361_E628_L81_T0_R1057_B656,fdANKfoxm6s_0015_S361_E628_L81_T0_R1057_B656.wav,fdANKfoxm6s_0015_S361_E628_L81_T0_R1057_B656.npz,fdANKfoxm6s_0015_S361_E628_L81_T0_R1057_B656.npz,fdANKfoxm6s_0015_S361_E628_L81_T0_R1057_B656_natural_0_mesh_motions.pt,
ferxnIAT2Go,ferxnIAT2Go_0000_S603_E795_L461_T69_R765_B373,ferxnIAT2Go_0000_S603_E795_L461_T69_R765_B373.wav,ferxnIAT2Go_0000_S603_E795_L461_T69_R765_B373.npz,ferxnIAT2Go_0000_S603_E795_L461_T69_R765_B373.npz,ferxnIAT2Go_0000_S603_E795_L461_T69_R765_B373_natural_0_mesh_motions.pt,
fgIfH_85nBw,fgIfH_85nBw_0000_S0_E145_L443_T114_R891_B562,fgIfH_85nBw_0000_S0_E145_L443_T114_R891_B562.wav,fgIfH_85nBw_0000_S0_E145_L443_T114_R891_B562.npz,fgIfH_85nBw_0000_S0_E145_L443_T114_R891_B562.npz,fgIfH_85nBw_0000_S0_E145_L443_T114_R891_B562_natural_0_mesh_motions.pt,
fhXPsdrWJiA,fhXPsdrWJiA_0004_S1077_E1535_L429_T81_R733_B385,fhXPsdrWJiA_0004_S1077_E1535_L429_T81_R733_B385.wav,fhXPsdrWJiA_0004_S1077_E1535_L429_T81_R733_B385.npz,fhXPsdrWJiA_0004_S1077_E1535_L429_T81_R733_B385.npz,fhXPsdrWJiA_0004_S1077_E1535_L429_T81_R733_B385_natural_0_mesh_motions.pt,
fk3Cq0mR6_4,fk3Cq0mR6_4_0000_S802_E1340_L170_T0_R1194_B704,fk3Cq0mR6_4_0000_S802_E1340_L170_T0_R1194_B704.wav,fk3Cq0mR6_4_0000_S802_E1340_L170_T0_R1194_B704.npz,fk3Cq0mR6_4_0000_S802_E1340_L170_T0_R1194_B704.npz,fk3Cq0mR6_4_0000_S802_E1340_L170_T0_R1194_B704_natural_0_mesh_motions.pt,
fk_RkZortw8,fk_RkZortw8_0009_S0_E205_L583_T59_R999_B475,fk_RkZortw8_0009_S0_E205_L583_T59_R999_B475.wav,fk_RkZortw8_0009_S0_E205_L583_T59_R999_B475.npz,fk_RkZortw8_0009_S0_E205_L583_T59_R999_B475.npz,fk_RkZortw8_0009_S0_E205_L583_T59_R999_B475_natural_0_mesh_motions.pt,
fnW2Qy7uY9Y,fnW2Qy7uY9Y_0006_S0_E372_L358_T149_R886_B677,fnW2Qy7uY9Y_0006_S0_E372_L358_T149_R886_B677.wav,fnW2Qy7uY9Y_0006_S0_E372_L358_T149_R886_B677.npz,fnW2Qy7uY9Y_0006_S0_E372_L358_T149_R886_B677.npz,fnW2Qy7uY9Y_0006_S0_E372_L358_T149_R886_B677_natural_0_mesh_motions.pt,
fo65xXZqfoA,fo65xXZqfoA_0001_S0_E266_L287_T0_R831_B480,fo65xXZqfoA_0001_S0_E266_L287_T0_R831_B480.wav,fo65xXZqfoA_0001_S0_E266_L287_T0_R831_B480.npz,fo65xXZqfoA_0001_S0_E266_L287_T0_R831_B480.npz,fo65xXZqfoA_0001_S0_E266_L287_T0_R831_B480_natural_0_mesh_motions.pt,
fu1ZVnk2Gqk,fu1ZVnk2Gqk_0000_S1325_E1638_L302_T77_R734_B509,fu1ZVnk2Gqk_0000_S1325_E1638_L302_T77_R734_B509.wav,fu1ZVnk2Gqk_0000_S1325_E1638_L302_T77_R734_B509.npz,fu1ZVnk2Gqk_0000_S1325_E1638_L302_T77_R734_B509.npz,fu1ZVnk2Gqk_0000_S1325_E1638_L302_T77_R734_B509_natural_0_mesh_motions.pt,
fuRU10ocuds,fuRU10ocuds_0005_S1140_E1535_L599_T48_R1175_B624,fuRU10ocuds_0005_S1140_E1535_L599_T48_R1175_B624.wav,fuRU10ocuds_0005_S1140_E1535_L599_T48_R1175_B624.npz,fuRU10ocuds_0005_S1140_E1535_L599_T48_R1175_B624.npz,fuRU10ocuds_0005_S1140_E1535_L599_T48_R1175_B624_natural_0_mesh_motions.pt,
fuZ88PJ7Lsg,fuZ88PJ7Lsg_0001_S1308_E1566_L469_T43_R869_B443,fuZ88PJ7Lsg_0001_S1308_E1566_L469_T43_R869_B443.wav,fuZ88PJ7Lsg_0001_S1308_E1566_L469_T43_R869_B443.npz,fuZ88PJ7Lsg_0001_S1308_E1566_L469_T43_R869_B443.npz,fuZ88PJ7Lsg_0001_S1308_E1566_L469_T43_R869_B443_natural_0_mesh_motions.pt,
fvtbdq3WiyU,fvtbdq3WiyU_0003_S202_E404_L147_T0_R963_B704,fvtbdq3WiyU_0003_S202_E404_L147_T0_R963_B704.wav,fvtbdq3WiyU_0003_S202_E404_L147_T0_R963_B704.npz,fvtbdq3WiyU_0003_S202_E404_L147_T0_R963_B704.npz,fvtbdq3WiyU_0003_S202_E404_L147_T0_R963_B704_natural_0_mesh_motions.pt,
fyFOwJRr3I0,fyFOwJRr3I0_0002_S1366_E1759_L457_T24_R937_B504,fyFOwJRr3I0_0002_S1366_E1759_L457_T24_R937_B504.wav,fyFOwJRr3I0_0002_S1366_E1759_L457_T24_R937_B504.npz,fyFOwJRr3I0_0002_S1366_E1759_L457_T24_R937_B504.npz,fyFOwJRr3I0_0002_S1366_E1759_L457_T24_R937_B504_natural_0_mesh_motions.pt,
g0UDwv1vPgw,g0UDwv1vPgw_0017_S1038_E1328_L0_T15_R368_B447,g0UDwv1vPgw_0017_S1038_E1328_L0_T15_R368_B447.wav,g0UDwv1vPgw_0017_S1038_E1328_L0_T15_R368_B447.npz,g0UDwv1vPgw_0017_S1038_E1328_L0_T15_R368_B447.npz,g0UDwv1vPgw_0017_S1038_E1328_L0_T15_R368_B447_natural_0_mesh_motions.pt,
g8DbS9Ochow,g8DbS9Ochow_0050_S578_E943_L522_T5_R938_B421,g8DbS9Ochow_0050_S578_E943_L522_T5_R938_B421.wav,g8DbS9Ochow_0050_S578_E943_L522_T5_R938_B421.npz,g8DbS9Ochow_0050_S578_E943_L522_T5_R938_B421.npz,g8DbS9Ochow_0050_S578_E943_L522_T5_R938_B421_natural_0_mesh_motions.pt,
gAjMBetApiA,gAjMBetApiA_0000_S1114_E1417_L119_T92_R471_B444,gAjMBetApiA_0000_S1114_E1417_L119_T92_R471_B444.wav,gAjMBetApiA_0000_S1114_E1417_L119_T92_R471_B444.npz,gAjMBetApiA_0000_S1114_E1417_L119_T92_R471_B444.npz,gAjMBetApiA_0000_S1114_E1417_L119_T92_R471_B444_natural_0_mesh_motions.pt,
gB-ZlM-aUTE,gB-ZlM-aUTE_0001_S200_E468_L402_T0_R978_B576,gB-ZlM-aUTE_0001_S200_E468_L402_T0_R978_B576.wav,gB-ZlM-aUTE_0001_S200_E468_L402_T0_R978_B576.npz,gB-ZlM-aUTE_0001_S200_E468_L402_T0_R978_B576.npz,gB-ZlM-aUTE_0001_S200_E468_L402_T0_R978_B576_natural_0_mesh_motions.pt,
gB6vLAjfMdc,gB6vLAjfMdc_0000_S1572_E1919_L384_T0_R816_B432,gB6vLAjfMdc_0000_S1572_E1919_L384_T0_R816_B432.wav,gB6vLAjfMdc_0000_S1572_E1919_L384_T0_R816_B432.npz,gB6vLAjfMdc_0000_S1572_E1919_L384_T0_R816_B432.npz,gB6vLAjfMdc_0000_S1572_E1919_L384_T0_R816_B432_natural_0_mesh_motions.pt,
gE9soy7r-Ms,gE9soy7r-Ms_0003_S1391_E1689_L221_T0_R1133_B592,gE9soy7r-Ms_0003_S1391_E1689_L221_T0_R1133_B592.wav,gE9soy7r-Ms_0003_S1391_E1689_L221_T0_R1133_B592.npz,gE9soy7r-Ms_0003_S1391_E1689_L221_T0_R1133_B592.npz,gE9soy7r-Ms_0003_S1391_E1689_L221_T0_R1133_B592_natural_0_mesh_motions.pt,
gFZj_2voVyA,gFZj_2voVyA_0003_S313_E646_L255_T0_R991_B464,gFZj_2voVyA_0003_S313_E646_L255_T0_R991_B464.wav,gFZj_2voVyA_0003_S313_E646_L255_T0_R991_B464.npz,gFZj_2voVyA_0003_S313_E646_L255_T0_R991_B464.npz,gFZj_2voVyA_0003_S313_E646_L255_T0_R991_B464_natural_0_mesh_motions.pt,
gMZp4NeJq5w,gMZp4NeJq5w_0000_S495_E782_L382_T57_R782_B457,gMZp4NeJq5w_0000_S495_E782_L382_T57_R782_B457.wav,gMZp4NeJq5w_0000_S495_E782_L382_T57_R782_B457.npz,gMZp4NeJq5w_0000_S495_E782_L382_T57_R782_B457.npz,gMZp4NeJq5w_0000_S495_E782_L382_T57_R782_B457_natural_0_mesh_motions.pt,
gRO6JH35Cdc,gRO6JH35Cdc_0006_S89_E333_L271_T0_R943_B576,gRO6JH35Cdc_0006_S89_E333_L271_T0_R943_B576.wav,gRO6JH35Cdc_0006_S89_E333_L271_T0_R943_B576.npz,gRO6JH35Cdc_0006_S89_E333_L271_T0_R943_B576.npz,gRO6JH35Cdc_0006_S89_E333_L271_T0_R943_B576_natural_0_mesh_motions.pt,
gROnZPk4dnk,gROnZPk4dnk_0000_S622_E978_L718_T7_R1198_B487,gROnZPk4dnk_0000_S622_E978_L718_T7_R1198_B487.wav,gROnZPk4dnk_0000_S622_E978_L718_T7_R1198_B487.npz,gROnZPk4dnk_0000_S622_E978_L718_T7_R1198_B487.npz,gROnZPk4dnk_0000_S622_E978_L718_T7_R1198_B487_natural_0_mesh_motions.pt,
gTDprJn164c,gTDprJn164c_0000_S1162_E1816_L427_T74_R795_B442,gTDprJn164c_0000_S1162_E1816_L427_T74_R795_B442.wav,gTDprJn164c_0000_S1162_E1816_L427_T74_R795_B442.npz,gTDprJn164c_0000_S1162_E1816_L427_T74_R795_B442.npz,gTDprJn164c_0000_S1162_E1816_L427_T74_R795_B442_natural_0_mesh_motions.pt,
gTmG636eAYY,gTmG636eAYY_0000_S532_E825_L139_T0_R811_B592,gTmG636eAYY_0000_S532_E825_L139_T0_R811_B592.wav,gTmG636eAYY_0000_S532_E825_L139_T0_R811_B592.npz,gTmG636eAYY_0000_S532_E825_L139_T0_R811_B592.npz,gTmG636eAYY_0000_S532_E825_L139_T0_R811_B592_natural_0_mesh_motions.pt,
gV8icTgcuyU,gV8icTgcuyU_0004_S807_E1101_L210_T0_R1042_B592,gV8icTgcuyU_0004_S807_E1101_L210_T0_R1042_B592.wav,gV8icTgcuyU_0004_S807_E1101_L210_T0_R1042_B592.npz,gV8icTgcuyU_0004_S807_E1101_L210_T0_R1042_B592.npz,gV8icTgcuyU_0004_S807_E1101_L210_T0_R1042_B592_natural_0_mesh_motions.pt,
gZyG2_WKQvc,gZyG2_WKQvc_0001_S951_E1215_L177_T8_R657_B488,gZyG2_WKQvc_0001_S951_E1215_L177_T8_R657_B488.wav,gZyG2_WKQvc_0001_S951_E1215_L177_T8_R657_B488.npz,gZyG2_WKQvc_0001_S951_E1215_L177_T8_R657_B488.npz,gZyG2_WKQvc_0001_S951_E1215_L177_T8_R657_B488_natural_0_mesh_motions.pt,
gaUt3gTwwzU,gaUt3gTwwzU_0002_S123_E373_L540_T120_R940_B520,gaUt3gTwwzU_0002_S123_E373_L540_T120_R940_B520.wav,gaUt3gTwwzU_0002_S123_E373_L540_T120_R940_B520.npz,gaUt3gTwwzU_0002_S123_E373_L540_T120_R940_B520.npz,gaUt3gTwwzU_0002_S123_E373_L540_T120_R940_B520_natural_0_mesh_motions.pt,
gb13T2EYzvM,gb13T2EYzvM_0001_S1078_E1352_L468_T11_R1060_B603,gb13T2EYzvM_0001_S1078_E1352_L468_T11_R1060_B603.wav,gb13T2EYzvM_0001_S1078_E1352_L468_T11_R1060_B603.npz,gb13T2EYzvM_0001_S1078_E1352_L468_T11_R1060_B603.npz,gb13T2EYzvM_0001_S1078_E1352_L468_T11_R1060_B603_natural_0_mesh_motions.pt,
gdb3IbS2SGQ,gdb3IbS2SGQ_0000_S1298_E1501_L248_T130_R616_B498,gdb3IbS2SGQ_0000_S1298_E1501_L248_T130_R616_B498.wav,gdb3IbS2SGQ_0000_S1298_E1501_L248_T130_R616_B498.npz,gdb3IbS2SGQ_0000_S1298_E1501_L248_T130_R616_B498.npz,gdb3IbS2SGQ_0000_S1298_E1501_L248_T130_R616_B498_natural_0_mesh_motions.pt,
gksr08xM7dc,gksr08xM7dc_0002_S773_E1115_L226_T0_R914_B672,gksr08xM7dc_0002_S773_E1115_L226_T0_R914_B672.wav,gksr08xM7dc_0002_S773_E1115_L226_T0_R914_B672.npz,gksr08xM7dc_0002_S773_E1115_L226_T0_R914_B672.npz,gksr08xM7dc_0002_S773_E1115_L226_T0_R914_B672_natural_0_mesh_motions.pt,
gqxjTyxDC-Q,gqxjTyxDC-Q_0000_S1265_E1714_L390_T73_R902_B585,gqxjTyxDC-Q_0000_S1265_E1714_L390_T73_R902_B585.wav,gqxjTyxDC-Q_0000_S1265_E1714_L390_T73_R902_B585.npz,gqxjTyxDC-Q_0000_S1265_E1714_L390_T73_R902_B585.npz,gqxjTyxDC-Q_0000_S1265_E1714_L390_T73_R902_B585_natural_0_mesh_motions.pt,
gvYPX1ja9gU,gvYPX1ja9gU_0000_S1107_E1299_L235_T0_R1115_B704,gvYPX1ja9gU_0000_S1107_E1299_L235_T0_R1115_B704.wav,gvYPX1ja9gU_0000_S1107_E1299_L235_T0_R1115_B704.npz,gvYPX1ja9gU_0000_S1107_E1299_L235_T0_R1115_B704.npz,gvYPX1ja9gU_0000_S1107_E1299_L235_T0_R1115_B704_natural_0_mesh_motions.pt,
gwysz5CtZLg,gwysz5CtZLg_0000_S800_E1083_L399_T4_R767_B372,gwysz5CtZLg_0000_S800_E1083_L399_T4_R767_B372.wav,gwysz5CtZLg_0000_S800_E1083_L399_T4_R767_B372.npz,gwysz5CtZLg_0000_S800_E1083_L399_T4_R767_B372.npz,gwysz5CtZLg_0000_S800_E1083_L399_T4_R767_B372_natural_0_mesh_motions.pt,
gxYTI3KmFk0,gxYTI3KmFk0_0000_S1085_E1535_L274_T0_R978_B672,gxYTI3KmFk0_0000_S1085_E1535_L274_T0_R978_B672.wav,gxYTI3KmFk0_0000_S1085_E1535_L274_T0_R978_B672.npz,gxYTI3KmFk0_0000_S1085_E1535_L274_T0_R978_B672.npz,gxYTI3KmFk0_0000_S1085_E1535_L274_T0_R978_B672_natural_0_mesh_motions.pt,
gzfKeagBy1k,gzfKeagBy1k_0002_S1354_E1611_L440_T122_R776_B458,gzfKeagBy1k_0002_S1354_E1611_L440_T122_R776_B458.wav,gzfKeagBy1k_0002_S1354_E1611_L440_T122_R776_B458.npz,gzfKeagBy1k_0002_S1354_E1611_L440_T122_R776_B458.npz,gzfKeagBy1k_0002_S1354_E1611_L440_T122_R776_B458_natural_0_mesh_motions.pt,
h-h1ceF9ToI,h-h1ceF9ToI_0003_S46_E368_L328_T0_R760_B416,h-h1ceF9ToI_0003_S46_E368_L328_T0_R760_B416.wav,h-h1ceF9ToI_0003_S46_E368_L328_T0_R760_B416.npz,h-h1ceF9ToI_0003_S46_E368_L328_T0_R760_B416.npz,h-h1ceF9ToI_0003_S46_E368_L328_T0_R760_B416_natural_0_mesh_motions.pt,
h5ZU5xukqyE,h5ZU5xukqyE_0000_S1087_E1363_L381_T13_R1005_B637,h5ZU5xukqyE_0000_S1087_E1363_L381_T13_R1005_B637.wav,h5ZU5xukqyE_0000_S1087_E1363_L381_T13_R1005_B637.npz,h5ZU5xukqyE_0000_S1087_E1363_L381_T13_R1005_B637.npz,h5ZU5xukqyE_0000_S1087_E1363_L381_T13_R1005_B637_natural_0_mesh_motions.pt,
h7HDtT_cOs4,h7HDtT_cOs4_0007_S1108_E1407_L273_T11_R705_B443,h7HDtT_cOs4_0007_S1108_E1407_L273_T11_R705_B443.wav,h7HDtT_cOs4_0007_S1108_E1407_L273_T11_R705_B443.npz,h7HDtT_cOs4_0007_S1108_E1407_L273_T11_R705_B443.npz,h7HDtT_cOs4_0007_S1108_E1407_L273_T11_R705_B443_natural_0_mesh_motions.pt,
hCc4qd-6h_Y,hCc4qd-6h_Y_0002_S1098_E1759_L959_T80_R1215_B336,hCc4qd-6h_Y_0002_S1098_E1759_L959_T80_R1215_B336.wav,hCc4qd-6h_Y_0002_S1098_E1759_L959_T80_R1215_B336.npz,hCc4qd-6h_Y_0002_S1098_E1759_L959_T80_R1215_B336.npz,hCc4qd-6h_Y_0002_S1098_E1759_L959_T80_R1215_B336_natural_0_mesh_motions.pt,
hHHYqKqySy8,hHHYqKqySy8_0006_S1248_E1535_L625_T30_R945_B350,hHHYqKqySy8_0006_S1248_E1535_L625_T30_R945_B350.wav,hHHYqKqySy8_0006_S1248_E1535_L625_T30_R945_B350.npz,hHHYqKqySy8_0006_S1248_E1535_L625_T30_R945_B350.npz,hHHYqKqySy8_0006_S1248_E1535_L625_T30_R945_B350_natural_0_mesh_motions.pt,
hIkJ1Q69eJI,hIkJ1Q69eJI_0000_S1189_E1436_L273_T0_R865_B560,hIkJ1Q69eJI_0000_S1189_E1436_L273_T0_R865_B560.wav,hIkJ1Q69eJI_0000_S1189_E1436_L273_T0_R865_B560.npz,hIkJ1Q69eJI_0000_S1189_E1436_L273_T0_R865_B560.npz,hIkJ1Q69eJI_0000_S1189_E1436_L273_T0_R865_B560_natural_0_mesh_motions.pt,
hMmYNZgItKc,hMmYNZgItKc_0001_S1102_E1719_L187_T0_R1115_B704,hMmYNZgItKc_0001_S1102_E1719_L187_T0_R1115_B704.wav,hMmYNZgItKc_0001_S1102_E1719_L187_T0_R1115_B704.npz,hMmYNZgItKc_0001_S1102_E1719_L187_T0_R1115_B704.npz,hMmYNZgItKc_0001_S1102_E1719_L187_T0_R1115_B704_natural_0_mesh_motions.pt,
hN4A9M4qXy8,hN4A9M4qXy8_0003_S1195_E1442_L187_T0_R491_B304,hN4A9M4qXy8_0003_S1195_E1442_L187_T0_R491_B304.wav,hN4A9M4qXy8_0003_S1195_E1442_L187_T0_R491_B304.npz,hN4A9M4qXy8_0003_S1195_E1442_L187_T0_R491_B304.npz,hN4A9M4qXy8_0003_S1195_E1442_L187_T0_R491_B304_natural_0_mesh_motions.pt,
hNhlfyoVlLQ,hNhlfyoVlLQ_0003_S1459_E1700_L388_T20_R884_B516,hNhlfyoVlLQ_0003_S1459_E1700_L388_T20_R884_B516.wav,hNhlfyoVlLQ_0003_S1459_E1700_L388_T20_R884_B516.npz,hNhlfyoVlLQ_0003_S1459_E1700_L388_T20_R884_B516.npz,hNhlfyoVlLQ_0003_S1459_E1700_L388_T20_R884_B516_natural_0_mesh_motions.pt,
hOloWe3oYR4,hOloWe3oYR4_0006_S995_E1224_L533_T49_R1109_B625,hOloWe3oYR4_0006_S995_E1224_L533_T49_R1109_B625.wav,hOloWe3oYR4_0006_S995_E1224_L533_T49_R1109_B625.npz,hOloWe3oYR4_0006_S995_E1224_L533_T49_R1109_B625.npz,hOloWe3oYR4_0006_S995_E1224_L533_T49_R1109_B625_natural_0_mesh_motions.pt,
hPUs3kB39sA,hPUs3kB39sA_0009_S471_E702_L316_T0_R812_B272,hPUs3kB39sA_0009_S471_E702_L316_T0_R812_B272.wav,hPUs3kB39sA_0009_S471_E702_L316_T0_R812_B272.npz,hPUs3kB39sA_0009_S471_E702_L316_T0_R812_B272.npz,hPUs3kB39sA_0009_S471_E702_L316_T0_R812_B272_natural_0_mesh_motions.pt,
hPhJlvpNz2Y,hPhJlvpNz2Y_0004_S1096_E1535_L294_T0_R902_B608,hPhJlvpNz2Y_0004_S1096_E1535_L294_T0_R902_B608.wav,hPhJlvpNz2Y_0004_S1096_E1535_L294_T0_R902_B608.npz,hPhJlvpNz2Y_0004_S1096_E1535_L294_T0_R902_B608.npz,hPhJlvpNz2Y_0004_S1096_E1535_L294_T0_R902_B608_natural_0_mesh_motions.pt,
hPt5JG9kGUc,hPt5JG9kGUc_0025_S407_E663_L317_T0_R1101_B704,hPt5JG9kGUc_0025_S407_E663_L317_T0_R1101_B704.wav,hPt5JG9kGUc_0025_S407_E663_L317_T0_R1101_B704.npz,hPt5JG9kGUc_0025_S407_E663_L317_T0_R1101_B704.npz,hPt5JG9kGUc_0025_S407_E663_L317_T0_R1101_B704_natural_0_mesh_motions.pt,
hQyEUb5DS2o,hQyEUb5DS2o_0000_S1072_E1313_L487_T53_R855_B421,hQyEUb5DS2o_0000_S1072_E1313_L487_T53_R855_B421.wav,hQyEUb5DS2o_0000_S1072_E1313_L487_T53_R855_B421.npz,hQyEUb5DS2o_0000_S1072_E1313_L487_T53_R855_B421.npz,hQyEUb5DS2o_0000_S1072_E1313_L487_T53_R855_B421_natural_0_mesh_motions.pt,
hQzC6_3S6xg,hQzC6_3S6xg_0005_S1188_E1546_L164_T396_R516_B716,hQzC6_3S6xg_0005_S1188_E1546_L164_T396_R516_B716.wav,hQzC6_3S6xg_0005_S1188_E1546_L164_T396_R516_B716.npz,hQzC6_3S6xg_0005_S1188_E1546_L164_T396_R516_B716.npz,hQzC6_3S6xg_0005_S1188_E1546_L164_T396_R516_B716_natural_0_mesh_motions.pt,
hS-re7JJ8ts,hS-re7JJ8ts_0001_S0_E297_L269_T77_R589_B397,hS-re7JJ8ts_0001_S0_E297_L269_T77_R589_B397.wav,hS-re7JJ8ts_0001_S0_E297_L269_T77_R589_B397.npz,hS-re7JJ8ts_0001_S0_E297_L269_T77_R589_B397.npz,hS-re7JJ8ts_0001_S0_E297_L269_T77_R589_B397_natural_0_mesh_motions.pt,
hUKXRN4RzpA,hUKXRN4RzpA_0000_S0_E577_L402_T114_R690_B402,hUKXRN4RzpA_0000_S0_E577_L402_T114_R690_B402.wav,hUKXRN4RzpA_0000_S0_E577_L402_T114_R690_B402.npz,hUKXRN4RzpA_0000_S0_E577_L402_T114_R690_B402.npz,hUKXRN4RzpA_0000_S0_E577_L402_T114_R690_B402_natural_0_mesh_motions.pt,
halJEOj2RP4,halJEOj2RP4_0000_S772_E1057_L301_T0_R1053_B576,halJEOj2RP4_0000_S772_E1057_L301_T0_R1053_B576.wav,halJEOj2RP4_0000_S772_E1057_L301_T0_R1053_B576.npz,halJEOj2RP4_0000_S772_E1057_L301_T0_R1053_B576.npz,halJEOj2RP4_0000_S772_E1057_L301_T0_R1053_B576_natural_0_mesh_motions.pt,
hasaLmOLJ8k,hasaLmOLJ8k_0000_S243_E760_L0_T0_R272_B304,hasaLmOLJ8k_0000_S243_E760_L0_T0_R272_B304.wav,hasaLmOLJ8k_0000_S243_E760_L0_T0_R272_B304.npz,hasaLmOLJ8k_0000_S243_E760_L0_T0_R272_B304.npz,hasaLmOLJ8k_0000_S243_E760_L0_T0_R272_B304_natural_0_mesh_motions.pt,
hcl4vYMfvYQ,hcl4vYMfvYQ_0000_S64_E581_L683_T0_R1147_B464,hcl4vYMfvYQ_0000_S64_E581_L683_T0_R1147_B464.wav,hcl4vYMfvYQ_0000_S64_E581_L683_T0_R1147_B464.npz,hcl4vYMfvYQ_0000_S64_E581_L683_T0_R1147_B464.npz,hcl4vYMfvYQ_0000_S64_E581_L683_T0_R1147_B464_natural_0_mesh_motions.pt,
hfMHcdPo7fk,hfMHcdPo7fk_0002_S222_E428_L377_T63_R745_B431,hfMHcdPo7fk_0002_S222_E428_L377_T63_R745_B431.wav,hfMHcdPo7fk_0002_S222_E428_L377_T63_R745_B431.npz,hfMHcdPo7fk_0002_S222_E428_L377_T63_R745_B431.npz,hfMHcdPo7fk_0002_S222_E428_L377_T63_R745_B431_natural_0_mesh_motions.pt,
hihIrNRfnpQ,hihIrNRfnpQ_0002_S439_E835_L384_T61_R864_B541,hihIrNRfnpQ_0002_S439_E835_L384_T61_R864_B541.wav,hihIrNRfnpQ_0002_S439_E835_L384_T61_R864_B541.npz,hihIrNRfnpQ_0002_S439_E835_L384_T61_R864_B541.npz,hihIrNRfnpQ_0002_S439_E835_L384_T61_R864_B541_natural_0_mesh_motions.pt,
hoAGRdA2Zpo,hoAGRdA2Zpo_0012_S593_E883_L433_T45_R785_B397,hoAGRdA2Zpo_0012_S593_E883_L433_T45_R785_B397.wav,hoAGRdA2Zpo_0012_S593_E883_L433_T45_R785_B397.npz,hoAGRdA2Zpo_0012_S593_E883_L433_T45_R785_B397.npz,hoAGRdA2Zpo_0012_S593_E883_L433_T45_R785_B397_natural_0_mesh_motions.pt,
hr5Px8dD_iw,hr5Px8dD_iw_0000_S0_E427_L443_T0_R923_B464,hr5Px8dD_iw_0000_S0_E427_L443_T0_R923_B464.wav,hr5Px8dD_iw_0000_S0_E427_L443_T0_R923_B464.npz,hr5Px8dD_iw_0000_S0_E427_L443_T0_R923_B464.npz,hr5Px8dD_iw_0000_S0_E427_L443_T0_R923_B464_natural_0_mesh_motions.pt,
hrhBvOz8ius,hrhBvOz8ius_0000_S1251_E1496_L162_T114_R482_B434,hrhBvOz8ius_0000_S1251_E1496_L162_T114_R482_B434.wav,hrhBvOz8ius_0000_S1251_E1496_L162_T114_R482_B434.npz,hrhBvOz8ius_0000_S1251_E1496_L162_T114_R482_B434.npz,hrhBvOz8ius_0000_S1251_E1496_L162_T114_R482_B434_natural_0_mesh_motions.pt,
hsfgj1OWX0Q,hsfgj1OWX0Q_0000_S837_E1088_L690_T197_R1010_B517,hsfgj1OWX0Q_0000_S837_E1088_L690_T197_R1010_B517.wav,hsfgj1OWX0Q_0000_S837_E1088_L690_T197_R1010_B517.npz,hsfgj1OWX0Q_0000_S837_E1088_L690_T197_R1010_B517.npz,hsfgj1OWX0Q_0000_S837_E1088_L690_T197_R1010_B517_natural_0_mesh_motions.pt,
htZAga_nSW8,htZAga_nSW8_0002_S170_E531_L429_T62_R829_B462,htZAga_nSW8_0002_S170_E531_L429_T62_R829_B462.wav,htZAga_nSW8_0002_S170_E531_L429_T62_R829_B462.npz,htZAga_nSW8_0002_S170_E531_L429_T62_R829_B462.npz,htZAga_nSW8_0002_S170_E531_L429_T62_R829_B462_natural_0_mesh_motions.pt,
hv4NNsPaL44,hv4NNsPaL44_0003_S687_E1301_L381_T35_R797_B451,hv4NNsPaL44_0003_S687_E1301_L381_T35_R797_B451.wav,hv4NNsPaL44_0003_S687_E1301_L381_T35_R797_B451.npz,hv4NNsPaL44_0003_S687_E1301_L381_T35_R797_B451.npz,hv4NNsPaL44_0003_S687_E1301_L381_T35_R797_B451_natural_0_mesh_motions.pt,
hw0VaaAhfjM,hw0VaaAhfjM_0001_S644_E1110_L47_T15_R431_B399,hw0VaaAhfjM_0001_S644_E1110_L47_T15_R431_B399.wav,hw0VaaAhfjM_0001_S644_E1110_L47_T15_R431_B399.npz,hw0VaaAhfjM_0001_S644_E1110_L47_T15_R431_B399.npz,hw0VaaAhfjM_0001_S644_E1110_L47_T15_R431_B399_natural_0_mesh_motions.pt,
hxHjQZSANwI,hxHjQZSANwI_0000_S1136_E1474_L450_T0_R1202_B704,hxHjQZSANwI_0000_S1136_E1474_L450_T0_R1202_B704.wav,hxHjQZSANwI_0000_S1136_E1474_L450_T0_R1202_B704.npz,hxHjQZSANwI_0000_S1136_E1474_L450_T0_R1202_B704.npz,hxHjQZSANwI_0000_S1136_E1474_L450_T0_R1202_B704_natural_0_mesh_motions.pt,
hxa7Kd8P-oM,hxa7Kd8P-oM_0001_S1172_E1453_L288_T94_R608_B414,hxa7Kd8P-oM_0001_S1172_E1453_L288_T94_R608_B414.wav,hxa7Kd8P-oM_0001_S1172_E1453_L288_T94_R608_B414.npz,hxa7Kd8P-oM_0001_S1172_E1453_L288_T94_R608_B414.npz,hxa7Kd8P-oM_0001_S1172_E1453_L288_T94_R608_B414_natural_0_mesh_motions.pt,
hykLNP-Cpsc,hykLNP-Cpsc_0001_S122_E429_L187_T18_R491_B322,hykLNP-Cpsc_0001_S122_E429_L187_T18_R491_B322.wav,hykLNP-Cpsc_0001_S122_E429_L187_T18_R491_B322.npz,hykLNP-Cpsc_0001_S122_E429_L187_T18_R491_B322.npz,hykLNP-Cpsc_0001_S122_E429_L187_T18_R491_B322_natural_0_mesh_motions.pt,
i17JKd_eCAU,i17JKd_eCAU_0000_S1331_E1887_L0_T0_R624_B592,i17JKd_eCAU_0000_S1331_E1887_L0_T0_R624_B592.wav,i17JKd_eCAU_0000_S1331_E1887_L0_T0_R624_B592.npz,i17JKd_eCAU_0000_S1331_E1887_L0_T0_R624_B592.npz,i17JKd_eCAU_0000_S1331_E1887_L0_T0_R624_B592_natural_0_mesh_motions.pt,
i1srQA7ocZs,i1srQA7ocZs_0018_S511_E833_L456_T33_R824_B401,i1srQA7ocZs_0018_S511_E833_L456_T33_R824_B401.wav,i1srQA7ocZs_0018_S511_E833_L456_T33_R824_B401.npz,i1srQA7ocZs_0018_S511_E833_L456_T33_R824_B401.npz,i1srQA7ocZs_0018_S511_E833_L456_T33_R824_B401_natural_0_mesh_motions.pt,
i3DQ9UOs8nY,i3DQ9UOs8nY_0003_S1161_E1475_L68_T0_R708_B448,i3DQ9UOs8nY_0003_S1161_E1475_L68_T0_R708_B448.wav,i3DQ9UOs8nY_0003_S1161_E1475_L68_T0_R708_B448.npz,i3DQ9UOs8nY_0003_S1161_E1475_L68_T0_R708_B448.npz,i3DQ9UOs8nY_0003_S1161_E1475_L68_T0_R708_B448_natural_0_mesh_motions.pt,
i4jX18-l9pI,i4jX18-l9pI_0000_S271_E600_L532_T92_R1204_B716,i4jX18-l9pI_0000_S271_E600_L532_T92_R1204_B716.wav,i4jX18-l9pI_0000_S271_E600_L532_T92_R1204_B716.npz,i4jX18-l9pI_0000_S271_E600_L532_T92_R1204_B716.npz,i4jX18-l9pI_0000_S271_E600_L532_T92_R1204_B716_natural_0_mesh_motions.pt,
i4oLqHRxoZ8,i4oLqHRxoZ8_0026_S478_E786_L536_T58_R856_B378,i4oLqHRxoZ8_0026_S478_E786_L536_T58_R856_B378.wav,i4oLqHRxoZ8_0026_S478_E786_L536_T58_R856_B378.npz,i4oLqHRxoZ8_0026_S478_E786_L536_T58_R856_B378.npz,i4oLqHRxoZ8_0026_S478_E786_L536_T58_R856_B378_natural_0_mesh_motions.pt,
i5HYNnHtcdY,i5HYNnHtcdY_0000_S268_E672_L0_T20_R496_B548,i5HYNnHtcdY_0000_S268_E672_L0_T20_R496_B548.wav,i5HYNnHtcdY_0000_S268_E672_L0_T20_R496_B548.npz,i5HYNnHtcdY_0000_S268_E672_L0_T20_R496_B548.npz,i5HYNnHtcdY_0000_S268_E672_L0_T20_R496_B548_natural_0_mesh_motions.pt,
iCd5W4gwJsI,iCd5W4gwJsI_0000_S1406_E1717_L260_T0_R1156_B704,iCd5W4gwJsI_0000_S1406_E1717_L260_T0_R1156_B704.wav,iCd5W4gwJsI_0000_S1406_E1717_L260_T0_R1156_B704.npz,iCd5W4gwJsI_0000_S1406_E1717_L260_T0_R1156_B704.npz,iCd5W4gwJsI_0000_S1406_E1717_L260_T0_R1156_B704_natural_0_mesh_motions.pt,
iDWMIMCMNiQ,iDWMIMCMNiQ_0002_S310_E576_L389_T67_R741_B419,iDWMIMCMNiQ_0002_S310_E576_L389_T67_R741_B419.wav,iDWMIMCMNiQ_0002_S310_E576_L389_T67_R741_B419.npz,iDWMIMCMNiQ_0002_S310_E576_L389_T67_R741_B419.npz,iDWMIMCMNiQ_0002_S310_E576_L389_T67_R741_B419_natural_0_mesh_motions.pt,
iFJ2pJph-Do,iFJ2pJph-Do_0000_S996_E1599_L287_T33_R927_B673,iFJ2pJph-Do_0000_S996_E1599_L287_T33_R927_B673.wav,iFJ2pJph-Do_0000_S996_E1599_L287_T33_R927_B673.npz,iFJ2pJph-Do_0000_S996_E1599_L287_T33_R927_B673.npz,iFJ2pJph-Do_0000_S996_E1599_L287_T33_R927_B673_natural_0_mesh_motions.pt,
iKAYJ-makHU,iKAYJ-makHU_0000_S776_E1006_L364_T16_R876_B544,iKAYJ-makHU_0000_S776_E1006_L364_T16_R876_B544.wav,iKAYJ-makHU_0000_S776_E1006_L364_T16_R876_B544.npz,iKAYJ-makHU_0000_S776_E1006_L364_T16_R876_B544.npz,iKAYJ-makHU_0000_S776_E1006_L364_T16_R876_B544_natural_0_mesh_motions.pt,
iNTSOGM5rCY,iNTSOGM5rCY_0000_S455_E778_L504_T9_R984_B489,iNTSOGM5rCY_0000_S455_E778_L504_T9_R984_B489.wav,iNTSOGM5rCY_0000_S455_E778_L504_T9_R984_B489.npz,iNTSOGM5rCY_0000_S455_E778_L504_T9_R984_B489.npz,iNTSOGM5rCY_0000_S455_E778_L504_T9_R984_B489_natural_0_mesh_motions.pt,
iNhHBJkMz58,iNhHBJkMz58_0001_S945_E1397_L703_T0_R975_B256,iNhHBJkMz58_0001_S945_E1397_L703_T0_R975_B256.wav,iNhHBJkMz58_0001_S945_E1397_L703_T0_R975_B256.npz,iNhHBJkMz58_0001_S945_E1397_L703_T0_R975_B256.npz,iNhHBJkMz58_0001_S945_E1397_L703_T0_R975_B256_natural_0_mesh_motions.pt,
iT5-jVpP_TQ,iT5-jVpP_TQ_0000_S1506_E1919_L386_T0_R898_B448,iT5-jVpP_TQ_0000_S1506_E1919_L386_T0_R898_B448.wav,iT5-jVpP_TQ_0000_S1506_E1919_L386_T0_R898_B448.npz,iT5-jVpP_TQ_0000_S1506_E1919_L386_T0_R898_B448.npz,iT5-jVpP_TQ_0000_S1506_E1919_L386_T0_R898_B448_natural_0_mesh_motions.pt,
iWRrLD7H98s,iWRrLD7H98s_0003_S0_E239_L203_T10_R1019_B714,iWRrLD7H98s_0003_S0_E239_L203_T10_R1019_B714.wav,iWRrLD7H98s_0003_S0_E239_L203_T10_R1019_B714.npz,iWRrLD7H98s_0003_S0_E239_L203_T10_R1019_B714.npz,iWRrLD7H98s_0003_S0_E239_L203_T10_R1019_B714_natural_0_mesh_motions.pt,
iXUwLs4kNvc,iXUwLs4kNvc_0001_S1147_E1681_L322_T69_R642_B389,iXUwLs4kNvc_0001_S1147_E1681_L322_T69_R642_B389.wav,iXUwLs4kNvc_0001_S1147_E1681_L322_T69_R642_B389.npz,iXUwLs4kNvc_0001_S1147_E1681_L322_T69_R642_B389.npz,iXUwLs4kNvc_0001_S1147_E1681_L322_T69_R642_B389_natural_0_mesh_motions.pt,
iY2XmAG6Rl0,iY2XmAG6Rl0_0000_S1300_E1799_L387_T38_R899_B550,iY2XmAG6Rl0_0000_S1300_E1799_L387_T38_R899_B550.wav,iY2XmAG6Rl0_0000_S1300_E1799_L387_T38_R899_B550.npz,iY2XmAG6Rl0_0000_S1300_E1799_L387_T38_R899_B550.npz,iY2XmAG6Rl0_0000_S1300_E1799_L387_T38_R899_B550_natural_0_mesh_motions.pt,
ib2KHcsUS18,ib2KHcsUS18_0000_S887_E1283_L461_T72_R893_B504,ib2KHcsUS18_0000_S887_E1283_L461_T72_R893_B504.wav,ib2KHcsUS18_0000_S887_E1283_L461_T72_R893_B504.npz,ib2KHcsUS18_0000_S887_E1283_L461_T72_R893_B504.npz,ib2KHcsUS18_0000_S887_E1283_L461_T72_R893_B504_natural_0_mesh_motions.pt,
id1m2sLzwrE,id1m2sLzwrE_0001_S1514_E1759_L386_T0_R802_B368,id1m2sLzwrE_0001_S1514_E1759_L386_T0_R802_B368.wav,id1m2sLzwrE_0001_S1514_E1759_L386_T0_R802_B368.npz,id1m2sLzwrE_0001_S1514_E1759_L386_T0_R802_B368.npz,id1m2sLzwrE_0001_S1514_E1759_L386_T0_R802_B368_natural_0_mesh_motions.pt,
id8Uq_339xM,id8Uq_339xM_0000_S266_E688_L354_T53_R1010_B709,id8Uq_339xM_0000_S266_E688_L354_T53_R1010_B709.wav,id8Uq_339xM_0000_S266_E688_L354_T53_R1010_B709.npz,id8Uq_339xM_0000_S266_E688_L354_T53_R1010_B709.npz,id8Uq_339xM_0000_S266_E688_L354_T53_R1010_B709_natural_0_mesh_motions.pt,
ihpS0LTtWjw,ihpS0LTtWjw_0002_S1144_E1439_L514_T0_R1074_B496,ihpS0LTtWjw_0002_S1144_E1439_L514_T0_R1074_B496.wav,ihpS0LTtWjw_0002_S1144_E1439_L514_T0_R1074_B496.npz,ihpS0LTtWjw_0002_S1144_E1439_L514_T0_R1074_B496.npz,ihpS0LTtWjw_0002_S1144_E1439_L514_T0_R1074_B496_natural_0_mesh_motions.pt,
io3xwOBD4f0,io3xwOBD4f0_0015_S1109_E1535_L593_T67_R897_B371,io3xwOBD4f0_0015_S1109_E1535_L593_T67_R897_B371.wav,io3xwOBD4f0_0015_S1109_E1535_L593_T67_R897_B371.npz,io3xwOBD4f0_0015_S1109_E1535_L593_T67_R897_B371.npz,io3xwOBD4f0_0015_S1109_E1535_L593_T67_R897_B371_natural_0_mesh_motions.pt,
ioFH4kyF0kY,ioFH4kyF0kY_0000_S1488_E1756_L497_T120_R753_B376,ioFH4kyF0kY_0000_S1488_E1756_L497_T120_R753_B376.wav,ioFH4kyF0kY_0000_S1488_E1756_L497_T120_R753_B376.npz,ioFH4kyF0kY_0000_S1488_E1756_L497_T120_R753_B376.npz,ioFH4kyF0kY_0000_S1488_E1756_L497_T120_R753_B376_natural_0_mesh_motions.pt,
iqm-XEqpayc,iqm-XEqpayc_0001_S0_E253_L536_T63_R792_B319,iqm-XEqpayc_0001_S0_E253_L536_T63_R792_B319.wav,iqm-XEqpayc_0001_S0_E253_L536_T63_R792_B319.npz,iqm-XEqpayc_0001_S0_E253_L536_T63_R792_B319.npz,iqm-XEqpayc_0001_S0_E253_L536_T63_R792_B319_natural_0_mesh_motions.pt,
iqmkldsIxkI,iqmkldsIxkI_0004_S825_E1170_L419_T64_R723_B368,iqmkldsIxkI_0004_S825_E1170_L419_T64_R723_B368.wav,iqmkldsIxkI_0004_S825_E1170_L419_T64_R723_B368.npz,iqmkldsIxkI_0004_S825_E1170_L419_T64_R723_B368.npz,iqmkldsIxkI_0004_S825_E1170_L419_T64_R723_B368_natural_0_mesh_motions.pt,
it0EYBBl5LI,it0EYBBl5LI_0000_S385_E598_L130_T0_R914_B704,it0EYBBl5LI_0000_S385_E598_L130_T0_R914_B704.wav,it0EYBBl5LI_0000_S385_E598_L130_T0_R914_B704.npz,it0EYBBl5LI_0000_S385_E598_L130_T0_R914_B704.npz,it0EYBBl5LI_0000_S385_E598_L130_T0_R914_B704_natural_0_mesh_motions.pt,
iuqe74uT7fw,iuqe74uT7fw_0001_S572_E989_L261_T138_R581_B458,iuqe74uT7fw_0001_S572_E989_L261_T138_R581_B458.wav,iuqe74uT7fw_0001_S572_E989_L261_T138_R581_B458.npz,iuqe74uT7fw_0001_S572_E989_L261_T138_R581_B458.npz,iuqe74uT7fw_0001_S572_E989_L261_T138_R581_B458_natural_0_mesh_motions.pt,
iy-uKpGZmrQ,iy-uKpGZmrQ_0004_S9_E215_L446_T73_R766_B393,iy-uKpGZmrQ_0004_S9_E215_L446_T73_R766_B393.wav,iy-uKpGZmrQ_0004_S9_E215_L446_T73_R766_B393.npz,iy-uKpGZmrQ_0004_S9_E215_L446_T73_R766_B393.npz,iy-uKpGZmrQ_0004_S9_E215_L446_T73_R766_B393_natural_0_mesh_motions.pt,
j-0L20FH2Zc,j-0L20FH2Zc_0002_S948_E1166_L425_T84_R681_B340,j-0L20FH2Zc_0002_S948_E1166_L425_T84_R681_B340.wav,j-0L20FH2Zc_0002_S948_E1166_L425_T84_R681_B340.npz,j-0L20FH2Zc_0002_S948_E1166_L425_T84_R681_B340.npz,j-0L20FH2Zc_0002_S948_E1166_L425_T84_R681_B340_natural_0_mesh_motions.pt,
j-nCvuPZoWo,j-nCvuPZoWo_0002_S1329_E1616_L683_T130_R1067_B514,j-nCvuPZoWo_0002_S1329_E1616_L683_T130_R1067_B514.wav,j-nCvuPZoWo_0002_S1329_E1616_L683_T130_R1067_B514.npz,j-nCvuPZoWo_0002_S1329_E1616_L683_T130_R1067_B514.npz,j-nCvuPZoWo_0002_S1329_E1616_L683_T130_R1067_B514_natural_0_mesh_motions.pt,
j3BVnXHPjyw,j3BVnXHPjyw_0003_S864_E1261_L644_T36_R932_B324,j3BVnXHPjyw_0003_S864_E1261_L644_T36_R932_B324.wav,j3BVnXHPjyw_0003_S864_E1261_L644_T36_R932_B324.npz,j3BVnXHPjyw_0003_S864_E1261_L644_T36_R932_B324.npz,j3BVnXHPjyw_0003_S864_E1261_L644_T36_R932_B324_natural_0_mesh_motions.pt,
jA4WY877mTk,jA4WY877mTk_0000_S0_E580_L449_T43_R913_B507,jA4WY877mTk_0000_S0_E580_L449_T43_R913_B507.wav,jA4WY877mTk_0000_S0_E580_L449_T43_R913_B507.npz,jA4WY877mTk_0000_S0_E580_L449_T43_R913_B507.npz,jA4WY877mTk_0000_S0_E580_L449_T43_R913_B507_natural_0_mesh_motions.pt,
jHVnt6VROM8,jHVnt6VROM8_0001_S409_E733_L671_T100_R943_B372,jHVnt6VROM8_0001_S409_E733_L671_T100_R943_B372.wav,jHVnt6VROM8_0001_S409_E733_L671_T100_R943_B372.npz,jHVnt6VROM8_0001_S409_E733_L671_T100_R943_B372.npz,jHVnt6VROM8_0001_S409_E733_L671_T100_R943_B372_natural_0_mesh_motions.pt,
jLLVBH5ZZG0,jLLVBH5ZZG0_0002_S0_E287_L702_T59_R1006_B363,jLLVBH5ZZG0_0002_S0_E287_L702_T59_R1006_B363.wav,jLLVBH5ZZG0_0002_S0_E287_L702_T59_R1006_B363.npz,jLLVBH5ZZG0_0002_S0_E287_L702_T59_R1006_B363.npz,jLLVBH5ZZG0_0002_S0_E287_L702_T59_R1006_B363_natural_0_mesh_motions.pt,
jNyPJ1LQmiA,jNyPJ1LQmiA_0000_S122_E410_L216_T134_R1000_B710,jNyPJ1LQmiA_0000_S122_E410_L216_T134_R1000_B710.wav,jNyPJ1LQmiA_0000_S122_E410_L216_T134_R1000_B710.npz,jNyPJ1LQmiA_0000_S122_E410_L216_T134_R1000_B710.npz,jNyPJ1LQmiA_0000_S122_E410_L216_T134_R1000_B710_natural_0_mesh_motions.pt,
jOj_NSDXMz0,jOj_NSDXMz0_0005_S0_E396_L886_T292_R1142_B548,jOj_NSDXMz0_0005_S0_E396_L886_T292_R1142_B548.wav,jOj_NSDXMz0_0005_S0_E396_L886_T292_R1142_B548.npz,jOj_NSDXMz0_0005_S0_E396_L886_T292_R1142_B548.npz,jOj_NSDXMz0_0005_S0_E396_L886_T292_R1142_B548_natural_0_mesh_motions.pt,
jPxamG3f5TE,jPxamG3f5TE_0000_S1313_E1519_L558_T7_R1086_B535,jPxamG3f5TE_0000_S1313_E1519_L558_T7_R1086_B535.wav,jPxamG3f5TE_0000_S1313_E1519_L558_T7_R1086_B535.npz,jPxamG3f5TE_0000_S1313_E1519_L558_T7_R1086_B535.npz,jPxamG3f5TE_0000_S1313_E1519_L558_T7_R1086_B535_natural_0_mesh_motions.pt,
jYEIkpTjpwI,jYEIkpTjpwI_0006_S1061_E1305_L457_T34_R793_B370,jYEIkpTjpwI_0006_S1061_E1305_L457_T34_R793_B370.wav,jYEIkpTjpwI_0006_S1061_E1305_L457_T34_R793_B370.npz,jYEIkpTjpwI_0006_S1061_E1305_L457_T34_R793_B370.npz,jYEIkpTjpwI_0006_S1061_E1305_L457_T34_R793_B370_natural_0_mesh_motions.pt,
jZa3FK_T_Z4,jZa3FK_T_Z4_0000_S887_E1138_L487_T44_R807_B364,jZa3FK_T_Z4_0000_S887_E1138_L487_T44_R807_B364.wav,jZa3FK_T_Z4_0000_S887_E1138_L487_T44_R807_B364.npz,jZa3FK_T_Z4_0000_S887_E1138_L487_T44_R807_B364.npz,jZa3FK_T_Z4_0000_S887_E1138_L487_T44_R807_B364_natural_0_mesh_motions.pt,
j_k1TZLK2mQ,j_k1TZLK2mQ_0002_S1139_E1455_L499_T21_R867_B389,j_k1TZLK2mQ_0002_S1139_E1455_L499_T21_R867_B389.wav,j_k1TZLK2mQ_0002_S1139_E1455_L499_T21_R867_B389.npz,j_k1TZLK2mQ_0002_S1139_E1455_L499_T21_R867_B389.npz,j_k1TZLK2mQ_0002_S1139_E1455_L499_T21_R867_B389_natural_0_mesh_motions.pt,
jbzpyRmU3YA,jbzpyRmU3YA_0000_S1068_E1357_L356_T0_R932_B544,jbzpyRmU3YA_0000_S1068_E1357_L356_T0_R932_B544.wav,jbzpyRmU3YA_0000_S1068_E1357_L356_T0_R932_B544.npz,jbzpyRmU3YA_0000_S1068_E1357_L356_T0_R932_B544.npz,jbzpyRmU3YA_0000_S1068_E1357_L356_T0_R932_B544_natural_0_mesh_motions.pt,
jcFgCdlsPjI,jcFgCdlsPjI_0000_S682_E966_L538_T150_R794_B406,jcFgCdlsPjI_0000_S682_E966_L538_T150_R794_B406.wav,jcFgCdlsPjI_0000_S682_E966_L538_T150_R794_B406.npz,jcFgCdlsPjI_0000_S682_E966_L538_T150_R794_B406.npz,jcFgCdlsPjI_0000_S682_E966_L538_T150_R794_B406_natural_0_mesh_motions.pt,
jgT5X37XW3w,jgT5X37XW3w_0002_S0_E314_L434_T0_R1090_B592,jgT5X37XW3w_0002_S0_E314_L434_T0_R1090_B592.wav,jgT5X37XW3w_0002_S0_E314_L434_T0_R1090_B592.npz,jgT5X37XW3w_0002_S0_E314_L434_T0_R1090_B592.npz,jgT5X37XW3w_0002_S0_E314_L434_T0_R1090_B592_natural_0_mesh_motions.pt,
jhUnM7jekNo,jhUnM7jekNo_0000_S622_E1164_L478_T123_R782_B427,jhUnM7jekNo_0000_S622_E1164_L478_T123_R782_B427.wav,jhUnM7jekNo_0000_S622_E1164_L478_T123_R782_B427.npz,jhUnM7jekNo_0000_S622_E1164_L478_T123_R782_B427.npz,jhUnM7jekNo_0000_S622_E1164_L478_T123_R782_B427_natural_0_mesh_motions.pt,
jhaa9bIPuOY,jhaa9bIPuOY_0000_S1125_E1534_L34_T0_R1266_B704,jhaa9bIPuOY_0000_S1125_E1534_L34_T0_R1266_B704.wav,jhaa9bIPuOY_0000_S1125_E1534_L34_T0_R1266_B704.npz,jhaa9bIPuOY_0000_S1125_E1534_L34_T0_R1266_B704.npz,jhaa9bIPuOY_0000_S1125_E1534_L34_T0_R1266_B704_natural_0_mesh_motions.pt,
jpAig_5u60Y,jpAig_5u60Y_0002_S1136_E1443_L392_T68_R776_B452,jpAig_5u60Y_0002_S1136_E1443_L392_T68_R776_B452.wav,jpAig_5u60Y_0002_S1136_E1443_L392_T68_R776_B452.npz,jpAig_5u60Y_0002_S1136_E1443_L392_T68_R776_B452.npz,jpAig_5u60Y_0002_S1136_E1443_L392_T68_R776_B452_natural_0_mesh_motions.pt,
jvRleA3lWBw,jvRleA3lWBw_0012_S938_E1156_L582_T28_R902_B348,jvRleA3lWBw_0012_S938_E1156_L582_T28_R902_B348.wav,jvRleA3lWBw_0012_S938_E1156_L582_T28_R902_B348.npz,jvRleA3lWBw_0012_S938_E1156_L582_T28_R902_B348.npz,jvRleA3lWBw_0012_S938_E1156_L582_T28_R902_B348_natural_0_mesh_motions.pt,
jvr7UJI47UM,jvr7UJI47UM_0004_S754_E1092_L533_T147_R789_B403,jvr7UJI47UM_0004_S754_E1092_L533_T147_R789_B403.wav,jvr7UJI47UM_0004_S754_E1092_L533_T147_R789_B403.npz,jvr7UJI47UM_0004_S754_E1092_L533_T147_R789_B403.npz,jvr7UJI47UM_0004_S754_E1092_L533_T147_R789_B403_natural_0_mesh_motions.pt,
jwBi_Q9ffys,jwBi_Q9ffys_0000_S765_E1410_L628_T0_R1092_B432,jwBi_Q9ffys_0000_S765_E1410_L628_T0_R1092_B432.wav,jwBi_Q9ffys_0000_S765_E1410_L628_T0_R1092_B432.npz,jwBi_Q9ffys_0000_S765_E1410_L628_T0_R1092_B432.npz,jwBi_Q9ffys_0000_S765_E1410_L628_T0_R1092_B432_natural_0_mesh_motions.pt,
jwS75RtJJBc,jwS75RtJJBc_0000_S0_E261_L170_T15_R762_B607,jwS75RtJJBc_0000_S0_E261_L170_T15_R762_B607.wav,jwS75RtJJBc_0000_S0_E261_L170_T15_R762_B607.npz,jwS75RtJJBc_0000_S0_E261_L170_T15_R762_B607.npz,jwS75RtJJBc_0000_S0_E261_L170_T15_R762_B607_natural_0_mesh_motions.pt,
jzbqbu-0bxc,jzbqbu-0bxc_0000_S1045_E1280_L304_T0_R1040_B704,jzbqbu-0bxc_0000_S1045_E1280_L304_T0_R1040_B704.wav,jzbqbu-0bxc_0000_S1045_E1280_L304_T0_R1040_B704.npz,jzbqbu-0bxc_0000_S1045_E1280_L304_T0_R1040_B704.npz,jzbqbu-0bxc_0000_S1045_E1280_L304_T0_R1040_B704_natural_0_mesh_motions.pt,
k9Kb4Pwu3ok,k9Kb4Pwu3ok_0000_S2_E333_L478_T66_R830_B418,k9Kb4Pwu3ok_0000_S2_E333_L478_T66_R830_B418.wav,k9Kb4Pwu3ok_0000_S2_E333_L478_T66_R830_B418.npz,k9Kb4Pwu3ok_0000_S2_E333_L478_T66_R830_B418.npz,k9Kb4Pwu3ok_0000_S2_E333_L478_T66_R830_B418_natural_0_mesh_motions.pt,
kBLs0CsEWEg,kBLs0CsEWEg_0013_S1462_E1707_L224_T0_R1184_B704,kBLs0CsEWEg_0013_S1462_E1707_L224_T0_R1184_B704.wav,kBLs0CsEWEg_0013_S1462_E1707_L224_T0_R1184_B704.npz,kBLs0CsEWEg_0013_S1462_E1707_L224_T0_R1184_B704.npz,kBLs0CsEWEg_0013_S1462_E1707_L224_T0_R1184_B704_natural_0_mesh_motions.pt,
kEQyvL6El-M,kEQyvL6El-M_0002_S150_E380_L785_T169_R1057_B441,kEQyvL6El-M_0002_S150_E380_L785_T169_R1057_B441.wav,kEQyvL6El-M_0002_S150_E380_L785_T169_R1057_B441.npz,kEQyvL6El-M_0002_S150_E380_L785_T169_R1057_B441.npz,kEQyvL6El-M_0002_S150_E380_L785_T169_R1057_B441_natural_0_mesh_motions.pt,
kLdPQfLv1g0,kLdPQfLv1g0_0000_S1430_E1919_L323_T0_R883_B528,kLdPQfLv1g0_0000_S1430_E1919_L323_T0_R883_B528.wav,kLdPQfLv1g0_0000_S1430_E1919_L323_T0_R883_B528.npz,kLdPQfLv1g0_0000_S1430_E1919_L323_T0_R883_B528.npz,kLdPQfLv1g0_0000_S1430_E1919_L323_T0_R883_B528_natural_0_mesh_motions.pt,
kM8iZqP4GDk,kM8iZqP4GDk_0000_S245_E756_L335_T36_R895_B596,kM8iZqP4GDk_0000_S245_E756_L335_T36_R895_B596.wav,kM8iZqP4GDk_0000_S245_E756_L335_T36_R895_B596.npz,kM8iZqP4GDk_0000_S245_E756_L335_T36_R895_B596.npz,kM8iZqP4GDk_0000_S245_E756_L335_T36_R895_B596_natural_0_mesh_motions.pt,
kQLhEtSx0NA,kQLhEtSx0NA_0023_S1503_E1821_L228_T0_R788_B544,kQLhEtSx0NA_0023_S1503_E1821_L228_T0_R788_B544.wav,kQLhEtSx0NA_0023_S1503_E1821_L228_T0_R788_B544.npz,kQLhEtSx0NA_0023_S1503_E1821_L228_T0_R788_B544.npz,kQLhEtSx0NA_0023_S1503_E1821_L228_T0_R788_B544_natural_0_mesh_motions.pt,
kYVd_HIkGw4,kYVd_HIkGw4_0002_S1002_E1314_L150_T0_R1078_B672,kYVd_HIkGw4_0002_S1002_E1314_L150_T0_R1078_B672.wav,kYVd_HIkGw4_0002_S1002_E1314_L150_T0_R1078_B672.npz,kYVd_HIkGw4_0002_S1002_E1314_L150_T0_R1078_B672.npz,kYVd_HIkGw4_0002_S1002_E1314_L150_T0_R1078_B672_natural_0_mesh_motions.pt,
kYXiegTXsEs,kYXiegTXsEs_0003_S1094_E1389_L457_T47_R745_B335,kYXiegTXsEs_0003_S1094_E1389_L457_T47_R745_B335.wav,kYXiegTXsEs_0003_S1094_E1389_L457_T47_R745_B335.npz,kYXiegTXsEs_0003_S1094_E1389_L457_T47_R745_B335.npz,kYXiegTXsEs_0003_S1094_E1389_L457_T47_R745_B335_natural_0_mesh_motions.pt,
kdQPXCcV2K0,kdQPXCcV2K0_0001_S47_E483_L292_T11_R948_B667,kdQPXCcV2K0_0001_S47_E483_L292_T11_R948_B667.wav,kdQPXCcV2K0_0001_S47_E483_L292_T11_R948_B667.npz,kdQPXCcV2K0_0001_S47_E483_L292_T11_R948_B667.npz,kdQPXCcV2K0_0001_S47_E483_L292_T11_R948_B667_natural_0_mesh_motions.pt,
khm7702744s,khm7702744s_0003_S450_E951_L466_T48_R770_B352,khm7702744s_0003_S450_E951_L466_T48_R770_B352.wav,khm7702744s_0003_S450_E951_L466_T48_R770_B352.npz,khm7702744s_0003_S450_E951_L466_T48_R770_B352.npz,khm7702744s_0003_S450_E951_L466_T48_R770_B352_natural_0_mesh_motions.pt,
kmTRmjeoKYA,kmTRmjeoKYA_0012_S402_E988_L0_T0_R416_B480,kmTRmjeoKYA_0012_S402_E988_L0_T0_R416_B480.wav,kmTRmjeoKYA_0012_S402_E988_L0_T0_R416_B480.npz,kmTRmjeoKYA_0012_S402_E988_L0_T0_R416_B480.npz,kmTRmjeoKYA_0012_S402_E988_L0_T0_R416_B480_natural_0_mesh_motions.pt,
kp33ZprO0Ck,kp33ZprO0Ck_0001_S671_E1177_L370_T142_R642_B414,kp33ZprO0Ck_0001_S671_E1177_L370_T142_R642_B414.wav,kp33ZprO0Ck_0001_S671_E1177_L370_T142_R642_B414.npz,kp33ZprO0Ck_0001_S671_E1177_L370_T142_R642_B414.npz,kp33ZprO0Ck_0001_S671_E1177_L370_T142_R642_B414_natural_0_mesh_motions.pt,
kqFzRSwX3Fs,kqFzRSwX3Fs_0004_S505_E716_L449_T33_R737_B321,kqFzRSwX3Fs_0004_S505_E716_L449_T33_R737_B321.wav,kqFzRSwX3Fs_0004_S505_E716_L449_T33_R737_B321.npz,kqFzRSwX3Fs_0004_S505_E716_L449_T33_R737_B321.npz,kqFzRSwX3Fs_0004_S505_E716_L449_T33_R737_B321_natural_0_mesh_motions.pt,
kr5Ot5x8mmc,kr5Ot5x8mmc_0007_S1048_E1297_L439_T140_R919_B620,kr5Ot5x8mmc_0007_S1048_E1297_L439_T140_R919_B620.wav,kr5Ot5x8mmc_0007_S1048_E1297_L439_T140_R919_B620.npz,kr5Ot5x8mmc_0007_S1048_E1297_L439_T140_R919_B620.npz,kr5Ot5x8mmc_0007_S1048_E1297_L439_T140_R919_B620_natural_0_mesh_motions.pt,
kzgohxtf3hg,kzgohxtf3hg_0001_S184_E578_L479_T145_R799_B465,kzgohxtf3hg_0001_S184_E578_L479_T145_R799_B465.wav,kzgohxtf3hg_0001_S184_E578_L479_T145_R799_B465.npz,kzgohxtf3hg_0001_S184_E578_L479_T145_R799_B465.npz,kzgohxtf3hg_0001_S184_E578_L479_T145_R799_B465_natural_0_mesh_motions.pt,
l1wHRYkFhZg,l1wHRYkFhZg_0004_S1486_E1799_L826_T139_R1114_B427,l1wHRYkFhZg_0004_S1486_E1799_L826_T139_R1114_B427.wav,l1wHRYkFhZg_0004_S1486_E1799_L826_T139_R1114_B427.npz,l1wHRYkFhZg_0004_S1486_E1799_L826_T139_R1114_B427.npz,l1wHRYkFhZg_0004_S1486_E1799_L826_T139_R1114_B427_natural_0_mesh_motions.pt,
l5bkGI-CGFI,l5bkGI-CGFI_0034_S521_E911_L749_T146_R1021_B418,l5bkGI-CGFI_0034_S521_E911_L749_T146_R1021_B418.wav,l5bkGI-CGFI_0034_S521_E911_L749_T146_R1021_B418.npz,l5bkGI-CGFI_0034_S521_E911_L749_T146_R1021_B418.npz,l5bkGI-CGFI_0034_S521_E911_L749_T146_R1021_B418_natural_0_mesh_motions.pt,
l5tn1sJ0fKg,l5tn1sJ0fKg_0000_S525_E789_L558_T77_R894_B413,l5tn1sJ0fKg_0000_S525_E789_L558_T77_R894_B413.wav,l5tn1sJ0fKg_0000_S525_E789_L558_T77_R894_B413.npz,l5tn1sJ0fKg_0000_S525_E789_L558_T77_R894_B413.npz,l5tn1sJ0fKg_0000_S525_E789_L558_T77_R894_B413_natural_0_mesh_motions.pt,
l6iQSCD9UeI,l6iQSCD9UeI_0018_S262_E474_L496_T27_R768_B299,l6iQSCD9UeI_0018_S262_E474_L496_T27_R768_B299.wav,l6iQSCD9UeI_0018_S262_E474_L496_T27_R768_B299.npz,l6iQSCD9UeI_0018_S262_E474_L496_T27_R768_B299.npz,l6iQSCD9UeI_0018_S262_E474_L496_T27_R768_B299_natural_0_mesh_motions.pt,
l7OIqpr56NY,l7OIqpr56NY_0003_S369_E805_L206_T38_R542_B374,l7OIqpr56NY_0003_S369_E805_L206_T38_R542_B374.wav,l7OIqpr56NY_0003_S369_E805_L206_T38_R542_B374.npz,l7OIqpr56NY_0003_S369_E805_L206_T38_R542_B374.npz,l7OIqpr56NY_0003_S369_E805_L206_T38_R542_B374_natural_0_mesh_motions.pt,
l82uiWKCgF0,l82uiWKCgF0_0000_S1413_E1871_L495_T102_R927_B534,l82uiWKCgF0_0000_S1413_E1871_L495_T102_R927_B534.wav,l82uiWKCgF0_0000_S1413_E1871_L495_T102_R927_B534.npz,l82uiWKCgF0_0000_S1413_E1871_L495_T102_R927_B534.npz,l82uiWKCgF0_0000_S1413_E1871_L495_T102_R927_B534_natural_0_mesh_motions.pt,
lAzL_47Wkbc,lAzL_47Wkbc_0003_S131_E394_L433_T33_R897_B497,lAzL_47Wkbc_0003_S131_E394_L433_T33_R897_B497.wav,lAzL_47Wkbc_0003_S131_E394_L433_T33_R897_B497.npz,lAzL_47Wkbc_0003_S131_E394_L433_T33_R897_B497.npz,lAzL_47Wkbc_0003_S131_E394_L433_T33_R897_B497_natural_0_mesh_motions.pt,
lClz0KqwrFU,lClz0KqwrFU_0000_S429_E722_L205_T0_R477_B272,lClz0KqwrFU_0000_S429_E722_L205_T0_R477_B272.wav,lClz0KqwrFU_0000_S429_E722_L205_T0_R477_B272.npz,lClz0KqwrFU_0000_S429_E722_L205_T0_R477_B272.npz,lClz0KqwrFU_0000_S429_E722_L205_T0_R477_B272_natural_0_mesh_motions.pt,
lDJEC7OX6AE,lDJEC7OX6AE_0051_S551_E834_L532_T138_R1012_B618,lDJEC7OX6AE_0051_S551_E834_L532_T138_R1012_B618.wav,lDJEC7OX6AE_0051_S551_E834_L532_T138_R1012_B618.npz,lDJEC7OX6AE_0051_S551_E834_L532_T138_R1012_B618.npz,lDJEC7OX6AE_0051_S551_E834_L532_T138_R1012_B618_natural_0_mesh_motions.pt,
lHakoK0j9qA,lHakoK0j9qA_0000_S1655_E1919_L735_T67_R1055_B387,lHakoK0j9qA_0000_S1655_E1919_L735_T67_R1055_B387.wav,lHakoK0j9qA_0000_S1655_E1919_L735_T67_R1055_B387.npz,lHakoK0j9qA_0000_S1655_E1919_L735_T67_R1055_B387.npz,lHakoK0j9qA_0000_S1655_E1919_L735_T67_R1055_B387_natural_0_mesh_motions.pt,
lJYwN2X7IbI,lJYwN2X7IbI_0001_S0_E223_L439_T0_R1047_B576,lJYwN2X7IbI_0001_S0_E223_L439_T0_R1047_B576.wav,lJYwN2X7IbI_0001_S0_E223_L439_T0_R1047_B576.npz,lJYwN2X7IbI_0001_S0_E223_L439_T0_R1047_B576.npz,lJYwN2X7IbI_0001_S0_E223_L439_T0_R1047_B576_natural_0_mesh_motions.pt,
lM1Zmq0Lcd4,lM1Zmq0Lcd4_0000_S1308_E1849_L507_T17_R891_B401,lM1Zmq0Lcd4_0000_S1308_E1849_L507_T17_R891_B401.wav,lM1Zmq0Lcd4_0000_S1308_E1849_L507_T17_R891_B401.npz,lM1Zmq0Lcd4_0000_S1308_E1849_L507_T17_R891_B401.npz,lM1Zmq0Lcd4_0000_S1308_E1849_L507_T17_R891_B401_natural_0_mesh_motions.pt,
ldiJbsXZgvg,ldiJbsXZgvg_0004_S0_E251_L279_T61_R647_B429,ldiJbsXZgvg_0004_S0_E251_L279_T61_R647_B429.wav,ldiJbsXZgvg_0004_S0_E251_L279_T61_R647_B429.npz,ldiJbsXZgvg_0004_S0_E251_L279_T61_R647_B429.npz,ldiJbsXZgvg_0004_S0_E251_L279_T61_R647_B429_natural_0_mesh_motions.pt,
le3cBRlWSE8,le3cBRlWSE8_0002_S0_E264_L48_T0_R832_B704,le3cBRlWSE8_0002_S0_E264_L48_T0_R832_B704.wav,le3cBRlWSE8_0002_S0_E264_L48_T0_R832_B704.npz,le3cBRlWSE8_0002_S0_E264_L48_T0_R832_B704.npz,le3cBRlWSE8_0002_S0_E264_L48_T0_R832_B704_natural_0_mesh_motions.pt,
lgWY-gjEYW0,lgWY-gjEYW0_0000_S115_E307_L430_T22_R926_B518,lgWY-gjEYW0_0000_S115_E307_L430_T22_R926_B518.wav,lgWY-gjEYW0_0000_S115_E307_L430_T22_R926_B518.npz,lgWY-gjEYW0_0000_S115_E307_L430_T22_R926_B518.npz,lgWY-gjEYW0_0000_S115_E307_L430_T22_R926_B518_natural_0_mesh_motions.pt,
lh_ZUt-O34Y,lh_ZUt-O34Y_0004_S881_E1127_L177_T17_R513_B353,lh_ZUt-O34Y_0004_S881_E1127_L177_T17_R513_B353.wav,lh_ZUt-O34Y_0004_S881_E1127_L177_T17_R513_B353.npz,lh_ZUt-O34Y_0004_S881_E1127_L177_T17_R513_B353.npz,lh_ZUt-O34Y_0004_S881_E1127_L177_T17_R513_B353_natural_0_mesh_motions.pt,
li7HdK2vIlw,li7HdK2vIlw_0000_S413_E692_L370_T0_R770_B400,li7HdK2vIlw_0000_S413_E692_L370_T0_R770_B400.wav,li7HdK2vIlw_0000_S413_E692_L370_T0_R770_B400.npz,li7HdK2vIlw_0000_S413_E692_L370_T0_R770_B400.npz,li7HdK2vIlw_0000_S413_E692_L370_T0_R770_B400_natural_0_mesh_motions.pt,
liKbDWr0RzI,liKbDWr0RzI_0000_S557_E867_L398_T41_R830_B473,liKbDWr0RzI_0000_S557_E867_L398_T41_R830_B473.wav,liKbDWr0RzI_0000_S557_E867_L398_T41_R830_B473.npz,liKbDWr0RzI_0000_S557_E867_L398_T41_R830_B473.npz,liKbDWr0RzI_0000_S557_E867_L398_T41_R830_B473_natural_0_mesh_motions.pt,
liVQZnSAv28,liVQZnSAv28_0001_S0_E419_L442_T0_R1050_B592,liVQZnSAv28_0001_S0_E419_L442_T0_R1050_B592.wav,liVQZnSAv28_0001_S0_E419_L442_T0_R1050_B592.npz,liVQZnSAv28_0001_S0_E419_L442_T0_R1050_B592.npz,liVQZnSAv28_0001_S0_E419_L442_T0_R1050_B592_natural_0_mesh_motions.pt,
ltPAsp71rmI,ltPAsp71rmI_0018_S607_E848_L360_T0_R968_B496,ltPAsp71rmI_0018_S607_E848_L360_T0_R968_B496.wav,ltPAsp71rmI_0018_S607_E848_L360_T0_R968_B496.npz,ltPAsp71rmI_0018_S607_E848_L360_T0_R968_B496.npz,ltPAsp71rmI_0018_S607_E848_L360_T0_R968_B496_natural_0_mesh_motions.pt,
lxBYJOEbU_g,lxBYJOEbU_g_0001_S1192_E1448_L435_T0_R835_B368,lxBYJOEbU_g_0001_S1192_E1448_L435_T0_R835_B368.wav,lxBYJOEbU_g_0001_S1192_E1448_L435_T0_R835_B368.npz,lxBYJOEbU_g_0001_S1192_E1448_L435_T0_R835_B368.npz,lxBYJOEbU_g_0001_S1192_E1448_L435_T0_R835_B368_natural_0_mesh_motions.pt,
lxE9lqRrcuo,lxE9lqRrcuo_0000_S1099_E1364_L220_T0_R940_B656,lxE9lqRrcuo_0000_S1099_E1364_L220_T0_R940_B656.wav,lxE9lqRrcuo_0000_S1099_E1364_L220_T0_R940_B656.npz,lxE9lqRrcuo_0000_S1099_E1364_L220_T0_R940_B656.npz,lxE9lqRrcuo_0000_S1099_E1364_L220_T0_R940_B656_natural_0_mesh_motions.pt,
lxQjwbUiM9w,lxQjwbUiM9w_0001_S0_E585_L112_T0_R1024_B704,lxQjwbUiM9w_0001_S0_E585_L112_T0_R1024_B704.wav,lxQjwbUiM9w_0001_S0_E585_L112_T0_R1024_B704.npz,lxQjwbUiM9w_0001_S0_E585_L112_T0_R1024_B704.npz,lxQjwbUiM9w_0001_S0_E585_L112_T0_R1024_B704_natural_0_mesh_motions.pt,
lz1RY_CNWeU,lz1RY_CNWeU_0047_S875_E1100_L566_T0_R1014_B448,lz1RY_CNWeU_0047_S875_E1100_L566_T0_R1014_B448.wav,lz1RY_CNWeU_0047_S875_E1100_L566_T0_R1014_B448.npz,lz1RY_CNWeU_0047_S875_E1100_L566_T0_R1014_B448.npz,lz1RY_CNWeU_0047_S875_E1100_L566_T0_R1014_B448_natural_0_mesh_motions.pt,
lzniYTLmFkc,lzniYTLmFkc_0002_S143_E452_L130_T109_R626_B605,lzniYTLmFkc_0002_S143_E452_L130_T109_R626_B605.wav,lzniYTLmFkc_0002_S143_E452_L130_T109_R626_B605.npz,lzniYTLmFkc_0002_S143_E452_L130_T109_R626_B605.npz,lzniYTLmFkc_0002_S143_E452_L130_T109_R626_B605_natural_0_mesh_motions.pt,
m03Bn3jgP48,m03Bn3jgP48_0000_S628_E943_L452_T60_R884_B492,m03Bn3jgP48_0000_S628_E943_L452_T60_R884_B492.wav,m03Bn3jgP48_0000_S628_E943_L452_T60_R884_B492.npz,m03Bn3jgP48_0000_S628_E943_L452_T60_R884_B492.npz,m03Bn3jgP48_0000_S628_E943_L452_T60_R884_B492_natural_0_mesh_motions.pt,
m0EwquC6wBU,m0EwquC6wBU_0002_S0_E534_L220_T55_R812_B647,m0EwquC6wBU_0002_S0_E534_L220_T55_R812_B647.wav,m0EwquC6wBU_0002_S0_E534_L220_T55_R812_B647.npz,m0EwquC6wBU_0002_S0_E534_L220_T55_R812_B647.npz,m0EwquC6wBU_0002_S0_E534_L220_T55_R812_B647_natural_0_mesh_motions.pt,
m0svbKxpLhI,m0svbKxpLhI_0000_S1152_E1495_L280_T0_R968_B688,m0svbKxpLhI_0000_S1152_E1495_L280_T0_R968_B688.wav,m0svbKxpLhI_0000_S1152_E1495_L280_T0_R968_B688.npz,m0svbKxpLhI_0000_S1152_E1495_L280_T0_R968_B688.npz,m0svbKxpLhI_0000_S1152_E1495_L280_T0_R968_B688_natural_0_mesh_motions.pt,
m3ZogsjvmLA,m3ZogsjvmLA_0001_S277_E704_L364_T68_R684_B388,m3ZogsjvmLA_0001_S277_E704_L364_T68_R684_B388.wav,m3ZogsjvmLA_0001_S277_E704_L364_T68_R684_B388.npz,m3ZogsjvmLA_0001_S277_E704_L364_T68_R684_B388.npz,m3ZogsjvmLA_0001_S277_E704_L364_T68_R684_B388_natural_0_mesh_motions.pt,
m3q4bKFCkio,m3q4bKFCkio_0000_S1247_E1919_L445_T35_R893_B483,m3q4bKFCkio_0000_S1247_E1919_L445_T35_R893_B483.wav,m3q4bKFCkio_0000_S1247_E1919_L445_T35_R893_B483.npz,m3q4bKFCkio_0000_S1247_E1919_L445_T35_R893_B483.npz,m3q4bKFCkio_0000_S1247_E1919_L445_T35_R893_B483_natural_0_mesh_motions.pt,
m3q7itlxq14,m3q7itlxq14_0000_S1012_E1252_L470_T88_R790_B408,m3q7itlxq14_0000_S1012_E1252_L470_T88_R790_B408.wav,m3q7itlxq14_0000_S1012_E1252_L470_T88_R790_B408.npz,m3q7itlxq14_0000_S1012_E1252_L470_T88_R790_B408.npz,m3q7itlxq14_0000_S1012_E1252_L470_T88_R790_B408_natural_0_mesh_motions.pt,
m5_41I_BLc8,m5_41I_BLc8_0001_S1000_E1519_L402_T0_R834_B416,m5_41I_BLc8_0001_S1000_E1519_L402_T0_R834_B416.wav,m5_41I_BLc8_0001_S1000_E1519_L402_T0_R834_B416.npz,m5_41I_BLc8_0001_S1000_E1519_L402_T0_R834_B416.npz,m5_41I_BLc8_0001_S1000_E1519_L402_T0_R834_B416_natural_0_mesh_motions.pt,
m9qPsbp-l00,m9qPsbp-l00_0028_S903_E1135_L438_T28_R806_B396,m9qPsbp-l00_0028_S903_E1135_L438_T28_R806_B396.wav,m9qPsbp-l00_0028_S903_E1135_L438_T28_R806_B396.npz,m9qPsbp-l00_0028_S903_E1135_L438_T28_R806_B396.npz,m9qPsbp-l00_0028_S903_E1135_L438_T28_R806_B396_natural_0_mesh_motions.pt,
m9y0Kt9UFYc,m9y0Kt9UFYc_0022_S981_E1255_L455_T63_R871_B479,m9y0Kt9UFYc_0022_S981_E1255_L455_T63_R871_B479.wav,m9y0Kt9UFYc_0022_S981_E1255_L455_T63_R871_B479.npz,m9y0Kt9UFYc_0022_S981_E1255_L455_T63_R871_B479.npz,m9y0Kt9UFYc_0022_S981_E1255_L455_T63_R871_B479_natural_0_mesh_motions.pt,
mAUNqn8QAFU,mAUNqn8QAFU_0000_S1259_E1811_L280_T0_R856_B512,mAUNqn8QAFU_0000_S1259_E1811_L280_T0_R856_B512.wav,mAUNqn8QAFU_0000_S1259_E1811_L280_T0_R856_B512.npz,mAUNqn8QAFU_0000_S1259_E1811_L280_T0_R856_B512.npz,mAUNqn8QAFU_0000_S1259_E1811_L280_T0_R856_B512_natural_0_mesh_motions.pt,
mCghaYzVDxw,mCghaYzVDxw_0000_S1336_E1535_L431_T0_R1087_B608,mCghaYzVDxw_0000_S1336_E1535_L431_T0_R1087_B608.wav,mCghaYzVDxw_0000_S1336_E1535_L431_T0_R1087_B608.npz,mCghaYzVDxw_0000_S1336_E1535_L431_T0_R1087_B608.npz,mCghaYzVDxw_0000_S1336_E1535_L431_T0_R1087_B608_natural_0_mesh_motions.pt,
mD24h-bbdMU,mD24h-bbdMU_0002_S0_E416_L221_T46_R653_B478,mD24h-bbdMU_0002_S0_E416_L221_T46_R653_B478.wav,mD24h-bbdMU_0002_S0_E416_L221_T46_R653_B478.npz,mD24h-bbdMU_0002_S0_E416_L221_T46_R653_B478.npz,mD24h-bbdMU_0002_S0_E416_L221_T46_R653_B478_natural_0_mesh_motions.pt,
mEP7QCH2oYc,mEP7QCH2oYc_0000_S230_E595_L595_T0_R915_B304,mEP7QCH2oYc_0000_S230_E595_L595_T0_R915_B304.wav,mEP7QCH2oYc_0000_S230_E595_L595_T0_R915_B304.npz,mEP7QCH2oYc_0000_S230_E595_L595_T0_R915_B304.npz,mEP7QCH2oYc_0000_S230_E595_L595_T0_R915_B304_natural_0_mesh_motions.pt,
mETDq4gwIkU,mETDq4gwIkU_0001_S107_E688_L536_T48_R952_B464,mETDq4gwIkU_0001_S107_E688_L536_T48_R952_B464.wav,mETDq4gwIkU_0001_S107_E688_L536_T48_R952_B464.npz,mETDq4gwIkU_0001_S107_E688_L536_T48_R952_B464.npz,mETDq4gwIkU_0001_S107_E688_L536_T48_R952_B464_natural_0_mesh_motions.pt,
mFRkTyvuamE,mFRkTyvuamE_0007_S1600_E1919_L501_T67_R789_B355,mFRkTyvuamE_0007_S1600_E1919_L501_T67_R789_B355.wav,mFRkTyvuamE_0007_S1600_E1919_L501_T67_R789_B355.npz,mFRkTyvuamE_0007_S1600_E1919_L501_T67_R789_B355.npz,mFRkTyvuamE_0007_S1600_E1919_L501_T67_R789_B355_natural_0_mesh_motions.pt,
mLTM_vEz1jU,mLTM_vEz1jU_0000_S1208_E1587_L465_T83_R737_B355,mLTM_vEz1jU_0000_S1208_E1587_L465_T83_R737_B355.wav,mLTM_vEz1jU_0000_S1208_E1587_L465_T83_R737_B355.npz,mLTM_vEz1jU_0000_S1208_E1587_L465_T83_R737_B355.npz,mLTM_vEz1jU_0000_S1208_E1587_L465_T83_R737_B355_natural_0_mesh_motions.pt,
m_D83abmA4Q,m_D83abmA4Q_0002_S86_E289_L472_T48_R872_B448,m_D83abmA4Q_0002_S86_E289_L472_T48_R872_B448.wav,m_D83abmA4Q_0002_S86_E289_L472_T48_R872_B448.npz,m_D83abmA4Q_0002_S86_E289_L472_T48_R872_B448.npz,m_D83abmA4Q_0002_S86_E289_L472_T48_R872_B448_natural_0_mesh_motions.pt,
mcZfJHqf4KY,mcZfJHqf4KY_0000_S1248_E1811_L298_T0_R858_B544,mcZfJHqf4KY_0000_S1248_E1811_L298_T0_R858_B544.wav,mcZfJHqf4KY_0000_S1248_E1811_L298_T0_R858_B544.npz,mcZfJHqf4KY_0000_S1248_E1811_L298_T0_R858_B544.npz,mcZfJHqf4KY_0000_S1248_E1811_L298_T0_R858_B544_natural_0_mesh_motions.pt,
mf8vuUJoNaI,mf8vuUJoNaI_0008_S860_E1103_L909_T0_R1277_B320,mf8vuUJoNaI_0008_S860_E1103_L909_T0_R1277_B320.wav,mf8vuUJoNaI_0008_S860_E1103_L909_T0_R1277_B320.npz,mf8vuUJoNaI_0008_S860_E1103_L909_T0_R1277_B320.npz,mf8vuUJoNaI_0008_S860_E1103_L909_T0_R1277_B320_natural_0_mesh_motions.pt,
mfzWMIEVrFk,mfzWMIEVrFk_0000_S120_E549_L470_T56_R790_B376,mfzWMIEVrFk_0000_S120_E549_L470_T56_R790_B376.wav,mfzWMIEVrFk_0000_S120_E549_L470_T56_R790_B376.npz,mfzWMIEVrFk_0000_S120_E549_L470_T56_R790_B376.npz,mfzWMIEVrFk_0000_S120_E549_L470_T56_R790_B376_natural_0_mesh_motions.pt,
mjI_IyzUye0,mjI_IyzUye0_0003_S0_E714_L395_T0_R939_B432,mjI_IyzUye0_0003_S0_E714_L395_T0_R939_B432.wav,mjI_IyzUye0_0003_S0_E714_L395_T0_R939_B432.npz,mjI_IyzUye0_0003_S0_E714_L395_T0_R939_B432.npz,mjI_IyzUye0_0003_S0_E714_L395_T0_R939_B432_natural_0_mesh_motions.pt,
mqSucLmIFeg,mqSucLmIFeg_0000_S0_E499_L396_T78_R764_B446,mqSucLmIFeg_0000_S0_E499_L396_T78_R764_B446.wav,mqSucLmIFeg_0000_S0_E499_L396_T78_R764_B446.npz,mqSucLmIFeg_0000_S0_E499_L396_T78_R764_B446.npz,mqSucLmIFeg_0000_S0_E499_L396_T78_R764_B446_natural_0_mesh_motions.pt,
mtXfzd53wRQ,mtXfzd53wRQ_0002_S577_E972_L417_T0_R897_B480,mtXfzd53wRQ_0002_S577_E972_L417_T0_R897_B480.wav,mtXfzd53wRQ_0002_S577_E972_L417_T0_R897_B480.npz,mtXfzd53wRQ_0002_S577_E972_L417_T0_R897_B480.npz,mtXfzd53wRQ_0002_S577_E972_L417_T0_R897_B480_natural_0_mesh_motions.pt,
mu1XN7ABANM,mu1XN7ABANM_0004_S1302_E1535_L306_T0_R1090_B704,mu1XN7ABANM_0004_S1302_E1535_L306_T0_R1090_B704.wav,mu1XN7ABANM_0004_S1302_E1535_L306_T0_R1090_B704.npz,mu1XN7ABANM_0004_S1302_E1535_L306_T0_R1090_B704.npz,mu1XN7ABANM_0004_S1302_E1535_L306_T0_R1090_B704_natural_0_mesh_motions.pt,
myDLLgryIs8,myDLLgryIs8_0002_S75_E332_L492_T48_R748_B304,myDLLgryIs8_0002_S75_E332_L492_T48_R748_B304.wav,myDLLgryIs8_0002_S75_E332_L492_T48_R748_B304.npz,myDLLgryIs8_0002_S75_E332_L492_T48_R748_B304.npz,myDLLgryIs8_0002_S75_E332_L492_T48_R748_B304_natural_0_mesh_motions.pt,
myaOG-5N12M,myaOG-5N12M_0002_S0_E430_L320_T15_R704_B399,myaOG-5N12M_0002_S0_E430_L320_T15_R704_B399.wav,myaOG-5N12M_0002_S0_E430_L320_T15_R704_B399.npz,myaOG-5N12M_0002_S0_E430_L320_T15_R704_B399.npz,myaOG-5N12M_0002_S0_E430_L320_T15_R704_B399_natural_0_mesh_motions.pt,
n9Gl1hBgjIU,n9Gl1hBgjIU_0011_S357_E573_L323_T0_R1091_B688,n9Gl1hBgjIU_0011_S357_E573_L323_T0_R1091_B688.wav,n9Gl1hBgjIU_0011_S357_E573_L323_T0_R1091_B688.npz,n9Gl1hBgjIU_0011_S357_E573_L323_T0_R1091_B688.npz,n9Gl1hBgjIU_0011_S357_E573_L323_T0_R1091_B688_natural_0_mesh_motions.pt,
nHU621TjCi0,nHU621TjCi0_0001_S1445_E1746_L314_T18_R1002_B706,nHU621TjCi0_0001_S1445_E1746_L314_T18_R1002_B706.wav,nHU621TjCi0_0001_S1445_E1746_L314_T18_R1002_B706.npz,nHU621TjCi0_0001_S1445_E1746_L314_T18_R1002_B706.npz,nHU621TjCi0_0001_S1445_E1746_L314_T18_R1002_B706_natural_0_mesh_motions.pt,
nISa7ahsQVY,nISa7ahsQVY_0001_S0_E240_L293_T174_R661_B542,nISa7ahsQVY_0001_S0_E240_L293_T174_R661_B542.wav,nISa7ahsQVY_0001_S0_E240_L293_T174_R661_B542.npz,nISa7ahsQVY_0001_S0_E240_L293_T174_R661_B542.npz,nISa7ahsQVY_0001_S0_E240_L293_T174_R661_B542_natural_0_mesh_motions.pt,
nN4fDhAcGTM,nN4fDhAcGTM_0000_S1287_E1535_L198_T41_R934_B713,nN4fDhAcGTM_0000_S1287_E1535_L198_T41_R934_B713.wav,nN4fDhAcGTM_0000_S1287_E1535_L198_T41_R934_B713.npz,nN4fDhAcGTM_0000_S1287_E1535_L198_T41_R934_B713.npz,nN4fDhAcGTM_0000_S1287_E1535_L198_T41_R934_B713_natural_0_mesh_motions.pt,
nNuk96Rw2Ks,nNuk96Rw2Ks_0000_S1087_E1424_L443_T63_R763_B383,nNuk96Rw2Ks_0000_S1087_E1424_L443_T63_R763_B383.wav,nNuk96Rw2Ks_0000_S1087_E1424_L443_T63_R763_B383.npz,nNuk96Rw2Ks_0000_S1087_E1424_L443_T63_R763_B383.npz,nNuk96Rw2Ks_0000_S1087_E1424_L443_T63_R763_B383_natural_0_mesh_motions.pt,
nQeMM3bqM1M,nQeMM3bqM1M_0002_S1083_E1364_L588_T45_R908_B365,nQeMM3bqM1M_0002_S1083_E1364_L588_T45_R908_B365.wav,nQeMM3bqM1M_0002_S1083_E1364_L588_T45_R908_B365.npz,nQeMM3bqM1M_0002_S1083_E1364_L588_T45_R908_B365.npz,nQeMM3bqM1M_0002_S1083_E1364_L588_T45_R908_B365_natural_0_mesh_motions.pt,
nQgkkH-o-aE,nQgkkH-o-aE_0000_S1239_E1713_L514_T40_R850_B376,nQgkkH-o-aE_0000_S1239_E1713_L514_T40_R850_B376.wav,nQgkkH-o-aE_0000_S1239_E1713_L514_T40_R850_B376.npz,nQgkkH-o-aE_0000_S1239_E1713_L514_T40_R850_B376.npz,nQgkkH-o-aE_0000_S1239_E1713_L514_T40_R850_B376_natural_0_mesh_motions.pt,
nQmB8u7aBZs,nQmB8u7aBZs_0003_S0_E514_L331_T40_R907_B616,nQmB8u7aBZs_0003_S0_E514_L331_T40_R907_B616.wav,nQmB8u7aBZs_0003_S0_E514_L331_T40_R907_B616.npz,nQmB8u7aBZs_0003_S0_E514_L331_T40_R907_B616.npz,nQmB8u7aBZs_0003_S0_E514_L331_T40_R907_B616_natural_0_mesh_motions.pt,
nQpuGwWyFQ0,nQpuGwWyFQ0_0003_S69_E336_L569_T0_R1001_B400,nQpuGwWyFQ0_0003_S69_E336_L569_T0_R1001_B400.wav,nQpuGwWyFQ0_0003_S69_E336_L569_T0_R1001_B400.npz,nQpuGwWyFQ0_0003_S69_E336_L569_T0_R1001_B400.npz,nQpuGwWyFQ0_0003_S69_E336_L569_T0_R1001_B400_natural_0_mesh_motions.pt,
nSsQFG8QzcE,nSsQFG8QzcE_0000_S1655_E1919_L267_T0_R827_B496,nSsQFG8QzcE_0000_S1655_E1919_L267_T0_R827_B496.wav,nSsQFG8QzcE_0000_S1655_E1919_L267_T0_R827_B496.npz,nSsQFG8QzcE_0000_S1655_E1919_L267_T0_R827_B496.npz,nSsQFG8QzcE_0000_S1655_E1919_L267_T0_R827_B496_natural_0_mesh_motions.pt,
nZQ_jnOVFeU,nZQ_jnOVFeU_0003_S230_E549_L574_T5_R974_B405,nZQ_jnOVFeU_0003_S230_E549_L574_T5_R974_B405.wav,nZQ_jnOVFeU_0003_S230_E549_L574_T5_R974_B405.npz,nZQ_jnOVFeU_0003_S230_E549_L574_T5_R974_B405.npz,nZQ_jnOVFeU_0003_S230_E549_L574_T5_R974_B405_natural_0_mesh_motions.pt,
n__HtO28X8M,n__HtO28X8M_0007_S1191_E1759_L616_T9_R1064_B457,n__HtO28X8M_0007_S1191_E1759_L616_T9_R1064_B457.wav,n__HtO28X8M_0007_S1191_E1759_L616_T9_R1064_B457.npz,n__HtO28X8M_0007_S1191_E1759_L616_T9_R1064_B457.npz,n__HtO28X8M_0007_S1191_E1759_L616_T9_R1064_B457_natural_0_mesh_motions.pt,
ngdwHwnLCt8,ngdwHwnLCt8_0012_S471_E705_L300_T92_R716_B508,ngdwHwnLCt8_0012_S471_E705_L300_T92_R716_B508.wav,ngdwHwnLCt8_0012_S471_E705_L300_T92_R716_B508.npz,ngdwHwnLCt8_0012_S471_E705_L300_T92_R716_B508.npz,ngdwHwnLCt8_0012_S471_E705_L300_T92_R716_B508_natural_0_mesh_motions.pt,
nkCgvEXj7FQ,nkCgvEXj7FQ_0000_S1095_E1368_L278_T4_R582_B308,nkCgvEXj7FQ_0000_S1095_E1368_L278_T4_R582_B308.wav,nkCgvEXj7FQ_0000_S1095_E1368_L278_T4_R582_B308.npz,nkCgvEXj7FQ_0000_S1095_E1368_L278_T4_R582_B308.npz,nkCgvEXj7FQ_0000_S1095_E1368_L278_T4_R582_B308_natural_0_mesh_motions.pt,
noYQhtNG-RA,noYQhtNG-RA_0000_S1115_E1450_L470_T14_R838_B382,noYQhtNG-RA_0000_S1115_E1450_L470_T14_R838_B382.wav,noYQhtNG-RA_0000_S1115_E1450_L470_T14_R838_B382.npz,noYQhtNG-RA_0000_S1115_E1450_L470_T14_R838_B382.npz,noYQhtNG-RA_0000_S1115_E1450_L470_T14_R838_B382_natural_0_mesh_motions.pt,
nor0P6jwoeg,nor0P6jwoeg_0002_S777_E1083_L781_T29_R1165_B413,nor0P6jwoeg_0002_S777_E1083_L781_T29_R1165_B413.wav,nor0P6jwoeg_0002_S777_E1083_L781_T29_R1165_B413.npz,nor0P6jwoeg_0002_S777_E1083_L781_T29_R1165_B413.npz,nor0P6jwoeg_0002_S777_E1083_L781_T29_R1165_B413_natural_0_mesh_motions.pt,
nsqOggafySQ,nsqOggafySQ_0000_S90_E505_L18_T0_R546_B512,nsqOggafySQ_0000_S90_E505_L18_T0_R546_B512.wav,nsqOggafySQ_0000_S90_E505_L18_T0_R546_B512.npz,nsqOggafySQ_0000_S90_E505_L18_T0_R546_B512.npz,nsqOggafySQ_0000_S90_E505_L18_T0_R546_B512_natural_0_mesh_motions.pt,
nu3p9JQ4ykM,nu3p9JQ4ykM_0002_S79_E281_L297_T2_R841_B546,nu3p9JQ4ykM_0002_S79_E281_L297_T2_R841_B546.wav,nu3p9JQ4ykM_0002_S79_E281_L297_T2_R841_B546.npz,nu3p9JQ4ykM_0002_S79_E281_L297_T2_R841_B546.npz,nu3p9JQ4ykM_0002_S79_E281_L297_T2_R841_B546_natural_0_mesh_motions.pt,
nujU66hnemE,nujU66hnemE_0022_S1058_E1310_L522_T63_R842_B383,nujU66hnemE_0022_S1058_E1310_L522_T63_R842_B383.wav,nujU66hnemE_0022_S1058_E1310_L522_T63_R842_B383.npz,nujU66hnemE_0022_S1058_E1310_L522_T63_R842_B383.npz,nujU66hnemE_0022_S1058_E1310_L522_T63_R842_B383_natural_0_mesh_motions.pt,
nvGGjCIIrm0,nvGGjCIIrm0_0000_S1264_E1535_L377_T96_R713_B432,nvGGjCIIrm0_0000_S1264_E1535_L377_T96_R713_B432.wav,nvGGjCIIrm0_0000_S1264_E1535_L377_T96_R713_B432.npz,nvGGjCIIrm0_0000_S1264_E1535_L377_T96_R713_B432.npz,nvGGjCIIrm0_0000_S1264_E1535_L377_T96_R713_B432_natural_0_mesh_motions.pt,
nyes4M2CbtI,nyes4M2CbtI_0000_S692_E1010_L368_T36_R704_B372,nyes4M2CbtI_0000_S692_E1010_L368_T36_R704_B372.wav,nyes4M2CbtI_0000_S692_E1010_L368_T36_R704_B372.npz,nyes4M2CbtI_0000_S692_E1010_L368_T36_R704_B372.npz,nyes4M2CbtI_0000_S692_E1010_L368_T36_R704_B372_natural_0_mesh_motions.pt,
nyxYzQVqo20,nyxYzQVqo20_0009_S270_E667_L259_T0_R851_B464,nyxYzQVqo20_0009_S270_E667_L259_T0_R851_B464.wav,nyxYzQVqo20_0009_S270_E667_L259_T0_R851_B464.npz,nyxYzQVqo20_0009_S270_E667_L259_T0_R851_B464.npz,nyxYzQVqo20_0009_S270_E667_L259_T0_R851_B464_natural_0_mesh_motions.pt,
o0lvhDX6DXc,o0lvhDX6DXc_0000_S47_E612_L525_T13_R1037_B525,o0lvhDX6DXc_0000_S47_E612_L525_T13_R1037_B525.wav,o0lvhDX6DXc_0000_S47_E612_L525_T13_R1037_B525.npz,o0lvhDX6DXc_0000_S47_E612_L525_T13_R1037_B525.npz,o0lvhDX6DXc_0000_S47_E612_L525_T13_R1037_B525_natural_0_mesh_motions.pt,
o3z2CwnY_5M,o3z2CwnY_5M_0006_S1362_E1756_L491_T77_R763_B349,o3z2CwnY_5M_0006_S1362_E1756_L491_T77_R763_B349.wav,o3z2CwnY_5M_0006_S1362_E1756_L491_T77_R763_B349.npz,o3z2CwnY_5M_0006_S1362_E1756_L491_T77_R763_B349.npz,o3z2CwnY_5M_0006_S1362_E1756_L491_T77_R763_B349_natural_0_mesh_motions.pt,
o5ufkJMr24c,o5ufkJMr24c_0007_S1100_E1313_L375_T52_R919_B596,o5ufkJMr24c_0007_S1100_E1313_L375_T52_R919_B596.wav,o5ufkJMr24c_0007_S1100_E1313_L375_T52_R919_B596.npz,o5ufkJMr24c_0007_S1100_E1313_L375_T52_R919_B596.npz,o5ufkJMr24c_0007_S1100_E1313_L375_T52_R919_B596_natural_0_mesh_motions.pt,
oBRZ8sD-OjE,oBRZ8sD-OjE_0000_S0_E415_L526_T62_R878_B414,oBRZ8sD-OjE_0000_S0_E415_L526_T62_R878_B414.wav,oBRZ8sD-OjE_0000_S0_E415_L526_T62_R878_B414.npz,oBRZ8sD-OjE_0000_S0_E415_L526_T62_R878_B414.npz,oBRZ8sD-OjE_0000_S0_E415_L526_T62_R878_B414_natural_0_mesh_motions.pt,
oCM304tbwcM,oCM304tbwcM_0006_S272_E690_L677_T179_R1029_B531,oCM304tbwcM_0006_S272_E690_L677_T179_R1029_B531.wav,oCM304tbwcM_0006_S272_E690_L677_T179_R1029_B531.npz,oCM304tbwcM_0006_S272_E690_L677_T179_R1029_B531.npz,oCM304tbwcM_0006_S272_E690_L677_T179_R1029_B531_natural_0_mesh_motions.pt,
oKC8ikzEFIA,oKC8ikzEFIA_0000_S1390_E1722_L510_T48_R862_B400,oKC8ikzEFIA_0000_S1390_E1722_L510_T48_R862_B400.wav,oKC8ikzEFIA_0000_S1390_E1722_L510_T48_R862_B400.npz,oKC8ikzEFIA_0000_S1390_E1722_L510_T48_R862_B400.npz,oKC8ikzEFIA_0000_S1390_E1722_L510_T48_R862_B400_natural_0_mesh_motions.pt,
oMbvC_siQyc,oMbvC_siQyc_0000_S2_E461_L66_T0_R1026_B704,oMbvC_siQyc_0000_S2_E461_L66_T0_R1026_B704.wav,oMbvC_siQyc_0000_S2_E461_L66_T0_R1026_B704.npz,oMbvC_siQyc_0000_S2_E461_L66_T0_R1026_B704.npz,oMbvC_siQyc_0000_S2_E461_L66_T0_R1026_B704_natural_0_mesh_motions.pt,
oNGKZrLIO0U,oNGKZrLIO0U_0000_S1013_E1422_L473_T38_R729_B294,oNGKZrLIO0U_0000_S1013_E1422_L473_T38_R729_B294.wav,oNGKZrLIO0U_0000_S1013_E1422_L473_T38_R729_B294.npz,oNGKZrLIO0U_0000_S1013_E1422_L473_T38_R729_B294.npz,oNGKZrLIO0U_0000_S1013_E1422_L473_T38_R729_B294_natural_0_mesh_motions.pt,
oOdNHtF_s5o,oOdNHtF_s5o_0002_S599_E817_L438_T75_R934_B571,oOdNHtF_s5o_0002_S599_E817_L438_T75_R934_B571.wav,oOdNHtF_s5o_0002_S599_E817_L438_T75_R934_B571.npz,oOdNHtF_s5o_0002_S599_E817_L438_T75_R934_B571.npz,oOdNHtF_s5o_0002_S599_E817_L438_T75_R934_B571_natural_0_mesh_motions.pt,
oSBD9lej7oA,oSBD9lej7oA_0001_S0_E295_L264_T0_R1000_B672,oSBD9lej7oA_0001_S0_E295_L264_T0_R1000_B672.wav,oSBD9lej7oA_0001_S0_E295_L264_T0_R1000_B672.npz,oSBD9lej7oA_0001_S0_E295_L264_T0_R1000_B672.npz,oSBD9lej7oA_0001_S0_E295_L264_T0_R1000_B672_natural_0_mesh_motions.pt,
oWVfSS5m5LY,oWVfSS5m5LY_0001_S811_E1407_L365_T0_R1005_B576,oWVfSS5m5LY_0001_S811_E1407_L365_T0_R1005_B576.wav,oWVfSS5m5LY_0001_S811_E1407_L365_T0_R1005_B576.npz,oWVfSS5m5LY_0001_S811_E1407_L365_T0_R1005_B576.npz,oWVfSS5m5LY_0001_S811_E1407_L365_T0_R1005_B576_natural_0_mesh_motions.pt,
oWqLRywhozk,oWqLRywhozk_0003_S678_E989_L442_T76_R698_B332,oWqLRywhozk_0003_S678_E989_L442_T76_R698_B332.wav,oWqLRywhozk_0003_S678_E989_L442_T76_R698_B332.npz,oWqLRywhozk_0003_S678_E989_L442_T76_R698_B332.npz,oWqLRywhozk_0003_S678_E989_L442_T76_R698_B332_natural_0_mesh_motions.pt,
oYKlQPSZr9A,oYKlQPSZr9A_0001_S524_E899_L598_T80_R886_B368,oYKlQPSZr9A_0001_S524_E899_L598_T80_R886_B368.wav,oYKlQPSZr9A_0001_S524_E899_L598_T80_R886_B368.npz,oYKlQPSZr9A_0001_S524_E899_L598_T80_R886_B368.npz,oYKlQPSZr9A_0001_S524_E899_L598_T80_R886_B368_natural_0_mesh_motions.pt,
oarLQY6VJzs,oarLQY6VJzs_0000_S262_E568_L460_T59_R812_B411,oarLQY6VJzs_0000_S262_E568_L460_T59_R812_B411.wav,oarLQY6VJzs_0000_S262_E568_L460_T59_R812_B411.npz,oarLQY6VJzs_0000_S262_E568_L460_T59_R812_B411.npz,oarLQY6VJzs_0000_S262_E568_L460_T59_R812_B411_natural_0_mesh_motions.pt,
oe4VZ1YDL9Y,oe4VZ1YDL9Y_0000_S1153_E1440_L889_T272_R1273_B672,oe4VZ1YDL9Y_0000_S1153_E1440_L889_T272_R1273_B672.wav,oe4VZ1YDL9Y_0000_S1153_E1440_L889_T272_R1273_B672.npz,oe4VZ1YDL9Y_0000_S1153_E1440_L889_T272_R1273_B672.npz,oe4VZ1YDL9Y_0000_S1153_E1440_L889_T272_R1273_B672_natural_0_mesh_motions.pt,
ofWA7ERRwzs,ofWA7ERRwzs_0000_S3_E481_L405_T84_R933_B612,ofWA7ERRwzs_0000_S3_E481_L405_T84_R933_B612.wav,ofWA7ERRwzs_0000_S3_E481_L405_T84_R933_B612.npz,ofWA7ERRwzs_0000_S3_E481_L405_T84_R933_B612.npz,ofWA7ERRwzs_0000_S3_E481_L405_T84_R933_B612_natural_0_mesh_motions.pt,
om1FNUWg4yo,om1FNUWg4yo_0002_S863_E1193_L0_T199_R400_B615,om1FNUWg4yo_0002_S863_E1193_L0_T199_R400_B615.wav,om1FNUWg4yo_0002_S863_E1193_L0_T199_R400_B615.npz,om1FNUWg4yo_0002_S863_E1193_L0_T199_R400_B615.npz,om1FNUWg4yo_0002_S863_E1193_L0_T199_R400_B615_natural_0_mesh_motions.pt,
oonc4u-Adbc,oonc4u-Adbc_0000_S1083_E1436_L251_T78_R715_B542,oonc4u-Adbc_0000_S1083_E1436_L251_T78_R715_B542.wav,oonc4u-Adbc_0000_S1083_E1436_L251_T78_R715_B542.npz,oonc4u-Adbc_0000_S1083_E1436_L251_T78_R715_B542.npz,oonc4u-Adbc_0000_S1083_E1436_L251_T78_R715_B542_natural_0_mesh_motions.pt,
p2tdlkmZ8D4,p2tdlkmZ8D4_0001_S421_E661_L428_T0_R924_B480,p2tdlkmZ8D4_0001_S421_E661_L428_T0_R924_B480.wav,p2tdlkmZ8D4_0001_S421_E661_L428_T0_R924_B480.npz,p2tdlkmZ8D4_0001_S421_E661_L428_T0_R924_B480.npz,p2tdlkmZ8D4_0001_S421_E661_L428_T0_R924_B480_natural_0_mesh_motions.pt,
p9ijo4bNOJI,p9ijo4bNOJI_0003_S877_E1173_L286_T0_R990_B656,p9ijo4bNOJI_0003_S877_E1173_L286_T0_R990_B656.wav,p9ijo4bNOJI_0003_S877_E1173_L286_T0_R990_B656.npz,p9ijo4bNOJI_0003_S877_E1173_L286_T0_R990_B656.npz,p9ijo4bNOJI_0003_S877_E1173_L286_T0_R990_B656_natural_0_mesh_motions.pt,
pBoDJqyONC4,pBoDJqyONC4_0002_S842_E1159_L522_T49_R810_B337,pBoDJqyONC4_0002_S842_E1159_L522_T49_R810_B337.wav,pBoDJqyONC4_0002_S842_E1159_L522_T49_R810_B337.npz,pBoDJqyONC4_0002_S842_E1159_L522_T49_R810_B337.npz,pBoDJqyONC4_0002_S842_E1159_L522_T49_R810_B337_natural_0_mesh_motions.pt,
pD9cAOBZDj4,pD9cAOBZDj4_0002_S544_E859_L307_T0_R1011_B672,pD9cAOBZDj4_0002_S544_E859_L307_T0_R1011_B672.wav,pD9cAOBZDj4_0002_S544_E859_L307_T0_R1011_B672.npz,pD9cAOBZDj4_0002_S544_E859_L307_T0_R1011_B672.npz,pD9cAOBZDj4_0002_S544_E859_L307_T0_R1011_B672_natural_0_mesh_motions.pt,
pDySXCjwXJg,pDySXCjwXJg_0000_S1532_E1938_L214_T0_R1110_B704,pDySXCjwXJg_0000_S1532_E1938_L214_T0_R1110_B704.wav,pDySXCjwXJg_0000_S1532_E1938_L214_T0_R1110_B704.npz,pDySXCjwXJg_0000_S1532_E1938_L214_T0_R1110_B704.npz,pDySXCjwXJg_0000_S1532_E1938_L214_T0_R1110_B704_natural_0_mesh_motions.pt,
pI1feWHeUq4,pI1feWHeUq4_0000_S3_E551_L408_T94_R808_B494,pI1feWHeUq4_0000_S3_E551_L408_T94_R808_B494.wav,pI1feWHeUq4_0000_S3_E551_L408_T94_R808_B494.npz,pI1feWHeUq4_0000_S3_E551_L408_T94_R808_B494.npz,pI1feWHeUq4_0000_S3_E551_L408_T94_R808_B494_natural_0_mesh_motions.pt,
pJznoC1fZ_U,pJznoC1fZ_U_0001_S924_E1205_L587_T178_R859_B450,pJznoC1fZ_U_0001_S924_E1205_L587_T178_R859_B450.wav,pJznoC1fZ_U_0001_S924_E1205_L587_T178_R859_B450.npz,pJznoC1fZ_U_0001_S924_E1205_L587_T178_R859_B450.npz,pJznoC1fZ_U_0001_S924_E1205_L587_T178_R859_B450_natural_0_mesh_motions.pt,
pKu6GJdrKOM,pKu6GJdrKOM_0003_S1074_E1475_L276_T85_R580_B389,pKu6GJdrKOM_0003_S1074_E1475_L276_T85_R580_B389.wav,pKu6GJdrKOM_0003_S1074_E1475_L276_T85_R580_B389.npz,pKu6GJdrKOM_0003_S1074_E1475_L276_T85_R580_B389.npz,pKu6GJdrKOM_0003_S1074_E1475_L276_T85_R580_B389_natural_0_mesh_motions.pt,
pL3u5ztU9kA,pL3u5ztU9kA_0003_S506_E808_L349_T69_R797_B517,pL3u5ztU9kA_0003_S506_E808_L349_T69_R797_B517.wav,pL3u5ztU9kA_0003_S506_E808_L349_T69_R797_B517.npz,pL3u5ztU9kA_0003_S506_E808_L349_T69_R797_B517.npz,pL3u5ztU9kA_0003_S506_E808_L349_T69_R797_B517_natural_0_mesh_motions.pt,
pQMiwYP8mq0,pQMiwYP8mq0_0071_S1143_E1398_L532_T96_R820_B384,pQMiwYP8mq0_0071_S1143_E1398_L532_T96_R820_B384.wav,pQMiwYP8mq0_0071_S1143_E1398_L532_T96_R820_B384.npz,pQMiwYP8mq0_0071_S1143_E1398_L532_T96_R820_B384.npz,pQMiwYP8mq0_0071_S1143_E1398_L532_T96_R820_B384_natural_0_mesh_motions.pt,
pSeYDrDjV48,pSeYDrDjV48_0000_S725_E1067_L196_T4_R804_B612,pSeYDrDjV48_0000_S725_E1067_L196_T4_R804_B612.wav,pSeYDrDjV48_0000_S725_E1067_L196_T4_R804_B612.npz,pSeYDrDjV48_0000_S725_E1067_L196_T4_R804_B612.npz,pSeYDrDjV48_0000_S725_E1067_L196_T4_R804_B612_natural_0_mesh_motions.pt,
pXg1P_wX79Q,pXg1P_wX79Q_0000_S1000_E1511_L494_T2_R958_B466,pXg1P_wX79Q_0000_S1000_E1511_L494_T2_R958_B466.wav,pXg1P_wX79Q_0000_S1000_E1511_L494_T2_R958_B466.npz,pXg1P_wX79Q_0000_S1000_E1511_L494_T2_R958_B466.npz,pXg1P_wX79Q_0000_S1000_E1511_L494_T2_R958_B466_natural_0_mesh_motions.pt,
pZ3OMf01xJs,pZ3OMf01xJs_0000_S1195_E1406_L263_T0_R1015_B704,pZ3OMf01xJs_0000_S1195_E1406_L263_T0_R1015_B704.wav,pZ3OMf01xJs_0000_S1195_E1406_L263_T0_R1015_B704.npz,pZ3OMf01xJs_0000_S1195_E1406_L263_T0_R1015_B704.npz,pZ3OMf01xJs_0000_S1195_E1406_L263_T0_R1015_B704_natural_0_mesh_motions.pt,
pb85Bw9sHY0,pb85Bw9sHY0_0000_S1221_E1530_L0_T0_R656_B624,pb85Bw9sHY0_0000_S1221_E1530_L0_T0_R656_B624.wav,pb85Bw9sHY0_0000_S1221_E1530_L0_T0_R656_B624.npz,pb85Bw9sHY0_0000_S1221_E1530_L0_T0_R656_B624.npz,pb85Bw9sHY0_0000_S1221_E1530_L0_T0_R656_B624_natural_0_mesh_motions.pt,
peYcx-xDiwg,peYcx-xDiwg_0000_S1201_E1484_L515_T18_R915_B418,peYcx-xDiwg_0000_S1201_E1484_L515_T18_R915_B418.wav,peYcx-xDiwg_0000_S1201_E1484_L515_T18_R915_B418.npz,peYcx-xDiwg_0000_S1201_E1484_L515_T18_R915_B418.npz,peYcx-xDiwg_0000_S1201_E1484_L515_T18_R915_B418_natural_0_mesh_motions.pt,
phnXyHYku8k,phnXyHYku8k_0000_S1172_E1466_L366_T112_R686_B432,phnXyHYku8k_0000_S1172_E1466_L366_T112_R686_B432.wav,phnXyHYku8k_0000_S1172_E1466_L366_T112_R686_B432.npz,phnXyHYku8k_0000_S1172_E1466_L366_T112_R686_B432.npz,phnXyHYku8k_0000_S1172_E1466_L366_T112_R686_B432_natural_0_mesh_motions.pt,
pidRKmq2iGI,pidRKmq2iGI_0000_S276_E731_L77_T2_R461_B386,pidRKmq2iGI_0000_S276_E731_L77_T2_R461_B386.wav,pidRKmq2iGI_0000_S276_E731_L77_T2_R461_B386.npz,pidRKmq2iGI_0000_S276_E731_L77_T2_R461_B386.npz,pidRKmq2iGI_0000_S276_E731_L77_T2_R461_B386_natural_0_mesh_motions.pt,
pk5WuA39qzc,pk5WuA39qzc_0000_S789_E1090_L238_T18_R830_B610,pk5WuA39qzc_0000_S789_E1090_L238_T18_R830_B610.wav,pk5WuA39qzc_0000_S789_E1090_L238_T18_R830_B610.npz,pk5WuA39qzc_0000_S789_E1090_L238_T18_R830_B610.npz,pk5WuA39qzc_0000_S789_E1090_L238_T18_R830_B610_natural_0_mesh_motions.pt,
pkSnKgRHjU8,pkSnKgRHjU8_0000_S1497_E1811_L672_T175_R1024_B527,pkSnKgRHjU8_0000_S1497_E1811_L672_T175_R1024_B527.wav,pkSnKgRHjU8_0000_S1497_E1811_L672_T175_R1024_B527.npz,pkSnKgRHjU8_0000_S1497_E1811_L672_T175_R1024_B527.npz,pkSnKgRHjU8_0000_S1497_E1811_L672_T175_R1024_B527_natural_0_mesh_motions.pt,
pnmOhTbhKhc,pnmOhTbhKhc_0011_S45_E410_L832_T31_R1136_B335,pnmOhTbhKhc_0011_S45_E410_L832_T31_R1136_B335.wav,pnmOhTbhKhc_0011_S45_E410_L832_T31_R1136_B335.npz,pnmOhTbhKhc_0011_S45_E410_L832_T31_R1136_B335.npz,pnmOhTbhKhc_0011_S45_E410_L832_T31_R1136_B335_natural_0_mesh_motions.pt,
pru-95YczT4,pru-95YczT4_0000_S1151_E1535_L257_T0_R1041_B656,pru-95YczT4_0000_S1151_E1535_L257_T0_R1041_B656.wav,pru-95YczT4_0000_S1151_E1535_L257_T0_R1041_B656.npz,pru-95YczT4_0000_S1151_E1535_L257_T0_R1041_B656.npz,pru-95YczT4_0000_S1151_E1535_L257_T0_R1041_B656_natural_0_mesh_motions.pt,
psfAc33Ok94,psfAc33Ok94_0005_S1273_E1795_L578_T0_R898_B288,psfAc33Ok94_0005_S1273_E1795_L578_T0_R898_B288.wav,psfAc33Ok94_0005_S1273_E1795_L578_T0_R898_B288.npz,psfAc33Ok94_0005_S1273_E1795_L578_T0_R898_B288.npz,psfAc33Ok94_0005_S1273_E1795_L578_T0_R898_B288_natural_0_mesh_motions.pt,
puZZoKkv2Nk,puZZoKkv2Nk_0001_S0_E229_L589_T49_R1021_B481,puZZoKkv2Nk_0001_S0_E229_L589_T49_R1021_B481.wav,puZZoKkv2Nk_0001_S0_E229_L589_T49_R1021_B481.npz,puZZoKkv2Nk_0001_S0_E229_L589_T49_R1021_B481.npz,puZZoKkv2Nk_0001_S0_E229_L589_T49_R1021_B481_natural_0_mesh_motions.pt,
pzev9CB3vuM,pzev9CB3vuM_0017_S819_E1079_L644_T124_R948_B428,pzev9CB3vuM_0017_S819_E1079_L644_T124_R948_B428.wav,pzev9CB3vuM_0017_S819_E1079_L644_T124_R948_B428.npz,pzev9CB3vuM_0017_S819_E1079_L644_T124_R948_B428.npz,pzev9CB3vuM_0017_S819_E1079_L644_T124_R948_B428_natural_0_mesh_motions.pt,
q1NTjsXYpK0,q1NTjsXYpK0_0005_S952_E1348_L156_T149_R444_B437,q1NTjsXYpK0_0005_S952_E1348_L156_T149_R444_B437.wav,q1NTjsXYpK0_0005_S952_E1348_L156_T149_R444_B437.npz,q1NTjsXYpK0_0005_S952_E1348_L156_T149_R444_B437.npz,q1NTjsXYpK0_0005_S952_E1348_L156_T149_R444_B437_natural_0_mesh_motions.pt,
q3kU8MyAHhE,q3kU8MyAHhE_0000_S968_E1169_L31_T0_R655_B608,q3kU8MyAHhE_0000_S968_E1169_L31_T0_R655_B608.wav,q3kU8MyAHhE_0000_S968_E1169_L31_T0_R655_B608.npz,q3kU8MyAHhE_0000_S968_E1169_L31_T0_R655_B608.npz,q3kU8MyAHhE_0000_S968_E1169_L31_T0_R655_B608_natural_0_mesh_motions.pt,
q5uELNh_Fro,q5uELNh_Fro_0007_S1049_E1311_L0_T0_R896_B704,q5uELNh_Fro_0007_S1049_E1311_L0_T0_R896_B704.wav,q5uELNh_Fro_0007_S1049_E1311_L0_T0_R896_B704.npz,q5uELNh_Fro_0007_S1049_E1311_L0_T0_R896_B704.npz,q5uELNh_Fro_0007_S1049_E1311_L0_T0_R896_B704_natural_0_mesh_motions.pt,
q6irtmJxniE,q6irtmJxniE_0001_S877_E1108_L497_T26_R753_B282,q6irtmJxniE_0001_S877_E1108_L497_T26_R753_B282.wav,q6irtmJxniE_0001_S877_E1108_L497_T26_R753_B282.npz,q6irtmJxniE_0001_S877_E1108_L497_T26_R753_B282.npz,q6irtmJxniE_0001_S877_E1108_L497_T26_R753_B282_natural_0_mesh_motions.pt,
q7Pfap5IRMc,q7Pfap5IRMc_0006_S1133_E1404_L580_T15_R1124_B559,q7Pfap5IRMc_0006_S1133_E1404_L580_T15_R1124_B559.wav,q7Pfap5IRMc_0006_S1133_E1404_L580_T15_R1124_B559.npz,q7Pfap5IRMc_0006_S1133_E1404_L580_T15_R1124_B559.npz,q7Pfap5IRMc_0006_S1133_E1404_L580_T15_R1124_B559_natural_0_mesh_motions.pt,
q7qZd-5PQec,q7qZd-5PQec_0000_S1499_E1799_L310_T0_R998_B672,q7qZd-5PQec_0000_S1499_E1799_L310_T0_R998_B672.wav,q7qZd-5PQec_0000_S1499_E1799_L310_T0_R998_B672.npz,q7qZd-5PQec_0000_S1499_E1799_L310_T0_R998_B672.npz,q7qZd-5PQec_0000_S1499_E1799_L310_T0_R998_B672_natural_0_mesh_motions.pt,
qEHexC4KaLA,qEHexC4KaLA_0002_S128_E450_L538_T0_R810_B176,qEHexC4KaLA_0002_S128_E450_L538_T0_R810_B176.wav,qEHexC4KaLA_0002_S128_E450_L538_T0_R810_B176.npz,qEHexC4KaLA_0002_S128_E450_L538_T0_R810_B176.npz,qEHexC4KaLA_0002_S128_E450_L538_T0_R810_B176_natural_0_mesh_motions.pt,
qGl8JMXmwL0,qGl8JMXmwL0_0000_S1256_E1504_L408_T48_R936_B576,qGl8JMXmwL0_0000_S1256_E1504_L408_T48_R936_B576.wav,qGl8JMXmwL0_0000_S1256_E1504_L408_T48_R936_B576.npz,qGl8JMXmwL0_0000_S1256_E1504_L408_T48_R936_B576.npz,qGl8JMXmwL0_0000_S1256_E1504_L408_T48_R936_B576_natural_0_mesh_motions.pt,
qKnrUrYLlj0,qKnrUrYLlj0_0001_S241_E490_L458_T2_R858_B402,qKnrUrYLlj0_0001_S241_E490_L458_T2_R858_B402.wav,qKnrUrYLlj0_0001_S241_E490_L458_T2_R858_B402.npz,qKnrUrYLlj0_0001_S241_E490_L458_T2_R858_B402.npz,qKnrUrYLlj0_0001_S241_E490_L458_T2_R858_B402_natural_0_mesh_motions.pt,
qMroyKN05zQ,qMroyKN05zQ_0031_S1315_E1713_L638_T38_R1022_B422,qMroyKN05zQ_0031_S1315_E1713_L638_T38_R1022_B422.wav,qMroyKN05zQ_0031_S1315_E1713_L638_T38_R1022_B422.npz,qMroyKN05zQ_0031_S1315_E1713_L638_T38_R1022_B422.npz,qMroyKN05zQ_0031_S1315_E1713_L638_T38_R1022_B422_natural_0_mesh_motions.pt,
qWd6VN9sseU,qWd6VN9sseU_0002_S483_E770_L356_T72_R756_B472,qWd6VN9sseU_0002_S483_E770_L356_T72_R756_B472.wav,qWd6VN9sseU_0002_S483_E770_L356_T72_R756_B472.npz,qWd6VN9sseU_0002_S483_E770_L356_T72_R756_B472.npz,qWd6VN9sseU_0002_S483_E770_L356_T72_R756_B472_natural_0_mesh_motions.pt,
qXBgNj7d2aI,qXBgNj7d2aI_0019_S528_E1149_L141_T0_R733_B448,qXBgNj7d2aI_0019_S528_E1149_L141_T0_R733_B448.wav,qXBgNj7d2aI_0019_S528_E1149_L141_T0_R733_B448.npz,qXBgNj7d2aI_0019_S528_E1149_L141_T0_R733_B448.npz,qXBgNj7d2aI_0019_S528_E1149_L141_T0_R733_B448_natural_0_mesh_motions.pt,
qYW_VBZoTsM,qYW_VBZoTsM_0001_S1174_E1420_L836_T119_R1092_B375,qYW_VBZoTsM_0001_S1174_E1420_L836_T119_R1092_B375.wav,qYW_VBZoTsM_0001_S1174_E1420_L836_T119_R1092_B375.npz,qYW_VBZoTsM_0001_S1174_E1420_L836_T119_R1092_B375.npz,qYW_VBZoTsM_0001_S1174_E1420_L836_T119_R1092_B375_natural_0_mesh_motions.pt,
q_EJdzfnPSg,q_EJdzfnPSg_0000_S3_E236_L315_T0_R955_B608,q_EJdzfnPSg_0000_S3_E236_L315_T0_R955_B608.wav,q_EJdzfnPSg_0000_S3_E236_L315_T0_R955_B608.npz,q_EJdzfnPSg_0000_S3_E236_L315_T0_R955_B608.npz,q_EJdzfnPSg_0000_S3_E236_L315_T0_R955_B608_natural_0_mesh_motions.pt,
qatNSkb_O3Y,qatNSkb_O3Y_0003_S1169_E1392_L393_T46_R841_B494,qatNSkb_O3Y_0003_S1169_E1392_L393_T46_R841_B494.wav,qatNSkb_O3Y_0003_S1169_E1392_L393_T46_R841_B494.npz,qatNSkb_O3Y_0003_S1169_E1392_L393_T46_R841_B494.npz,qatNSkb_O3Y_0003_S1169_E1392_L393_T46_R841_B494_natural_0_mesh_motions.pt,
qav1y7G15JQ,qav1y7G15JQ_0002_S58_E321_L226_T10_R690_B474,qav1y7G15JQ_0002_S58_E321_L226_T10_R690_B474.wav,qav1y7G15JQ_0002_S58_E321_L226_T10_R690_B474.npz,qav1y7G15JQ_0002_S58_E321_L226_T10_R690_B474.npz,qav1y7G15JQ_0002_S58_E321_L226_T10_R690_B474_natural_0_mesh_motions.pt,
qj63Fyah8Jw,qj63Fyah8Jw_0000_S1239_E1616_L473_T35_R809_B371,qj63Fyah8Jw_0000_S1239_E1616_L473_T35_R809_B371.wav,qj63Fyah8Jw_0000_S1239_E1616_L473_T35_R809_B371.npz,qj63Fyah8Jw_0000_S1239_E1616_L473_T35_R809_B371.npz,qj63Fyah8Jw_0000_S1239_E1616_L473_T35_R809_B371_natural_0_mesh_motions.pt,
qmwgjonregk,qmwgjonregk_0028_S110_E566_L522_T120_R778_B376,qmwgjonregk_0028_S110_E566_L522_T120_R778_B376.wav,qmwgjonregk_0028_S110_E566_L522_T120_R778_B376.npz,qmwgjonregk_0028_S110_E566_L522_T120_R778_B376.npz,qmwgjonregk_0028_S110_E566_L522_T120_R778_B376_natural_0_mesh_motions.pt,
qnboyP15mi8,qnboyP15mi8_0003_S565_E758_L203_T0_R939_B688,qnboyP15mi8_0003_S565_E758_L203_T0_R939_B688.wav,qnboyP15mi8_0003_S565_E758_L203_T0_R939_B688.npz,qnboyP15mi8_0003_S565_E758_L203_T0_R939_B688.npz,qnboyP15mi8_0003_S565_E758_L203_T0_R939_B688_natural_0_mesh_motions.pt,
qo_ZzjhbWLk,qo_ZzjhbWLk_0004_S1405_E1919_L274_T14_R818_B558,qo_ZzjhbWLk_0004_S1405_E1919_L274_T14_R818_B558.wav,qo_ZzjhbWLk_0004_S1405_E1919_L274_T14_R818_B558.npz,qo_ZzjhbWLk_0004_S1405_E1919_L274_T14_R818_B558.npz,qo_ZzjhbWLk_0004_S1405_E1919_L274_T14_R818_B558_natural_0_mesh_motions.pt,
qrmmPQC6o4I,qrmmPQC6o4I_0000_S100_E303_L446_T104_R958_B616,qrmmPQC6o4I_0000_S100_E303_L446_T104_R958_B616.wav,qrmmPQC6o4I_0000_S100_E303_L446_T104_R958_B616.npz,qrmmPQC6o4I_0000_S100_E303_L446_T104_R958_B616.npz,qrmmPQC6o4I_0000_S100_E303_L446_T104_R958_B616_natural_0_mesh_motions.pt,
r28QlaYxRDY,r28QlaYxRDY_0001_S193_E461_L390_T0_R790_B400,r28QlaYxRDY_0001_S193_E461_L390_T0_R790_B400.wav,r28QlaYxRDY_0001_S193_E461_L390_T0_R790_B400.npz,r28QlaYxRDY_0001_S193_E461_L390_T0_R790_B400.npz,r28QlaYxRDY_0001_S193_E461_L390_T0_R790_B400_natural_0_mesh_motions.pt,
r2vFxIWtQ-E,r2vFxIWtQ-E_0002_S1131_E1592_L505_T79_R777_B351,r2vFxIWtQ-E_0002_S1131_E1592_L505_T79_R777_B351.wav,r2vFxIWtQ-E_0002_S1131_E1592_L505_T79_R777_B351.npz,r2vFxIWtQ-E_0002_S1131_E1592_L505_T79_R777_B351.npz,r2vFxIWtQ-E_0002_S1131_E1592_L505_T79_R777_B351_natural_0_mesh_motions.pt,
r40wnEAEozQ,r40wnEAEozQ_0000_S660_E1060_L206_T37_R718_B549,r40wnEAEozQ_0000_S660_E1060_L206_T37_R718_B549.wav,r40wnEAEozQ_0000_S660_E1060_L206_T37_R718_B549.npz,r40wnEAEozQ_0000_S660_E1060_L206_T37_R718_B549.npz,r40wnEAEozQ_0000_S660_E1060_L206_T37_R718_B549_natural_0_mesh_motions.pt,
r6xt8HZy1-k,r6xt8HZy1-k_0000_S974_E1439_L340_T0_R836_B384,r6xt8HZy1-k_0000_S974_E1439_L340_T0_R836_B384.wav,r6xt8HZy1-k_0000_S974_E1439_L340_T0_R836_B384.npz,r6xt8HZy1-k_0000_S974_E1439_L340_T0_R836_B384.npz,r6xt8HZy1-k_0000_S974_E1439_L340_T0_R836_B384_natural_0_mesh_motions.pt,
rA2g4mWai58,rA2g4mWai58_0000_S1325_E1532_L380_T81_R892_B593,rA2g4mWai58_0000_S1325_E1532_L380_T81_R892_B593.wav,rA2g4mWai58_0000_S1325_E1532_L380_T81_R892_B593.npz,rA2g4mWai58_0000_S1325_E1532_L380_T81_R892_B593.npz,rA2g4mWai58_0000_S1325_E1532_L380_T81_R892_B593_natural_0_mesh_motions.pt,
rA4jmcefefQ,rA4jmcefefQ_0215_S0_E642_L269_T0_R813_B512,rA4jmcefefQ_0215_S0_E642_L269_T0_R813_B512.wav,rA4jmcefefQ_0215_S0_E642_L269_T0_R813_B512.npz,rA4jmcefefQ_0215_S0_E642_L269_T0_R813_B512.npz,rA4jmcefefQ_0215_S0_E642_L269_T0_R813_B512_natural_0_mesh_motions.pt,
rAnvXFlvV3M,rAnvXFlvV3M_0000_S1023_E1374_L313_T0_R889_B560,rAnvXFlvV3M_0000_S1023_E1374_L313_T0_R889_B560.wav,rAnvXFlvV3M_0000_S1023_E1374_L313_T0_R889_B560.npz,rAnvXFlvV3M_0000_S1023_E1374_L313_T0_R889_B560.npz,rAnvXFlvV3M_0000_S1023_E1374_L313_T0_R889_B560_natural_0_mesh_motions.pt,
rEJBmcJlEy0,rEJBmcJlEy0_0000_S1576_E1839_L411_T37_R795_B421,rEJBmcJlEy0_0000_S1576_E1839_L411_T37_R795_B421.wav,rEJBmcJlEy0_0000_S1576_E1839_L411_T37_R795_B421.npz,rEJBmcJlEy0_0000_S1576_E1839_L411_T37_R795_B421.npz,rEJBmcJlEy0_0000_S1576_E1839_L411_T37_R795_B421_natural_0_mesh_motions.pt,
rFEg1iwdHBM,rFEg1iwdHBM_0000_S1050_E1527_L288_T0_R960_B640,rFEg1iwdHBM_0000_S1050_E1527_L288_T0_R960_B640.wav,rFEg1iwdHBM_0000_S1050_E1527_L288_T0_R960_B640.npz,rFEg1iwdHBM_0000_S1050_E1527_L288_T0_R960_B640.npz,rFEg1iwdHBM_0000_S1050_E1527_L288_T0_R960_B640_natural_0_mesh_motions.pt,
rFOs4b_WTYY,rFOs4b_WTYY_0006_S1140_E1437_L765_T92_R1053_B380,rFOs4b_WTYY_0006_S1140_E1437_L765_T92_R1053_B380.wav,rFOs4b_WTYY_0006_S1140_E1437_L765_T92_R1053_B380.npz,rFOs4b_WTYY_0006_S1140_E1437_L765_T92_R1053_B380.npz,rFOs4b_WTYY_0006_S1140_E1437_L765_T92_R1053_B380_natural_0_mesh_motions.pt,
rGqAwF16IOk,rGqAwF16IOk_0000_S1233_E1814_L339_T92_R611_B364,rGqAwF16IOk_0000_S1233_E1814_L339_T92_R611_B364.wav,rGqAwF16IOk_0000_S1233_E1814_L339_T92_R611_B364.npz,rGqAwF16IOk_0000_S1233_E1814_L339_T92_R611_B364.npz,rGqAwF16IOk_0000_S1233_E1814_L339_T92_R611_B364_natural_0_mesh_motions.pt,
rHZlSM-m_Xo,rHZlSM-m_Xo_0010_S1089_E1341_L371_T89_R739_B457,rHZlSM-m_Xo_0010_S1089_E1341_L371_T89_R739_B457.wav,rHZlSM-m_Xo_0010_S1089_E1341_L371_T89_R739_B457.npz,rHZlSM-m_Xo_0010_S1089_E1341_L371_T89_R739_B457.npz,rHZlSM-m_Xo_0010_S1089_E1341_L371_T89_R739_B457_natural_0_mesh_motions.pt,
rHgcNbOwnas,rHgcNbOwnas_0000_S134_E857_L391_T37_R967_B613,rHgcNbOwnas_0000_S134_E857_L391_T37_R967_B613.wav,rHgcNbOwnas_0000_S134_E857_L391_T37_R967_B613.npz,rHgcNbOwnas_0000_S134_E857_L391_T37_R967_B613.npz,rHgcNbOwnas_0000_S134_E857_L391_T37_R967_B613_natural_0_mesh_motions.pt,
rI8ccs3k0kE,rI8ccs3k0kE_0011_S166_E538_L198_T66_R534_B402,rI8ccs3k0kE_0011_S166_E538_L198_T66_R534_B402.wav,rI8ccs3k0kE_0011_S166_E538_L198_T66_R534_B402.npz,rI8ccs3k0kE_0011_S166_E538_L198_T66_R534_B402.npz,rI8ccs3k0kE_0011_S166_E538_L198_T66_R534_B402_natural_0_mesh_motions.pt,
rJXB9VhK1eM,rJXB9VhK1eM_0000_S341_E744_L403_T59_R947_B603,rJXB9VhK1eM_0000_S341_E744_L403_T59_R947_B603.wav,rJXB9VhK1eM_0000_S341_E744_L403_T59_R947_B603.npz,rJXB9VhK1eM_0000_S341_E744_L403_T59_R947_B603.npz,rJXB9VhK1eM_0000_S341_E744_L403_T59_R947_B603_natural_0_mesh_motions.pt,
rJc0Pf2B7Mg,rJc0Pf2B7Mg_0000_S62_E441_L437_T16_R837_B416,rJc0Pf2B7Mg_0000_S62_E441_L437_T16_R837_B416.wav,rJc0Pf2B7Mg_0000_S62_E441_L437_T16_R837_B416.npz,rJc0Pf2B7Mg_0000_S62_E441_L437_T16_R837_B416.npz,rJc0Pf2B7Mg_0000_S62_E441_L437_T16_R837_B416_natural_0_mesh_motions.pt,
rKvnvavLhKg,rKvnvavLhKg_0006_S459_E755_L508_T9_R860_B361,rKvnvavLhKg_0006_S459_E755_L508_T9_R860_B361.wav,rKvnvavLhKg_0006_S459_E755_L508_T9_R860_B361.npz,rKvnvavLhKg_0006_S459_E755_L508_T9_R860_B361.npz,rKvnvavLhKg_0006_S459_E755_L508_T9_R860_B361_natural_0_mesh_motions.pt,
rLUoN3LY6Fk,rLUoN3LY6Fk_0000_S4_E399_L556_T0_R940_B352,rLUoN3LY6Fk_0000_S4_E399_L556_T0_R940_B352.wav,rLUoN3LY6Fk_0000_S4_E399_L556_T0_R940_B352.npz,rLUoN3LY6Fk_0000_S4_E399_L556_T0_R940_B352.npz,rLUoN3LY6Fk_0000_S4_E399_L556_T0_R940_B352_natural_0_mesh_motions.pt,
rLnNaewOAbY,rLnNaewOAbY_0000_S1546_E1910_L499_T30_R787_B318,rLnNaewOAbY_0000_S1546_E1910_L499_T30_R787_B318.wav,rLnNaewOAbY_0000_S1546_E1910_L499_T30_R787_B318.npz,rLnNaewOAbY_0000_S1546_E1910_L499_T30_R787_B318.npz,rLnNaewOAbY_0000_S1546_E1910_L499_T30_R787_B318_natural_0_mesh_motions.pt,
rNqiDGKZiZE,rNqiDGKZiZE_0000_S1073_E1434_L482_T87_R962_B567,rNqiDGKZiZE_0000_S1073_E1434_L482_T87_R962_B567.wav,rNqiDGKZiZE_0000_S1073_E1434_L482_T87_R962_B567.npz,rNqiDGKZiZE_0000_S1073_E1434_L482_T87_R962_B567.npz,rNqiDGKZiZE_0000_S1073_E1434_L482_T87_R962_B567_natural_0_mesh_motions.pt,
rPa_Q-v7iPU,rPa_Q-v7iPU_0000_S1099_E1466_L407_T38_R855_B486,rPa_Q-v7iPU_0000_S1099_E1466_L407_T38_R855_B486.wav,rPa_Q-v7iPU_0000_S1099_E1466_L407_T38_R855_B486.npz,rPa_Q-v7iPU_0000_S1099_E1466_L407_T38_R855_B486.npz,rPa_Q-v7iPU_0000_S1099_E1466_L407_T38_R855_B486_natural_0_mesh_motions.pt,
rRexKBeW-LY,rRexKBeW-LY_0002_S745_E1016_L410_T56_R762_B408,rRexKBeW-LY_0002_S745_E1016_L410_T56_R762_B408.wav,rRexKBeW-LY_0002_S745_E1016_L410_T56_R762_B408.npz,rRexKBeW-LY_0002_S745_E1016_L410_T56_R762_B408.npz,rRexKBeW-LY_0002_S745_E1016_L410_T56_R762_B408_natural_0_mesh_motions.pt,
rS8oFARouuA,rS8oFARouuA_0003_S928_E1407_L385_T10_R881_B506,rS8oFARouuA_0003_S928_E1407_L385_T10_R881_B506.wav,rS8oFARouuA_0003_S928_E1407_L385_T10_R881_B506.npz,rS8oFARouuA_0003_S928_E1407_L385_T10_R881_B506.npz,rS8oFARouuA_0003_S928_E1407_L385_T10_R881_B506_natural_0_mesh_motions.pt,
rTgVxBHEKJY,rTgVxBHEKJY_0001_S832_E1167_L477_T0_R1101_B592,rTgVxBHEKJY_0001_S832_E1167_L477_T0_R1101_B592.wav,rTgVxBHEKJY_0001_S832_E1167_L477_T0_R1101_B592.npz,rTgVxBHEKJY_0001_S832_E1167_L477_T0_R1101_B592.npz,rTgVxBHEKJY_0001_S832_E1167_L477_T0_R1101_B592_natural_0_mesh_motions.pt,
rWMEyWjaDug,rWMEyWjaDug_0003_S1428_E1846_L111_T178_R367_B434,rWMEyWjaDug_0003_S1428_E1846_L111_T178_R367_B434.wav,rWMEyWjaDug_0003_S1428_E1846_L111_T178_R367_B434.npz,rWMEyWjaDug_0003_S1428_E1846_L111_T178_R367_B434.npz,rWMEyWjaDug_0003_S1428_E1846_L111_T178_R367_B434_natural_0_mesh_motions.pt,
rfzHohoFoZc,rfzHohoFoZc_0008_S437_E978_L520_T84_R776_B340,rfzHohoFoZc_0008_S437_E978_L520_T84_R776_B340.wav,rfzHohoFoZc_0008_S437_E978_L520_T84_R776_B340.npz,rfzHohoFoZc_0008_S437_E978_L520_T84_R776_B340.npz,rfzHohoFoZc_0008_S437_E978_L520_T84_R776_B340_natural_0_mesh_motions.pt,
rhFDM4YtAjM,rhFDM4YtAjM_0004_S0_E270_L358_T0_R822_B432,rhFDM4YtAjM_0004_S0_E270_L358_T0_R822_B432.wav,rhFDM4YtAjM_0004_S0_E270_L358_T0_R822_B432.npz,rhFDM4YtAjM_0004_S0_E270_L358_T0_R822_B432.npz,rhFDM4YtAjM_0004_S0_E270_L358_T0_R822_B432_natural_0_mesh_motions.pt,
rjjFQ6onAJM,rjjFQ6onAJM_0002_S89_E309_L600_T67_R936_B403,rjjFQ6onAJM_0002_S89_E309_L600_T67_R936_B403.wav,rjjFQ6onAJM_0002_S89_E309_L600_T67_R936_B403.npz,rjjFQ6onAJM_0002_S89_E309_L600_T67_R936_B403.npz,rjjFQ6onAJM_0002_S89_E309_L600_T67_R936_B403_natural_0_mesh_motions.pt,
rjlNd5leBDY,rjlNd5leBDY_0001_S480_E751_L304_T6_R864_B566,rjlNd5leBDY_0001_S480_E751_L304_T6_R864_B566.wav,rjlNd5leBDY_0001_S480_E751_L304_T6_R864_B566.npz,rjlNd5leBDY_0001_S480_E751_L304_T6_R864_B566.npz,rjlNd5leBDY_0001_S480_E751_L304_T6_R864_B566_natural_0_mesh_motions.pt,
rl4qZtDSLCs,rl4qZtDSLCs_0000_S1461_E1855_L625_T12_R945_B332,rl4qZtDSLCs_0000_S1461_E1855_L625_T12_R945_B332.wav,rl4qZtDSLCs_0000_S1461_E1855_L625_T12_R945_B332.npz,rl4qZtDSLCs_0000_S1461_E1855_L625_T12_R945_B332.npz,rl4qZtDSLCs_0000_S1461_E1855_L625_T12_R945_B332_natural_0_mesh_motions.pt,
rl6K4-2q4JI,rl6K4-2q4JI_0002_S108_E351_L631_T21_R1079_B469,rl6K4-2q4JI_0002_S108_E351_L631_T21_R1079_B469.wav,rl6K4-2q4JI_0002_S108_E351_L631_T21_R1079_B469.npz,rl6K4-2q4JI_0002_S108_E351_L631_T21_R1079_B469.npz,rl6K4-2q4JI_0002_S108_E351_L631_T21_R1079_B469_natural_0_mesh_motions.pt,
rnzWJv_L13Y,rnzWJv_L13Y_0014_S995_E1407_L267_T141_R651_B525,rnzWJv_L13Y_0014_S995_E1407_L267_T141_R651_B525.wav,rnzWJv_L13Y_0014_S995_E1407_L267_T141_R651_B525.npz,rnzWJv_L13Y_0014_S995_E1407_L267_T141_R651_B525.npz,rnzWJv_L13Y_0014_S995_E1407_L267_T141_R651_B525_natural_0_mesh_motions.pt,
rqqgH8fMsOs,rqqgH8fMsOs_0000_S1176_E1919_L416_T30_R848_B462,rqqgH8fMsOs_0000_S1176_E1919_L416_T30_R848_B462.wav,rqqgH8fMsOs_0000_S1176_E1919_L416_T30_R848_B462.npz,rqqgH8fMsOs_0000_S1176_E1919_L416_T30_R848_B462.npz,rqqgH8fMsOs_0000_S1176_E1919_L416_T30_R848_B462_natural_0_mesh_motions.pt,
ruAnF4N_8y4,ruAnF4N_8y4_0000_S932_E1439_L394_T17_R842_B465,ruAnF4N_8y4_0000_S932_E1439_L394_T17_R842_B465.wav,ruAnF4N_8y4_0000_S932_E1439_L394_T17_R842_B465.npz,ruAnF4N_8y4_0000_S932_E1439_L394_T17_R842_B465.npz,ruAnF4N_8y4_0000_S932_E1439_L394_T17_R842_B465_natural_0_mesh_motions.pt,
rw0AUfItOss,rw0AUfItOss_0008_S626_E893_L291_T9_R627_B345,rw0AUfItOss_0008_S626_E893_L291_T9_R627_B345.wav,rw0AUfItOss_0008_S626_E893_L291_T9_R627_B345.npz,rw0AUfItOss_0008_S626_E893_L291_T9_R627_B345.npz,rw0AUfItOss_0008_S626_E893_L291_T9_R627_B345_natural_0_mesh_motions.pt,
ryJxN-ZRAGk,ryJxN-ZRAGk_0015_S1252_E1478_L367_T1_R815_B449,ryJxN-ZRAGk_0015_S1252_E1478_L367_T1_R815_B449.wav,ryJxN-ZRAGk_0015_S1252_E1478_L367_T1_R815_B449.npz,ryJxN-ZRAGk_0015_S1252_E1478_L367_T1_R815_B449.npz,ryJxN-ZRAGk_0015_S1252_E1478_L367_T1_R815_B449_natural_0_mesh_motions.pt,
rztwo4iUnqo,rztwo4iUnqo_0010_S469_E663_L160_T13_R592_B445,rztwo4iUnqo_0010_S469_E663_L160_T13_R592_B445.wav,rztwo4iUnqo_0010_S469_E663_L160_T13_R592_B445.npz,rztwo4iUnqo_0010_S469_E663_L160_T13_R592_B445.npz,rztwo4iUnqo_0010_S469_E663_L160_T13_R592_B445_natural_0_mesh_motions.pt,
s1QCigF6JOg,s1QCigF6JOg_0005_S315_E806_L368_T0_R928_B512,s1QCigF6JOg_0005_S315_E806_L368_T0_R928_B512.wav,s1QCigF6JOg_0005_S315_E806_L368_T0_R928_B512.npz,s1QCigF6JOg_0005_S315_E806_L368_T0_R928_B512.npz,s1QCigF6JOg_0005_S315_E806_L368_T0_R928_B512_natural_0_mesh_motions.pt,
s4b9dN-X32Q,s4b9dN-X32Q_0002_S0_E309_L626_T2_R994_B370,s4b9dN-X32Q_0002_S0_E309_L626_T2_R994_B370.wav,s4b9dN-X32Q_0002_S0_E309_L626_T2_R994_B370.npz,s4b9dN-X32Q_0002_S0_E309_L626_T2_R994_B370.npz,s4b9dN-X32Q_0002_S0_E309_L626_T2_R994_B370_natural_0_mesh_motions.pt,
s5eZtpsX2Uw,s5eZtpsX2Uw_0000_S737_E1035_L470_T10_R822_B362,s5eZtpsX2Uw_0000_S737_E1035_L470_T10_R822_B362.wav,s5eZtpsX2Uw_0000_S737_E1035_L470_T10_R822_B362.npz,s5eZtpsX2Uw_0000_S737_E1035_L470_T10_R822_B362.npz,s5eZtpsX2Uw_0000_S737_E1035_L470_T10_R822_B362_natural_0_mesh_motions.pt,
s6LlkCsQSq0,s6LlkCsQSq0_0000_S1323_E1535_L463_T21_R1039_B597,s6LlkCsQSq0_0000_S1323_E1535_L463_T21_R1039_B597.wav,s6LlkCsQSq0_0000_S1323_E1535_L463_T21_R1039_B597.npz,s6LlkCsQSq0_0000_S1323_E1535_L463_T21_R1039_B597.npz,s6LlkCsQSq0_0000_S1323_E1535_L463_T21_R1039_B597_natural_0_mesh_motions.pt,
s9aNVQP9Bi8,s9aNVQP9Bi8_0000_S0_E194_L304_T46_R656_B398,s9aNVQP9Bi8_0000_S0_E194_L304_T46_R656_B398.wav,s9aNVQP9Bi8_0000_S0_E194_L304_T46_R656_B398.npz,s9aNVQP9Bi8_0000_S0_E194_L304_T46_R656_B398.npz,s9aNVQP9Bi8_0000_S0_E194_L304_T46_R656_B398_natural_0_mesh_motions.pt,
sCk_3RNWdZI,sCk_3RNWdZI_0000_S284_E747_L348_T0_R1068_B688,sCk_3RNWdZI_0000_S284_E747_L348_T0_R1068_B688.wav,sCk_3RNWdZI_0000_S284_E747_L348_T0_R1068_B688.npz,sCk_3RNWdZI_0000_S284_E747_L348_T0_R1068_B688.npz,sCk_3RNWdZI_0000_S284_E747_L348_T0_R1068_B688_natural_0_mesh_motions.pt,
sEnf_XAMuso,sEnf_XAMuso_0001_S1366_E1704_L773_T0_R1269_B560,sEnf_XAMuso_0001_S1366_E1704_L773_T0_R1269_B560.wav,sEnf_XAMuso_0001_S1366_E1704_L773_T0_R1269_B560.npz,sEnf_XAMuso_0001_S1366_E1704_L773_T0_R1269_B560.npz,sEnf_XAMuso_0001_S1366_E1704_L773_T0_R1269_B560_natural_0_mesh_motions.pt,
sGvmS07G46I,sGvmS07G46I_0000_S869_E1125_L810_T72_R1274_B536,sGvmS07G46I_0000_S869_E1125_L810_T72_R1274_B536.wav,sGvmS07G46I_0000_S869_E1125_L810_T72_R1274_B536.npz,sGvmS07G46I_0000_S869_E1125_L810_T72_R1274_B536.npz,sGvmS07G46I_0000_S869_E1125_L810_T72_R1274_B536_natural_0_mesh_motions.pt,
sIesHZHrHck,sIesHZHrHck_0005_S1075_E1349_L468_T73_R820_B425,sIesHZHrHck_0005_S1075_E1349_L468_T73_R820_B425.wav,sIesHZHrHck_0005_S1075_E1349_L468_T73_R820_B425.npz,sIesHZHrHck_0005_S1075_E1349_L468_T73_R820_B425.npz,sIesHZHrHck_0005_S1075_E1349_L468_T73_R820_B425_natural_0_mesh_motions.pt,
sKFiaAcqTMY,sKFiaAcqTMY_0000_S1270_E1523_L713_T67_R1001_B355,sKFiaAcqTMY_0000_S1270_E1523_L713_T67_R1001_B355.wav,sKFiaAcqTMY_0000_S1270_E1523_L713_T67_R1001_B355.npz,sKFiaAcqTMY_0000_S1270_E1523_L713_T67_R1001_B355.npz,sKFiaAcqTMY_0000_S1270_E1523_L713_T67_R1001_B355_natural_0_mesh_motions.pt,
sS7O_qMN_pM,sS7O_qMN_pM_0001_S1090_E1795_L0_T44_R192_B332,sS7O_qMN_pM_0001_S1090_E1795_L0_T44_R192_B332.wav,sS7O_qMN_pM_0001_S1090_E1795_L0_T44_R192_B332.npz,sS7O_qMN_pM_0001_S1090_E1795_L0_T44_R192_B332.npz,sS7O_qMN_pM_0001_S1090_E1795_L0_T44_R192_B332_natural_0_mesh_motions.pt,
sSrSorPjUvU,sSrSorPjUvU_0001_S343_E721_L507_T132_R779_B404,sSrSorPjUvU_0001_S343_E721_L507_T132_R779_B404.wav,sSrSorPjUvU_0001_S343_E721_L507_T132_R779_B404.npz,sSrSorPjUvU_0001_S343_E721_L507_T132_R779_B404.npz,sSrSorPjUvU_0001_S343_E721_L507_T132_R779_B404_natural_0_mesh_motions.pt,
sTKAL3OfgSQ,sTKAL3OfgSQ_0002_S1086_E1333_L406_T104_R902_B600,sTKAL3OfgSQ_0002_S1086_E1333_L406_T104_R902_B600.wav,sTKAL3OfgSQ_0002_S1086_E1333_L406_T104_R902_B600.npz,sTKAL3OfgSQ_0002_S1086_E1333_L406_T104_R902_B600.npz,sTKAL3OfgSQ_0002_S1086_E1333_L406_T104_R902_B600_natural_0_mesh_motions.pt,
sboMcBqlShY,sboMcBqlShY_0000_S773_E976_L438_T30_R918_B510,sboMcBqlShY_0000_S773_E976_L438_T30_R918_B510.wav,sboMcBqlShY_0000_S773_E976_L438_T30_R918_B510.npz,sboMcBqlShY_0000_S773_E976_L438_T30_R918_B510.npz,sboMcBqlShY_0000_S773_E976_L438_T30_R918_B510_natural_0_mesh_motions.pt,
sdnbXzi5yDQ,sdnbXzi5yDQ_0000_S515_E922_L469_T0_R885_B416,sdnbXzi5yDQ_0000_S515_E922_L469_T0_R885_B416.wav,sdnbXzi5yDQ_0000_S515_E922_L469_T0_R885_B416.npz,sdnbXzi5yDQ_0000_S515_E922_L469_T0_R885_B416.npz,sdnbXzi5yDQ_0000_S515_E922_L469_T0_R885_B416_natural_0_mesh_motions.pt,
sebF4SCrhgY,sebF4SCrhgY_0000_S1549_E1866_L275_T0_R899_B576,sebF4SCrhgY_0000_S1549_E1866_L275_T0_R899_B576.wav,sebF4SCrhgY_0000_S1549_E1866_L275_T0_R899_B576.npz,sebF4SCrhgY_0000_S1549_E1866_L275_T0_R899_B576.npz,sebF4SCrhgY_0000_S1549_E1866_L275_T0_R899_B576_natural_0_mesh_motions.pt,
sgGPHfZ6O00,sgGPHfZ6O00_0004_S1442_E1781_L543_T2_R895_B354,sgGPHfZ6O00_0004_S1442_E1781_L543_T2_R895_B354.wav,sgGPHfZ6O00_0004_S1442_E1781_L543_T2_R895_B354.npz,sgGPHfZ6O00_0004_S1442_E1781_L543_T2_R895_B354.npz,sgGPHfZ6O00_0004_S1442_E1781_L543_T2_R895_B354_natural_0_mesh_motions.pt,
sgRTFPJ1MdE,sgRTFPJ1MdE_0000_S554_E1043_L318_T0_R734_B400,sgRTFPJ1MdE_0000_S554_E1043_L318_T0_R734_B400.wav,sgRTFPJ1MdE_0000_S554_E1043_L318_T0_R734_B400.npz,sgRTFPJ1MdE_0000_S554_E1043_L318_T0_R734_B400.npz,sgRTFPJ1MdE_0000_S554_E1043_L318_T0_R734_B400_natural_0_mesh_motions.pt,
si4zS_Jx_uY,si4zS_Jx_uY_0001_S37_E465_L443_T32_R955_B544,si4zS_Jx_uY_0001_S37_E465_L443_T32_R955_B544.wav,si4zS_Jx_uY_0001_S37_E465_L443_T32_R955_B544.npz,si4zS_Jx_uY_0001_S37_E465_L443_T32_R955_B544.npz,si4zS_Jx_uY_0001_S37_E465_L443_T32_R955_B544_natural_0_mesh_motions.pt,
skyd1JiJiYs,skyd1JiJiYs_0001_S0_E564_L310_T80_R870_B640,skyd1JiJiYs_0001_S0_E564_L310_T80_R870_B640.wav,skyd1JiJiYs_0001_S0_E564_L310_T80_R870_B640.npz,skyd1JiJiYs_0001_S0_E564_L310_T80_R870_B640.npz,skyd1JiJiYs_0001_S0_E564_L310_T80_R870_B640_natural_0_mesh_motions.pt,
sp4yAT08rqw,sp4yAT08rqw_0007_S353_E648_L59_T0_R827_B704,sp4yAT08rqw_0007_S353_E648_L59_T0_R827_B704.wav,sp4yAT08rqw_0007_S353_E648_L59_T0_R827_B704.npz,sp4yAT08rqw_0007_S353_E648_L59_T0_R827_B704.npz,sp4yAT08rqw_0007_S353_E648_L59_T0_R827_B704_natural_0_mesh_motions.pt,
sphx939ru4U,sphx939ru4U_0001_S1319_E1816_L223_T0_R1215_B704,sphx939ru4U_0001_S1319_E1816_L223_T0_R1215_B704.wav,sphx939ru4U_0001_S1319_E1816_L223_T0_R1215_B704.npz,sphx939ru4U_0001_S1319_E1816_L223_T0_R1215_B704.npz,sphx939ru4U_0001_S1319_E1816_L223_T0_R1215_B704_natural_0_mesh_motions.pt,
stqdcOSqbnI,stqdcOSqbnI_0057_S1394_E1696_L370_T51_R722_B403,stqdcOSqbnI_0057_S1394_E1696_L370_T51_R722_B403.wav,stqdcOSqbnI_0057_S1394_E1696_L370_T51_R722_B403.npz,stqdcOSqbnI_0057_S1394_E1696_L370_T51_R722_B403.npz,stqdcOSqbnI_0057_S1394_E1696_L370_T51_R722_B403_natural_0_mesh_motions.pt,
suK34prc56o,suK34prc56o_0003_S1164_E1407_L46_T0_R1038_B704,suK34prc56o_0003_S1164_E1407_L46_T0_R1038_B704.wav,suK34prc56o_0003_S1164_E1407_L46_T0_R1038_B704.npz,suK34prc56o_0003_S1164_E1407_L46_T0_R1038_B704.npz,suK34prc56o_0003_S1164_E1407_L46_T0_R1038_B704_natural_0_mesh_motions.pt,
swP3fNDUD0M,swP3fNDUD0M_0000_S1291_E1799_L414_T5_R846_B437,swP3fNDUD0M_0000_S1291_E1799_L414_T5_R846_B437.wav,swP3fNDUD0M_0000_S1291_E1799_L414_T5_R846_B437.npz,swP3fNDUD0M_0000_S1291_E1799_L414_T5_R846_B437.npz,swP3fNDUD0M_0000_S1291_E1799_L414_T5_R846_B437_natural_0_mesh_motions.pt,
sy-JNEKRe6w,sy-JNEKRe6w_0039_S535_E838_L479_T27_R783_B331,sy-JNEKRe6w_0039_S535_E838_L479_T27_R783_B331.wav,sy-JNEKRe6w_0039_S535_E838_L479_T27_R783_B331.npz,sy-JNEKRe6w_0039_S535_E838_L479_T27_R783_B331.npz,sy-JNEKRe6w_0039_S535_E838_L479_T27_R783_B331_natural_0_mesh_motions.pt,
t-N3In2rLI4,t-N3In2rLI4_0010_S1237_E1508_L362_T0_R970_B528,t-N3In2rLI4_0010_S1237_E1508_L362_T0_R970_B528.wav,t-N3In2rLI4_0010_S1237_E1508_L362_T0_R970_B528.npz,t-N3In2rLI4_0010_S1237_E1508_L362_T0_R970_B528.npz,t-N3In2rLI4_0010_S1237_E1508_L362_T0_R970_B528_natural_0_mesh_motions.pt,
t1hyNFQq1Qc,t1hyNFQq1Qc_0004_S1289_E1855_L389_T0_R997_B576,t1hyNFQq1Qc_0004_S1289_E1855_L389_T0_R997_B576.wav,t1hyNFQq1Qc_0004_S1289_E1855_L389_T0_R997_B576.npz,t1hyNFQq1Qc_0004_S1289_E1855_L389_T0_R997_B576.npz,t1hyNFQq1Qc_0004_S1289_E1855_L389_T0_R997_B576_natural_0_mesh_motions.pt,
t1ok0e9gTRo,t1ok0e9gTRo_0004_S0_E205_L207_T0_R671_B464,t1ok0e9gTRo_0004_S0_E205_L207_T0_R671_B464.wav,t1ok0e9gTRo_0004_S0_E205_L207_T0_R671_B464.npz,t1ok0e9gTRo_0004_S0_E205_L207_T0_R671_B464.npz,t1ok0e9gTRo_0004_S0_E205_L207_T0_R671_B464_natural_0_mesh_motions.pt,
t3SPY13b64M,t3SPY13b64M_0000_S1255_E1496_L446_T29_R814_B397,t3SPY13b64M_0000_S1255_E1496_L446_T29_R814_B397.wav,t3SPY13b64M_0000_S1255_E1496_L446_T29_R814_B397.npz,t3SPY13b64M_0000_S1255_E1496_L446_T29_R814_B397.npz,t3SPY13b64M_0000_S1255_E1496_L446_T29_R814_B397_natural_0_mesh_motions.pt,
t43zNbKooJs,t43zNbKooJs_0000_S13_E298_L491_T142_R891_B542,t43zNbKooJs_0000_S13_E298_L491_T142_R891_B542.wav,t43zNbKooJs_0000_S13_E298_L491_T142_R891_B542.npz,t43zNbKooJs_0000_S13_E298_L491_T142_R891_B542.npz,t43zNbKooJs_0000_S13_E298_L491_T142_R891_B542_natural_0_mesh_motions.pt,
t7caALtdVBM,t7caALtdVBM_0001_S600_E858_L531_T82_R803_B354,t7caALtdVBM_0001_S600_E858_L531_T82_R803_B354.wav,t7caALtdVBM_0001_S600_E858_L531_T82_R803_B354.npz,t7caALtdVBM_0001_S600_E858_L531_T82_R803_B354.npz,t7caALtdVBM_0001_S600_E858_L531_T82_R803_B354_natural_0_mesh_motions.pt,
t7f-iQf3PRA,t7f-iQf3PRA_0000_S621_E916_L526_T0_R926_B384,t7f-iQf3PRA_0000_S621_E916_L526_T0_R926_B384.wav,t7f-iQf3PRA_0000_S621_E916_L526_T0_R926_B384.npz,t7f-iQf3PRA_0000_S621_E916_L526_T0_R926_B384.npz,t7f-iQf3PRA_0000_S621_E916_L526_T0_R926_B384_natural_0_mesh_motions.pt,
tC0vzGbKXWs,tC0vzGbKXWs_0000_S1077_E1397_L384_T18_R960_B594,tC0vzGbKXWs_0000_S1077_E1397_L384_T18_R960_B594.wav,tC0vzGbKXWs_0000_S1077_E1397_L384_T18_R960_B594.npz,tC0vzGbKXWs_0000_S1077_E1397_L384_T18_R960_B594.npz,tC0vzGbKXWs_0000_S1077_E1397_L384_T18_R960_B594_natural_0_mesh_motions.pt,
tCskNV4zvIA,tCskNV4zvIA_0006_S0_E431_L548_T51_R836_B339,tCskNV4zvIA_0006_S0_E431_L548_T51_R836_B339.wav,tCskNV4zvIA_0006_S0_E431_L548_T51_R836_B339.npz,tCskNV4zvIA_0006_S0_E431_L548_T51_R836_B339.npz,tCskNV4zvIA_0006_S0_E431_L548_T51_R836_B339_natural_0_mesh_motions.pt,
tE9_u7slTrc,tE9_u7slTrc_0000_S904_E1288_L302_T47_R910_B655,tE9_u7slTrc_0000_S904_E1288_L302_T47_R910_B655.wav,tE9_u7slTrc_0000_S904_E1288_L302_T47_R910_B655.npz,tE9_u7slTrc_0000_S904_E1288_L302_T47_R910_B655.npz,tE9_u7slTrc_0000_S904_E1288_L302_T47_R910_B655_natural_0_mesh_motions.pt,
tMTZDgGaWqE,tMTZDgGaWqE_0000_S1309_E1773_L226_T0_R1042_B704,tMTZDgGaWqE_0000_S1309_E1773_L226_T0_R1042_B704.wav,tMTZDgGaWqE_0000_S1309_E1773_L226_T0_R1042_B704.npz,tMTZDgGaWqE_0000_S1309_E1773_L226_T0_R1042_B704.npz,tMTZDgGaWqE_0000_S1309_E1773_L226_T0_R1042_B704_natural_0_mesh_motions.pt,
tSUX6HReL6o,tSUX6HReL6o_0000_S118_E475_L383_T0_R767_B368,tSUX6HReL6o_0000_S118_E475_L383_T0_R767_B368.wav,tSUX6HReL6o_0000_S118_E475_L383_T0_R767_B368.npz,tSUX6HReL6o_0000_S118_E475_L383_T0_R767_B368.npz,tSUX6HReL6o_0000_S118_E475_L383_T0_R767_B368_natural_0_mesh_motions.pt,
tSf72G2vTU8,tSf72G2vTU8_0000_S1113_E1522_L438_T20_R918_B500,tSf72G2vTU8_0000_S1113_E1522_L438_T20_R918_B500.wav,tSf72G2vTU8_0000_S1113_E1522_L438_T20_R918_B500.npz,tSf72G2vTU8_0000_S1113_E1522_L438_T20_R918_B500.npz,tSf72G2vTU8_0000_S1113_E1522_L438_T20_R918_B500_natural_0_mesh_motions.pt,
tUPzZFsH9NM,tUPzZFsH9NM_0000_S1305_E1919_L550_T14_R870_B334,tUPzZFsH9NM_0000_S1305_E1919_L550_T14_R870_B334.wav,tUPzZFsH9NM_0000_S1305_E1919_L550_T14_R870_B334.npz,tUPzZFsH9NM_0000_S1305_E1919_L550_T14_R870_B334.npz,tUPzZFsH9NM_0000_S1305_E1919_L550_T14_R870_B334_natural_0_mesh_motions.pt,
tXwwOXxj3Wk,tXwwOXxj3Wk_0000_S1509_E1836_L325_T0_R917_B544,tXwwOXxj3Wk_0000_S1509_E1836_L325_T0_R917_B544.wav,tXwwOXxj3Wk_0000_S1509_E1836_L325_T0_R917_B544.npz,tXwwOXxj3Wk_0000_S1509_E1836_L325_T0_R917_B544.npz,tXwwOXxj3Wk_0000_S1509_E1836_L325_T0_R917_B544_natural_0_mesh_motions.pt,
tYS3l-lh39Q,tYS3l-lh39Q_0000_S1400_E1647_L248_T183_R536_B471,tYS3l-lh39Q_0000_S1400_E1647_L248_T183_R536_B471.wav,tYS3l-lh39Q_0000_S1400_E1647_L248_T183_R536_B471.npz,tYS3l-lh39Q_0000_S1400_E1647_L248_T183_R536_B471.npz,tYS3l-lh39Q_0000_S1400_E1647_L248_T183_R536_B471_natural_0_mesh_motions.pt,
tZMO74qrrJk,tZMO74qrrJk_0009_S83_E375_L488_T41_R936_B489,tZMO74qrrJk_0009_S83_E375_L488_T41_R936_B489.wav,tZMO74qrrJk_0009_S83_E375_L488_T41_R936_B489.npz,tZMO74qrrJk_0009_S83_E375_L488_T41_R936_B489.npz,tZMO74qrrJk_0009_S83_E375_L488_T41_R936_B489_natural_0_mesh_motions.pt,
tZZyNqO9bQ0,tZZyNqO9bQ0_0007_S1392_E1647_L517_T84_R773_B340,tZZyNqO9bQ0_0007_S1392_E1647_L517_T84_R773_B340.wav,tZZyNqO9bQ0_0007_S1392_E1647_L517_T84_R773_B340.npz,tZZyNqO9bQ0_0007_S1392_E1647_L517_T84_R773_B340.npz,tZZyNqO9bQ0_0007_S1392_E1647_L517_T84_R773_B340_natural_0_mesh_motions.pt,
tgKPxj4-0QE,tgKPxj4-0QE_0000_S1233_E1473_L481_T57_R849_B425,tgKPxj4-0QE_0000_S1233_E1473_L481_T57_R849_B425.wav,tgKPxj4-0QE_0000_S1233_E1473_L481_T57_R849_B425.npz,tgKPxj4-0QE_0000_S1233_E1473_L481_T57_R849_B425.npz,tgKPxj4-0QE_0000_S1233_E1473_L481_T57_R849_B425_natural_0_mesh_motions.pt,
tlPIi5sLOoI,tlPIi5sLOoI_0001_S357_E718_L405_T4_R805_B404,tlPIi5sLOoI_0001_S357_E718_L405_T4_R805_B404.wav,tlPIi5sLOoI_0001_S357_E718_L405_T4_R805_B404.npz,tlPIi5sLOoI_0001_S357_E718_L405_T4_R805_B404.npz,tlPIi5sLOoI_0001_S357_E718_L405_T4_R805_B404_natural_0_mesh_motions.pt,
tlSl7JSQ35w,tlSl7JSQ35w_0021_S571_E831_L288_T8_R544_B264,tlSl7JSQ35w_0021_S571_E831_L288_T8_R544_B264.wav,tlSl7JSQ35w_0021_S571_E831_L288_T8_R544_B264.npz,tlSl7JSQ35w_0021_S571_E831_L288_T8_R544_B264.npz,tlSl7JSQ35w_0021_S571_E831_L288_T8_R544_B264_natural_0_mesh_motions.pt,
tm50929wbaA,tm50929wbaA_0000_S1349_E1604_L351_T30_R767_B446,tm50929wbaA_0000_S1349_E1604_L351_T30_R767_B446.wav,tm50929wbaA_0000_S1349_E1604_L351_T30_R767_B446.npz,tm50929wbaA_0000_S1349_E1604_L351_T30_R767_B446.npz,tm50929wbaA_0000_S1349_E1604_L351_T30_R767_B446_natural_0_mesh_motions.pt,
tng9I_Yfhg8,tng9I_Yfhg8_0000_S1011_E1265_L536_T35_R792_B291,tng9I_Yfhg8_0000_S1011_E1265_L536_T35_R792_B291.wav,tng9I_Yfhg8_0000_S1011_E1265_L536_T35_R792_B291.npz,tng9I_Yfhg8_0000_S1011_E1265_L536_T35_R792_B291.npz,tng9I_Yfhg8_0000_S1011_E1265_L536_T35_R792_B291_natural_0_mesh_motions.pt,
trGNjNAxMMA,trGNjNAxMMA_0000_S715_E1158_L170_T76_R602_B508,trGNjNAxMMA_0000_S715_E1158_L170_T76_R602_B508.wav,trGNjNAxMMA_0000_S715_E1158_L170_T76_R602_B508.npz,trGNjNAxMMA_0000_S715_E1158_L170_T76_R602_B508.npz,trGNjNAxMMA_0000_S715_E1158_L170_T76_R602_B508_natural_0_mesh_motions.pt,
tsxCu5Fom2A,tsxCu5Fom2A_0000_S1234_E1535_L132_T0_R1028_B704,tsxCu5Fom2A_0000_S1234_E1535_L132_T0_R1028_B704.wav,tsxCu5Fom2A_0000_S1234_E1535_L132_T0_R1028_B704.npz,tsxCu5Fom2A_0000_S1234_E1535_L132_T0_R1028_B704.npz,tsxCu5Fom2A_0000_S1234_E1535_L132_T0_R1028_B704_natural_0_mesh_motions.pt,
tvsBIX44mQM,tvsBIX44mQM_0000_S0_E548_L333_T12_R829_B508,tvsBIX44mQM_0000_S0_E548_L333_T12_R829_B508.wav,tvsBIX44mQM_0000_S0_E548_L333_T12_R829_B508.npz,tvsBIX44mQM_0000_S0_E548_L333_T12_R829_B508.npz,tvsBIX44mQM_0000_S0_E548_L333_T12_R829_B508_natural_0_mesh_motions.pt,
tygH_zAKRvc,tygH_zAKRvc_0001_S0_E263_L381_T76_R813_B508,tygH_zAKRvc_0001_S0_E263_L381_T76_R813_B508.wav,tygH_zAKRvc_0001_S0_E263_L381_T76_R813_B508.npz,tygH_zAKRvc_0001_S0_E263_L381_T76_R813_B508.npz,tygH_zAKRvc_0001_S0_E263_L381_T76_R813_B508_natural_0_mesh_motions.pt,
u5eti_-WK9g,u5eti_-WK9g_0007_S457_E1023_L853_T162_R1109_B418,u5eti_-WK9g_0007_S457_E1023_L853_T162_R1109_B418.wav,u5eti_-WK9g_0007_S457_E1023_L853_T162_R1109_B418.npz,u5eti_-WK9g_0007_S457_E1023_L853_T162_R1109_B418.npz,u5eti_-WK9g_0007_S457_E1023_L853_T162_R1109_B418_natural_0_mesh_motions.pt,
u61kdTMLJTQ,u61kdTMLJTQ_0000_S1128_E1493_L521_T62_R809_B350,u61kdTMLJTQ_0000_S1128_E1493_L521_T62_R809_B350.wav,u61kdTMLJTQ_0000_S1128_E1493_L521_T62_R809_B350.npz,u61kdTMLJTQ_0000_S1128_E1493_L521_T62_R809_B350.npz,u61kdTMLJTQ_0000_S1128_E1493_L521_T62_R809_B350_natural_0_mesh_motions.pt,
u8B3lvaw9tw,u8B3lvaw9tw_0006_S1258_E1505_L382_T56_R750_B424,u8B3lvaw9tw_0006_S1258_E1505_L382_T56_R750_B424.wav,u8B3lvaw9tw_0006_S1258_E1505_L382_T56_R750_B424.npz,u8B3lvaw9tw_0006_S1258_E1505_L382_T56_R750_B424.npz,u8B3lvaw9tw_0006_S1258_E1505_L382_T56_R750_B424_natural_0_mesh_motions.pt,
uAWBQI7PVKA,uAWBQI7PVKA_0000_S0_E497_L258_T0_R994_B704,uAWBQI7PVKA_0000_S0_E497_L258_T0_R994_B704.wav,uAWBQI7PVKA_0000_S0_E497_L258_T0_R994_B704.npz,uAWBQI7PVKA_0000_S0_E497_L258_T0_R994_B704.npz,uAWBQI7PVKA_0000_S0_E497_L258_T0_R994_B704_natural_0_mesh_motions.pt,
uAsqM8rL8GA,uAsqM8rL8GA_0001_S401_E676_L360_T108_R744_B492,uAsqM8rL8GA_0001_S401_E676_L360_T108_R744_B492.wav,uAsqM8rL8GA_0001_S401_E676_L360_T108_R744_B492.npz,uAsqM8rL8GA_0001_S401_E676_L360_T108_R744_B492.npz,uAsqM8rL8GA_0001_S401_E676_L360_T108_R744_B492_natural_0_mesh_motions.pt,
uQ2I4dZh9O4,uQ2I4dZh9O4_0003_S0_E481_L374_T51_R774_B451,uQ2I4dZh9O4_0003_S0_E481_L374_T51_R774_B451.wav,uQ2I4dZh9O4_0003_S0_E481_L374_T51_R774_B451.npz,uQ2I4dZh9O4_0003_S0_E481_L374_T51_R774_B451.npz,uQ2I4dZh9O4_0003_S0_E481_L374_T51_R774_B451_natural_0_mesh_motions.pt,
uTUY9W-eDZk,uTUY9W-eDZk_0006_S1424_E1903_L375_T70_R855_B550,uTUY9W-eDZk_0006_S1424_E1903_L375_T70_R855_B550.wav,uTUY9W-eDZk_0006_S1424_E1903_L375_T70_R855_B550.npz,uTUY9W-eDZk_0006_S1424_E1903_L375_T70_R855_B550.npz,uTUY9W-eDZk_0006_S1424_E1903_L375_T70_R855_B550_natural_0_mesh_motions.pt,
uxBzmTylbwg,uxBzmTylbwg_0001_S0_E281_L158_T36_R638_B516,uxBzmTylbwg_0001_S0_E281_L158_T36_R638_B516.wav,uxBzmTylbwg_0001_S0_E281_L158_T36_R638_B516.npz,uxBzmTylbwg_0001_S0_E281_L158_T36_R638_B516.npz,uxBzmTylbwg_0001_S0_E281_L158_T36_R638_B516_natural_0_mesh_motions.pt,
uxQbWbWVWug,uxQbWbWVWug_0001_S299_E755_L538_T39_R858_B359,uxQbWbWVWug_0001_S299_E755_L538_T39_R858_B359.wav,uxQbWbWVWug_0001_S299_E755_L538_T39_R858_B359.npz,uxQbWbWVWug_0001_S299_E755_L538_T39_R858_B359.npz,uxQbWbWVWug_0001_S299_E755_L538_T39_R858_B359_natural_0_mesh_motions.pt,
uxy82zQnQpo,uxy82zQnQpo_0000_S231_E602_L320_T0_R992_B576,uxy82zQnQpo_0000_S231_E602_L320_T0_R992_B576.wav,uxy82zQnQpo_0000_S231_E602_L320_T0_R992_B576.npz,uxy82zQnQpo_0000_S231_E602_L320_T0_R992_B576.npz,uxy82zQnQpo_0000_S231_E602_L320_T0_R992_B576_natural_0_mesh_motions.pt,
v1wFRiV9_v4,v1wFRiV9_v4_0001_S441_E955_L375_T0_R1095_B672,v1wFRiV9_v4_0001_S441_E955_L375_T0_R1095_B672.wav,v1wFRiV9_v4_0001_S441_E955_L375_T0_R1095_B672.npz,v1wFRiV9_v4_0001_S441_E955_L375_T0_R1095_B672.npz,v1wFRiV9_v4_0001_S441_E955_L375_T0_R1095_B672_natural_0_mesh_motions.pt,
v2DjHVhnjQI,v2DjHVhnjQI_0001_S904_E1286_L183_T0_R823_B608,v2DjHVhnjQI_0001_S904_E1286_L183_T0_R823_B608.wav,v2DjHVhnjQI_0001_S904_E1286_L183_T0_R823_B608.npz,v2DjHVhnjQI_0001_S904_E1286_L183_T0_R823_B608.npz,v2DjHVhnjQI_0001_S904_E1286_L183_T0_R823_B608_natural_0_mesh_motions.pt,
v2_u0yV5ua0,v2_u0yV5ua0_0002_S0_E267_L631_T35_R919_B323,v2_u0yV5ua0_0002_S0_E267_L631_T35_R919_B323.wav,v2_u0yV5ua0_0002_S0_E267_L631_T35_R919_B323.npz,v2_u0yV5ua0_0002_S0_E267_L631_T35_R919_B323.npz,v2_u0yV5ua0_0002_S0_E267_L631_T35_R919_B323_natural_0_mesh_motions.pt,
v5vIyfkumj0,v5vIyfkumj0_0006_S658_E1213_L492_T0_R860_B320,v5vIyfkumj0_0006_S658_E1213_L492_T0_R860_B320.wav,v5vIyfkumj0_0006_S658_E1213_L492_T0_R860_B320.npz,v5vIyfkumj0_0006_S658_E1213_L492_T0_R860_B320.npz,v5vIyfkumj0_0006_S658_E1213_L492_T0_R860_B320_natural_0_mesh_motions.pt,
v62wDFbK7iM,v62wDFbK7iM_0000_S115_E372_L0_T30_R448_B510,v62wDFbK7iM_0000_S115_E372_L0_T30_R448_B510.wav,v62wDFbK7iM_0000_S115_E372_L0_T30_R448_B510.npz,v62wDFbK7iM_0000_S115_E372_L0_T30_R448_B510.npz,v62wDFbK7iM_0000_S115_E372_L0_T30_R448_B510_natural_0_mesh_motions.pt,
v7-eoymQp3o,v7-eoymQp3o_0000_S1211_E1811_L411_T155_R795_B539,v7-eoymQp3o_0000_S1211_E1811_L411_T155_R795_B539.wav,v7-eoymQp3o_0000_S1211_E1811_L411_T155_R795_B539.npz,v7-eoymQp3o_0000_S1211_E1811_L411_T155_R795_B539.npz,v7-eoymQp3o_0000_S1211_E1811_L411_T155_R795_B539_natural_0_mesh_motions.pt,
vC-uE8RAzbo,vC-uE8RAzbo_0001_S1208_E1449_L398_T36_R830_B468,vC-uE8RAzbo_0001_S1208_E1449_L398_T36_R830_B468.wav,vC-uE8RAzbo_0001_S1208_E1449_L398_T36_R830_B468.npz,vC-uE8RAzbo_0001_S1208_E1449_L398_T36_R830_B468.npz,vC-uE8RAzbo_0001_S1208_E1449_L398_T36_R830_B468_natural_0_mesh_motions.pt,
vO87PpdQKV4,vO87PpdQKV4_0000_S1195_E1535_L205_T0_R1277_B688,vO87PpdQKV4_0000_S1195_E1535_L205_T0_R1277_B688.wav,vO87PpdQKV4_0000_S1195_E1535_L205_T0_R1277_B688.npz,vO87PpdQKV4_0000_S1195_E1535_L205_T0_R1277_B688.npz,vO87PpdQKV4_0000_S1195_E1535_L205_T0_R1277_B688_natural_0_mesh_motions.pt,
vOFoltimf5o,vOFoltimf5o_0000_S0_E344_L444_T70_R764_B390,vOFoltimf5o_0000_S0_E344_L444_T70_R764_B390.wav,vOFoltimf5o_0000_S0_E344_L444_T70_R764_B390.npz,vOFoltimf5o_0000_S0_E344_L444_T70_R764_B390.npz,vOFoltimf5o_0000_S0_E344_L444_T70_R764_B390_natural_0_mesh_motions.pt,
vT4z4TCf4uk,vT4z4TCf4uk_0000_S139_E366_L464_T0_R1168_B688,vT4z4TCf4uk_0000_S139_E366_L464_T0_R1168_B688.wav,vT4z4TCf4uk_0000_S139_E366_L464_T0_R1168_B688.npz,vT4z4TCf4uk_0000_S139_E366_L464_T0_R1168_B688.npz,vT4z4TCf4uk_0000_S139_E366_L464_T0_R1168_B688_natural_0_mesh_motions.pt,
vXPaPV2Ii-Y,vXPaPV2Ii-Y_0041_S542_E846_L445_T0_R797_B336,vXPaPV2Ii-Y_0041_S542_E846_L445_T0_R797_B336.wav,vXPaPV2Ii-Y_0041_S542_E846_L445_T0_R797_B336.npz,vXPaPV2Ii-Y_0041_S542_E846_L445_T0_R797_B336.npz,vXPaPV2Ii-Y_0041_S542_E846_L445_T0_R797_B336_natural_0_mesh_motions.pt,
v_bumG-g0Dc,v_bumG-g0Dc_0000_S1192_E1811_L243_T18_R899_B674,v_bumG-g0Dc_0000_S1192_E1811_L243_T18_R899_B674.wav,v_bumG-g0Dc_0000_S1192_E1811_L243_T18_R899_B674.npz,v_bumG-g0Dc_0000_S1192_E1811_L243_T18_R899_B674.npz,v_bumG-g0Dc_0000_S1192_E1811_L243_T18_R899_B674_natural_0_mesh_motions.pt,
vf4CrrsnVWs,vf4CrrsnVWs_0000_S1257_E1511_L219_T0_R811_B592,vf4CrrsnVWs_0000_S1257_E1511_L219_T0_R811_B592.wav,vf4CrrsnVWs_0000_S1257_E1511_L219_T0_R811_B592.npz,vf4CrrsnVWs_0000_S1257_E1511_L219_T0_R811_B592.npz,vf4CrrsnVWs_0000_S1257_E1511_L219_T0_R811_B592_natural_0_mesh_motions.pt,
vjjNnix_rGQ,vjjNnix_rGQ_0001_S1260_E1775_L246_T91_R614_B459,vjjNnix_rGQ_0001_S1260_E1775_L246_T91_R614_B459.wav,vjjNnix_rGQ_0001_S1260_E1775_L246_T91_R614_B459.npz,vjjNnix_rGQ_0001_S1260_E1775_L246_T91_R614_B459.npz,vjjNnix_rGQ_0001_S1260_E1775_L246_T91_R614_B459_natural_0_mesh_motions.pt,
vlddfDNoCS8,vlddfDNoCS8_0000_S741_E1012_L431_T76_R751_B396,vlddfDNoCS8_0000_S741_E1012_L431_T76_R751_B396.wav,vlddfDNoCS8_0000_S741_E1012_L431_T76_R751_B396.npz,vlddfDNoCS8_0000_S741_E1012_L431_T76_R751_B396.npz,vlddfDNoCS8_0000_S741_E1012_L431_T76_R751_B396_natural_0_mesh_motions.pt,
vmGW-kulgy8,vmGW-kulgy8_0000_S677_E901_L430_T35_R782_B387,vmGW-kulgy8_0000_S677_E901_L430_T35_R782_B387.wav,vmGW-kulgy8_0000_S677_E901_L430_T35_R782_B387.npz,vmGW-kulgy8_0000_S677_E901_L430_T35_R782_B387.npz,vmGW-kulgy8_0000_S677_E901_L430_T35_R782_B387_natural_0_mesh_motions.pt,
vmhYHtGvqCI,vmhYHtGvqCI_0000_S33_E405_L316_T0_R1004_B672,vmhYHtGvqCI_0000_S33_E405_L316_T0_R1004_B672.wav,vmhYHtGvqCI_0000_S33_E405_L316_T0_R1004_B672.npz,vmhYHtGvqCI_0000_S33_E405_L316_T0_R1004_B672.npz,vmhYHtGvqCI_0000_S33_E405_L316_T0_R1004_B672_natural_0_mesh_motions.pt,
vmtEmebxSwo,vmtEmebxSwo_0002_S0_E407_L368_T0_R848_B448,vmtEmebxSwo_0002_S0_E407_L368_T0_R848_B448.wav,vmtEmebxSwo_0002_S0_E407_L368_T0_R848_B448.npz,vmtEmebxSwo_0002_S0_E407_L368_T0_R848_B448.npz,vmtEmebxSwo_0002_S0_E407_L368_T0_R848_B448_natural_0_mesh_motions.pt,
vt6evh25rpY,vt6evh25rpY_0006_S153_E397_L430_T0_R702_B272,vt6evh25rpY_0006_S153_E397_L430_T0_R702_B272.wav,vt6evh25rpY_0006_S153_E397_L430_T0_R702_B272.npz,vt6evh25rpY_0006_S153_E397_L430_T0_R702_B272.npz,vt6evh25rpY_0006_S153_E397_L430_T0_R702_B272_natural_0_mesh_motions.pt,
vtBXhiKZjWk,vtBXhiKZjWk_0001_S719_E987_L470_T18_R1046_B594,vtBXhiKZjWk_0001_S719_E987_L470_T18_R1046_B594.wav,vtBXhiKZjWk_0001_S719_E987_L470_T18_R1046_B594.npz,vtBXhiKZjWk_0001_S719_E987_L470_T18_R1046_B594.npz,vtBXhiKZjWk_0001_S719_E987_L470_T18_R1046_B594_natural_0_mesh_motions.pt,
vuHbp02YfKA,vuHbp02YfKA_0000_S196_E450_L498_T4_R818_B324,vuHbp02YfKA_0000_S196_E450_L498_T4_R818_B324.wav,vuHbp02YfKA_0000_S196_E450_L498_T4_R818_B324.npz,vuHbp02YfKA_0000_S196_E450_L498_T4_R818_B324.npz,vuHbp02YfKA_0000_S196_E450_L498_T4_R818_B324_natural_0_mesh_motions.pt,
vueMpDhosM8,vueMpDhosM8_0000_S228_E380_L84_T154_R548_B618,vueMpDhosM8_0000_S228_E380_L84_T154_R548_B618.wav,vueMpDhosM8_0000_S228_E380_L84_T154_R548_B618.npz,vueMpDhosM8_0000_S228_E380_L84_T154_R548_B618.npz,vueMpDhosM8_0000_S228_E380_L84_T154_R548_B618_natural_0_mesh_motions.pt,
vviufcserks,vviufcserks_0000_S382_E968_L479_T28_R1039_B588,vviufcserks_0000_S382_E968_L479_T28_R1039_B588.wav,vviufcserks_0000_S382_E968_L479_T28_R1039_B588.npz,vviufcserks_0000_S382_E968_L479_T28_R1039_B588.npz,vviufcserks_0000_S382_E968_L479_T28_R1039_B588_natural_0_mesh_motions.pt,
vyUiZfxuXXk,vyUiZfxuXXk_0002_S180_E453_L349_T0_R781_B416,vyUiZfxuXXk_0002_S180_E453_L349_T0_R781_B416.wav,vyUiZfxuXXk_0002_S180_E453_L349_T0_R781_B416.npz,vyUiZfxuXXk_0002_S180_E453_L349_T0_R781_B416.npz,vyUiZfxuXXk_0002_S180_E453_L349_T0_R781_B416_natural_0_mesh_motions.pt,
vyrHk4_-epU,vyrHk4_-epU_0001_S951_E1189_L487_T98_R775_B386,vyrHk4_-epU_0001_S951_E1189_L487_T98_R775_B386.wav,vyrHk4_-epU_0001_S951_E1189_L487_T98_R775_B386.npz,vyrHk4_-epU_0001_S951_E1189_L487_T98_R775_B386.npz,vyrHk4_-epU_0001_S951_E1189_L487_T98_R775_B386_natural_0_mesh_motions.pt,
w0ztlIAYTCU,w0ztlIAYTCU_0007_S1122_E1437_L475_T45_R779_B349,w0ztlIAYTCU_0007_S1122_E1437_L475_T45_R779_B349.wav,w0ztlIAYTCU_0007_S1122_E1437_L475_T45_R779_B349.npz,w0ztlIAYTCU_0007_S1122_E1437_L475_T45_R779_B349.npz,w0ztlIAYTCU_0007_S1122_E1437_L475_T45_R779_B349_natural_0_mesh_motions.pt,
w7zqBnrLxiw,w7zqBnrLxiw_0000_S363_E974_L497_T0_R1121_B560,w7zqBnrLxiw_0000_S363_E974_L497_T0_R1121_B560.wav,w7zqBnrLxiw_0000_S363_E974_L497_T0_R1121_B560.npz,w7zqBnrLxiw_0000_S363_E974_L497_T0_R1121_B560.npz,w7zqBnrLxiw_0000_S363_E974_L497_T0_R1121_B560_natural_0_mesh_motions.pt,
wAaHY_SXdgY,wAaHY_SXdgY_0002_S1294_E1699_L42_T69_R810_B709,wAaHY_SXdgY_0002_S1294_E1699_L42_T69_R810_B709.wav,wAaHY_SXdgY_0002_S1294_E1699_L42_T69_R810_B709.npz,wAaHY_SXdgY_0002_S1294_E1699_L42_T69_R810_B709.npz,wAaHY_SXdgY_0002_S1294_E1699_L42_T69_R810_B709_natural_0_mesh_motions.pt,
wB5lKhN4uoY,wB5lKhN4uoY_0004_S1080_E1371_L212_T98_R468_B354,wB5lKhN4uoY_0004_S1080_E1371_L212_T98_R468_B354.wav,wB5lKhN4uoY_0004_S1080_E1371_L212_T98_R468_B354.npz,wB5lKhN4uoY_0004_S1080_E1371_L212_T98_R468_B354.npz,wB5lKhN4uoY_0004_S1080_E1371_L212_T98_R468_B354_natural_0_mesh_motions.pt,
wFS3088FEUk,wFS3088FEUk_0000_S1343_E1919_L418_T57_R786_B425,wFS3088FEUk_0000_S1343_E1919_L418_T57_R786_B425.wav,wFS3088FEUk_0000_S1343_E1919_L418_T57_R786_B425.npz,wFS3088FEUk_0000_S1343_E1919_L418_T57_R786_B425.npz,wFS3088FEUk_0000_S1343_E1919_L418_T57_R786_B425_natural_0_mesh_motions.pt,
wFkig7Vh8YU,wFkig7Vh8YU_0000_S1009_E1345_L170_T72_R522_B424,wFkig7Vh8YU_0000_S1009_E1345_L170_T72_R522_B424.wav,wFkig7Vh8YU_0000_S1009_E1345_L170_T72_R522_B424.npz,wFkig7Vh8YU_0000_S1009_E1345_L170_T72_R522_B424.npz,wFkig7Vh8YU_0000_S1009_E1345_L170_T72_R522_B424_natural_0_mesh_motions.pt,
wJKn7xElol8,wJKn7xElol8_0001_S570_E832_L523_T11_R1099_B587,wJKn7xElol8_0001_S570_E832_L523_T11_R1099_B587.wav,wJKn7xElol8_0001_S570_E832_L523_T11_R1099_B587.npz,wJKn7xElol8_0001_S570_E832_L523_T11_R1099_B587.npz,wJKn7xElol8_0001_S570_E832_L523_T11_R1099_B587_natural_0_mesh_motions.pt,
wN-xfvQKBgc,wN-xfvQKBgc_0010_S1029_E1229_L422_T66_R822_B466,wN-xfvQKBgc_0010_S1029_E1229_L422_T66_R822_B466.wav,wN-xfvQKBgc_0010_S1029_E1229_L422_T66_R822_B466.npz,wN-xfvQKBgc_0010_S1029_E1229_L422_T66_R822_B466.npz,wN-xfvQKBgc_0010_S1029_E1229_L422_T66_R822_B466_natural_0_mesh_motions.pt,
wRQGTMig_P8,wRQGTMig_P8_0001_S1261_E1607_L463_T8_R719_B264,wRQGTMig_P8_0001_S1261_E1607_L463_T8_R719_B264.wav,wRQGTMig_P8_0001_S1261_E1607_L463_T8_R719_B264.npz,wRQGTMig_P8_0001_S1261_E1607_L463_T8_R719_B264.npz,wRQGTMig_P8_0001_S1261_E1607_L463_T8_R719_B264_natural_0_mesh_motions.pt,
wTYpjp9Bzrs,wTYpjp9Bzrs_0024_S1144_E1412_L372_T61_R772_B461,wTYpjp9Bzrs_0024_S1144_E1412_L372_T61_R772_B461.wav,wTYpjp9Bzrs_0024_S1144_E1412_L372_T61_R772_B461.npz,wTYpjp9Bzrs_0024_S1144_E1412_L372_T61_R772_B461.npz,wTYpjp9Bzrs_0024_S1144_E1412_L372_T61_R772_B461_natural_0_mesh_motions.pt,
wV7TB-8PyhU,wV7TB-8PyhU_0000_S894_E1331_L480_T119_R768_B407,wV7TB-8PyhU_0000_S894_E1331_L480_T119_R768_B407.wav,wV7TB-8PyhU_0000_S894_E1331_L480_T119_R768_B407.npz,wV7TB-8PyhU_0000_S894_E1331_L480_T119_R768_B407.npz,wV7TB-8PyhU_0000_S894_E1331_L480_T119_R768_B407_natural_0_mesh_motions.pt,
w_Ms7re3lYU,w_Ms7re3lYU_0000_S0_E510_L154_T0_R1098_B704,w_Ms7re3lYU_0000_S0_E510_L154_T0_R1098_B704.wav,w_Ms7re3lYU_0000_S0_E510_L154_T0_R1098_B704.npz,w_Ms7re3lYU_0000_S0_E510_L154_T0_R1098_B704.npz,w_Ms7re3lYU_0000_S0_E510_L154_T0_R1098_B704_natural_0_mesh_motions.pt,
waHHFLAet8A,waHHFLAet8A_0013_S1141_E1478_L149_T3_R661_B515,waHHFLAet8A_0013_S1141_E1478_L149_T3_R661_B515.wav,waHHFLAet8A_0013_S1141_E1478_L149_T3_R661_B515.npz,waHHFLAet8A_0013_S1141_E1478_L149_T3_R661_B515.npz,waHHFLAet8A_0013_S1141_E1478_L149_T3_R661_B515_natural_0_mesh_motions.pt,
wbokl5PhXEg,wbokl5PhXEg_0000_S753_E1101_L92_T6_R812_B710,wbokl5PhXEg_0000_S753_E1101_L92_T6_R812_B710.wav,wbokl5PhXEg_0000_S753_E1101_L92_T6_R812_B710.npz,wbokl5PhXEg_0000_S753_E1101_L92_T6_R812_B710.npz,wbokl5PhXEg_0000_S753_E1101_L92_T6_R812_B710_natural_0_mesh_motions.pt,
whbyuy2nHBg,whbyuy2nHBg_0000_S1456_E1828_L232_T0_R1032_B704,whbyuy2nHBg_0000_S1456_E1828_L232_T0_R1032_B704.wav,whbyuy2nHBg_0000_S1456_E1828_L232_T0_R1032_B704.npz,whbyuy2nHBg_0000_S1456_E1828_L232_T0_R1032_B704.npz,whbyuy2nHBg_0000_S1456_E1828_L232_T0_R1032_B704_natural_0_mesh_motions.pt,
wm9QvbgryRg,wm9QvbgryRg_0000_S154_E454_L290_T0_R818_B448,wm9QvbgryRg_0000_S154_E454_L290_T0_R818_B448.wav,wm9QvbgryRg_0000_S154_E454_L290_T0_R818_B448.npz,wm9QvbgryRg_0000_S154_E454_L290_T0_R818_B448.npz,wm9QvbgryRg_0000_S154_E454_L290_T0_R818_B448_natural_0_mesh_motions.pt,
wmKPIm2HuXM,wmKPIm2HuXM_0000_S49_E426_L333_T52_R973_B692,wmKPIm2HuXM_0000_S49_E426_L333_T52_R973_B692.wav,wmKPIm2HuXM_0000_S49_E426_L333_T52_R973_B692.npz,wmKPIm2HuXM_0000_S49_E426_L333_T52_R973_B692.npz,wmKPIm2HuXM_0000_S49_E426_L333_T52_R973_B692_natural_0_mesh_motions.pt,
wonfEPTNA0w,wonfEPTNA0w_0000_S1255_E1479_L98_T0_R898_B688,wonfEPTNA0w_0000_S1255_E1479_L98_T0_R898_B688.wav,wonfEPTNA0w_0000_S1255_E1479_L98_T0_R898_B688.npz,wonfEPTNA0w_0000_S1255_E1479_L98_T0_R898_B688.npz,wonfEPTNA0w_0000_S1255_E1479_L98_T0_R898_B688_natural_0_mesh_motions.pt,
wrtkQSU_Ekc,wrtkQSU_Ekc_0002_S158_E420_L447_T0_R879_B432,wrtkQSU_Ekc_0002_S158_E420_L447_T0_R879_B432.wav,wrtkQSU_Ekc_0002_S158_E420_L447_T0_R879_B432.npz,wrtkQSU_Ekc_0002_S158_E420_L447_T0_R879_B432.npz,wrtkQSU_Ekc_0002_S158_E420_L447_T0_R879_B432_natural_0_mesh_motions.pt,
wrtrwY2caSI,wrtrwY2caSI_0001_S1518_E1799_L253_T25_R589_B361,wrtrwY2caSI_0001_S1518_E1799_L253_T25_R589_B361.wav,wrtrwY2caSI_0001_S1518_E1799_L253_T25_R589_B361.npz,wrtrwY2caSI_0001_S1518_E1799_L253_T25_R589_B361.npz,wrtrwY2caSI_0001_S1518_E1799_L253_T25_R589_B361_natural_0_mesh_motions.pt,
wwBfqXf-1Xg,wwBfqXf-1Xg_0000_S1302_E1919_L316_T0_R924_B560,wwBfqXf-1Xg_0000_S1302_E1919_L316_T0_R924_B560.wav,wwBfqXf-1Xg_0000_S1302_E1919_L316_T0_R924_B560.npz,wwBfqXf-1Xg_0000_S1302_E1919_L316_T0_R924_B560.npz,wwBfqXf-1Xg_0000_S1302_E1919_L316_T0_R924_B560_natural_0_mesh_motions.pt,
wyM-7ra8uY4,wyM-7ra8uY4_0002_S1317_E1629_L389_T35_R837_B483,wyM-7ra8uY4_0002_S1317_E1629_L389_T35_R837_B483.wav,wyM-7ra8uY4_0002_S1317_E1629_L389_T35_R837_B483.npz,wyM-7ra8uY4_0002_S1317_E1629_L389_T35_R837_B483.npz,wyM-7ra8uY4_0002_S1317_E1629_L389_T35_R837_B483_natural_0_mesh_motions.pt,
wz3TSWrZVjM,wz3TSWrZVjM_0001_S1055_E1405_L454_T9_R966_B521,wz3TSWrZVjM_0001_S1055_E1405_L454_T9_R966_B521.wav,wz3TSWrZVjM_0001_S1055_E1405_L454_T9_R966_B521.npz,wz3TSWrZVjM_0001_S1055_E1405_L454_T9_R966_B521.npz,wz3TSWrZVjM_0001_S1055_E1405_L454_T9_R966_B521_natural_0_mesh_motions.pt,
x-YG6j9ZYsY,x-YG6j9ZYsY_0000_S27_E369_L306_T8_R946_B648,x-YG6j9ZYsY_0000_S27_E369_L306_T8_R946_B648.wav,x-YG6j9ZYsY_0000_S27_E369_L306_T8_R946_B648.npz,x-YG6j9ZYsY_0000_S27_E369_L306_T8_R946_B648.npz,x-YG6j9ZYsY_0000_S27_E369_L306_T8_R946_B648_natural_0_mesh_motions.pt,
x-ty9x6-P1o,x-ty9x6-P1o_0000_S1040_E1294_L191_T0_R511_B304,x-ty9x6-P1o_0000_S1040_E1294_L191_T0_R511_B304.wav,x-ty9x6-P1o_0000_S1040_E1294_L191_T0_R511_B304.npz,x-ty9x6-P1o_0000_S1040_E1294_L191_T0_R511_B304.npz,x-ty9x6-P1o_0000_S1040_E1294_L191_T0_R511_B304_natural_0_mesh_motions.pt,
x2Sh6TOWjkM,x2Sh6TOWjkM_0001_S1026_E1290_L218_T0_R1082_B448,x2Sh6TOWjkM_0001_S1026_E1290_L218_T0_R1082_B448.wav,x2Sh6TOWjkM_0001_S1026_E1290_L218_T0_R1082_B448.npz,x2Sh6TOWjkM_0001_S1026_E1290_L218_T0_R1082_B448.npz,x2Sh6TOWjkM_0001_S1026_E1290_L218_T0_R1082_B448_natural_0_mesh_motions.pt,
x8LIzP4vBrQ,x8LIzP4vBrQ_0006_S105_E574_L219_T0_R891_B624,x8LIzP4vBrQ_0006_S105_E574_L219_T0_R891_B624.wav,x8LIzP4vBrQ_0006_S105_E574_L219_T0_R891_B624.npz,x8LIzP4vBrQ_0006_S105_E574_L219_T0_R891_B624.npz,x8LIzP4vBrQ_0006_S105_E574_L219_T0_R891_B624_natural_0_mesh_motions.pt,
x99gUDpak34,x99gUDpak34_0000_S860_E1080_L382_T57_R830_B505,x99gUDpak34_0000_S860_E1080_L382_T57_R830_B505.wav,x99gUDpak34_0000_S860_E1080_L382_T57_R830_B505.npz,x99gUDpak34_0000_S860_E1080_L382_T57_R830_B505.npz,x99gUDpak34_0000_S860_E1080_L382_T57_R830_B505_natural_0_mesh_motions.pt,
xCDQAlQfzNs,xCDQAlQfzNs_0000_S0_E297_L451_T0_R867_B400,xCDQAlQfzNs_0000_S0_E297_L451_T0_R867_B400.wav,xCDQAlQfzNs_0000_S0_E297_L451_T0_R867_B400.npz,xCDQAlQfzNs_0000_S0_E297_L451_T0_R867_B400.npz,xCDQAlQfzNs_0000_S0_E297_L451_T0_R867_B400_natural_0_mesh_motions.pt,
xFFs9UgOAlE,xFFs9UgOAlE_0037_S0_E301_L463_T106_R735_B378,xFFs9UgOAlE_0037_S0_E301_L463_T106_R735_B378.wav,xFFs9UgOAlE_0037_S0_E301_L463_T106_R735_B378.npz,xFFs9UgOAlE_0037_S0_E301_L463_T106_R735_B378.npz,xFFs9UgOAlE_0037_S0_E301_L463_T106_R735_B378_natural_0_mesh_motions.pt,
xIyfkI0jJMs,xIyfkI0jJMs_0002_S0_E568_L312_T31_R840_B559,xIyfkI0jJMs_0002_S0_E568_L312_T31_R840_B559.wav,xIyfkI0jJMs_0002_S0_E568_L312_T31_R840_B559.npz,xIyfkI0jJMs_0002_S0_E568_L312_T31_R840_B559.npz,xIyfkI0jJMs_0002_S0_E568_L312_T31_R840_B559_natural_0_mesh_motions.pt,
xJUlD1q4bRw,xJUlD1q4bRw_0000_S1253_E1546_L70_T0_R1238_B704,xJUlD1q4bRw_0000_S1253_E1546_L70_T0_R1238_B704.wav,xJUlD1q4bRw_0000_S1253_E1546_L70_T0_R1238_B704.npz,xJUlD1q4bRw_0000_S1253_E1546_L70_T0_R1238_B704.npz,xJUlD1q4bRw_0000_S1253_E1546_L70_T0_R1238_B704_natural_0_mesh_motions.pt,
xMhd22uQusw,xMhd22uQusw_0000_S1358_E1756_L368_T43_R880_B555,xMhd22uQusw_0000_S1358_E1756_L368_T43_R880_B555.wav,xMhd22uQusw_0000_S1358_E1756_L368_T43_R880_B555.npz,xMhd22uQusw_0000_S1358_E1756_L368_T43_R880_B555.npz,xMhd22uQusw_0000_S1358_E1756_L368_T43_R880_B555_natural_0_mesh_motions.pt,
xSaGl8fiiYk,xSaGl8fiiYk_0000_S2_E315_L18_T0_R1026_B704,xSaGl8fiiYk_0000_S2_E315_L18_T0_R1026_B704.wav,xSaGl8fiiYk_0000_S2_E315_L18_T0_R1026_B704.npz,xSaGl8fiiYk_0000_S2_E315_L18_T0_R1026_B704.npz,xSaGl8fiiYk_0000_S2_E315_L18_T0_R1026_B704_natural_0_mesh_motions.pt,
xe21-4hVA20,xe21-4hVA20_0000_S0_E376_L300_T123_R940_B715,xe21-4hVA20_0000_S0_E376_L300_T123_R940_B715.wav,xe21-4hVA20_0000_S0_E376_L300_T123_R940_B715.npz,xe21-4hVA20_0000_S0_E376_L300_T123_R940_B715.npz,xe21-4hVA20_0000_S0_E376_L300_T123_R940_B715_natural_0_mesh_motions.pt,
xgpgHZ9iTMo,xgpgHZ9iTMo_0001_S1050_E1390_L580_T38_R948_B406,xgpgHZ9iTMo_0001_S1050_E1390_L580_T38_R948_B406.wav,xgpgHZ9iTMo_0001_S1050_E1390_L580_T38_R948_B406.npz,xgpgHZ9iTMo_0001_S1050_E1390_L580_T38_R948_B406.npz,xgpgHZ9iTMo_0001_S1050_E1390_L580_T38_R948_B406_natural_0_mesh_motions.pt,
xjwSr2qv1cY,xjwSr2qv1cY_0000_S1167_E1361_L496_T14_R768_B286,xjwSr2qv1cY_0000_S1167_E1361_L496_T14_R768_B286.wav,xjwSr2qv1cY_0000_S1167_E1361_L496_T14_R768_B286.npz,xjwSr2qv1cY_0000_S1167_E1361_L496_T14_R768_B286.npz,xjwSr2qv1cY_0000_S1167_E1361_L496_T14_R768_B286_natural_0_mesh_motions.pt,
xkf9Gk1QuYo,xkf9Gk1QuYo_0000_S1013_E1385_L592_T13_R960_B381,xkf9Gk1QuYo_0000_S1013_E1385_L592_T13_R960_B381.wav,xkf9Gk1QuYo_0000_S1013_E1385_L592_T13_R960_B381.npz,xkf9Gk1QuYo_0000_S1013_E1385_L592_T13_R960_B381.npz,xkf9Gk1QuYo_0000_S1013_E1385_L592_T13_R960_B381_natural_0_mesh_motions.pt,
xnLoToJVQH4,xnLoToJVQH4_0000_S1368_E1823_L526_T7_R990_B471,xnLoToJVQH4_0000_S1368_E1823_L526_T7_R990_B471.wav,xnLoToJVQH4_0000_S1368_E1823_L526_T7_R990_B471.npz,xnLoToJVQH4_0000_S1368_E1823_L526_T7_R990_B471.npz,xnLoToJVQH4_0000_S1368_E1823_L526_T7_R990_B471_natural_0_mesh_motions.pt,
xt7bRz9dX4A,xt7bRz9dX4A_0030_S1228_E1477_L297_T26_R553_B282,xt7bRz9dX4A_0030_S1228_E1477_L297_T26_R553_B282.wav,xt7bRz9dX4A_0030_S1228_E1477_L297_T26_R553_B282.npz,xt7bRz9dX4A_0030_S1228_E1477_L297_T26_R553_B282.npz,xt7bRz9dX4A_0030_S1228_E1477_L297_T26_R553_B282_natural_0_mesh_motions.pt,
xz7Ilex4McU,xz7Ilex4McU_0000_S0_E252_L365_T16_R1021_B672,xz7Ilex4McU_0000_S0_E252_L365_T16_R1021_B672.wav,xz7Ilex4McU_0000_S0_E252_L365_T16_R1021_B672.npz,xz7Ilex4McU_0000_S0_E252_L365_T16_R1021_B672.npz,xz7Ilex4McU_0000_S0_E252_L365_T16_R1021_B672_natural_0_mesh_motions.pt,
y6Ge4RZsq4I,y6Ge4RZsq4I_0000_S936_E1535_L251_T20_R555_B324,y6Ge4RZsq4I_0000_S936_E1535_L251_T20_R555_B324.wav,y6Ge4RZsq4I_0000_S936_E1535_L251_T20_R555_B324.npz,y6Ge4RZsq4I_0000_S936_E1535_L251_T20_R555_B324.npz,y6Ge4RZsq4I_0000_S936_E1535_L251_T20_R555_B324_natural_0_mesh_motions.pt,
y6zsW14YDBY,y6zsW14YDBY_0000_S553_E837_L501_T11_R869_B379,y6zsW14YDBY_0000_S553_E837_L501_T11_R869_B379.wav,y6zsW14YDBY_0000_S553_E837_L501_T11_R869_B379.npz,y6zsW14YDBY_0000_S553_E837_L501_T11_R869_B379.npz,y6zsW14YDBY_0000_S553_E837_L501_T11_R869_B379_natural_0_mesh_motions.pt,
yHaY_d3QQR8,yHaY_d3QQR8_0000_S0_E273_L83_T0_R723_B640,yHaY_d3QQR8_0000_S0_E273_L83_T0_R723_B640.wav,yHaY_d3QQR8_0000_S0_E273_L83_T0_R723_B640.npz,yHaY_d3QQR8_0000_S0_E273_L83_T0_R723_B640.npz,yHaY_d3QQR8_0000_S0_E273_L83_T0_R723_B640_natural_0_mesh_motions.pt,
yPqieOw41gc,yPqieOw41gc_0000_S1523_E1855_L736_T95_R1088_B447,yPqieOw41gc_0000_S1523_E1855_L736_T95_R1088_B447.wav,yPqieOw41gc_0000_S1523_E1855_L736_T95_R1088_B447.npz,yPqieOw41gc_0000_S1523_E1855_L736_T95_R1088_B447.npz,yPqieOw41gc_0000_S1523_E1855_L736_T95_R1088_B447_natural_0_mesh_motions.pt,
yX5g1OHKE-E,yX5g1OHKE-E_0001_S1379_E1695_L456_T136_R808_B504,yX5g1OHKE-E_0001_S1379_E1695_L456_T136_R808_B504.wav,yX5g1OHKE-E_0001_S1379_E1695_L456_T136_R808_B504.npz,yX5g1OHKE-E_0001_S1379_E1695_L456_T136_R808_B504.npz,yX5g1OHKE-E_0001_S1379_E1695_L456_T136_R808_B504_natural_0_mesh_motions.pt,
yXRXk5ubwW8,yXRXk5ubwW8_0000_S1524_E1774_L446_T40_R782_B376,yXRXk5ubwW8_0000_S1524_E1774_L446_T40_R782_B376.wav,yXRXk5ubwW8_0000_S1524_E1774_L446_T40_R782_B376.npz,yXRXk5ubwW8_0000_S1524_E1774_L446_T40_R782_B376.npz,yXRXk5ubwW8_0000_S1524_E1774_L446_T40_R782_B376_natural_0_mesh_motions.pt,
yc3l8Xsk4k4,yc3l8Xsk4k4_0017_S1125_E1319_L548_T64_R1044_B560,yc3l8Xsk4k4_0017_S1125_E1319_L548_T64_R1044_B560.wav,yc3l8Xsk4k4_0017_S1125_E1319_L548_T64_R1044_B560.npz,yc3l8Xsk4k4_0017_S1125_E1319_L548_T64_R1044_B560.npz,yc3l8Xsk4k4_0017_S1125_E1319_L548_T64_R1044_B560_natural_0_mesh_motions.pt,
yeVl67bOTD4,yeVl67bOTD4_0002_S364_E651_L496_T0_R848_B352,yeVl67bOTD4_0002_S364_E651_L496_T0_R848_B352.wav,yeVl67bOTD4_0002_S364_E651_L496_T0_R848_B352.npz,yeVl67bOTD4_0002_S364_E651_L496_T0_R848_B352.npz,yeVl67bOTD4_0002_S364_E651_L496_T0_R848_B352_natural_0_mesh_motions.pt,
yjD-_z6P75s,yjD-_z6P75s_0002_S0_E257_L815_T55_R1215_B455,yjD-_z6P75s_0002_S0_E257_L815_T55_R1215_B455.wav,yjD-_z6P75s_0002_S0_E257_L815_T55_R1215_B455.npz,yjD-_z6P75s_0002_S0_E257_L815_T55_R1215_B455.npz,yjD-_z6P75s_0002_S0_E257_L815_T55_R1215_B455_natural_0_mesh_motions.pt,
yqCnnSfXrRg,yqCnnSfXrRg_0000_S447_E647_L470_T36_R1030_B596,yqCnnSfXrRg_0000_S447_E647_L470_T36_R1030_B596.wav,yqCnnSfXrRg_0000_S447_E647_L470_T36_R1030_B596.npz,yqCnnSfXrRg_0000_S447_E647_L470_T36_R1030_B596.npz,yqCnnSfXrRg_0000_S447_E647_L470_T36_R1030_B596_natural_0_mesh_motions.pt,
yrqpVREbHfs,yrqpVREbHfs_0002_S313_E568_L361_T0_R809_B448,yrqpVREbHfs_0002_S313_E568_L361_T0_R809_B448.wav,yrqpVREbHfs_0002_S313_E568_L361_T0_R809_B448.npz,yrqpVREbHfs_0002_S313_E568_L361_T0_R809_B448.npz,yrqpVREbHfs_0002_S313_E568_L361_T0_R809_B448_natural_0_mesh_motions.pt,
ysogiWIjy10,ysogiWIjy10_0003_S798_E1188_L418_T32_R978_B592,ysogiWIjy10_0003_S798_E1188_L418_T32_R978_B592.wav,ysogiWIjy10_0003_S798_E1188_L418_T32_R978_B592.npz,ysogiWIjy10_0003_S798_E1188_L418_T32_R978_B592.npz,ysogiWIjy10_0003_S798_E1188_L418_T32_R978_B592_natural_0_mesh_motions.pt,
yu2iuSrpjHo,yu2iuSrpjHo_0003_S916_E1286_L449_T58_R1025_B634,yu2iuSrpjHo_0003_S916_E1286_L449_T58_R1025_B634.wav,yu2iuSrpjHo_0003_S916_E1286_L449_T58_R1025_B634.npz,yu2iuSrpjHo_0003_S916_E1286_L449_T58_R1025_B634.npz,yu2iuSrpjHo_0003_S916_E1286_L449_T58_R1025_B634_natural_0_mesh_motions.pt,
yu6gBfUQFNI,yu6gBfUQFNI_0000_S0_E264_L85_T0_R965_B704,yu6gBfUQFNI_0000_S0_E264_L85_T0_R965_B704.wav,yu6gBfUQFNI_0000_S0_E264_L85_T0_R965_B704.npz,yu6gBfUQFNI_0000_S0_E264_L85_T0_R965_B704.npz,yu6gBfUQFNI_0000_S0_E264_L85_T0_R965_B704_natural_0_mesh_motions.pt,
yuNg5JugqrE,yuNg5JugqrE_0001_S281_E778_L358_T5_R982_B629,yuNg5JugqrE_0001_S281_E778_L358_T5_R982_B629.wav,yuNg5JugqrE_0001_S281_E778_L358_T5_R982_B629.npz,yuNg5JugqrE_0001_S281_E778_L358_T5_R982_B629.npz,yuNg5JugqrE_0001_S281_E778_L358_T5_R982_B629_natural_0_mesh_motions.pt,
yvGUNb80FTI,yvGUNb80FTI_0013_S769_E1176_L485_T70_R789_B374,yvGUNb80FTI_0013_S769_E1176_L485_T70_R789_B374.wav,yvGUNb80FTI_0013_S769_E1176_L485_T70_R789_B374.npz,yvGUNb80FTI_0013_S769_E1176_L485_T70_R789_B374.npz,yvGUNb80FTI_0013_S769_E1176_L485_T70_R789_B374_natural_0_mesh_motions.pt,
yxuTqbqzzpM,yxuTqbqzzpM_0006_S1351_E1752_L519_T48_R871_B400,yxuTqbqzzpM_0006_S1351_E1752_L519_T48_R871_B400.wav,yxuTqbqzzpM_0006_S1351_E1752_L519_T48_R871_B400.npz,yxuTqbqzzpM_0006_S1351_E1752_L519_T48_R871_B400.npz,yxuTqbqzzpM_0006_S1351_E1752_L519_T48_R871_B400_natural_0_mesh_motions.pt,
z-KziTO_5so,z-KziTO_5so_0000_S1380_E1835_L459_T101_R923_B565,z-KziTO_5so_0000_S1380_E1835_L459_T101_R923_B565.wav,z-KziTO_5so_0000_S1380_E1835_L459_T101_R923_B565.npz,z-KziTO_5so_0000_S1380_E1835_L459_T101_R923_B565.npz,z-KziTO_5so_0000_S1380_E1835_L459_T101_R923_B565_natural_0_mesh_motions.pt,
z2-YMvHXvkk,z2-YMvHXvkk_0001_S162_E405_L757_T61_R1157_B461,z2-YMvHXvkk_0001_S162_E405_L757_T61_R1157_B461.wav,z2-YMvHXvkk_0001_S162_E405_L757_T61_R1157_B461.npz,z2-YMvHXvkk_0001_S162_E405_L757_T61_R1157_B461.npz,z2-YMvHXvkk_0001_S162_E405_L757_T61_R1157_B461_natural_0_mesh_motions.pt,
z83CZnYt72o,z83CZnYt72o_0001_S0_E278_L442_T0_R1162_B672,z83CZnYt72o_0001_S0_E278_L442_T0_R1162_B672.wav,z83CZnYt72o_0001_S0_E278_L442_T0_R1162_B672.npz,z83CZnYt72o_0001_S0_E278_L442_T0_R1162_B672.npz,z83CZnYt72o_0001_S0_E278_L442_T0_R1162_B672_natural_0_mesh_motions.pt,
z8gNQpsYIco,z8gNQpsYIco_0000_S407_E708_L797_T192_R1133_B528,z8gNQpsYIco_0000_S407_E708_L797_T192_R1133_B528.wav,z8gNQpsYIco_0000_S407_E708_L797_T192_R1133_B528.npz,z8gNQpsYIco_0000_S407_E708_L797_T192_R1133_B528.npz,z8gNQpsYIco_0000_S407_E708_L797_T192_R1133_B528_natural_0_mesh_motions.pt,
zArkP0YCXw0,zArkP0YCXw0_0000_S1179_E1545_L416_T63_R768_B415,zArkP0YCXw0_0000_S1179_E1545_L416_T63_R768_B415.wav,zArkP0YCXw0_0000_S1179_E1545_L416_T63_R768_B415.npz,zArkP0YCXw0_0000_S1179_E1545_L416_T63_R768_B415.npz,zArkP0YCXw0_0000_S1179_E1545_L416_T63_R768_B415_natural_0_mesh_motions.pt,
zF-pekRLJ3M,zF-pekRLJ3M_0003_S0_E429_L50_T0_R1250_B704,zF-pekRLJ3M_0003_S0_E429_L50_T0_R1250_B704.wav,zF-pekRLJ3M_0003_S0_E429_L50_T0_R1250_B704.npz,zF-pekRLJ3M_0003_S0_E429_L50_T0_R1250_B704.npz,zF-pekRLJ3M_0003_S0_E429_L50_T0_R1250_B704_natural_0_mesh_motions.pt,
zJIKjeOLOFw,zJIKjeOLOFw_0000_S0_E267_L544_T119_R992_B567,zJIKjeOLOFw_0000_S0_E267_L544_T119_R992_B567.wav,zJIKjeOLOFw_0000_S0_E267_L544_T119_R992_B567.npz,zJIKjeOLOFw_0000_S0_E267_L544_T119_R992_B567.npz,zJIKjeOLOFw_0000_S0_E267_L544_T119_R992_B567_natural_0_mesh_motions.pt,
zJahR4BmskA,zJahR4BmskA_0000_S33_E395_L346_T0_R1002_B640,zJahR4BmskA_0000_S33_E395_L346_T0_R1002_B640.wav,zJahR4BmskA_0000_S33_E395_L346_T0_R1002_B640.npz,zJahR4BmskA_0000_S33_E395_L346_T0_R1002_B640.npz,zJahR4BmskA_0000_S33_E395_L346_T0_R1002_B640_natural_0_mesh_motions.pt,
zJuuBn8mTP8,zJuuBn8mTP8_0000_S1129_E1506_L192_T0_R928_B704,zJuuBn8mTP8_0000_S1129_E1506_L192_T0_R928_B704.wav,zJuuBn8mTP8_0000_S1129_E1506_L192_T0_R928_B704.npz,zJuuBn8mTP8_0000_S1129_E1506_L192_T0_R928_B704.npz,zJuuBn8mTP8_0000_S1129_E1506_L192_T0_R928_B704_natural_0_mesh_motions.pt,
zKwgR9IBovs,zKwgR9IBovs_0002_S1135_E1439_L466_T47_R754_B335,zKwgR9IBovs_0002_S1135_E1439_L466_T47_R754_B335.wav,zKwgR9IBovs_0002_S1135_E1439_L466_T47_R754_B335.npz,zKwgR9IBovs_0002_S1135_E1439_L466_T47_R754_B335.npz,zKwgR9IBovs_0002_S1135_E1439_L466_T47_R754_B335_natural_0_mesh_motions.pt,
zL_d7b1bsUE,zL_d7b1bsUE_0000_S1232_E1486_L428_T77_R780_B429,zL_d7b1bsUE_0000_S1232_E1486_L428_T77_R780_B429.wav,zL_d7b1bsUE_0000_S1232_E1486_L428_T77_R780_B429.npz,zL_d7b1bsUE_0000_S1232_E1486_L428_T77_R780_B429.npz,zL_d7b1bsUE_0000_S1232_E1486_L428_T77_R780_B429_natural_0_mesh_motions.pt,
zLaE0SmZdMo,zLaE0SmZdMo_0000_S338_E543_L43_T0_R987_B704,zLaE0SmZdMo_0000_S338_E543_L43_T0_R987_B704.wav,zLaE0SmZdMo_0000_S338_E543_L43_T0_R987_B704.npz,zLaE0SmZdMo_0000_S338_E543_L43_T0_R987_B704.npz,zLaE0SmZdMo_0000_S338_E543_L43_T0_R987_B704_natural_0_mesh_motions.pt,
zUDEten_j9o,zUDEten_j9o_0001_S492_E1049_L326_T33_R950_B657,zUDEten_j9o_0001_S492_E1049_L326_T33_R950_B657.wav,zUDEten_j9o_0001_S492_E1049_L326_T33_R950_B657.npz,zUDEten_j9o_0001_S492_E1049_L326_T33_R950_B657.npz,zUDEten_j9o_0001_S492_E1049_L326_T33_R950_B657_natural_0_mesh_motions.pt,
zZb8HVaO4Nc,zZb8HVaO4Nc_0001_S936_E1200_L654_T14_R1070_B430,zZb8HVaO4Nc_0001_S936_E1200_L654_T14_R1070_B430.wav,zZb8HVaO4Nc_0001_S936_E1200_L654_T14_R1070_B430.npz,zZb8HVaO4Nc_0001_S936_E1200_L654_T14_R1070_B430.npz,zZb8HVaO4Nc_0001_S936_E1200_L654_T14_R1070_B430_natural_0_mesh_motions.pt,
zeO8n9byqg0,zeO8n9byqg0_0000_S192_E464_L475_T113_R891_B529,zeO8n9byqg0_0000_S192_E464_L475_T113_R891_B529.wav,zeO8n9byqg0_0000_S192_E464_L475_T113_R891_B529.npz,zeO8n9byqg0_0000_S192_E464_L475_T113_R891_B529.npz,zeO8n9byqg0_0000_S192_E464_L475_T113_R891_B529_natural_0_mesh_motions.pt,
zesVY6sbjoM,zesVY6sbjoM_0000_S1486_E1817_L384_T117_R720_B453,zesVY6sbjoM_0000_S1486_E1817_L384_T117_R720_B453.wav,zesVY6sbjoM_0000_S1486_E1817_L384_T117_R720_B453.npz,zesVY6sbjoM_0000_S1486_E1817_L384_T117_R720_B453.npz,zesVY6sbjoM_0000_S1486_E1817_L384_T117_R720_B453_natural_0_mesh_motions.pt,
zhESYHHbzsc,zhESYHHbzsc_0000_S0_E263_L394_T0_R1018_B592,zhESYHHbzsc_0000_S0_E263_L394_T0_R1018_B592.wav,zhESYHHbzsc_0000_S0_E263_L394_T0_R1018_B592.npz,zhESYHHbzsc_0000_S0_E263_L394_T0_R1018_B592.npz,zhESYHHbzsc_0000_S0_E263_L394_T0_R1018_B592_natural_0_mesh_motions.pt,
zhI__xPhoW4,zhI__xPhoW4_0000_S1095_E1375_L476_T55_R860_B439,zhI__xPhoW4_0000_S1095_E1375_L476_T55_R860_B439.wav,zhI__xPhoW4_0000_S1095_E1375_L476_T55_R860_B439.npz,zhI__xPhoW4_0000_S1095_E1375_L476_T55_R860_B439.npz,zhI__xPhoW4_0000_S1095_E1375_L476_T55_R860_B439_natural_0_mesh_motions.pt,
zlHe6erNcQA,zlHe6erNcQA_0002_S1234_E1504_L160_T0_R1040_B704,zlHe6erNcQA_0002_S1234_E1504_L160_T0_R1040_B704.wav,zlHe6erNcQA_0002_S1234_E1504_L160_T0_R1040_B704.npz,zlHe6erNcQA_0002_S1234_E1504_L160_T0_R1040_B704.npz,zlHe6erNcQA_0002_S1234_E1504_L160_T0_R1040_B704_natural_0_mesh_motions.pt,
zotrHY6f1-4,zotrHY6f1-4_0001_S1137_E1759_L332_T4_R812_B484,zotrHY6f1-4_0001_S1137_E1759_L332_T4_R812_B484.wav,zotrHY6f1-4_0001_S1137_E1759_L332_T4_R812_B484.npz,zotrHY6f1-4_0001_S1137_E1759_L332_T4_R812_B484.npz,zotrHY6f1-4_0001_S1137_E1759_L332_T4_R812_B484_natural_0_mesh_motions.pt,
zqFEtAUGItg,zqFEtAUGItg_0002_S188_E442_L255_T0_R879_B576,zqFEtAUGItg_0002_S188_E442_L255_T0_R879_B576.wav,zqFEtAUGItg_0002_S188_E442_L255_T0_R879_B576.npz,zqFEtAUGItg_0002_S188_E442_L255_T0_R879_B576.npz,zqFEtAUGItg_0002_S188_E442_L255_T0_R879_B576_natural_0_mesh_motions.pt,
zqVaXf-E8us,zqVaXf-E8us_0006_S190_E428_L358_T0_R934_B544,zqVaXf-E8us_0006_S190_E428_L358_T0_R934_B544.wav,zqVaXf-E8us_0006_S190_E428_L358_T0_R934_B544.npz,zqVaXf-E8us_0006_S190_E428_L358_T0_R934_B544.npz,zqVaXf-E8us_0006_S190_E428_L358_T0_R934_B544_natural_0_mesh_motions.pt,
zucFlVCiV-g,zucFlVCiV-g_0000_S1436_E1935_L483_T41_R787_B345,zucFlVCiV-g_0000_S1436_E1935_L483_T41_R787_B345.wav,zucFlVCiV-g_0000_S1436_E1935_L483_T41_R787_B345.npz,zucFlVCiV-g_0000_S1436_E1935_L483_T41_R787_B345.npz,zucFlVCiV-g_0000_S1436_E1935_L483_T41_R787_B345_natural_0_mesh_motions.pt,
zwGcVuZCM4Y,zwGcVuZCM4Y_0000_S1348_E1855_L411_T7_R843_B439,zwGcVuZCM4Y_0000_S1348_E1855_L411_T7_R843_B439.wav,zwGcVuZCM4Y_0000_S1348_E1855_L411_T7_R843_B439.npz,zwGcVuZCM4Y_0000_S1348_E1855_L411_T7_R843_B439.npz,zwGcVuZCM4Y_0000_S1348_E1855_L411_T7_R843_B439_natural_0_mesh_motions.pt,
zxN1HYq4iEg,zxN1HYq4iEg_0000_S656_E931_L536_T206_R840_B510,zxN1HYq4iEg_0000_S656_E931_L536_T206_R840_B510.wav,zxN1HYq4iEg_0000_S656_E931_L536_T206_R840_B510.npz,zxN1HYq4iEg_0000_S656_E931_L536_T206_R840_B510.npz,zxN1HYq4iEg_0000_S656_E931_L536_T206_R840_B510_natural_0_mesh_motions.pt,
zygTUJZ93dE,zygTUJZ93dE_0000_S879_E1107_L471_T11_R839_B363,zygTUJZ93dE_0000_S879_E1107_L471_T11_R839_B363.wav,zygTUJZ93dE_0000_S879_E1107_L471_T11_R839_B363.npz,zygTUJZ93dE_0000_S879_E1107_L471_T11_R839_B363.npz,zygTUJZ93dE_0000_S879_E1107_L471_T11_R839_B363_natural_0_mesh_motions.pt,
