video_id,clip_stem,model,frames,lve,fdd,mod
--Y9imYnfBw,--Y9imYnfBw_0000_S0_E271_L504_T63_R792_B351,dpt,226,0.008639668114483356,1.2383676221361384e-05,0.003500024089589715
--Y9imYnfBw,--Y9imYnfBw_0000_S0_E271_L504_T63_R792_B351,artalk,227,0.011030125431716442,-0.00011548024485819042,0.0036442342679947615
--Y9imYnfBw,--Y9imYnfBw_0000_S0_E271_L504_T63_R792_B351,multitalk,226,0.009217594750225544,1.7515754734631628e-05,0.0032019198406487703
--Y9imYnfBw,--Y9imYnfBw_0000_S0_E271_L504_T63_R792_B351,codetalker,228,0.011434902437031269,6.1033810197841376e-05,0.007885560393333435
-7TMJtnhiPM,-7TMJtnhiPM_0000_S1202_E1607_L345_T26_R857_B538,dpt,337,0.010560605674982071,0.0003026039048563689,0.0059243375435471535
-7TMJtnhiPM,-7TMJtnhiPM_0000_S1202_E1607_L345_T26_R857_B538,artalk,338,0.007007330656051636,0.00023096089717000723,0.0030931741930544376
-7TMJtnhiPM,-7TMJtnhiPM_0000_S1202_E1607_L345_T26_R857_B538,multitalk,337,0.008290651254355907,0.00032115771318785846,0.0032037394121289253
-7TMJtnhiPM,-7TMJtnhiPM_0000_S1202_E1607_L345_T26_R857_B538,codetalker,340,0.009837668389081955,0.0004012875724583864,0.0059718904085457325
-A0jrCGS_TE,-A0jrCGS_TE_0000_S1107_E1427_L566_T104_R1062_B600,dpt,267,0.013150031678378582,0.0001136608625529334,0.005217650439590216
-A0jrCGS_TE,-A0jrCGS_TE_0000_S1107_E1427_L566_T104_R1062_B600,artalk,268,0.00831140298396349,2.261999725305941e-05,0.003835707902908325
-A0jrCGS_TE,-A0jrCGS_TE_0000_S1107_E1427_L566_T104_R1062_B600,multitalk,266,0.012280290946364403,0.00013494388258550316,0.004422611091285944
-A0jrCGS_TE,-A0jrCGS_TE_0000_S1107_E1427_L566_T104_R1062_B600,codetalker,269,0.013876563869416714,0.00020055568893440068,0.009522208012640476
-B1Z9vrjpgg,-B1Z9vrjpgg_0004_S1354_E1902_L462_T98_R750_B386,dpt,457,0.011667707934975624,0.00011796494072768837,0.0065655759535729885
-B1Z9vrjpgg,-B1Z9vrjpgg_0004_S1354_E1902_L462_T98_R750_B386,artalk,458,0.012755131348967552,7.909185660537332e-05,0.006010531447827816
-B1Z9vrjpgg,-B1Z9vrjpgg_0004_S1354_E1902_L462_T98_R750_B386,multitalk,457,0.009282061830163002,0.0001383052731398493,0.006162665784358978
-B1Z9vrjpgg,-B1Z9vrjpgg_0004_S1354_E1902_L462_T98_R750_B386,codetalker,459,0.009965966455638409,0.00015655123570468277,0.004160844720900059
-B9PTg7XynE,-B9PTg7XynE_0000_S306_E926_L177_T0_R1025_B576,dpt,517,0.010173113085329533,0.00012130998948123306,0.0035626015160232782
-B9PTg7XynE,-B9PTg7XynE_0000_S306_E926_L177_T0_R1025_B576,artalk,518,0.007824291475117207,4.4532003812491894e-05,0.0027606463991105556
-B9PTg7XynE,-B9PTg7XynE_0000_S306_E926_L177_T0_R1025_B576,multitalk,517,0.010318267159163952,0.00011147562327096239,0.004143159836530685
-B9PTg7XynE,-B9PTg7XynE_0000_S306_E926_L177_T0_R1025_B576,codetalker,519,0.012526665814220905,0.00013808197400067002,0.006245734635740519
-BNR218UFX4,-BNR218UFX4_0006_S614_E822_L477_T0_R861_B368,dpt,208,0.009309609420597553,0.00011954273941228166,0.002964715240523219
-BNR218UFX4,-BNR218UFX4_0006_S614_E822_L477_T0_R861_B368,artalk,208,0.009963225573301315,0.00010320564615540206,0.004352028947323561
-BNR218UFX4,-BNR218UFX4_0006_S614_E822_L477_T0_R861_B368,multitalk,208,0.009782467968761921,0.0001761304447427392,0.0031243013218045235
-BNR218UFX4,-BNR218UFX4_0006_S614_E822_L477_T0_R861_B368,codetalker,208,0.011249367147684097,0.00020387460244819522,0.0067908866330981255
-DiIOp80LOo,-DiIOp80LOo_0000_S599_E935_L519_T56_R903_B440,dpt,280,0.01232532225549221,0.00012173068535048515,0.009550209157168865
-DiIOp80LOo,-DiIOp80LOo_0000_S599_E935_L519_T56_R903_B440,artalk,281,0.012772886082530022,0.00012934392725583166,0.009530310519039631
-DiIOp80LOo,-DiIOp80LOo_0000_S599_E935_L519_T56_R903_B440,multitalk,280,0.016154823824763298,0.00018629930855240673,0.008246415294706821
-DiIOp80LOo,-DiIOp80LOo_0000_S599_E935_L519_T56_R903_B440,codetalker,282,0.009591015055775642,0.00021591481345240027,0.005736568942666054
-FbPk4SmV0M,-FbPk4SmV0M_0001_S1102_E1748_L554_T7_R890_B343,dpt,539,0.013339201919734478,0.0001178000311483629,0.005752536002546549
-FbPk4SmV0M,-FbPk4SmV0M_0001_S1102_E1748_L554_T7_R890_B343,artalk,540,0.008797015063464642,0.00011896471551153809,0.004504132550209761
-FbPk4SmV0M,-FbPk4SmV0M_0001_S1102_E1748_L554_T7_R890_B343,multitalk,539,0.014131307601928711,0.00015295993944164366,0.0075426227413117886
-FbPk4SmV0M,-FbPk4SmV0M_0001_S1102_E1748_L554_T7_R890_B343,codetalker,541,0.011640187352895737,0.00024135045532602817,0.006970408838242292
-GZFS7r2GJ0,-GZFS7r2GJ0_0001_S1335_E1535_L280_T7_R664_B391,dpt,200,0.010709697380661964,-9.772331395652145e-05,0.002867585513740778
-GZFS7r2GJ0,-GZFS7r2GJ0_0001_S1335_E1535_L280_T7_R664_B391,artalk,200,0.008250009268522263,-9.601679630577564e-05,0.002045154571533203
-GZFS7r2GJ0,-GZFS7r2GJ0_0001_S1335_E1535_L280_T7_R664_B391,multitalk,200,0.01656973734498024,7.591517601213127e-07,0.0028148083947598934
-GZFS7r2GJ0,-GZFS7r2GJ0_0001_S1335_E1535_L280_T7_R664_B391,codetalker,200,0.012941896915435791,1.3418592061498202e-05,0.005472076125442982
-II0hSGU52I,-II0hSGU52I_0001_S283_E630_L689_T118_R945_B374,dpt,347,0.009816830046474934,8.42009685584344e-05,0.004558228421956301
-II0hSGU52I,-II0hSGU52I_0001_S283_E630_L689_T118_R945_B374,artalk,347,0.007618655916303396,1.4969114999985322e-05,0.005192381329834461
-II0hSGU52I,-II0hSGU52I_0001_S283_E630_L689_T118_R945_B374,multitalk,347,0.009165586903691292,0.0001289154461119324,0.006213631946593523
-II0hSGU52I,-II0hSGU52I_0001_S283_E630_L689_T118_R945_B374,codetalker,347,0.009669209830462933,0.00014038993685971946,0.00506764929741621
-KBiHKx54sg,-KBiHKx54sg_0002_S195_E732_L801_T166_R1217_B582,dpt,560,0.01019167248159647,0.00016802013851702213,0.005741748493164778
-KBiHKx54sg,-KBiHKx54sg_0002_S195_E732_L801_T166_R1217_B582,artalk,560,0.009195590391755104,0.0001082365051843226,0.007132931146770716
-KBiHKx54sg,-KBiHKx54sg_0002_S195_E732_L801_T166_R1217_B582,multitalk,560,0.01267397589981556,0.00022130529396235943,0.008139999583363533
-KBiHKx54sg,-KBiHKx54sg_0002_S195_E732_L801_T166_R1217_B582,codetalker,560,0.010208671912550926,0.00023645283363293856,0.004539356101304293
-KL3wSSFx10,-KL3wSSFx10_0001_S383_E998_L384_T8_R736_B360,dpt,615,0.008107298985123634,4.681565405917354e-05,0.003009178675711155
-KL3wSSFx10,-KL3wSSFx10_0001_S383_E998_L384_T8_R736_B360,artalk,615,0.007381974253803492,-5.1348335546208546e-05,0.0022269447799772024
-KL3wSSFx10,-KL3wSSFx10_0001_S383_E998_L384_T8_R736_B360,multitalk,615,0.007315482012927532,0.0001281002041650936,0.0025448992382735014
-KL3wSSFx10,-KL3wSSFx10_0001_S383_E998_L384_T8_R736_B360,codetalker,615,0.008255436085164547,0.0001317230489803478,0.004694111179560423
-UrrtxGsmoU,-UrrtxGsmoU_0000_S12_E384_L323_T35_R947_B659,dpt,310,0.008644052781164646,0.00011815656762337312,0.004326639696955681
-UrrtxGsmoU,-UrrtxGsmoU_0000_S12_E384_L323_T35_R947_B659,artalk,311,0.006830981932580471,8.743882062844932e-06,0.0028600485529750586
-UrrtxGsmoU,-UrrtxGsmoU_0000_S12_E384_L323_T35_R947_B659,multitalk,310,0.012245993129909039,0.000150551728438586,0.003910785540938377
-UrrtxGsmoU,-UrrtxGsmoU_0000_S12_E384_L323_T35_R947_B659,codetalker,312,0.007543816231191158,0.00014506251318380237,0.004035510588437319
-acp9Dk7Ve4,-acp9Dk7Ve4_0000_S1016_E1535_L114_T32_R642_B560,dpt,519,0.010863067582249641,0.00015263895329553634,0.001937495544552803
-acp9Dk7Ve4,-acp9Dk7Ve4_0000_S1016_E1535_L114_T32_R642_B560,artalk,519,0.005532923154532909,8.880378300091252e-05,0.002201109193265438
-acp9Dk7Ve4,-acp9Dk7Ve4_0000_S1016_E1535_L114_T32_R642_B560,multitalk,519,0.010255438275635242,0.00019039251492358744,0.0026642661541700363
-acp9Dk7Ve4,-acp9Dk7Ve4_0000_S1016_E1535_L114_T32_R642_B560,codetalker,519,0.009397905319929123,0.00020584507728926837,0.003940234426409006
-axp0KRQJYc,-axp0KRQJYc_0000_S1053_E1317_L423_T110_R727_B414,dpt,264,0.009168313816189766,9.223970846505836e-05,0.002786744385957718
-axp0KRQJYc,-axp0KRQJYc_0000_S1053_E1317_L423_T110_R727_B414,artalk,264,0.0038301737513393164,3.19890136779577e-06,0.0015693365130573511
-axp0KRQJYc,-axp0KRQJYc_0000_S1053_E1317_L423_T110_R727_B414,multitalk,264,0.010759576223790646,6.783601565985009e-05,0.0032977068331092596
-axp0KRQJYc,-axp0KRQJYc_0000_S1053_E1317_L423_T110_R727_B414,codetalker,264,0.008187797851860523,0.00012480038276407868,0.005150628741830587
-ayP3gFLy9s,-ayP3gFLy9s_0000_S1153_E1400_L462_T150_R878_B566,dpt,206,0.01752554066479206,0.000325421744491905,0.007600679993629456
-ayP3gFLy9s,-ayP3gFLy9s_0000_S1153_E1400_L462_T150_R878_B566,artalk,207,0.01528115477412939,0.00029417951009236276,0.007492383476346731
-ayP3gFLy9s,-ayP3gFLy9s_0000_S1153_E1400_L462_T150_R878_B566,multitalk,205,0.015363567508757114,0.0003910269879270345,0.009814542718231678
-ayP3gFLy9s,-ayP3gFLy9s_0000_S1153_E1400_L462_T150_R878_B566,codetalker,208,0.014523380436003208,0.00038087138091214,0.005034640897065401
-dvajjXM2dg,-dvajjXM2dg_0000_S1200_E1434_L495_T88_R879_B472,dpt,234,0.00937861017882824,2.4352309992536902e-05,0.0022820173762738705
-dvajjXM2dg,-dvajjXM2dg_0000_S1200_E1434_L495_T88_R879_B472,artalk,234,0.0072930040769279,6.400122947525233e-05,0.0029779926408082247
-dvajjXM2dg,-dvajjXM2dg_0000_S1200_E1434_L495_T88_R879_B472,multitalk,234,0.007168686483055353,8.166838233591989e-05,0.002305078785866499
-dvajjXM2dg,-dvajjXM2dg_0000_S1200_E1434_L495_T88_R879_B472,codetalker,234,0.007632715627551079,0.00012565248471219093,0.005628027953207493
-dxGq0Mu0oY,-dxGq0Mu0oY_0000_S1298_E1503_L291_T112_R595_B416,dpt,205,0.009903019294142723,0.000304381363093853,0.005430149845778942
-dxGq0Mu0oY,-dxGq0Mu0oY_0000_S1298_E1503_L291_T112_R595_B416,artalk,205,0.009532046504318714,0.00027303831302560866,0.004575567319989204
-dxGq0Mu0oY,-dxGq0Mu0oY_0000_S1298_E1503_L291_T112_R595_B416,multitalk,205,0.009555899538099766,0.0002816057240124792,0.0029683334287256002
-dxGq0Mu0oY,-dxGq0Mu0oY_0000_S1298_E1503_L291_T112_R595_B416,codetalker,205,0.012291173450648785,0.00032854650635272264,0.009386616759002209
-gnJtZFyzZA,-gnJtZFyzZA_0000_S440_E950_L1006_T43_R1262_B299,dpt,532,0.008714736439287663,1.1216128768865019e-05,0.003779524238780141
-gnJtZFyzZA,-gnJtZFyzZA_0000_S440_E950_L1006_T43_R1262_B299,artalk,532,0.00795816071331501,-9.058741852641106e-05,0.00418886449187994
-gnJtZFyzZA,-gnJtZFyzZA_0000_S440_E950_L1006_T43_R1262_B299,multitalk,532,0.011553310789167881,6.746830331394449e-05,0.004495227709412575
-gnJtZFyzZA,-gnJtZFyzZA_0000_S440_E950_L1006_T43_R1262_B299,codetalker,532,0.007242727093398571,5.3970037697581574e-05,0.004194402135908604
-hLsqlKm-A4,-hLsqlKm-A4_0008_S837_E1092_L452_T113_R788_B449,dpt,213,0.011066768318414688,0.0002410823362879455,0.0038719528820365667
-hLsqlKm-A4,-hLsqlKm-A4_0008_S837_E1092_L452_T113_R788_B449,artalk,214,0.006381799001246691,0.00015118981536943465,0.0028328716289252043
-hLsqlKm-A4,-hLsqlKm-A4_0008_S837_E1092_L452_T113_R788_B449,multitalk,212,0.009869475848972797,0.0002742625947576016,0.0033720647916197777
-hLsqlKm-A4,-hLsqlKm-A4_0008_S837_E1092_L452_T113_R788_B449,codetalker,214,0.010910267941653728,0.0002843376132659614,0.008624565787613392
-mingboa4sM,-mingboa4sM_0000_S973_E1223_L262_T33_R790_B561,dpt,208,0.006868584081530571,0.00012406038877088577,0.0036279456689953804
-mingboa4sM,-mingboa4sM_0000_S973_E1223_L262_T33_R790_B561,artalk,209,0.006230880971997976,0.00019004533533006907,0.002685756189748645
-mingboa4sM,-mingboa4sM_0000_S973_E1223_L262_T33_R790_B561,multitalk,208,0.009141875430941582,0.00019160959345754236,0.0053100064396858215
-mingboa4sM,-mingboa4sM_0000_S973_E1223_L262_T33_R790_B561,codetalker,210,0.008521041832864285,0.00018792336049955338,0.004087843932211399
-n-HQiT-mkw,-n-HQiT-mkw_0007_S1532_E1839_L200_T49_R488_B337,dpt,256,0.0163319930434227,0.00015846555470488966,0.0028930269181728363
-n-HQiT-mkw,-n-HQiT-mkw_0007_S1532_E1839_L200_T49_R488_B337,artalk,257,0.011403431184589863,9.26909560803324e-05,0.003985833376646042
-n-HQiT-mkw,-n-HQiT-mkw_0007_S1532_E1839_L200_T49_R488_B337,multitalk,256,0.016842175275087357,5.4141622968018055e-05,0.0036263950169086456
-n-HQiT-mkw,-n-HQiT-mkw_0007_S1532_E1839_L200_T49_R488_B337,codetalker,259,0.016573293134570122,0.00023806850367691368,0.007859881967306137
-qsTrNdfd1w,-qsTrNdfd1w_0000_S954_E1535_L825_T169_R1081_B425,dpt,581,0.010478846728801727,0.0001804936764528975,0.0029517163056880236
-qsTrNdfd1w,-qsTrNdfd1w_0000_S954_E1535_L825_T169_R1081_B425,artalk,581,0.006518845912069082,7.530605216743425e-05,0.003530399641022086
-qsTrNdfd1w,-qsTrNdfd1w_0000_S954_E1535_L825_T169_R1081_B425,multitalk,580,0.014416168443858624,1.987592077057343e-05,0.005981253460049629
-qsTrNdfd1w,-qsTrNdfd1w_0000_S954_E1535_L825_T169_R1081_B425,codetalker,581,0.00923938862979412,0.00023753553978167474,0.003890498075634241
-r-ckuF3JSg,-r-ckuF3JSg_0000_S686_E1047_L423_T0_R807_B384,dpt,361,0.011954348534345627,-1.4219598369891173e-06,0.003664386458694935
-r-ckuF3JSg,-r-ckuF3JSg_0000_S686_E1047_L423_T0_R807_B384,artalk,361,0.00896267406642437,-4.476213871384971e-05,0.0034040624741464853
-r-ckuF3JSg,-r-ckuF3JSg_0000_S686_E1047_L423_T0_R807_B384,multitalk,360,0.00803864561021328,7.015178562141955e-05,0.004306314513087273
-r-ckuF3JSg,-r-ckuF3JSg_0000_S686_E1047_L423_T0_R807_B384,codetalker,361,0.009237240068614483,5.822598177473992e-05,0.005138400010764599
-yhJf04a1mI,-yhJf04a1mI_0015_S430_E790_L445_T55_R781_B391,dpt,300,0.011384213343262672,0.00011927373270737007,0.003909959923475981
-yhJf04a1mI,-yhJf04a1mI_0015_S430_E790_L445_T55_R781_B391,artalk,301,0.008535044267773628,2.2185722627909854e-05,0.004494242370128632
-yhJf04a1mI,-yhJf04a1mI_0015_S430_E790_L445_T55_R781_B391,multitalk,300,0.01243031956255436,0.00014556055248249322,0.0033315785694867373
-yhJf04a1mI,-yhJf04a1mI_0015_S430_E790_L445_T55_R781_B391,codetalker,302,0.012022181414067745,0.0002016410289797932,0.008748342283070087
-zqAjBpG0Jw,-zqAjBpG0Jw_0000_S1325_E1535_L486_T64_R758_B336,dpt,210,0.0067909094505012035,-4.601478576660156e-05,0.0032564878929406404
-zqAjBpG0Jw,-zqAjBpG0Jw_0000_S1325_E1535_L486_T64_R758_B336,artalk,210,0.006697551812976599,-1.684432936599478e-05,0.00465071527287364
-zqAjBpG0Jw,-zqAjBpG0Jw_0000_S1325_E1535_L486_T64_R758_B336,multitalk,210,0.008647467009723186,8.267676889772702e-07,0.006519132759422064
-zqAjBpG0Jw,-zqAjBpG0Jw_0000_S1325_E1535_L486_T64_R758_B336,codetalker,210,0.006512288935482502,5.6080782087519765e-05,0.0039060364942997694
0-FQbhkWYuY,0-FQbhkWYuY_0000_S507_E802_L448_T40_R832_B424,dpt,307,0.008244974538683891,0.0001575947826495394,0.002220771973952651
0-FQbhkWYuY,0-FQbhkWYuY_0000_S507_E802_L448_T40_R832_B424,artalk,307,0.006096809171140194,6.92242756485939e-05,0.0024839146062731743
0-FQbhkWYuY,0-FQbhkWYuY_0000_S507_E802_L448_T40_R832_B424,multitalk,307,0.018623901531100273,0.0002013180055655539,0.0022658142261207104
0-FQbhkWYuY,0-FQbhkWYuY_0000_S507_E802_L448_T40_R832_B424,codetalker,307,0.01048876903951168,0.00023986617452464998,0.005698618944734335
04-JxYnzcq0,04-JxYnzcq0_0003_S1133_E1407_L544_T60_R816_B332,dpt,274,0.01395955216139555,0.0001980196248041466,0.006589398253709078
04-JxYnzcq0,04-JxYnzcq0_0003_S1133_E1407_L544_T60_R816_B332,artalk,274,0.012925938703119755,9.551694529363886e-05,0.006346158217638731
04-JxYnzcq0,04-JxYnzcq0_0003_S1133_E1407_L544_T60_R816_B332,multitalk,274,0.01269527617841959,0.00025554042076691985,0.005895297974348068
04-JxYnzcq0,04-JxYnzcq0_0003_S1133_E1407_L544_T60_R816_B332,codetalker,274,0.01671791821718216,0.0002855371276382357,0.011014281772077084
04BN6UOVKOM,04BN6UOVKOM_0002_S457_E766_L400_T18_R736_B354,dpt,309,0.013054932467639446,0.00011122549040010199,0.002847569063305855
04BN6UOVKOM,04BN6UOVKOM_0002_S457_E766_L400_T18_R736_B354,artalk,309,0.009597712196409702,7.369798709078168e-07,0.0025849652010947466
04BN6UOVKOM,04BN6UOVKOM_0002_S457_E766_L400_T18_R736_B354,multitalk,309,0.015079829841852188,0.00015183479990810156,0.0027316405903548002
04BN6UOVKOM,04BN6UOVKOM_0002_S457_E766_L400_T18_R736_B354,codetalker,309,0.01329629123210907,0.00017557670071255416,0.00595061806961894
04WJEEb33CY,04WJEEb33CY_0001_S1201_E1759_L445_T69_R781_B405,dpt,465,0.008867662400007248,0.00013810911332257092,0.003416402731090784
04WJEEb33CY,04WJEEb33CY_0001_S1201_E1759_L445_T69_R781_B405,artalk,466,0.006893887650221586,0.0001660437701502815,0.003232934046536684
04WJEEb33CY,04WJEEb33CY_0001_S1201_E1759_L445_T69_R781_B405,multitalk,465,0.011708242818713188,0.00018409626500215381,0.006427471525967121
04WJEEb33CY,04WJEEb33CY_0001_S1201_E1759_L445_T69_R781_B405,codetalker,467,0.00896162074059248,0.00024626063532195985,0.004994523245841265
0B5ojfWryqA,0B5ojfWryqA_0008_S1022_E1408_L336_T39_R736_B439,dpt,333,0.010270671918988228,4.157857256359421e-05,0.004469562321901321
0B5ojfWryqA,0B5ojfWryqA_0008_S1022_E1408_L336_T39_R736_B439,artalk,334,0.006429199129343033,-3.73089533241e-05,0.0034466017968952656
0B5ojfWryqA,0B5ojfWryqA_0008_S1022_E1408_L336_T39_R736_B439,multitalk,333,0.01240223366767168,0.00013567248242907226,0.0057188062928617
0B5ojfWryqA,0B5ojfWryqA_0008_S1022_E1408_L336_T39_R736_B439,codetalker,334,0.009158464148640633,0.00012908167263958603,0.004961186554282904
0H-cSZFZq_4,0H-cSZFZq_4_0001_S0_E283_L477_T16_R845_B384,dpt,236,0.010896614752709866,9.605837112758309e-05,0.006134029012173414
0H-cSZFZq_4,0H-cSZFZq_4_0001_S0_E283_L477_T16_R845_B384,artalk,237,0.009074998088181019,3.7254135349940043e-06,0.004001097287982702
0H-cSZFZq_4,0H-cSZFZq_4_0001_S0_E283_L477_T16_R845_B384,multitalk,236,0.012220322154462337,0.00010389812814537436,0.0040824515745043755
0H-cSZFZq_4,0H-cSZFZq_4_0001_S0_E283_L477_T16_R845_B384,codetalker,238,0.00861525908112526,0.00020152806246187538,0.004752172622829676
0NLQfXOo0dM,0NLQfXOo0dM_0000_S164_E465_L543_T88_R831_B376,dpt,301,0.014029616490006447,3.5451776057016104e-05,0.011194443330168724
0NLQfXOo0dM,0NLQfXOo0dM_0000_S164_E465_L543_T88_R831_B376,artalk,301,0.014142746105790138,4.8362962843384594e-05,0.010521592572331429
0NLQfXOo0dM,0NLQfXOo0dM_0000_S164_E465_L543_T88_R831_B376,multitalk,301,0.013060146942734718,2.417668110865634e-05,0.01015919353812933
0NLQfXOo0dM,0NLQfXOo0dM_0000_S164_E465_L543_T88_R831_B376,codetalker,301,0.010575797408819199,0.00016443782078567892,0.005101870279759169
0OaM12UIeVA,0OaM12UIeVA_0001_S542_E825_L478_T97_R798_B417,dpt,236,0.008659599348902702,7.156194624258205e-05,0.00443244818598032
0OaM12UIeVA,0OaM12UIeVA_0001_S542_E825_L478_T97_R798_B417,artalk,237,0.007391534745693207,1.2955085367138963e-05,0.0032099480740725994
0OaM12UIeVA,0OaM12UIeVA_0001_S542_E825_L478_T97_R798_B417,multitalk,236,0.007511771284043789,7.024600927252322e-05,0.0029941301327198744
0OaM12UIeVA,0OaM12UIeVA_0001_S542_E825_L478_T97_R798_B417,codetalker,238,0.007276751566678286,9.230607975041494e-05,0.0034288892056792974
0OzxymzEo-A,0OzxymzEo-A_0000_S1196_E1485_L366_T68_R766_B468,dpt,241,0.011485762894153595,0.00013960331853013486,0.0044391523115336895
0OzxymzEo-A,0OzxymzEo-A_0000_S1196_E1485_L366_T68_R766_B468,artalk,242,0.011211421340703964,7.575243944302201e-05,0.004271246958523989
0OzxymzEo-A,0OzxymzEo-A_0000_S1196_E1485_L366_T68_R766_B468,multitalk,241,0.012985785491764545,6.967032823013142e-05,0.005686310585588217
0OzxymzEo-A,0OzxymzEo-A_0000_S1196_E1485_L366_T68_R766_B468,codetalker,243,0.013041297905147076,0.0001926658151205629,0.005159898195415735
0P-9yxO2df4,0P-9yxO2df4_0005_S1178_E1489_L357_T32_R757_B432,dpt,259,0.009517268277704716,0.00015800652909092605,0.0033841372933238745
0P-9yxO2df4,0P-9yxO2df4_0005_S1178_E1489_L357_T32_R757_B432,artalk,260,0.008271906524896622,8.601225999882445e-05,0.0023169750347733498
0P-9yxO2df4,0P-9yxO2df4_0005_S1178_E1489_L357_T32_R757_B432,multitalk,259,0.00968827586621046,0.00021760372328571975,0.006082445848733187
0P-9yxO2df4,0P-9yxO2df4_0005_S1178_E1489_L357_T32_R757_B432,codetalker,262,0.009319853037595749,0.00021111313253641129,0.00466304924339056
0PtUxdA35Zs,0PtUxdA35Zs_0000_S400_E641_L310_T0_R1062_B704,dpt,241,0.01530891191214323,0.0001441008789697662,0.004671113099902868
0PtUxdA35Zs,0PtUxdA35Zs_0000_S400_E641_L310_T0_R1062_B704,artalk,241,0.011898511089384556,0.00012936920393258333,0.005519043654203415
0PtUxdA35Zs,0PtUxdA35Zs_0000_S400_E641_L310_T0_R1062_B704,multitalk,241,0.01753014512360096,0.00013070041313767433,0.008890250697731972
0PtUxdA35Zs,0PtUxdA35Zs_0000_S400_E641_L310_T0_R1062_B704,codetalker,241,0.015655258670449257,0.00024280448269564658,0.006481240037828684
0RQl9e11aeE,0RQl9e11aeE_0000_S0_E471_L187_T0_R539_B336,dpt,392,0.010050300508737564,6.519600719911978e-05,0.006095827091485262
0RQl9e11aeE,0RQl9e11aeE_0000_S0_E471_L187_T0_R539_B336,artalk,393,0.008331605233252048,2.492117346264422e-05,0.006589171011000872
0RQl9e11aeE,0RQl9e11aeE_0000_S0_E471_L187_T0_R539_B336,multitalk,392,0.011729931458830833,0.00010500920325284824,0.003713380079716444
0RQl9e11aeE,0RQl9e11aeE_0000_S0_E471_L187_T0_R539_B336,codetalker,395,0.013014670461416245,0.0001539653167128563,0.010748273693025112
0SKHozldsNM,0SKHozldsNM_0001_S1030_E1759_L369_T106_R849_B586,dpt,608,0.009610991925001144,0.0003104940406046808,0.0039503141306340694
0SKHozldsNM,0SKHozldsNM_0001_S1030_E1759_L369_T106_R849_B586,artalk,609,0.005193660035729408,0.00023371046700049192,0.002013790886849165
0SKHozldsNM,0SKHozldsNM_0001_S1030_E1759_L369_T106_R849_B586,multitalk,608,0.01579265110194683,0.0003484027402009815,0.005979226436465979
0SKHozldsNM,0SKHozldsNM_0001_S1030_E1759_L369_T106_R849_B586,codetalker,610,0.009014195762574673,0.00039098894922062755,0.0049997358582913876
0S_QNLx2S7E,0S_QNLx2S7E_0000_S385_E805_L459_T61_R763_B365,dpt,420,0.012040973640978336,7.12216497049667e-05,0.004338075406849384
0S_QNLx2S7E,0S_QNLx2S7E_0000_S385_E805_L459_T61_R763_B365,artalk,420,0.008814281783998013,7.202199049061164e-05,0.0034210938028991222
0S_QNLx2S7E,0S_QNLx2S7E_0000_S385_E805_L459_T61_R763_B365,multitalk,420,0.01340280007570982,0.00013640445831697434,0.003972134552896023
0S_QNLx2S7E,0S_QNLx2S7E_0000_S385_E805_L459_T61_R763_B365,codetalker,420,0.013499400578439236,0.0001744951878208667,0.007714002393186092
0X6ZN_eRaSI,0X6ZN_eRaSI_0000_S143_E671_L481_T0_R1201_B624,dpt,528,0.010082379914820194,0.00022583597456105053,0.002190499799326062
0X6ZN_eRaSI,0X6ZN_eRaSI_0000_S143_E671_L481_T0_R1201_B624,artalk,528,0.006501276511698961,0.00027687850524671376,0.003529945155605674
0X6ZN_eRaSI,0X6ZN_eRaSI_0000_S143_E671_L481_T0_R1201_B624,multitalk,528,0.010115040466189384,0.0002692494890652597,0.004346139263361692
0X6ZN_eRaSI,0X6ZN_eRaSI_0000_S143_E671_L481_T0_R1201_B624,codetalker,528,0.00931650958955288,0.00032472159364260733,0.007069381885230541
0_Jci9-d2VY,0_Jci9-d2VY_0002_S0_E540_L677_T23_R933_B279,dpt,451,0.014554884284734726,0.00011465355783002451,0.004041996784508228
0_Jci9-d2VY,0_Jci9-d2VY_0002_S0_E540_L677_T23_R933_B279,artalk,452,0.00690601347014308,-1.6135016949192504e-06,0.0033964577596634626
0_Jci9-d2VY,0_Jci9-d2VY_0002_S0_E540_L677_T23_R933_B279,multitalk,450,0.013086882419884205,0.0001610269391676411,0.006405694410204887
0_Jci9-d2VY,0_Jci9-d2VY_0002_S0_E540_L677_T23_R933_B279,codetalker,453,0.01077846810221672,0.00021619634935632348,0.007458978332579136
0_udiqKlYuU,0_udiqKlYuU_0000_S271_E561_L443_T83_R875_B515,dpt,302,0.012013804167509079,0.00013872931594960392,0.004640843719244003
0_udiqKlYuU,0_udiqKlYuU_0000_S271_E561_L443_T83_R875_B515,artalk,302,0.00952122826129198,0.0001302945747738704,0.004604781046509743
0_udiqKlYuU,0_udiqKlYuU_0000_S271_E561_L443_T83_R875_B515,multitalk,302,0.011374986730515957,0.00013732559455092996,0.00418000528588891
0_udiqKlYuU,0_udiqKlYuU_0000_S271_E561_L443_T83_R875_B515,codetalker,302,0.011990451253950596,0.0002340732899028808,0.006797256879508495
0aiKZGqjvL4,0aiKZGqjvL4_0001_S481_E703_L456_T62_R840_B446,dpt,232,0.016458652913570404,0.00022432513651438057,0.006562456954270601
0aiKZGqjvL4,0aiKZGqjvL4_0001_S481_E703_L456_T62_R840_B446,artalk,232,0.01937413215637207,9.95942682493478e-05,0.004472492728382349
0aiKZGqjvL4,0aiKZGqjvL4_0001_S481_E703_L456_T62_R840_B446,multitalk,232,0.013342296704649925,0.00026840815553441644,0.0052614775486290455
0aiKZGqjvL4,0aiKZGqjvL4_0001_S481_E703_L456_T62_R840_B446,codetalker,232,0.019299428910017014,0.0003275148628745228,0.004516535438597202
0beHbJDqlOs,0beHbJDqlOs_0001_S728_E944_L410_T0_R890_B448,dpt,216,0.00813128799200058,3.354446744197048e-05,0.002115102019160986
0beHbJDqlOs,0beHbJDqlOs_0001_S728_E944_L410_T0_R890_B448,artalk,216,0.008256654255092144,9.079667506739497e-06,0.004096209071576595
0beHbJDqlOs,0beHbJDqlOs_0001_S728_E944_L410_T0_R890_B448,multitalk,216,0.007873496040701866,5.318252806318924e-05,0.0034042438492178917
0beHbJDqlOs,0beHbJDqlOs_0001_S728_E944_L410_T0_R890_B448,codetalker,216,0.009861129336059093,6.439557182602584e-05,0.006367305293679237
0ez7IiBfCGE,0ez7IiBfCGE_0004_S740_E943_L481_T123_R737_B379,dpt,203,0.014475097879767418,4.615460056811571e-05,0.007059793919324875
0ez7IiBfCGE,0ez7IiBfCGE_0004_S740_E943_L481_T123_R737_B379,artalk,203,0.010537072084844112,-3.977772212238051e-05,0.0044427854008972645
0ez7IiBfCGE,0ez7IiBfCGE_0004_S740_E943_L481_T123_R737_B379,multitalk,203,0.013315606862306595,8.892813639249653e-05,0.008133141323924065
0ez7IiBfCGE,0ez7IiBfCGE_0004_S740_E943_L481_T123_R737_B379,codetalker,203,0.014014382846653461,0.00015906602493487298,0.0063667744398117065
0hhbwkQ06EI,0hhbwkQ06EI_0000_S1315_E1557_L392_T18_R680_B306,dpt,202,0.01130884513258934,0.00022433434787672013,0.00523374555632472
0hhbwkQ06EI,0hhbwkQ06EI_0000_S1315_E1557_L392_T18_R680_B306,artalk,203,0.010977808386087418,0.0001643860450712964,0.005091311410069466
0hhbwkQ06EI,0hhbwkQ06EI_0000_S1315_E1557_L392_T18_R680_B306,multitalk,201,0.011026180349290371,0.0002761902578640729,0.004879420157521963
0hhbwkQ06EI,0hhbwkQ06EI_0000_S1315_E1557_L392_T18_R680_B306,codetalker,204,0.0137154720723629,0.00029387694667093456,0.011217278428375721
0hmQbZUYG4o,0hmQbZUYG4o_0000_S229_E654_L170_T0_R1018_B704,dpt,442,0.013253691606223583,0.0004615632933564484,0.006775534711778164
0hmQbZUYG4o,0hmQbZUYG4o_0000_S229_E654_L170_T0_R1018_B704,artalk,443,0.01193598099052906,0.00030766529380343854,0.004913854878395796
0hmQbZUYG4o,0hmQbZUYG4o_0000_S229_E654_L170_T0_R1018_B704,multitalk,442,0.014446387998759747,0.0004265991738066077,0.010348349809646606
0hmQbZUYG4o,0hmQbZUYG4o_0000_S229_E654_L170_T0_R1018_B704,codetalker,443,0.014728614129126072,0.0005393520114012063,0.0031359849963337183
0kLlrDNq9RA,0kLlrDNq9RA_0006_S1287_E1535_L428_T0_R1180_B480,dpt,244,0.010343131609261036,0.00016701426648069173,0.003329679137095809
0kLlrDNq9RA,0kLlrDNq9RA_0006_S1287_E1535_L428_T0_R1180_B480,artalk,244,0.010115277022123337,0.00011742120113922283,0.003656458342447877
0kLlrDNq9RA,0kLlrDNq9RA_0006_S1287_E1535_L428_T0_R1180_B480,multitalk,244,0.013642985373735428,0.00017876301717478782,0.003979619592428207
0kLlrDNq9RA,0kLlrDNq9RA_0006_S1287_E1535_L428_T0_R1180_B480,codetalker,244,0.011759515851736069,0.00020428553398232907,0.005780469626188278
0lOkJkh2Hwg,0lOkJkh2Hwg_0016_S1351_E1614_L491_T0_R795_B256,dpt,219,0.022410623729228973,-4.226664896123111e-05,0.003341810777783394
0lOkJkh2Hwg,0lOkJkh2Hwg_0016_S1351_E1614_L491_T0_R795_B256,artalk,220,0.023840894922614098,-2.3385289296129486e-06,0.0027881597634404898
0lOkJkh2Hwg,0lOkJkh2Hwg_0016_S1351_E1614_L491_T0_R795_B256,multitalk,219,0.02504873462021351,-0.0008370574214495718,0.007594193331897259
0lOkJkh2Hwg,0lOkJkh2Hwg_0016_S1351_E1614_L491_T0_R795_B256,codetalker,221,0.021642252802848816,-3.893953180522658e-05,0.004346984904259443
0oE11MGQRZM,0oE11MGQRZM_0000_S371_E642_L322_T0_R930_B592,dpt,226,0.013017075136303902,0.00015527833602391183,0.0068101780489087105
0oE11MGQRZM,0oE11MGQRZM_0000_S371_E642_L322_T0_R930_B592,artalk,227,0.00837154034525156,0.00014297416782937944,0.0054971626959741116
0oE11MGQRZM,0oE11MGQRZM_0000_S371_E642_L322_T0_R930_B592,multitalk,226,0.014975594356656075,0.00016703549772500992,0.005360996816307306
0oE11MGQRZM,0oE11MGQRZM_0000_S371_E642_L322_T0_R930_B592,codetalker,228,0.009056002832949162,0.00023840389621909708,0.005711219739168882
0rZJhc1FeU4,0rZJhc1FeU4_0009_S583_E876_L426_T47_R858_B479,dpt,244,0.01428423635661602,0.0005424591945484281,0.004691200330853462
0rZJhc1FeU4,0rZJhc1FeU4_0009_S583_E876_L426_T47_R858_B479,artalk,245,0.00963026937097311,0.0005180470179766417,0.006627126131206751
0rZJhc1FeU4,0rZJhc1FeU4_0009_S583_E876_L426_T47_R858_B479,multitalk,244,0.014678189530968666,0.0005787443369626999,0.004455802962183952
0rZJhc1FeU4,0rZJhc1FeU4_0009_S583_E876_L426_T47_R858_B479,codetalker,246,0.013706579804420471,0.0006279952358454466,0.009828781709074974
0t9j7CfXTcM,0t9j7CfXTcM_0000_S142_E467_L524_T8_R1068_B552,dpt,271,0.009301048703491688,0.0003122960915789008,0.004045323468744755
0t9j7CfXTcM,0t9j7CfXTcM_0000_S142_E467_L524_T8_R1068_B552,artalk,272,0.0061936695128679276,0.00023259774025063962,0.002478908048942685
0t9j7CfXTcM,0t9j7CfXTcM_0000_S142_E467_L524_T8_R1068_B552,multitalk,271,0.010865366086363792,0.0002963236765936017,0.004482734017074108
0t9j7CfXTcM,0t9j7CfXTcM_0000_S142_E467_L524_T8_R1068_B552,codetalker,273,0.00907153356820345,0.00040814047679305077,0.004842172376811504
0uGzSXRi7qQ,0uGzSXRi7qQ_0000_S175_E593_L18_T0_R642_B608,dpt,348,0.010666419751942158,0.00017031897732522339,0.00426124082878232
0uGzSXRi7qQ,0uGzSXRi7qQ_0000_S175_E593_L18_T0_R642_B608,artalk,349,0.007511275354772806,7.629433093825355e-05,0.0029838078189641237
0uGzSXRi7qQ,0uGzSXRi7qQ_0000_S175_E593_L18_T0_R642_B608,multitalk,348,0.013473313301801682,0.0001568175503052771,0.004325445741415024
0uGzSXRi7qQ,0uGzSXRi7qQ_0000_S175_E593_L18_T0_R642_B608,codetalker,350,0.01018563099205494,0.00023237605637405068,0.005312218796461821
13FSE5dCvvM,13FSE5dCvvM_0008_S1026_E1504_L16_T102_R512_B598,dpt,398,0.013660422526299953,0.00010724973253672943,0.0057496377266943455
13FSE5dCvvM,13FSE5dCvvM_0008_S1026_E1504_L16_T102_R512_B598,artalk,399,0.011944896541535854,7.69379039411433e-05,0.004067838657647371
13FSE5dCvvM,13FSE5dCvvM_0008_S1026_E1504_L16_T102_R512_B598,multitalk,398,0.012661044485867023,0.00020124530419707298,0.0049141994677484035
13FSE5dCvvM,13FSE5dCvvM_0008_S1026_E1504_L16_T102_R512_B598,codetalker,400,0.012187979184091091,0.0001775015116436407,0.005073896609246731
1653Kz-SnxA,1653Kz-SnxA_0001_S376_E789_L456_T7_R840_B391,dpt,413,0.011519613675773144,0.00014404996181838214,0.008373742923140526
1653Kz-SnxA,1653Kz-SnxA_0001_S376_E789_L456_T7_R840_B391,artalk,413,0.010550317354500294,5.991815123707056e-05,0.008187875151634216
1653Kz-SnxA,1653Kz-SnxA_0001_S376_E789_L456_T7_R840_B391,multitalk,413,0.011287659406661987,0.00016050632984843105,0.009228632785379887
1653Kz-SnxA,1653Kz-SnxA_0001_S376_E789_L456_T7_R840_B391,codetalker,413,0.009805822744965553,0.00018916319822892547,0.0058012777008116245
16uK2Gbyk2k,16uK2Gbyk2k_0000_S1469_E1919_L452_T0_R772_B304,dpt,375,0.01084126066416502,4.560938396025449e-05,0.0030769475270062685
16uK2Gbyk2k,16uK2Gbyk2k_0000_S1469_E1919_L452_T0_R772_B304,artalk,376,0.007919027470052242,-4.7371722757816315e-05,0.0044991192407906055
16uK2Gbyk2k,16uK2Gbyk2k_0000_S1469_E1919_L452_T0_R772_B304,multitalk,374,0.009231091476976871,6.501283496618271e-05,0.0041939448565244675
16uK2Gbyk2k,16uK2Gbyk2k_0000_S1469_E1919_L452_T0_R772_B304,codetalker,377,0.0117412731051445,8.438649092568085e-05,0.007686316035687923
18Kl4qkvGUU,18Kl4qkvGUU_0002_S1115_E1392_L193_T0_R1009_B704,dpt,277,0.012633045203983784,0.00035561074037104845,0.0031989437993615866
18Kl4qkvGUU,18Kl4qkvGUU_0002_S1115_E1392_L193_T0_R1009_B704,artalk,277,0.010677161626517773,0.00027784149278886616,0.002341145882382989
18Kl4qkvGUU,18Kl4qkvGUU_0002_S1115_E1392_L193_T0_R1009_B704,multitalk,277,0.013570211827754974,-5.727518782805419e-06,0.003344598226249218
18Kl4qkvGUU,18Kl4qkvGUU_0002_S1115_E1392_L193_T0_R1009_B704,codetalker,277,0.015695754438638687,0.00034789936034940183,0.004818165209144354
18Ts-YxUIts,18Ts-YxUIts_0000_S1054_E1401_L387_T19_R947_B579,dpt,361,0.011647925712168217,0.0002265140792587772,0.008119851350784302
18Ts-YxUIts,18Ts-YxUIts_0000_S1054_E1401_L387_T19_R947_B579,artalk,361,0.010731292888522148,0.00012336896907072514,0.006086301989853382
18Ts-YxUIts,18Ts-YxUIts_0000_S1054_E1401_L387_T19_R947_B579,multitalk,361,0.014886405318975449,0.0002449290477670729,0.004876383114606142
18Ts-YxUIts,18Ts-YxUIts_0000_S1054_E1401_L387_T19_R947_B579,codetalker,361,0.013918940909206867,0.0002936874807346612,0.00359315425157547
19baUOGVR2M,19baUOGVR2M_0000_S1189_E1443_L320_T113_R592_B385,dpt,254,0.00798537116497755,2.113745540555101e-05,0.001925385557115078
19baUOGVR2M,19baUOGVR2M_0000_S1189_E1443_L320_T113_R592_B385,artalk,254,0.00527798430994153,-8.109915506793186e-05,0.0024714511819183826
19baUOGVR2M,19baUOGVR2M_0000_S1189_E1443_L320_T113_R592_B385,multitalk,254,0.009711403399705887,8.474173228023574e-05,0.002987654646858573
19baUOGVR2M,19baUOGVR2M_0000_S1189_E1443_L320_T113_R592_B385,codetalker,254,0.007620540447533131,8.464787242701277e-05,0.005016286391764879
1ADqe6vt0xE,1ADqe6vt0xE_0005_S0_E696_L298_T4_R954_B660,dpt,581,0.009350256994366646,0.00019273010548204184,0.00566498376429081
1ADqe6vt0xE,1ADqe6vt0xE_0005_S0_E696_L298_T4_R954_B660,artalk,582,0.007283014245331287,7.027895480860025e-05,0.005723375827074051
1ADqe6vt0xE,1ADqe6vt0xE_0005_S0_E696_L298_T4_R954_B660,multitalk,580,0.009086492471396923,0.0002486521552782506,0.004898409824818373
1ADqe6vt0xE,1ADqe6vt0xE_0005_S0_E696_L298_T4_R954_B660,codetalker,582,0.009855552576482296,0.00021942601597402245,0.005466388072818518
1BQNyk_BgDQ,1BQNyk_BgDQ_0000_S1328_E1520_L233_T47_R905_B719,dpt,200,0.013854596763849258,3.250105874030851e-05,0.007729962933808565
1BQNyk_BgDQ,1BQNyk_BgDQ_0000_S1328_E1520_L233_T47_R905_B719,artalk,200,0.007375579327344894,5.313849760568701e-05,0.002019172301515937
1BQNyk_BgDQ,1BQNyk_BgDQ_0000_S1328_E1520_L233_T47_R905_B719,multitalk,200,0.014036912471055984,-0.00011245447240071371,0.008356863632798195
1BQNyk_BgDQ,1BQNyk_BgDQ_0000_S1328_E1520_L233_T47_R905_B719,codetalker,200,0.011526267975568771,8.361258369404823e-05,0.005103111732751131
1C7do4tIrfo,1C7do4tIrfo_0000_S1227_E1923_L358_T49_R838_B529,dpt,577,0.01203205157071352,0.00010326856136089191,0.0032818589825183153
1C7do4tIrfo,1C7do4tIrfo_0000_S1227_E1923_L358_T49_R838_B529,artalk,578,0.008825985714793205,2.3785816665622406e-05,0.005170266609638929
1C7do4tIrfo,1C7do4tIrfo_0000_S1227_E1923_L358_T49_R838_B529,multitalk,577,0.011716022156178951,0.00014945691509637982,0.0038937791250646114
1C7do4tIrfo,1C7do4tIrfo_0000_S1227_E1923_L358_T49_R838_B529,codetalker,580,0.015678636729717255,0.00020407531701494008,0.010972587391734123
1FBVcxb4PQA,1FBVcxb4PQA_0000_S625_E838_L484_T28_R820_B364,dpt,213,0.011066136881709099,-2.130336724803783e-05,0.0021534317638725042
1FBVcxb4PQA,1FBVcxb4PQA_0000_S625_E838_L484_T28_R820_B364,artalk,213,0.007936052046716213,-3.4974043956026435e-05,0.0034674545750021935
1FBVcxb4PQA,1FBVcxb4PQA_0000_S625_E838_L484_T28_R820_B364,multitalk,212,0.00817057117819786,8.228571459767409e-06,0.0027051400393247604
1FBVcxb4PQA,1FBVcxb4PQA_0000_S625_E838_L484_T28_R820_B364,codetalker,213,0.009488276205956936,7.532315066782758e-05,0.006434218026697636
1FmSxmpitBA,1FmSxmpitBA_0000_S1236_E1487_L365_T0_R797_B400,dpt,261,0.011397595517337322,0.00014218407159205526,0.003580342745408416
1FmSxmpitBA,1FmSxmpitBA_0000_S1236_E1487_L365_T0_R797_B400,artalk,261,0.0072004832327365875,8.915323996916413e-05,0.0038734811823815107
1FmSxmpitBA,1FmSxmpitBA_0000_S1236_E1487_L365_T0_R797_B400,multitalk,261,0.01174853928387165,0.00019670613983180374,0.005768908187747002
1FmSxmpitBA,1FmSxmpitBA_0000_S1236_E1487_L365_T0_R797_B400,codetalker,261,0.011069261468946934,0.00026464785332791507,0.005924797151237726
1HIHu4mxDLE,1HIHu4mxDLE_0008_S0_E339_L810_T50_R1226_B466,dpt,339,0.011014703661203384,0.00016587435675319284,0.00279735098592937
1HIHu4mxDLE,1HIHu4mxDLE_0008_S0_E339_L810_T50_R1226_B466,artalk,339,0.011506513692438602,5.9657882957253605e-05,0.003038985887542367
1HIHu4mxDLE,1HIHu4mxDLE_0008_S0_E339_L810_T50_R1226_B466,multitalk,338,0.01206448394805193,0.00010061271314043552,0.003196974517777562
1HIHu4mxDLE,1HIHu4mxDLE_0008_S0_E339_L810_T50_R1226_B466,codetalker,339,0.011199966073036194,0.00019572295423131436,0.0034854665864259005
1JSocaAw--A,1JSocaAw--A_0011_S69_E327_L159_T0_R1087_B672,dpt,268,0.01620372012257576,0.00028115956229157746,0.0045336470939219
1JSocaAw--A,1JSocaAw--A_0011_S69_E327_L159_T0_R1087_B672,artalk,269,0.012199435383081436,0.00024446003953926265,0.006831040605902672
1JSocaAw--A,1JSocaAw--A_0011_S69_E327_L159_T0_R1087_B672,multitalk,268,0.019541943445801735,0.0002852805482689291,0.004618658684194088
1JSocaAw--A,1JSocaAw--A_0011_S69_E327_L159_T0_R1087_B672,codetalker,269,0.017751583829522133,0.0003563937498256564,0.012499905191361904
1O3ghiyirvU,1O3ghiyirvU_0000_S1282_E1577_L610_T11_R1042_B443,dpt,285,0.010497979819774628,0.0002898841048590839,0.005971239414066076
1O3ghiyirvU,1O3ghiyirvU_0000_S1282_E1577_L610_T11_R1042_B443,artalk,285,0.010641292668879032,0.0001739927101880312,0.005071377847343683
1O3ghiyirvU,1O3ghiyirvU_0000_S1282_E1577_L610_T11_R1042_B443,multitalk,285,0.007931082509458065,0.0003433284582570195,0.004370232578366995
1O3ghiyirvU,1O3ghiyirvU_0000_S1282_E1577_L610_T11_R1042_B443,codetalker,285,0.008236570283770561,0.00036387424916028976,0.00426134979352355
1OUkXFsyyP0,1OUkXFsyyP0_0001_S0_E413_L584_T34_R856_B306,dpt,413,0.008850648999214172,0.00010418491729069501,0.005025353282690048
1OUkXFsyyP0,1OUkXFsyyP0_0001_S0_E413_L584_T34_R856_B306,artalk,413,0.007250493858009577,-1.7078515156754293e-05,0.004412183538079262
1OUkXFsyyP0,1OUkXFsyyP0_0001_S0_E413_L584_T34_R856_B306,multitalk,413,0.008724791929125786,6.77542484481819e-05,0.00554013904184103
1OUkXFsyyP0,1OUkXFsyyP0_0001_S0_E413_L584_T34_R856_B306,codetalker,413,0.00937072653323412,0.0001530981680843979,0.004444583784788847
1R5dPw4sYrE,1R5dPw4sYrE_0000_S176_E417_L0_T0_R1264_B704,dpt,251,0.0076390099711716175,7.415471191052347e-05,0.003488697810098529
1R5dPw4sYrE,1R5dPw4sYrE_0000_S176_E417_L0_T0_R1264_B704,artalk,251,0.007601875811815262,-4.6956396545283496e-05,0.0023762646596878767
1R5dPw4sYrE,1R5dPw4sYrE_0000_S176_E417_L0_T0_R1264_B704,multitalk,251,0.009499787352979183,0.00010884731455007568,0.00279124709777534
1R5dPw4sYrE,1R5dPw4sYrE_0000_S176_E417_L0_T0_R1264_B704,codetalker,251,0.008335051126778126,7.932353037176654e-05,0.005031680688261986
1UHlG0puRUM,1UHlG0puRUM_0000_S283_E583_L299_T0_R1003_B672,dpt,300,0.008632895536720753,0.00015126075595617294,0.0018718965584412217
1UHlG0puRUM,1UHlG0puRUM_0000_S283_E583_L299_T0_R1003_B672,artalk,300,0.0060794115997850895,3.560950426617637e-05,0.0023309176322072744
1UHlG0puRUM,1UHlG0puRUM_0000_S283_E583_L299_T0_R1003_B672,multitalk,299,0.009730146266520023,0.00014589248166885227,0.0015556684229522943
1UHlG0puRUM,1UHlG0puRUM_0000_S283_E583_L299_T0_R1003_B672,codetalker,300,0.010085951536893845,0.0001605701254447922,0.004370661452412605
1WOs6S0VrlA,1WOs6S0VrlA_0000_S139_E413_L507_T69_R779_B341,dpt,274,0.018638456240296364,2.0888561266474426e-05,0.01002269797027111
1WOs6S0VrlA,1WOs6S0VrlA_0000_S139_E413_L507_T69_R779_B341,artalk,274,0.018905578181147575,-8.85086483322084e-05,0.00848903227597475
1WOs6S0VrlA,1WOs6S0VrlA_0000_S139_E413_L507_T69_R779_B341,multitalk,274,0.018208719789981842,6.499307346530259e-05,0.009940572082996368
1WOs6S0VrlA,1WOs6S0VrlA_0000_S139_E413_L507_T69_R779_B341,codetalker,274,0.014224974438548088,7.46233417885378e-05,0.004280108492821455
1bMYn6Vb-Mk,1bMYn6Vb-Mk_0000_S0_E319_L147_T0_R963_B656,dpt,266,0.016281740739941597,0.0004040744388476014,0.007416013162583113
1bMYn6Vb-Mk,1bMYn6Vb-Mk_0000_S0_E319_L147_T0_R963_B656,artalk,267,0.015748295933008194,0.00027289093122817576,0.007443997543305159
1bMYn6Vb-Mk,1bMYn6Vb-Mk_0000_S0_E319_L147_T0_R963_B656,multitalk,266,0.01752002164721489,0.0003768521419260651,0.004483455792069435
1bMYn6Vb-Mk,1bMYn6Vb-Mk_0000_S0_E319_L147_T0_R963_B656,codetalker,268,0.018845362588763237,0.00038675335235893726,0.011374416761100292
1bwUe85Mg4U,1bwUe85Mg4U_0006_S398_E704_L348_T0_R972_B608,dpt,255,0.01245895866304636,2.7898964617634192e-05,0.009871034882962704
1bwUe85Mg4U,1bwUe85Mg4U_0006_S398_E704_L348_T0_R972_B608,artalk,256,0.013258472084999084,4.865381924901158e-06,0.01102832704782486
1bwUe85Mg4U,1bwUe85Mg4U_0006_S398_E704_L348_T0_R972_B608,multitalk,255,0.015864253044128418,-9.512296674074605e-05,0.010034133680164814
1bwUe85Mg4U,1bwUe85Mg4U_0006_S398_E704_L348_T0_R972_B608,codetalker,257,0.018820421770215034,3.3315685868728906e-05,0.01611829362809658
1h3J3fDsupc,1h3J3fDsupc_0017_S234_E506_L458_T65_R858_B465,dpt,226,0.012733882293105125,0.0002171140513382852,0.004579623695462942
1h3J3fDsupc,1h3J3fDsupc_0017_S234_E506_L458_T65_R858_B465,artalk,227,0.006903918460011482,0.00010956633923342451,0.0034518602769821882
1h3J3fDsupc,1h3J3fDsupc_0017_S234_E506_L458_T65_R858_B465,multitalk,226,0.014621675945818424,0.0001740433945087716,0.005874598864465952
1h3J3fDsupc,1h3J3fDsupc_0017_S234_E506_L458_T65_R858_B465,codetalker,228,0.013159913010895252,0.0002242143964394927,0.009267960675060749
1hd5majTxeQ,1hd5majTxeQ_0003_S447_E1021_L867_T391_R1123_B647,dpt,574,0.013261035084724426,7.455461309291422e-05,0.012983011081814766
1hd5majTxeQ,1hd5majTxeQ_0003_S447_E1021_L867_T391_R1123_B647,artalk,574,0.011808707378804684,-1.2781442819687072e-06,0.010762922465801239
1hd5majTxeQ,1hd5majTxeQ_0003_S447_E1021_L867_T391_R1123_B647,multitalk,573,0.013818138279020786,8.846230048220605e-05,0.013323300518095493
1hd5majTxeQ,1hd5majTxeQ_0003_S447_E1021_L867_T391_R1123_B647,codetalker,574,0.009498446248471737,0.00014537789684254676,0.00660302210599184
1i8607wMy68,1i8607wMy68_0004_S1335_E1686_L366_T76_R846_B556,dpt,293,0.012137985788285732,0.00020510346803348511,0.0058859228156507015
1i8607wMy68,1i8607wMy68_0004_S1335_E1686_L366_T76_R846_B556,artalk,294,0.012432144023478031,8.390470611630008e-05,0.00597303407266736
1i8607wMy68,1i8607wMy68_0004_S1335_E1686_L366_T76_R846_B556,multitalk,293,0.011863944120705128,0.00023261626483872533,0.00839203130453825
1i8607wMy68,1i8607wMy68_0004_S1335_E1686_L366_T76_R846_B556,codetalker,295,0.011084512807428837,0.00026537509984336793,0.005081337410956621
1iXuJgqZhik,1iXuJgqZhik_0003_S1053_E1475_L468_T61_R900_B493,dpt,387,0.008095514960587025,0.0001915091124828905,0.003185304580256343
1iXuJgqZhik,1iXuJgqZhik_0003_S1053_E1475_L468_T61_R900_B493,artalk,388,0.006787194404751062,6.766302976757288e-05,0.0029287561774253845
1iXuJgqZhik,1iXuJgqZhik_0003_S1053_E1475_L468_T61_R900_B493,multitalk,387,0.007061291951686144,0.00019962301303166896,0.0044077737256884575
1iXuJgqZhik,1iXuJgqZhik_0003_S1053_E1475_L468_T61_R900_B493,codetalker,388,0.007501286920160055,0.0002308129332959652,0.003532772185280919
1izPOehU6zA,1izPOehU6zA_0000_S1072_E1289_L178_T0_R562_B384,dpt,217,0.009380575269460678,0.000216210464714095,0.004867040552198887
1izPOehU6zA,1izPOehU6zA_0000_S1072_E1289_L178_T0_R562_B384,artalk,217,0.010958614759147167,0.00012590437836479396,0.004713323432952166
1izPOehU6zA,1izPOehU6zA_0000_S1072_E1289_L178_T0_R562_B384,multitalk,216,0.007632743567228317,0.00016329015488736331,0.005384040996432304
1izPOehU6zA,1izPOehU6zA_0000_S1072_E1289_L178_T0_R562_B384,codetalker,217,0.007816709578037262,0.00019514143059495836,0.0026345746591687202
1oPgMsUmC6Y,1oPgMsUmC6Y_0000_S1532_E1808_L457_T48_R825_B416,dpt,230,0.01132709439843893,0.00022593176981899887,0.003371734404936433
1oPgMsUmC6Y,1oPgMsUmC6Y_0000_S1532_E1808_L457_T48_R825_B416,artalk,231,0.006720220670104027,0.00012516899732872844,0.002458768431097269
1oPgMsUmC6Y,1oPgMsUmC6Y_0000_S1532_E1808_L457_T48_R825_B416,multitalk,230,0.0193447507917881,0.00026491572498343885,0.004941506311297417
1oPgMsUmC6Y,1oPgMsUmC6Y_0000_S1532_E1808_L457_T48_R825_B416,codetalker,232,0.011229675263166428,0.00029823105433024466,0.006157626863569021
1wKWC0EzK_s,1wKWC0EzK_s_0000_S1407_E1804_L285_T88_R589_B392,dpt,331,0.012205956503748894,0.00011587832705117762,0.005652477964758873
1wKWC0EzK_s,1wKWC0EzK_s_0000_S1407_E1804_L285_T88_R589_B392,artalk,332,0.009043322876095772,1.6225472165842802e-07,0.006086254492402077
1wKWC0EzK_s,1wKWC0EzK_s_0000_S1407_E1804_L285_T88_R589_B392,multitalk,331,0.013657045550644398,0.00012509139196481556,0.0027512528467923403
1wKWC0EzK_s,1wKWC0EzK_s_0000_S1407_E1804_L285_T88_R589_B392,codetalker,333,0.015145374462008476,0.00014207468484528363,0.010848954319953918
1wsOU17LXTU,1wsOU17LXTU_0000_S1237_E1547_L370_T3_R914_B547,dpt,258,0.01313499640673399,0.000334198703058064,0.005650948267430067
1wsOU17LXTU,1wsOU17LXTU_0000_S1237_E1547_L370_T3_R914_B547,artalk,259,0.011997690424323082,7.797063881298527e-05,0.005575461313128471
1wsOU17LXTU,1wsOU17LXTU_0000_S1237_E1547_L370_T3_R914_B547,multitalk,258,0.011424834839999676,0.00028207001741975546,0.004093032330274582
1wsOU17LXTU,1wsOU17LXTU_0000_S1237_E1547_L370_T3_R914_B547,codetalker,260,0.016867266967892647,0.00037924450589343905,0.010498597286641598
1yHWhXaXxFk,1yHWhXaXxFk_0002_S1143_E1535_L414_T58_R846_B490,dpt,392,0.008266838267445564,8.912319754017517e-05,0.006295260041952133
1yHWhXaXxFk,1yHWhXaXxFk_0002_S1143_E1535_L414_T58_R846_B490,artalk,392,0.006369981449097395,-5.2980260079493746e-05,0.005939431954175234
1yHWhXaXxFk,1yHWhXaXxFk_0002_S1143_E1535_L414_T58_R846_B490,multitalk,392,0.009058138355612755,6.985034269746393e-05,0.004453583154827356
1yHWhXaXxFk,1yHWhXaXxFk_0002_S1143_E1535_L414_T58_R846_B490,codetalker,392,0.007872316054999828,5.12852129759267e-05,0.004187818616628647
1yP_MElLiKM,1yP_MElLiKM_0000_S803_E1308_L453_T97_R933_B577,dpt,421,0.00958198867738247,0.00034530312404967844,0.0019065969390794635
1yP_MElLiKM,1yP_MElLiKM_0000_S803_E1308_L453_T97_R933_B577,artalk,422,0.007421074900776148,0.0002347212575841695,0.0021550466772168875
1yP_MElLiKM,1yP_MElLiKM_0000_S803_E1308_L453_T97_R933_B577,multitalk,421,0.014400024898350239,0.00019197295478079468,0.004555677063763142
1yP_MElLiKM,1yP_MElLiKM_0000_S803_E1308_L453_T97_R933_B577,codetalker,423,0.011755995452404022,0.00037689105374738574,0.00535877700895071
1z2ZTPZEx1E,1z2ZTPZEx1E_0000_S1149_E1393_L526_T0_R910_B368,dpt,203,0.008623367175459862,0.00022751590586267412,0.002176006091758609
1z2ZTPZEx1E,1z2ZTPZEx1E_0000_S1149_E1393_L526_T0_R910_B368,artalk,204,0.008747098036110401,6.58114004181698e-05,0.0034384364262223244
1z2ZTPZEx1E,1z2ZTPZEx1E_0000_S1149_E1393_L526_T0_R910_B368,multitalk,203,0.010046681389212608,0.0001891209976747632,0.0030722867231816053
1z2ZTPZEx1E,1z2ZTPZEx1E_0000_S1149_E1393_L526_T0_R910_B368,codetalker,205,0.011425016447901726,0.000282038701698184,0.007388973142951727
1z8sqW5xIrA,1z8sqW5xIrA_0000_S1616_E1903_L221_T54_R557_B390,dpt,239,0.010309492237865925,0.0002112164511345327,0.003086395561695099
1z8sqW5xIrA,1z8sqW5xIrA_0000_S1616_E1903_L221_T54_R557_B390,artalk,240,0.00585185457020998,8.985983731690794e-05,0.003998196683824062
1z8sqW5xIrA,1z8sqW5xIrA_0000_S1616_E1903_L221_T54_R557_B390,multitalk,239,0.01581648550927639,0.00016862766642589122,0.0027257048059254885
1z8sqW5xIrA,1z8sqW5xIrA_0000_S1616_E1903_L221_T54_R557_B390,codetalker,241,0.012120208702981472,0.00022822078608442098,0.009891492314636707
2250kOXVaGE,2250kOXVaGE_0000_S1084_E1407_L466_T36_R770_B340,dpt,269,0.015954365953803062,8.569959027227014e-05,0.00453238794580102
2250kOXVaGE,2250kOXVaGE_0000_S1084_E1407_L466_T36_R770_B340,artalk,270,0.011095653288066387,1.9529163637344027e-06,0.005846227519214153
2250kOXVaGE,2250kOXVaGE_0000_S1084_E1407_L466_T36_R770_B340,multitalk,269,0.013651620596647263,2.3866390620241873e-05,0.0032744731288403273
2250kOXVaGE,2250kOXVaGE_0000_S1084_E1407_L466_T36_R770_B340,codetalker,271,0.017397863790392876,0.00011634974362095818,0.010836661793291569
22AUNaHGGz8,22AUNaHGGz8_0000_S0_E592_L323_T0_R947_B576,dpt,494,0.01155998557806015,0.0001800322934286669,0.00426139822229743
22AUNaHGGz8,22AUNaHGGz8_0000_S0_E592_L323_T0_R947_B576,artalk,495,0.007781258784234524,0.00014077611558604985,0.0038381500635296106
22AUNaHGGz8,22AUNaHGGz8_0000_S0_E592_L323_T0_R947_B576,multitalk,493,0.011170223355293274,0.0001965753035619855,0.00524853216484189
22AUNaHGGz8,22AUNaHGGz8_0000_S0_E592_L323_T0_R947_B576,codetalker,496,0.010806040838360786,0.00023998631513677537,0.008477812632918358
22tF3y_epZs,22tF3y_epZs_0000_S316_E586_L512_T0_R1136_B592,dpt,281,0.008397156372666359,0.00015432767395395786,0.003925020806491375
22tF3y_epZs,22tF3y_epZs_0000_S316_E586_L512_T0_R1136_B592,artalk,281,0.007580286357551813,8.362774792658456e-07,0.004019675310701132
22tF3y_epZs,22tF3y_epZs_0000_S316_E586_L512_T0_R1136_B592,multitalk,281,0.012574798427522182,0.00011801836808444932,0.004573457408696413
22tF3y_epZs,22tF3y_epZs_0000_S316_E586_L512_T0_R1136_B592,codetalker,281,0.00946657545864582,0.00017541449051350355,0.0037107947282493114
23eZ2Hjh3gY,23eZ2Hjh3gY_0010_S1479_E1828_L329_T27_R665_B363,dpt,233,0.009484564885497093,7.920312782516703e-05,0.0036909212358295918
23eZ2Hjh3gY,23eZ2Hjh3gY_0010_S1479_E1828_L329_T27_R665_B363,artalk,234,0.0073113166727125645,4.153241388848983e-05,0.003199149388819933
23eZ2Hjh3gY,23eZ2Hjh3gY_0010_S1479_E1828_L329_T27_R665_B363,multitalk,233,0.010271702893078327,6.201446376508102e-05,0.004247203003615141
23eZ2Hjh3gY,23eZ2Hjh3gY_0010_S1479_E1828_L329_T27_R665_B363,codetalker,236,0.008735058829188347,0.00011988440382992849,0.006463150959461927
264aaUUvB9U,264aaUUvB9U_0008_S1094_E1432_L462_T110_R814_B462,dpt,352,0.011346661485731602,0.0002222733455710113,0.004363494925200939
264aaUUvB9U,264aaUUvB9U_0008_S1094_E1432_L462_T110_R814_B462,artalk,352,0.010182900354266167,6.78118085488677e-05,0.004587997682392597
264aaUUvB9U,264aaUUvB9U_0008_S1094_E1432_L462_T110_R814_B462,multitalk,352,0.012784606777131557,0.0002008175797527656,0.0031206654384732246
264aaUUvB9U,264aaUUvB9U_0008_S1094_E1432_L462_T110_R814_B462,codetalker,352,0.013220413587987423,0.00025173951871693134,0.00787164643406868
2CQgBtUJNBc,2CQgBtUJNBc_0030_S830_E1273_L447_T128_R719_B400,dpt,369,0.011959603056311607,0.00023443918325938284,0.0050544748082757
2CQgBtUJNBc,2CQgBtUJNBc_0030_S830_E1273_L447_T128_R719_B400,artalk,370,0.009995543397963047,9.741364192450419e-05,0.0044740065932273865
2CQgBtUJNBc,2CQgBtUJNBc_0030_S830_E1273_L447_T128_R719_B400,multitalk,369,0.01829005405306816,0.0002553742378950119,0.006831035483628511
2CQgBtUJNBc,2CQgBtUJNBc_0030_S830_E1273_L447_T128_R719_B400,codetalker,371,0.01385623961687088,0.00029566584271378815,0.006047195289283991
2CRIlwxj6uo,2CRIlwxj6uo_0000_S1606_E1919_L337_T0_R817_B480,dpt,261,0.007858933880925179,0.00010918278712779284,0.004040906205773354
2CRIlwxj6uo,2CRIlwxj6uo_0000_S1606_E1919_L337_T0_R817_B480,artalk,262,0.00801305565983057,-3.9759892388246953e-05,0.0024492491502314806
2CRIlwxj6uo,2CRIlwxj6uo_0000_S1606_E1919_L337_T0_R817_B480,multitalk,261,0.007243124768137932,9.48979431996122e-05,0.002507173689082265
2CRIlwxj6uo,2CRIlwxj6uo_0000_S1606_E1919_L337_T0_R817_B480,codetalker,263,0.00823597889393568,0.00014695098798256367,0.004015862476080656
2DXm-gBAbDQ,2DXm-gBAbDQ_0000_S1128_E1472_L96_T0_R1136_B704,dpt,344,0.014349513687193394,0.00021427783940453082,0.007939682342112064
2DXm-gBAbDQ,2DXm-gBAbDQ_0000_S1128_E1472_L96_T0_R1136_B704,artalk,344,0.012995504774153233,9.543856140226126e-05,0.008674129843711853
2DXm-gBAbDQ,2DXm-gBAbDQ_0000_S1128_E1472_L96_T0_R1136_B704,multitalk,344,0.0118155712261796,0.0002265945659019053,0.005433002952486277
2DXm-gBAbDQ,2DXm-gBAbDQ_0000_S1128_E1472_L96_T0_R1136_B704,codetalker,344,0.017966898158192635,0.00027200786280445755,0.013399631716310978
2EgGqTDAiC4,2EgGqTDAiC4_0006_S25_E303_L829_T96_R1181_B448,dpt,232,0.008479434996843338,0.0002137046685675159,0.003026828169822693
2EgGqTDAiC4,2EgGqTDAiC4_0006_S25_E303_L829_T96_R1181_B448,artalk,233,0.006076611112803221,0.00012550604878924787,0.002628301503136754
2EgGqTDAiC4,2EgGqTDAiC4_0006_S25_E303_L829_T96_R1181_B448,multitalk,232,0.009723961353302002,0.00022337528935167938,0.004348911810666323
2EgGqTDAiC4,2EgGqTDAiC4_0006_S25_E303_L829_T96_R1181_B448,codetalker,234,0.007548977620899677,0.00022804895706940442,0.00512996781617403
2HPH4qtE95k,2HPH4qtE95k_0000_S784_E1147_L464_T0_R800_B320,dpt,303,0.010550460778176785,2.258811582578346e-05,0.004119807854294777
2HPH4qtE95k,2HPH4qtE95k_0000_S784_E1147_L464_T0_R800_B320,artalk,304,0.008699167519807816,-8.964764856500551e-05,0.00449341582134366
2HPH4qtE95k,2HPH4qtE95k_0000_S784_E1147_L464_T0_R800_B320,multitalk,302,0.008458481170237064,4.5778160711051896e-05,0.002721162512898445
2HPH4qtE95k,2HPH4qtE95k_0000_S784_E1147_L464_T0_R800_B320,codetalker,305,0.013257128186523914,5.7560959248803556e-05,0.00929249543696642
2KTA78QK5-A,2KTA78QK5-A_0003_S532_E774_L578_T64_R962_B448,dpt,242,0.0077193137258291245,6.76342606311664e-05,0.005018413532525301
2KTA78QK5-A,2KTA78QK5-A_0003_S532_E774_L578_T64_R962_B448,artalk,242,0.007749449927359819,-6.434582610381767e-05,0.004936650395393372
2KTA78QK5-A,2KTA78QK5-A_0003_S532_E774_L578_T64_R962_B448,multitalk,241,0.008789857849478722,8.735065785003826e-05,0.004850437864661217
2KTA78QK5-A,2KTA78QK5-A_0003_S532_E774_L578_T64_R962_B448,codetalker,242,0.008437834680080414,7.050568819977343e-05,0.0036359098739922047
2LdAF2dHHFU,2LdAF2dHHFU_0000_S1561_E1811_L212_T39_R612_B439,dpt,208,0.010088564828038216,0.00019072595750913024,0.003664196003228426
2LdAF2dHHFU,2LdAF2dHHFU_0000_S1561_E1811_L212_T39_R612_B439,artalk,209,0.007805667817592621,0.00016898925241548568,0.002388745779171586
2LdAF2dHHFU,2LdAF2dHHFU_0000_S1561_E1811_L212_T39_R612_B439,multitalk,208,0.007209478877484798,0.00017978687537834048,0.003378505352884531
2LdAF2dHHFU,2LdAF2dHHFU_0000_S1561_E1811_L212_T39_R612_B439,codetalker,210,0.009055881761014462,0.00022443107445724308,0.006135854404419661
2NV_nn8apOA,2NV_nn8apOA_0000_S517_E976_L526_T63_R782_B319,dpt,382,0.00968410074710846,0.00016327830962836742,0.005163164809346199
2NV_nn8apOA,2NV_nn8apOA_0000_S517_E976_L526_T63_R782_B319,artalk,383,0.007216097321361303,6.417741587938508e-06,0.0031280925031751394
2NV_nn8apOA,2NV_nn8apOA_0000_S517_E976_L526_T63_R782_B319,multitalk,382,0.015415172092616558,0.00013345955812837929,0.003901743097230792
2NV_nn8apOA,2NV_nn8apOA_0000_S517_E976_L526_T63_R782_B319,codetalker,384,0.009235945530235767,0.0001711334625724703,0.004706750623881817
2ObBpwabNmg,2ObBpwabNmg_0003_S800_E1384_L348_T0_R1100_B544,dpt,562,0.009967704303562641,9.177938773063943e-05,0.003501491155475378
2ObBpwabNmg,2ObBpwabNmg_0003_S800_E1384_L348_T0_R1100_B544,artalk,563,0.011122013442218304,-2.3939821403473616e-05,0.003554566530510783
2ObBpwabNmg,2ObBpwabNmg_0003_S800_E1384_L348_T0_R1100_B544,multitalk,562,0.008715291507542133,0.00011521339183673263,0.0032402225770056248
2ObBpwabNmg,2ObBpwabNmg_0003_S800_E1384_L348_T0_R1100_B544,codetalker,563,0.011489979922771454,0.0001493933523306623,0.006471375934779644
2OfVzz2aZ8c,2OfVzz2aZ8c_0000_S1000_E1448_L478_T44_R894_B460,dpt,448,0.006857927422970533,9.194802260026336e-05,0.0025354214012622833
2OfVzz2aZ8c,2OfVzz2aZ8c_0000_S1000_E1448_L478_T44_R894_B460,artalk,448,0.007052034605294466,-1.1855682714667637e-05,0.0025635098572820425
2OfVzz2aZ8c,2OfVzz2aZ8c_0000_S1000_E1448_L478_T44_R894_B460,multitalk,448,0.008651131764054298,4.909469134872779e-05,0.003241603961214423
2OfVzz2aZ8c,2OfVzz2aZ8c_0000_S1000_E1448_L478_T44_R894_B460,codetalker,448,0.007092217914760113,0.00013421742187347263,0.005347506608814001
2PejNMim-YQ,2PejNMim-YQ_0001_S29_E338_L274_T0_R642_B368,dpt,258,0.008425888605415821,0.00018449334311299026,0.002793626394122839
2PejNMim-YQ,2PejNMim-YQ_0001_S29_E338_L274_T0_R642_B368,artalk,259,0.006817695219069719,5.2038434660062194e-05,0.0020646725315600634
2PejNMim-YQ,2PejNMim-YQ_0001_S29_E338_L274_T0_R642_B368,multitalk,258,0.011791523545980453,0.00018199226178694516,0.002954196883365512
2PejNMim-YQ,2PejNMim-YQ_0001_S29_E338_L274_T0_R642_B368,codetalker,260,0.01042734645307064,0.00021418360120151192,0.006094714161008596
2R3GNE3ob-4,2R3GNE3ob-4_0001_S1467_E1726_L113_T60_R529_B476,dpt,216,0.006926144007593393,0.00023843732196837664,0.0022363036405295134
2R3GNE3ob-4,2R3GNE3ob-4_0001_S1467_E1726_L113_T60_R529_B476,artalk,217,0.006988797802478075,0.00010425012442283332,0.003119701286777854
2R3GNE3ob-4,2R3GNE3ob-4_0001_S1467_E1726_L113_T60_R529_B476,multitalk,216,0.008851476013660431,0.00019164980039931834,0.0028137534391134977
2R3GNE3ob-4,2R3GNE3ob-4_0001_S1467_E1726_L113_T60_R529_B476,codetalker,218,0.008789610117673874,0.0002154157991753891,0.007652732077986002
2Rtp8zWE6nQ,2Rtp8zWE6nQ_0001_S0_E359_L454_T20_R966_B532,dpt,299,0.012324722483754158,0.00013213334023021162,0.005628167651593685
2Rtp8zWE6nQ,2Rtp8zWE6nQ_0001_S0_E359_L454_T20_R966_B532,artalk,300,0.006654136348515749,3.517746154102497e-05,0.0034109726548194885
2Rtp8zWE6nQ,2Rtp8zWE6nQ_0001_S0_E359_L454_T20_R966_B532,multitalk,299,0.010102463886141777,0.00016598851652815938,0.005949574057012796
2Rtp8zWE6nQ,2Rtp8zWE6nQ_0001_S0_E359_L454_T20_R966_B532,codetalker,301,0.010834187269210815,0.00021627143723890185,0.0051855589263141155
2VdwqgI2l2o,2VdwqgI2l2o_0002_S479_E875_L327_T0_R823_B464,dpt,330,0.008250772021710873,0.00021245954849291593,0.0027875988744199276
2VdwqgI2l2o,2VdwqgI2l2o_0002_S479_E875_L327_T0_R823_B464,artalk,331,0.009580106474459171,0.00016324728494510055,0.0031025796197354794
2VdwqgI2l2o,2VdwqgI2l2o_0002_S479_E875_L327_T0_R823_B464,multitalk,330,0.008249758742749691,0.00023071051691658795,0.004276465158909559
2VdwqgI2l2o,2VdwqgI2l2o_0002_S479_E875_L327_T0_R823_B464,codetalker,332,0.00819594319909811,0.000249877804890275,0.0044587841257452965
2bAuuK1uU1M,2bAuuK1uU1M_0000_S1238_E1919_L118_T97_R582_B561,dpt,568,0.01558427233248949,4.4898639316670597e-05,0.005098380148410797
2bAuuK1uU1M,2bAuuK1uU1M_0000_S1238_E1919_L118_T97_R582_B561,artalk,569,0.009018023498356342,-2.8318094337009825e-05,0.005226569715887308
2bAuuK1uU1M,2bAuuK1uU1M_0000_S1238_E1919_L118_T97_R582_B561,multitalk,568,0.014751954935491085,-0.00019343757594469935,0.004966725129634142
2bAuuK1uU1M,2bAuuK1uU1M_0000_S1238_E1919_L118_T97_R582_B561,codetalker,570,0.014112195000052452,7.489735435228795e-05,0.003100509289652109
2d9BcdLC4dA,2d9BcdLC4dA_0000_S140_E406_L776_T84_R1224_B532,dpt,277,0.01451067253947258,9.992685954784974e-05,0.007690064609050751
2d9BcdLC4dA,2d9BcdLC4dA_0000_S140_E406_L776_T84_R1224_B532,artalk,277,0.015157241374254227,-4.2201438191113994e-05,0.007047862280160189
2d9BcdLC4dA,2d9BcdLC4dA_0000_S140_E406_L776_T84_R1224_B532,multitalk,277,0.013435980305075645,6.471402593888342e-05,0.010644616559147835
2d9BcdLC4dA,2d9BcdLC4dA_0000_S140_E406_L776_T84_R1224_B532,codetalker,277,0.013250892050564289,0.00013592425966635346,0.0038040890358388424
2e6a4eog8jc,2e6a4eog8jc_0000_S1159_E1811_L428_T141_R780_B493,dpt,543,0.00882712472230196,0.00012269389117136598,0.003820741083472967
2e6a4eog8jc,2e6a4eog8jc_0000_S1159_E1811_L428_T141_R780_B493,artalk,544,0.008637793362140656,-3.027915045095142e-05,0.003629896091297269
2e6a4eog8jc,2e6a4eog8jc_0000_S1159_E1811_L428_T141_R780_B493,multitalk,543,0.00847012922167778,0.00015362091653514653,0.004258334636688232
2e6a4eog8jc,2e6a4eog8jc_0000_S1159_E1811_L428_T141_R780_B493,codetalker,546,0.009135948494076729,0.00013526684779208153,0.005801920313388109
2eZgkkbNq54,2eZgkkbNq54_0018_S299_E502_L407_T63_R743_B399,dpt,203,0.00844135694205761,2.990032226080075e-05,0.004005942959338427
2eZgkkbNq54,2eZgkkbNq54_0018_S299_E502_L407_T63_R743_B399,artalk,203,0.008237562142312527,-1.342175619356567e-05,0.002258941764011979
2eZgkkbNq54,2eZgkkbNq54_0018_S299_E502_L407_T63_R743_B399,multitalk,203,0.011115100234746933,3.969735189457424e-05,0.004998343531042337
2eZgkkbNq54,2eZgkkbNq54_0018_S299_E502_L407_T63_R743_B399,codetalker,203,0.009621594101190567,6.773422501282766e-05,0.005194016266614199
2eaxjEpQPkk,2eaxjEpQPkk_0004_S844_E1085_L360_T27_R840_B507,dpt,200,0.009778904728591442,0.00028361380100250244,0.0054064965806901455
2eaxjEpQPkk,2eaxjEpQPkk_0004_S844_E1085_L360_T27_R840_B507,artalk,201,0.005462003406137228,0.00019149055879097432,0.0027915576938539743
2eaxjEpQPkk,2eaxjEpQPkk_0004_S844_E1085_L360_T27_R840_B507,multitalk,200,0.012479876168072224,0.0002959519042633474,0.004688846878707409
2eaxjEpQPkk,2eaxjEpQPkk_0004_S844_E1085_L360_T27_R840_B507,codetalker,203,0.010331609286367893,0.00034569151466712356,0.005245557054877281
2gIkmyxa2ds,2gIkmyxa2ds_0001_S105_E492_L448_T71_R720_B343,dpt,323,0.008531714789569378,0.00010694908996811137,0.0039735473692417145
2gIkmyxa2ds,2gIkmyxa2ds_0001_S105_E492_L448_T71_R720_B343,artalk,324,0.009012389928102493,-3.501718310872093e-05,0.003334171138703823
2gIkmyxa2ds,2gIkmyxa2ds_0001_S105_E492_L448_T71_R720_B343,multitalk,323,0.00910252332687378,0.00011184527829755098,0.006347011309117079
2gIkmyxa2ds,2gIkmyxa2ds_0001_S105_E492_L448_T71_R720_B343,codetalker,325,0.009101907722651958,0.00013979195500724018,0.004855625797063112
2gMaIjvjCFo,2gMaIjvjCFo_0006_S465_E744_L456_T98_R856_B498,dpt,232,0.008809956721961498,0.00015198253095149994,0.003367337631061673
2gMaIjvjCFo,2gMaIjvjCFo_0006_S465_E744_L456_T98_R856_B498,artalk,233,0.00935005396604538,0.00010387776274001226,0.0022409195080399513
2gMaIjvjCFo,2gMaIjvjCFo_0006_S465_E744_L456_T98_R856_B498,multitalk,232,0.010280483402311802,0.00012487565982155502,0.006253809202462435
2gMaIjvjCFo,2gMaIjvjCFo_0006_S465_E744_L456_T98_R856_B498,codetalker,234,0.010232340544462204,0.0001671307545620948,0.005294209346175194
2mLsOuOve8k,2mLsOuOve8k_0004_S1140_E1406_L743_T187_R1015_B459,dpt,222,0.008874967694282532,9.661803051130846e-05,0.0037561501376330853
2mLsOuOve8k,2mLsOuOve8k_0004_S1140_E1406_L743_T187_R1015_B459,artalk,223,0.0057186344638466835,4.316757986089215e-05,0.002854567253962159
2mLsOuOve8k,2mLsOuOve8k_0004_S1140_E1406_L743_T187_R1015_B459,multitalk,222,0.008685441687703133,5.103875810164027e-05,0.006308680400252342
2mLsOuOve8k,2mLsOuOve8k_0004_S1140_E1406_L743_T187_R1015_B459,codetalker,224,0.008397204801440239,0.00012819352559745312,0.004785811062902212
2nhDjEnUslE,2nhDjEnUslE_0001_S1111_E1505_L402_T29_R882_B509,dpt,329,0.012555362656712532,8.719247853150591e-05,0.004073118790984154
2nhDjEnUslE,2nhDjEnUslE_0001_S1111_E1505_L402_T29_R882_B509,artalk,330,0.007084606681019068,2.4582222977187485e-05,0.003694773418828845
2nhDjEnUslE,2nhDjEnUslE_0001_S1111_E1505_L402_T29_R882_B509,multitalk,329,0.016838064417243004,0.00011802505468949676,0.005572969559580088
2nhDjEnUslE,2nhDjEnUslE_0001_S1111_E1505_L402_T29_R882_B509,codetalker,330,0.012311778962612152,0.00015767737932037562,0.00733998091891408
2nj6tpVKUxQ,2nj6tpVKUxQ_0000_S1136_E1446_L650_T54_R1162_B566,dpt,258,0.010781430639326572,8.132262155413628e-05,0.0029363888315856457
2nj6tpVKUxQ,2nj6tpVKUxQ_0000_S1136_E1446_L650_T54_R1162_B566,artalk,259,0.008602016605436802,-1.2486722880566958e-05,0.0018789473688229918
2nj6tpVKUxQ,2nj6tpVKUxQ_0000_S1136_E1446_L650_T54_R1162_B566,multitalk,258,0.010945383459329605,4.102885941392742e-05,0.0025875126011669636
2nj6tpVKUxQ,2nj6tpVKUxQ_0000_S1136_E1446_L650_T54_R1162_B566,codetalker,260,0.01292841974645853,0.00012169976253062487,0.005819201935082674
2rxU553pKgs,2rxU553pKgs_0006_S1431_E1759_L428_T0_R940_B432,dpt,273,0.01536205317825079,0.00029171211645007133,0.005697411019355059
2rxU553pKgs,2rxU553pKgs_0006_S1431_E1759_L428_T0_R940_B432,artalk,274,0.011954884976148605,0.00021545612253248692,0.006810465827584267
2rxU553pKgs,2rxU553pKgs_0006_S1431_E1759_L428_T0_R940_B432,multitalk,273,0.014805867336690426,0.00025104760425165296,0.003698508720844984
2rxU553pKgs,2rxU553pKgs_0006_S1431_E1759_L428_T0_R940_B432,codetalker,275,0.019107062369585037,0.00035398511681705713,0.01320644374936819
30QwIdz8Vjc,30QwIdz8Vjc_0002_S1386_E1919_L290_T0_R994_B672,dpt,444,0.008973095566034317,0.0001095558181987144,0.003983228001743555
30QwIdz8Vjc,30QwIdz8Vjc_0002_S1386_E1919_L290_T0_R994_B672,artalk,445,0.0061538019217550755,4.4214659283170477e-05,0.0024283104576170444
30QwIdz8Vjc,30QwIdz8Vjc_0002_S1386_E1919_L290_T0_R994_B672,multitalk,444,0.011124646291136742,0.00017800948990043253,0.004165110643953085
30QwIdz8Vjc,30QwIdz8Vjc_0002_S1386_E1919_L290_T0_R994_B672,codetalker,446,0.009210866875946522,0.00016898929607123137,0.004559516906738281
39Axc3FIu9A,39Axc3FIu9A_0000_S1012_E1747_L155_T47_R603_B495,dpt,613,0.009865366853773594,0.0002937297977041453,0.004030473995953798
39Axc3FIu9A,39Axc3FIu9A_0000_S1012_E1747_L155_T47_R603_B495,artalk,614,0.007983274757862091,0.00021764368284493685,0.005482647102326155
39Axc3FIu9A,39Axc3FIu9A_0000_S1012_E1747_L155_T47_R603_B495,multitalk,613,0.011558973230421543,0.00030355347553268075,0.004762585740536451
39Axc3FIu9A,39Axc3FIu9A_0000_S1012_E1747_L155_T47_R603_B495,codetalker,615,0.013518123887479305,0.0003715388011187315,0.010766790248453617
3AoYXlMCioI,3AoYXlMCioI_0002_S1108_E1704_L501_T53_R885_B437,dpt,497,0.00930201169103384,0.00023406925902236253,0.004619142506271601
3AoYXlMCioI,3AoYXlMCioI_0002_S1108_E1704_L501_T53_R885_B437,artalk,498,0.007534622680395842,0.00014331300917547196,0.0031016902066767216
3AoYXlMCioI,3AoYXlMCioI_0002_S1108_E1704_L501_T53_R885_B437,multitalk,497,0.011621094308793545,0.0002634628617670387,0.010111600160598755
3AoYXlMCioI,3AoYXlMCioI_0002_S1108_E1704_L501_T53_R885_B437,codetalker,499,0.009532933123409748,0.0002866204595193267,0.005015961360186338
3BkL0UXgNDs,3BkL0UXgNDs_0002_S203_E646_L468_T21_R788_B341,dpt,443,0.008763282559812069,0.00024844607105478644,0.005313225090503693
3BkL0UXgNDs,3BkL0UXgNDs_0002_S203_E646_L468_T21_R788_B341,artalk,443,0.006997925229370594,0.0001267337065655738,0.005412409082055092
3BkL0UXgNDs,3BkL0UXgNDs_0002_S203_E646_L468_T21_R788_B341,multitalk,443,0.010075708851218224,0.0002712234272621572,0.006933653727173805
3BkL0UXgNDs,3BkL0UXgNDs_0002_S203_E646_L468_T21_R788_B341,codetalker,443,0.010608190670609474,0.0002690666588023305,0.004501468501985073
3C0T230n-mo,3C0T230n-mo_0003_S969_E1353_L469_T0_R933_B432,dpt,320,0.008641786873340607,4.966322740074247e-05,0.0039125471375882626
3C0T230n-mo,3C0T230n-mo_0003_S969_E1353_L469_T0_R933_B432,artalk,321,0.008264094591140747,-6.069776645745151e-05,0.004622016102075577
3C0T230n-mo,3C0T230n-mo_0003_S969_E1353_L469_T0_R933_B432,multitalk,320,0.01007491908967495,5.2007660997333005e-05,0.005015362519770861
3C0T230n-mo,3C0T230n-mo_0003_S969_E1353_L469_T0_R933_B432,codetalker,322,0.011568468064069748,9.988721285481006e-05,0.00843503326177597
3EFiRh-y4L0,3EFiRh-y4L0_0000_S123_E541_L399_T0_R783_B384,dpt,348,0.011785361915826797,0.00021104856568854302,0.004451028537005186
3EFiRh-y4L0,3EFiRh-y4L0_0000_S123_E541_L399_T0_R783_B384,artalk,349,0.007763204164803028,0.00014956296945456415,0.004113588947802782
3EFiRh-y4L0,3EFiRh-y4L0_0000_S123_E541_L399_T0_R783_B384,multitalk,348,0.012648109346628189,0.00017195091641042382,0.003397155785933137
3EFiRh-y4L0,3EFiRh-y4L0_0000_S123_E541_L399_T0_R783_B384,codetalker,350,0.013452916406095028,0.00022439085296355188,0.008966448716819286
3EJtdIIh43s,3EJtdIIh43s_0000_S0_E397_L283_T105_R843_B665,dpt,413,0.009993537329137325,0.00013818920706398785,0.008232242427766323
3EJtdIIh43s,3EJtdIIh43s_0000_S0_E397_L283_T105_R843_B665,artalk,414,0.009817824698984623,0.00012430487549863756,0.008186140097677708
3EJtdIIh43s,3EJtdIIh43s_0000_S0_E397_L283_T105_R843_B665,multitalk,413,0.014591644518077374,-0.0007349377265200019,0.00957668200135231
3EJtdIIh43s,3EJtdIIh43s_0000_S0_E397_L283_T105_R843_B665,codetalker,414,0.012999480590224266,0.0001514599280199036,0.004632450640201569
3EYU3VTI3IU,3EYU3VTI3IU_0000_S1460_E1887_L251_T0_R955_B656,dpt,356,0.008951199240982533,0.0001079505673260428,0.0023231145460158587
3EYU3VTI3IU,3EYU3VTI3IU_0000_S1460_E1887_L251_T0_R955_B656,artalk,357,0.00659345556050539,-4.194827488390729e-05,0.0018948344513773918
3EYU3VTI3IU,3EYU3VTI3IU_0000_S1460_E1887_L251_T0_R955_B656,multitalk,356,0.014231068082153797,9.077524009626359e-05,0.003442560788244009
3EYU3VTI3IU,3EYU3VTI3IU_0000_S1460_E1887_L251_T0_R955_B656,codetalker,358,0.010227087885141373,0.00015830370830371976,0.004901816602796316
3GUcVRz_JyA,3GUcVRz_JyA_0000_S365_E694_L456_T49_R712_B305,dpt,274,0.01033642329275608,0.00015797591186128557,0.0035844820085912943
3GUcVRz_JyA,3GUcVRz_JyA_0000_S365_E694_L456_T49_R712_B305,artalk,275,0.006449689622968435,3.4731405321508646e-05,0.002517399610951543
3GUcVRz_JyA,3GUcVRz_JyA_0000_S365_E694_L456_T49_R712_B305,multitalk,274,0.013461259193718433,0.0001868879480753094,0.005897714290767908
3GUcVRz_JyA,3GUcVRz_JyA_0000_S365_E694_L456_T49_R712_B305,codetalker,276,0.011875978671014309,0.00017576148093212396,0.0065849581733345985
3KNGPFM4d6c,3KNGPFM4d6c_0001_S135_E405_L534_T0_R998_B464,dpt,281,0.010648250579833984,0.00026732179685495794,0.004610402975231409
3KNGPFM4d6c,3KNGPFM4d6c_0001_S135_E405_L534_T0_R998_B464,artalk,281,0.010996725410223007,0.00013679586118087173,0.008327536284923553
3KNGPFM4d6c,3KNGPFM4d6c_0001_S135_E405_L534_T0_R998_B464,multitalk,281,0.011316537857055664,0.0002489065518602729,0.0038065274711698294
3KNGPFM4d6c,3KNGPFM4d6c_0001_S135_E405_L534_T0_R998_B464,codetalker,281,0.016000252217054367,0.0003009347419720143,0.013438367284834385
3NJN-C1R9gA,3NJN-C1R9gA_0000_S0_E360_L686_T50_R1054_B418,dpt,300,0.010990864597260952,0.00022147473646327853,0.0038791545666754246
3NJN-C1R9gA,3NJN-C1R9gA_0000_S0_E360_L686_T50_R1054_B418,artalk,301,0.009666761383414268,0.00012475886614993215,0.004172042943537235
3NJN-C1R9gA,3NJN-C1R9gA_0000_S0_E360_L686_T50_R1054_B418,multitalk,299,0.011576414108276367,-3.108377495664172e-05,0.006002011243253946
3NJN-C1R9gA,3NJN-C1R9gA_0000_S0_E360_L686_T50_R1054_B418,codetalker,302,0.009670350700616837,0.0002549384080339223,0.005163498222827911
3RITVJy7ogI,3RITVJy7ogI_0022_S1320_E1759_L556_T28_R908_B380,dpt,366,0.010692250914871693,0.00013116294576320797,0.0034022859763354063
3RITVJy7ogI,3RITVJy7ogI_0022_S1320_E1759_L556_T28_R908_B380,artalk,367,0.012114210054278374,7.151038880692795e-05,0.003723359666764736
3RITVJy7ogI,3RITVJy7ogI_0022_S1320_E1759_L556_T28_R908_B380,multitalk,366,0.011294398456811905,4.862150308326818e-05,0.0035943349357694387
3RITVJy7ogI,3RITVJy7ogI_0022_S1320_E1759_L556_T28_R908_B380,codetalker,368,0.014171306043863297,0.00011596729018492624,0.004872983321547508
3Tyan5xgQ4Y,3Tyan5xgQ4Y_0000_S1258_E1811_L333_T128_R829_B624,dpt,460,0.01038829330354929,0.00024007781757973135,0.005040223244577646
3Tyan5xgQ4Y,3Tyan5xgQ4Y_0000_S1258_E1811_L333_T128_R829_B624,artalk,461,0.010073289275169373,0.0001854859438026324,0.003589664353057742
3Tyan5xgQ4Y,3Tyan5xgQ4Y_0000_S1258_E1811_L333_T128_R829_B624,multitalk,460,0.009409761056303978,0.0002805038820952177,0.006654559168964624
3Tyan5xgQ4Y,3Tyan5xgQ4Y_0000_S1258_E1811_L333_T128_R829_B624,codetalker,463,0.010540769435465336,0.00031386202317662537,0.0054600122384727
3UYOtcC00L4,3UYOtcC00L4_0000_S1070_E1448_L411_T150_R795_B534,dpt,315,0.012679158709943295,8.739777695154771e-05,0.004477005917578936
3UYOtcC00L4,3UYOtcC00L4_0000_S1070_E1448_L411_T150_R795_B534,artalk,316,0.01093949656933546,-2.38584016187815e-05,0.0038608931936323643
3UYOtcC00L4,3UYOtcC00L4_0000_S1070_E1448_L411_T150_R795_B534,multitalk,315,0.01297052949666977,0.00011793732119258493,0.00550485635176301
3UYOtcC00L4,3UYOtcC00L4_0000_S1070_E1448_L411_T150_R795_B534,codetalker,317,0.014637676067650318,0.00010532129817875102,0.004711545538157225
3Yepui-bWyw,3Yepui-bWyw_0000_S118_E384_L381_T90_R749_B458,dpt,222,0.008270641788840294,2.9899545552325435e-05,0.0037994273006916046
3Yepui-bWyw,3Yepui-bWyw_0000_S118_E384_L381_T90_R749_B458,artalk,223,0.0091515788808465,-3.2937950891209766e-05,0.004478301387280226
3Yepui-bWyw,3Yepui-bWyw_0000_S118_E384_L381_T90_R749_B458,multitalk,222,0.010128352791070938,-1.9909180991817266e-05,0.005485775880515575
3Yepui-bWyw,3Yepui-bWyw_0000_S118_E384_L381_T90_R749_B458,codetalker,224,0.008253403007984161,2.765893623291049e-05,0.005035815294831991
3ZLYs6Wj51s,3ZLYs6Wj51s_0000_S1016_E1301_L448_T104_R992_B648,dpt,285,0.01108555868268013,0.00024931810912676156,0.0049652704037725925
3ZLYs6Wj51s,3ZLYs6Wj51s_0000_S1016_E1301_L448_T104_R992_B648,artalk,285,0.011129460297524929,0.00010031320562120527,0.0044686878100037575
3ZLYs6Wj51s,3ZLYs6Wj51s_0000_S1016_E1301_L448_T104_R992_B648,multitalk,284,0.010504638776183128,0.00021467095939442515,0.005914296023547649
3ZLYs6Wj51s,3ZLYs6Wj51s_0000_S1016_E1301_L448_T104_R992_B648,codetalker,285,0.011749720200896263,0.0002565207832958549,0.007544683292508125
3ZQL-3ElxpY,3ZQL-3ElxpY_0084_S640_E1049_L427_T82_R683_B338,dpt,409,0.010899399407207966,0.00010540127550484613,0.006885209120810032
3ZQL-3ElxpY,3ZQL-3ElxpY_0084_S640_E1049_L427_T82_R683_B338,artalk,409,0.009335949085652828,-6.903814210090786e-05,0.006076065823435783
3ZQL-3ElxpY,3ZQL-3ElxpY_0084_S640_E1049_L427_T82_R683_B338,multitalk,409,0.011710723862051964,6.938949809409678e-05,0.008780835196375847
3ZQL-3ElxpY,3ZQL-3ElxpY_0084_S640_E1049_L427_T82_R683_B338,codetalker,409,0.007445548661053181,0.00011824246757896617,0.003806895110756159
3ZlXiEZb3k0,3ZlXiEZb3k0_0002_S1260_E1512_L44_T295_R396_B711,dpt,220,0.011655358597636223,7.485000969609246e-05,0.003421436296775937
3ZlXiEZb3k0,3ZlXiEZb3k0_0002_S1260_E1512_L44_T295_R396_B711,artalk,221,0.009374876506626606,6.833056977484375e-05,0.004704468417912722
3ZlXiEZb3k0,3ZlXiEZb3k0_0002_S1260_E1512_L44_T295_R396_B711,multitalk,220,0.010213666595518589,0.00010729497444117442,0.003773825243115425
3ZlXiEZb3k0,3ZlXiEZb3k0_0002_S1260_E1512_L44_T295_R396_B711,codetalker,222,0.010424051433801651,0.0001474414166295901,0.005291549954563379
3_celBcyBJE,3_celBcyBJE_0000_S446_E991_L129_T0_R801_B560,dpt,455,0.010686329565942287,1.6510128261870705e-05,0.005483565386384726
3_celBcyBJE,3_celBcyBJE_0000_S446_E991_L129_T0_R801_B560,artalk,456,0.006140402518212795,-4.28710991400294e-05,0.004958915989845991
3_celBcyBJE,3_celBcyBJE_0000_S446_E991_L129_T0_R801_B560,multitalk,454,0.015289024449884892,5.7629145885584876e-05,0.004619768355041742
3_celBcyBJE,3_celBcyBJE_0000_S446_E991_L129_T0_R801_B560,codetalker,456,0.010859423317015171,5.246029468253255e-05,0.00888490304350853
3gCA0Z4y7wA,3gCA0Z4y7wA_0007_S1097_E1655_L0_T0_R1120_B704,dpt,465,0.008186952210962772,0.00015812754281796515,0.0036776531487703323
3gCA0Z4y7wA,3gCA0Z4y7wA_0007_S1097_E1655_L0_T0_R1120_B704,artalk,466,0.009516927413642406,2.851441240636632e-05,0.0037251971662044525
3gCA0Z4y7wA,3gCA0Z4y7wA_0007_S1097_E1655_L0_T0_R1120_B704,multitalk,465,0.010696333833038807,0.00018460153660271317,0.002963411156088114
3gCA0Z4y7wA,3gCA0Z4y7wA_0007_S1097_E1655_L0_T0_R1120_B704,codetalker,467,0.010726398788392544,0.00020947976736351848,0.006314761005342007
3jESlqRuLw0,3jESlqRuLw0_0006_S555_E947_L633_T15_R969_B351,dpt,392,0.008909344673156738,0.0001949055294971913,0.006196856964379549
3jESlqRuLw0,3jESlqRuLw0_0006_S555_E947_L633_T15_R969_B351,artalk,392,0.007677750196307898,5.2392824727576226e-05,0.005044455640017986
3jESlqRuLw0,3jESlqRuLw0_0006_S555_E947_L633_T15_R969_B351,multitalk,392,0.009726773016154766,0.00020904272969346493,0.007792572025209665
3jESlqRuLw0,3jESlqRuLw0_0006_S555_E947_L633_T15_R969_B351,codetalker,392,0.008884754963219166,0.0002235707506770268,0.004080631770193577
3lpnoDrt5Tw,3lpnoDrt5Tw_0010_S0_E583_L267_T236_R603_B572,dpt,486,0.008836776949465275,8.389259164687246e-05,0.0036180599126964808
3lpnoDrt5Tw,3lpnoDrt5Tw_0010_S0_E583_L267_T236_R603_B572,artalk,487,0.008857304230332375,1.638297180761583e-05,0.0037594400346279144
3lpnoDrt5Tw,3lpnoDrt5Tw_0010_S0_E583_L267_T236_R603_B572,multitalk,486,0.007203423418104649,0.00010552106687100604,0.0038498379290103912
3lpnoDrt5Tw,3lpnoDrt5Tw_0010_S0_E583_L267_T236_R603_B572,codetalker,489,0.007594007533043623,0.00010345627379138023,0.0029163872823119164
3nJexBvb5UY,3nJexBvb5UY_0003_S414_E685_L278_T41_R870_B633,dpt,226,0.023421967402100563,-3.5378659504203824e-06,0.01201010774821043
3nJexBvb5UY,3nJexBvb5UY_0003_S414_E685_L278_T41_R870_B633,artalk,227,0.020075015723705292,2.7037436666432768e-05,0.011632447130978107
3nJexBvb5UY,3nJexBvb5UY_0003_S414_E685_L278_T41_R870_B633,multitalk,226,0.02271515503525734,4.30288419011049e-05,0.016037536785006523
3nJexBvb5UY,3nJexBvb5UY_0003_S414_E685_L278_T41_R870_B633,codetalker,228,0.023115195333957672,5.4575746617047116e-05,0.017447834834456444
3oV_cljdDs8,3oV_cljdDs8_0000_S1266_E1492_L446_T61_R702_B317,dpt,226,0.009203209541738033,0.0002028104936471209,0.003928605001419783
3oV_cljdDs8,3oV_cljdDs8_0000_S1266_E1492_L446_T61_R702_B317,artalk,226,0.006209755782037973,5.2961586334276944e-05,0.0037124748341739178
3oV_cljdDs8,3oV_cljdDs8_0000_S1266_E1492_L446_T61_R702_B317,multitalk,226,0.012453494593501091,0.00020733870042022318,0.005784574430435896
3oV_cljdDs8,3oV_cljdDs8_0000_S1266_E1492_L446_T61_R702_B317,codetalker,226,0.010257638990879059,0.00020071030303370208,0.003565799677744508
3pIR5nfFNQM,3pIR5nfFNQM_0000_S148_E839_L453_T57_R709_B313,dpt,576,0.010186615400016308,0.0002934209769591689,0.004553826991468668
3pIR5nfFNQM,3pIR5nfFNQM_0000_S148_E839_L453_T57_R709_B313,artalk,577,0.007588950917124748,0.00019967457046732306,0.004072423093020916
3pIR5nfFNQM,3pIR5nfFNQM_0000_S148_E839_L453_T57_R709_B313,multitalk,576,0.01593625545501709,0.0002819855872076005,0.005906510632485151
3pIR5nfFNQM,3pIR5nfFNQM_0000_S148_E839_L453_T57_R709_B313,codetalker,578,0.010878365486860275,0.0003383730072528124,0.007808008696883917
3qBW_x5fatI,3qBW_x5fatI_0000_S300_E650_L314_T86_R602_B374,dpt,291,0.00933027919381857,0.00022784735483583063,0.004369198810309172
3qBW_x5fatI,3qBW_x5fatI_0000_S300_E650_L314_T86_R602_B374,artalk,292,0.009776848368346691,9.31884569581598e-05,0.004257163032889366
3qBW_x5fatI,3qBW_x5fatI_0000_S300_E650_L314_T86_R602_B374,multitalk,291,0.01178901270031929,0.00020524911815300584,0.005773157812654972
3qBW_x5fatI,3qBW_x5fatI_0000_S300_E650_L314_T86_R602_B374,codetalker,294,0.011148866266012192,0.000239303641137667,0.007401257753372192
3v1tt9mD6cg,3v1tt9mD6cg_0000_S1230_E1535_L595_T29_R1011_B445,dpt,305,0.009120042435824871,0.00027509566280059516,0.0022914509754627943
3v1tt9mD6cg,3v1tt9mD6cg_0000_S1230_E1535_L595_T29_R1011_B445,artalk,305,0.006245897617191076,0.00018791400361806154,0.003249848261475563
3v1tt9mD6cg,3v1tt9mD6cg_0000_S1230_E1535_L595_T29_R1011_B445,multitalk,305,0.009361880831420422,0.00029983485001139343,0.003807079279795289
3v1tt9mD6cg,3v1tt9mD6cg_0000_S1230_E1535_L595_T29_R1011_B445,codetalker,305,0.010736140422523022,0.0003338654350955039,0.004551084712147713
3vudNvflufc,3vudNvflufc_0007_S313_E562_L497_T3_R881_B387,dpt,259,0.012230684980750084,0.0001955793413799256,0.002320297295227647
3vudNvflufc,3vudNvflufc_0007_S313_E562_L497_T3_R881_B387,artalk,259,0.013859369792044163,8.43484522192739e-05,0.003319389186799526
3vudNvflufc,3vudNvflufc_0007_S313_E562_L497_T3_R881_B387,multitalk,259,0.009611674584448338,0.00015702338714618236,0.002445740159600973
3vudNvflufc,3vudNvflufc_0007_S313_E562_L497_T3_R881_B387,codetalker,259,0.012606386095285416,0.00017736821610014886,0.006217652000486851
3ytLt3BDqFU,3ytLt3BDqFU_0000_S365_E941_L404_T42_R916_B554,dpt,480,0.008217892609536648,4.916154284728691e-05,0.0025605186820030212
3ytLt3BDqFU,3ytLt3BDqFU_0000_S365_E941_L404_T42_R916_B554,artalk,481,0.005130812060087919,-3.203997039236128e-05,0.0025896455626934767
3ytLt3BDqFU,3ytLt3BDqFU_0000_S365_E941_L404_T42_R916_B554,multitalk,480,0.010216639377176762,9.40710015129298e-05,0.0037152001168578863
3ytLt3BDqFU,3ytLt3BDqFU_0000_S365_E941_L404_T42_R916_B554,codetalker,482,0.008269590325653553,0.00012377464736346155,0.004597114399075508
3zhCbaVBEjg,3zhCbaVBEjg_0001_S958_E1242_L155_T0_R667_B416,dpt,236,0.01093436498194933,0.00021283492969814688,0.005235691554844379
3zhCbaVBEjg,3zhCbaVBEjg_0001_S958_E1242_L155_T0_R667_B416,artalk,237,0.010565846227109432,0.00012724341650027782,0.003511503105983138
3zhCbaVBEjg,3zhCbaVBEjg_0001_S958_E1242_L155_T0_R667_B416,multitalk,236,0.015315140597522259,0.0002473213244229555,0.004155068192631006
3zhCbaVBEjg,3zhCbaVBEjg_0001_S958_E1242_L155_T0_R667_B416,codetalker,239,0.013750053942203522,0.0002724460791796446,0.005643272306770086
43wXnwHo_qU,43wXnwHo_qU_0001_S1095_E1431_L161_T52_R481_B372,dpt,291,0.016835834830999374,-7.696710963500664e-05,0.007196288090199232
43wXnwHo_qU,43wXnwHo_qU_0001_S1095_E1431_L161_T52_R481_B372,artalk,292,0.017872152850031853,-0.0001269910717383027,0.007230634335428476
43wXnwHo_qU,43wXnwHo_qU_0001_S1095_E1431_L161_T52_R481_B372,multitalk,291,0.019947413355112076,-0.0002539569395594299,0.01020719949156046
43wXnwHo_qU,43wXnwHo_qU_0001_S1095_E1431_L161_T52_R481_B372,codetalker,292,0.014041163958609104,-6.485014455392957e-05,0.0032114917412400246
465Wt-eX2RY,465Wt-eX2RY_0000_S333_E916_L810_T73_R1098_B361,dpt,583,0.009764292277395725,0.00021360491518862545,0.006776022724807262
465Wt-eX2RY,465Wt-eX2RY_0000_S333_E916_L810_T73_R1098_B361,artalk,583,0.00982600450515747,8.843945397529751e-05,0.0064982096664607525
465Wt-eX2RY,465Wt-eX2RY_0000_S333_E916_L810_T73_R1098_B361,multitalk,583,0.015276375226676464,0.00017658539582043886,0.012646656483411789
465Wt-eX2RY,465Wt-eX2RY_0000_S333_E916_L810_T73_R1098_B361,codetalker,583,0.008381909690797329,0.00020235098781995475,0.003717446932569146
47OtSe4dffo,47OtSe4dffo_0001_S1312_E1675_L526_T231_R798_B519,dpt,303,0.016018042340874672,0.0001549483131384477,0.003103062277659774
47OtSe4dffo,47OtSe4dffo_0001_S1312_E1675_L526_T231_R798_B519,artalk,304,0.017409270629286766,8.480616997985635e-06,0.004446802195161581
47OtSe4dffo,47OtSe4dffo_0001_S1312_E1675_L526_T231_R798_B519,multitalk,302,0.01811055652797222,0.00017430576554033905,0.0067324466072022915
47OtSe4dffo,47OtSe4dffo_0001_S1312_E1675_L526_T231_R798_B519,codetalker,305,0.01291248481720686,0.0001541257370263338,0.0038077796343714
4Hg2Eu-F9mU,4Hg2Eu-F9mU_0002_S103_E331_L162_T30_R626_B494,dpt,228,0.01113930530846119,0.00014966839808039367,0.0022049027029424906
4Hg2Eu-F9mU,4Hg2Eu-F9mU_0002_S103_E331_L162_T30_R626_B494,artalk,228,0.008125056512653828,3.0154342312016524e-05,0.002457707654684782
4Hg2Eu-F9mU,4Hg2Eu-F9mU_0002_S103_E331_L162_T30_R626_B494,multitalk,228,0.012312320061028004,0.00019506621174514294,0.00267977942712605
4Hg2Eu-F9mU,4Hg2Eu-F9mU_0002_S103_E331_L162_T30_R626_B494,codetalker,228,0.012546941637992859,0.00016997412603814155,0.005538242869079113
4NXUGnLbl5Y,4NXUGnLbl5Y_0005_S599_E1263_L459_T159_R715_B415,dpt,554,0.010272103361785412,0.00029493888723663986,0.0036395748611539602
4NXUGnLbl5Y,4NXUGnLbl5Y_0005_S599_E1263_L459_T159_R715_B415,artalk,555,0.00720979506149888,0.00018985773203894496,0.0036919962149113417
4NXUGnLbl5Y,4NXUGnLbl5Y_0005_S599_E1263_L459_T159_R715_B415,multitalk,554,0.017799057066440582,0.00030037728720344603,0.0040756030939519405
4NXUGnLbl5Y,4NXUGnLbl5Y_0005_S599_E1263_L459_T159_R715_B415,codetalker,556,0.01161965448409319,0.00034031851100735366,0.006997457705438137
4R4aN98Qrbo,4R4aN98Qrbo_0002_S858_E1092_L472_T42_R840_B410,dpt,234,0.009089400060474873,0.0001979212393052876,0.0026325848884880543
4R4aN98Qrbo,4R4aN98Qrbo_0002_S858_E1092_L472_T42_R840_B410,artalk,234,0.0068097347393631935,7.291501970030367e-05,0.0028884392231702805
4R4aN98Qrbo,4R4aN98Qrbo_0002_S858_E1092_L472_T42_R840_B410,multitalk,234,0.013908158987760544,0.0002404499682597816,0.002872414654120803
4R4aN98Qrbo,4R4aN98Qrbo_0002_S858_E1092_L472_T42_R840_B410,codetalker,234,0.009768313728272915,0.0002617212594486773,0.006614126730710268
4RN-c0HdJOI,4RN-c0HdJOI_0005_S927_E1130_L375_T0_R999_B512,dpt,211,0.011526066809892654,0.00027737251366488636,0.0036891773343086243
4RN-c0HdJOI,4RN-c0HdJOI_0005_S927_E1130_L375_T0_R999_B512,artalk,212,0.009304756298661232,0.00026866563712246716,0.0041799359023571014
4RN-c0HdJOI,4RN-c0HdJOI_0005_S927_E1130_L375_T0_R999_B512,multitalk,211,0.009860184974968433,0.00024872575886547565,0.005534585565328598
4RN-c0HdJOI,4RN-c0HdJOI_0005_S927_E1130_L375_T0_R999_B512,codetalker,213,0.011998459696769714,0.0003173685690853745,0.005261797457933426
4cz4pq_N--g,4cz4pq_N--g_0001_S857_E1322_L202_T39_R586_B423,dpt,465,0.009793870151042938,-7.367292482740595e-07,0.0021468072663992643
4cz4pq_N--g,4cz4pq_N--g_0001_S857_E1322_L202_T39_R586_B423,artalk,465,0.005023426841944456,-0.0001197860183310695,0.00291662709787488
4cz4pq_N--g,4cz4pq_N--g_0001_S857_E1322_L202_T39_R586_B423,multitalk,465,0.011273474432528019,1.2866033102909569e-05,0.002393136965110898
4cz4pq_N--g,4cz4pq_N--g_0001_S857_E1322_L202_T39_R586_B423,codetalker,465,0.008260431699454784,1.1256258403591346e-05,0.0059684040024876595
4gxMVLXmBiE,4gxMVLXmBiE_0069_S191_E435_L740_T43_R1188_B491,dpt,203,0.014386365190148354,0.0003392996150068939,0.007129581179469824
4gxMVLXmBiE,4gxMVLXmBiE_0069_S191_E435_L740_T43_R1188_B491,artalk,204,0.014041487127542496,0.0003722580731846392,0.005898260045796633
4gxMVLXmBiE,4gxMVLXmBiE_0069_S191_E435_L740_T43_R1188_B491,multitalk,203,0.013716752640902996,0.00033729366259649396,0.008436806499958038
4gxMVLXmBiE,4gxMVLXmBiE_0069_S191_E435_L740_T43_R1188_B491,codetalker,206,0.011574307456612587,0.00041274219984188676,0.0065377093851566315
4kR-Fev28po,4kR-Fev28po_0000_S1192_E1706_L124_T297_R412_B585,dpt,428,0.010805085301399231,0.0001957065105671063,0.004917566664516926
4kR-Fev28po,4kR-Fev28po_0000_S1192_E1706_L124_T297_R412_B585,artalk,429,0.010157759301364422,0.0001196833691210486,0.004903673660010099
4kR-Fev28po,4kR-Fev28po_0000_S1192_E1706_L124_T297_R412_B585,multitalk,428,0.009770800359547138,0.00017646535707172006,0.003928950987756252
4kR-Fev28po,4kR-Fev28po_0000_S1192_E1706_L124_T297_R412_B585,codetalker,431,0.013319985009729862,0.00021501813898794353,0.009714911691844463
4lB_x0kLffU,4lB_x0kLffU_0008_S0_E252_L275_T0_R899_B560,dpt,210,0.014082019217312336,0.00020197912817820907,0.006940208841115236
4lB_x0kLffU,4lB_x0kLffU_0008_S0_E252_L275_T0_R899_B560,artalk,211,0.01348087377846241,0.00013117585331201553,0.005171807017177343
4lB_x0kLffU,4lB_x0kLffU_0008_S0_E252_L275_T0_R899_B560,multitalk,210,0.011429192498326302,0.00022782197629567236,0.00577711034566164
4lB_x0kLffU,4lB_x0kLffU_0008_S0_E252_L275_T0_R899_B560,codetalker,212,0.010870210826396942,0.00022961960348766297,0.003916352521628141
4lOnYQCxbOM,4lOnYQCxbOM_0024_S1327_E1615_L707_T101_R1043_B437,dpt,240,0.009407111443579197,0.00023836802574805915,0.003601544536650181
4lOnYQCxbOM,4lOnYQCxbOM_0024_S1327_E1615_L707_T101_R1043_B437,artalk,241,0.007032504305243492,8.39015410747379e-05,0.0024250003043562174
4lOnYQCxbOM,4lOnYQCxbOM_0024_S1327_E1615_L707_T101_R1043_B437,multitalk,240,0.011447221040725708,0.00023208132188301533,0.0036583717446774244
4lOnYQCxbOM,4lOnYQCxbOM_0024_S1327_E1615_L707_T101_R1043_B437,codetalker,242,0.00827374029904604,0.00024844869039952755,0.004410150460898876
4oXZCuXwrXo,4oXZCuXwrXo_0002_S1026_E1300_L378_T36_R954_B612,dpt,228,0.013693887740373611,0.00020280558965168893,0.005148809868842363
4oXZCuXwrXo,4oXZCuXwrXo_0002_S1026_E1300_L378_T36_R954_B612,artalk,229,0.009158728644251823,0.00013904225488658994,0.005343849770724773
4oXZCuXwrXo,4oXZCuXwrXo_0002_S1026_E1300_L378_T36_R954_B612,multitalk,228,0.012946058996021748,0.00018612638814374804,0.006080536637455225
4oXZCuXwrXo,4oXZCuXwrXo_0002_S1026_E1300_L378_T36_R954_B612,codetalker,230,0.012603356502950191,0.00022539352357853204,0.008169136010110378
4udsKgSP7UA,4udsKgSP7UA_0003_S1295_E1503_L94_T8_R590_B504,dpt,201,0.009380997158586979,0.0002495672379154712,0.0038903432432562113
4udsKgSP7UA,4udsKgSP7UA_0003_S1295_E1503_L94_T8_R590_B504,artalk,201,0.005570895504206419,0.00016693650104571134,0.002097000600770116
4udsKgSP7UA,4udsKgSP7UA_0003_S1295_E1503_L94_T8_R590_B504,multitalk,201,0.011072049848735332,0.00016774145478848368,0.008070351555943489
4udsKgSP7UA,4udsKgSP7UA_0003_S1295_E1503_L94_T8_R590_B504,codetalker,201,0.009934506379067898,0.00028295814990997314,0.00546151353046298
4ujhmvsSE9c,4ujhmvsSE9c_0000_S1538_E1896_L415_T0_R1071_B576,dpt,298,0.008635235019028187,0.0001971073361346498,0.0033384256530553102
4ujhmvsSE9c,4ujhmvsSE9c_0000_S1538_E1896_L415_T0_R1071_B576,artalk,299,0.010261054150760174,9.404716547578573e-05,0.0026239920407533646
4ujhmvsSE9c,4ujhmvsSE9c_0000_S1538_E1896_L415_T0_R1071_B576,multitalk,298,0.007530589122325182,0.00014811064465902746,0.004413526970893145
4ujhmvsSE9c,4ujhmvsSE9c_0000_S1538_E1896_L415_T0_R1071_B576,codetalker,300,0.012714388780295849,0.00019019700994249433,0.007399492431432009
4x234xeqtHg,4x234xeqtHg_0000_S646_E867_L475_T0_R1275_B704,dpt,221,0.007711499929428101,0.00024059481802396476,0.004214398562908173
4x234xeqtHg,4x234xeqtHg_0000_S646_E867_L475_T0_R1275_B704,artalk,221,0.005455036647617817,0.00016468898684252053,0.003962774761021137
4x234xeqtHg,4x234xeqtHg_0000_S646_E867_L475_T0_R1275_B704,multitalk,221,0.014316077344119549,0.00025430545792914927,0.00187980430200696
4x234xeqtHg,4x234xeqtHg_0000_S646_E867_L475_T0_R1275_B704,codetalker,221,0.007908529601991177,0.0002414897026028484,0.00320201413705945
4zzVjonyHcQ,4zzVjonyHcQ_0000_S1169_E1375_L519_T36_R935_B452,dpt,206,0.009299692697823048,0.00013733471860177815,0.004467497579753399
4zzVjonyHcQ,4zzVjonyHcQ_0000_S1169_E1375_L519_T36_R935_B452,artalk,206,0.009811707772314548,4.294983682484599e-06,0.004137253388762474
4zzVjonyHcQ,4zzVjonyHcQ_0000_S1169_E1375_L519_T36_R935_B452,multitalk,205,0.007421262562274933,0.00015821456327103078,0.0034890170209109783
4zzVjonyHcQ,4zzVjonyHcQ_0000_S1169_E1375_L519_T36_R935_B452,codetalker,206,0.008458899334073067,0.0001874112494988367,0.0033100657165050507
50zJWKotPP4,50zJWKotPP4_0000_S1092_E1419_L361_T0_R937_B464,dpt,272,0.011534620076417923,0.00016007876547519118,0.002978133037686348
50zJWKotPP4,50zJWKotPP4_0000_S1092_E1419_L361_T0_R937_B464,artalk,273,0.008689901791512966,2.1311714590410702e-05,0.0035008233971893787
50zJWKotPP4,50zJWKotPP4_0000_S1092_E1419_L361_T0_R937_B464,multitalk,272,0.011251652613282204,0.00017071609909180552,0.004278765991330147
50zJWKotPP4,50zJWKotPP4_0000_S1092_E1419_L361_T0_R937_B464,codetalker,275,0.011664499528706074,0.0001916330074891448,0.006857150234282017
58GcsaJhTzM,58GcsaJhTzM_0000_S443_E865_L432_T0_R896_B448,dpt,351,0.01208119373768568,0.00018929292855318636,0.004705223720520735
58GcsaJhTzM,58GcsaJhTzM_0000_S443_E865_L432_T0_R896_B448,artalk,352,0.00772799551486969,0.00015996168076526374,0.0036600984167307615
58GcsaJhTzM,58GcsaJhTzM_0000_S443_E865_L432_T0_R896_B448,multitalk,351,0.012158437632024288,0.00017517394735477865,0.0036403208505362272
58GcsaJhTzM,58GcsaJhTzM_0000_S443_E865_L432_T0_R896_B448,codetalker,353,0.01302134245634079,0.0002674081770237535,0.0086369002237916
58K7XpkuMCM,58K7XpkuMCM_0003_S749_E1051_L648_T68_R968_B388,dpt,251,0.012250312604010105,0.0002502084826119244,0.0026640654541552067
58K7XpkuMCM,58K7XpkuMCM_0003_S749_E1051_L648_T68_R968_B388,artalk,252,0.00762459309771657,0.00011859585356432945,0.0022815456613898277
58K7XpkuMCM,58K7XpkuMCM_0003_S749_E1051_L648_T68_R968_B388,multitalk,251,0.011357243172824383,-5.686081203748472e-05,0.005342880263924599
58K7XpkuMCM,58K7XpkuMCM_0003_S749_E1051_L648_T68_R968_B388,codetalker,255,0.012376816011965275,0.0002890887262765318,0.005530472379177809
5OXy29bFfPk,5OXy29bFfPk_0005_S1442_E1759_L479_T31_R767_B319,dpt,264,0.0087897265329957,0.00020751729607582092,0.005135566461831331
5OXy29bFfPk,5OXy29bFfPk_0005_S1442_E1759_L479_T31_R767_B319,artalk,265,0.00904766470193863,5.91992175031919e-05,0.004385679494589567
5OXy29bFfPk,5OXy29bFfPk_0005_S1442_E1759_L479_T31_R767_B319,multitalk,264,0.013762261718511581,0.00017717313312459737,0.007679278030991554
5OXy29bFfPk,5OXy29bFfPk_0005_S1442_E1759_L479_T31_R767_B319,codetalker,267,0.0072290836833417416,0.0002242736518383026,0.0038899602368474007
5PGVFUADgGY,5PGVFUADgGY_0001_S1006_E1257_L464_T0_R992_B512,dpt,209,0.01201296504586935,0.0003042207390535623,0.00459670927375555
5PGVFUADgGY,5PGVFUADgGY_0001_S1006_E1257_L464_T0_R992_B512,artalk,210,0.011871937662363052,0.0002920069091487676,0.0037775994278490543
5PGVFUADgGY,5PGVFUADgGY_0001_S1006_E1257_L464_T0_R992_B512,multitalk,209,0.01205920334905386,0.0003433639940340072,0.00429689371958375
5PGVFUADgGY,5PGVFUADgGY_0001_S1006_E1257_L464_T0_R992_B512,codetalker,211,0.010809478349983692,0.00032006201217882335,0.004712672438472509
5TfPoq3lkso,5TfPoq3lkso_0021_S750_E1019_L287_T0_R991_B624,dpt,224,0.009203828871250153,0.00010487656982149929,0.003928907215595245
5TfPoq3lkso,5TfPoq3lkso_0021_S750_E1019_L287_T0_R991_B624,artalk,225,0.006758375093340874,-1.2370535841910169e-05,0.0035448165144771338
5TfPoq3lkso,5TfPoq3lkso_0021_S750_E1019_L287_T0_R991_B624,multitalk,224,0.018295088782906532,0.00014366957475431263,0.0031712024938315153
5TfPoq3lkso,5TfPoq3lkso_0021_S750_E1019_L287_T0_R991_B624,codetalker,226,0.012897571548819542,0.00016241954290308058,0.004923732951283455
5Yz7ssYCa8Y,5Yz7ssYCa8Y_0005_S667_E874_L514_T64_R834_B384,dpt,207,0.009499161504209042,0.00017057220975402743,0.007085138000547886
5Yz7ssYCa8Y,5Yz7ssYCa8Y_0005_S667_E874_L514_T64_R834_B384,artalk,207,0.00745000597089529,9.788730676518753e-05,0.006498556584119797
5Yz7ssYCa8Y,5Yz7ssYCa8Y_0005_S667_E874_L514_T64_R834_B384,multitalk,207,0.011052485555410385,0.00016431334370281547,0.007138184271752834
5Yz7ssYCa8Y,5Yz7ssYCa8Y_0005_S667_E874_L514_T64_R834_B384,codetalker,207,0.009721575304865837,0.00021766131976619363,0.003583929967135191
5dsxC8M7vCM,5dsxC8M7vCM_0000_S1064_E1919_L434_T41_R850_B457,dpt,614,0.009632354602217674,0.00010249468323308975,0.006240448914468288
5dsxC8M7vCM,5dsxC8M7vCM_0000_S1064_E1919_L434_T41_R850_B457,artalk,615,0.006545281503349543,-3.2031459795689443e-06,0.004392777103930712
5dsxC8M7vCM,5dsxC8M7vCM_0000_S1064_E1919_L434_T41_R850_B457,multitalk,614,0.014207900501787663,0.00011291658302070573,0.01028860080987215
5dsxC8M7vCM,5dsxC8M7vCM_0000_S1064_E1919_L434_T41_R850_B457,codetalker,616,0.008004874922335148,0.00013643645797856152,0.004445374943315983
5kas2jBObUY,5kas2jBObUY_0000_S189_E460_L392_T44_R856_B508,dpt,226,0.011872401461005211,0.00030435691587626934,0.005214497912675142
5kas2jBObUY,5kas2jBObUY_0000_S189_E460_L392_T44_R856_B508,artalk,227,0.009193756617605686,0.00016730169591028243,0.006071486044675112
5kas2jBObUY,5kas2jBObUY_0000_S189_E460_L392_T44_R856_B508,multitalk,226,0.014040850102901459,0.00029414662276394665,0.0032708244398236275
5kas2jBObUY,5kas2jBObUY_0000_S189_E460_L392_T44_R856_B508,codetalker,228,0.016350483521819115,0.00034838661667890847,0.011738068424165249
5l2j8k759-4,5l2j8k759-4_0003_S1482_E1736_L466_T88_R722_B344,dpt,211,0.011579488404095173,0.00014520161494147032,0.008107501082122326
5l2j8k759-4,5l2j8k759-4_0003_S1482_E1736_L466_T88_R722_B344,artalk,212,0.009172620251774788,7.632315100636333e-05,0.006523991469293833
5l2j8k759-4,5l2j8k759-4_0003_S1482_E1736_L466_T88_R722_B344,multitalk,211,0.013424376025795937,0.0001715192338451743,0.010729231871664524
5l2j8k759-4,5l2j8k759-4_0003_S1482_E1736_L466_T88_R722_B344,codetalker,214,0.006385121960192919,0.0001851614797487855,0.0027380636893212795
5leH4t1V9LY,5leH4t1V9LY_0000_S629_E1329_L364_T34_R924_B594,dpt,583,0.015455334447324276,0.00032650603679940104,0.008341260254383087
5leH4t1V9LY,5leH4t1V9LY_0000_S629_E1329_L364_T34_R924_B594,artalk,584,0.01469452865421772,0.00018650719721335918,0.00932142324745655
5leH4t1V9LY,5leH4t1V9LY_0000_S629_E1329_L364_T34_R924_B594,multitalk,583,0.018823450431227684,0.00034393437090329826,0.0067887757904827595
5leH4t1V9LY,5leH4t1V9LY_0000_S629_E1329_L364_T34_R924_B594,codetalker,586,0.019216755405068398,0.0003661179216578603,0.01286198478192091
5llwjtJDqMo,5llwjtJDqMo_0000_S601_E949_L329_T11_R969_B651,dpt,348,0.008793641813099384,0.0002589497889857739,0.002881281077861786
5llwjtJDqMo,5llwjtJDqMo_0000_S601_E949_L329_T11_R969_B651,artalk,348,0.007913787849247456,0.00011704670760082081,0.0032437974587082863
5llwjtJDqMo,5llwjtJDqMo_0000_S601_E949_L329_T11_R969_B651,multitalk,348,0.011219831183552742,0.00027860968839377165,0.0033237477764487267
5llwjtJDqMo,5llwjtJDqMo_0000_S601_E949_L329_T11_R969_B651,codetalker,348,0.011050503700971603,0.0003272830508649349,0.006450902670621872
5meC4Z61qGg,5meC4Z61qGg_0000_S199_E609_L654_T80_R1070_B496,dpt,342,0.010107499547302723,0.00022793601965531707,0.0036633822601288557
5meC4Z61qGg,5meC4Z61qGg_0000_S199_E609_L654_T80_R1070_B496,artalk,343,0.005842224229127169,0.0001168066737591289,0.0038749289233237505
5meC4Z61qGg,5meC4Z61qGg_0000_S199_E609_L654_T80_R1070_B496,multitalk,342,0.013893057592213154,-0.00010903390648309141,0.00581917492672801
5meC4Z61qGg,5meC4Z61qGg_0000_S199_E609_L654_T80_R1070_B496,codetalker,344,0.0107034957036376,0.0003052033425774425,0.009350692853331566
5qaBD538C9k,5qaBD538C9k_0000_S344_E654_L515_T50_R835_B370,dpt,258,0.008257240988314152,0.00013315050455275923,0.0027968804351985455
5qaBD538C9k,5qaBD538C9k_0000_S344_E654_L515_T50_R835_B370,artalk,259,0.006394044030457735,7.795384590281174e-05,0.002087764674797654
5qaBD538C9k,5qaBD538C9k_0000_S344_E654_L515_T50_R835_B370,multitalk,258,0.009451450780034065,9.426641918253154e-05,0.0030704056844115257
5qaBD538C9k,5qaBD538C9k_0000_S344_E654_L515_T50_R835_B370,codetalker,260,0.008843909949064255,0.00014653400285169482,0.006558693014085293
5s9UdpT0TOo,5s9UdpT0TOo_0001_S1305_E1919_L275_T0_R883_B592,dpt,512,0.011674059554934502,0.0002902923442889005,0.00424759229645133
5s9UdpT0TOo,5s9UdpT0TOo_0001_S1305_E1919_L275_T0_R883_B592,artalk,512,0.013162316754460335,0.00022218932281248271,0.005112215876579285
5s9UdpT0TOo,5s9UdpT0TOo_0001_S1305_E1919_L275_T0_R883_B592,multitalk,511,0.010546439327299595,0.00028524541994556785,0.0029662379529327154
5s9UdpT0TOo,5s9UdpT0TOo_0001_S1305_E1919_L275_T0_R883_B592,codetalker,513,0.017499005421996117,0.00030363837140612304,0.010743732564151287
5shU5ZVQuEc,5shU5ZVQuEc_0000_S1231_E1831_L602_T45_R1178_B621,dpt,474,0.007541743107140064,0.00023243071336764842,0.003321591764688492
5shU5ZVQuEc,5shU5ZVQuEc_0000_S1231_E1831_L602_T45_R1178_B621,artalk,475,0.0068745906464755535,0.00012503527977969497,0.0035940997768193483
5shU5ZVQuEc,5shU5ZVQuEc_0000_S1231_E1831_L602_T45_R1178_B621,multitalk,474,0.008513309992849827,0.00019237057131249458,0.005877627991139889
5shU5ZVQuEc,5shU5ZVQuEc_0000_S1231_E1831_L602_T45_R1178_B621,codetalker,476,0.006832893937826157,0.00022519522462971509,0.0041799647733569145
5t4cwPdsVgQ,5t4cwPdsVgQ_0000_S800_E1493_L356_T21_R692_B357,dpt,578,0.009744619950652122,9.328483429271728e-05,0.005705773364752531
5t4cwPdsVgQ,5t4cwPdsVgQ_0000_S800_E1493_L356_T21_R692_B357,artalk,579,0.0064941467717289925,3.0387147489818744e-05,0.001894821529276669
5t4cwPdsVgQ,5t4cwPdsVgQ_0000_S800_E1493_L356_T21_R692_B357,multitalk,578,0.011942321434617043,0.00010651354386936873,0.0047536203637719154
5t4cwPdsVgQ,5t4cwPdsVgQ_0000_S800_E1493_L356_T21_R692_B357,codetalker,580,0.008779309689998627,0.00015816926315892488,0.00472121499478817
5u-Aw6NOIy0,5u-Aw6NOIy0_0000_S1043_E1260_L643_T46_R1091_B494,dpt,217,0.008302339352667332,0.0001861318596638739,0.002889942144975066
5u-Aw6NOIy0,5u-Aw6NOIy0_0000_S1043_E1260_L643_T46_R1091_B494,artalk,217,0.00909803993999958,8.78477148944512e-05,0.004380221012979746
5u-Aw6NOIy0,5u-Aw6NOIy0_0000_S1043_E1260_L643_T46_R1091_B494,multitalk,216,0.012187731452286243,0.0001821768091758713,0.003320438554510474
5u-Aw6NOIy0,5u-Aw6NOIy0_0000_S1043_E1260_L643_T46_R1091_B494,codetalker,217,0.009828387759625912,0.00021049902716185898,0.0036268788389861584
5yZEtG_r-wI,5yZEtG_r-wI_0000_S426_E1054_L481_T32_R785_B336,dpt,524,0.010536198504269123,4.5455053623300046e-05,0.005080709233880043
5yZEtG_r-wI,5yZEtG_r-wI_0000_S426_E1054_L481_T32_R785_B336,artalk,525,0.012098613195121288,3.89935084967874e-05,0.005400330293923616
5yZEtG_r-wI,5yZEtG_r-wI_0000_S426_E1054_L481_T32_R785_B336,multitalk,524,0.009172854945063591,0.00011545405868673697,0.006030241027474403
5yZEtG_r-wI,5yZEtG_r-wI_0000_S426_E1054_L481_T32_R785_B336,codetalker,526,0.009165854193270206,8.912035264074802e-05,0.0029609347693622112
6-O4gWLQkgk,6-O4gWLQkgk_0000_S0_E214_L342_T34_R614_B306,dpt,214,0.008783712983131409,0.00014027398719917983,0.004384711384773254
6-O4gWLQkgk,6-O4gWLQkgk_0000_S0_E214_L342_T34_R614_B306,artalk,214,0.006611754186451435,0.00010242251300951466,0.004039220046252012
6-O4gWLQkgk,6-O4gWLQkgk_0000_S0_E214_L342_T34_R614_B306,multitalk,214,0.011390069499611855,0.0001631228078622371,0.0024015652015805244
6-O4gWLQkgk,6-O4gWLQkgk_0000_S0_E214_L342_T34_R614_B306,codetalker,214,0.0074301110580563545,0.00018794108473230153,0.0033536069095134735
60bkwhHzols,60bkwhHzols_0000_S1093_E1479_L336_T0_R896_B496,dpt,322,0.01436607912182808,0.0002444905985612422,0.00487896054983139
60bkwhHzols,60bkwhHzols_0000_S1093_E1479_L336_T0_R896_B496,artalk,323,0.008144555613398552,0.00013671159103978425,0.004475337453186512
60bkwhHzols,60bkwhHzols_0000_S1093_E1479_L336_T0_R896_B496,multitalk,322,0.017439795657992363,0.00022751161304768175,0.0060263643972575665
60bkwhHzols,60bkwhHzols_0000_S1093_E1479_L336_T0_R896_B496,codetalker,323,0.012627092190086842,0.00031547926482744515,0.0066927094012498856
60dSEN1RIbE,60dSEN1RIbE_0001_S185_E597_L512_T141_R944_B573,dpt,344,0.007787179201841354,0.00012815916852559894,0.004454738926142454
60dSEN1RIbE,60dSEN1RIbE_0001_S185_E597_L512_T141_R944_B573,artalk,345,0.006663269829005003,-4.666919630835764e-05,0.003335703397169709
60dSEN1RIbE,60dSEN1RIbE_0001_S185_E597_L512_T141_R944_B573,multitalk,344,0.00905175693333149,8.683190390001982e-05,0.005186598282307386
60dSEN1RIbE,60dSEN1RIbE_0001_S185_E597_L512_T141_R944_B573,codetalker,345,0.00880398228764534,0.00013280200073495507,0.004216592293232679
62OgF2Pw09o,62OgF2Pw09o_0000_S0_E294_L408_T0_R792_B384,dpt,294,0.008685335516929626,0.00029537404770962894,0.003997142426669598
62OgF2Pw09o,62OgF2Pw09o_0000_S0_E294_L408_T0_R792_B384,artalk,294,0.009620565921068192,0.0002114837261615321,0.005729699973016977
62OgF2Pw09o,62OgF2Pw09o_0000_S0_E294_L408_T0_R792_B384,multitalk,294,0.009043148718774319,0.0002721961645875126,0.00433705560863018
62OgF2Pw09o,62OgF2Pw09o_0000_S0_E294_L408_T0_R792_B384,codetalker,294,0.013867540284991264,0.00033215605071745813,0.010138857178390026
63stDIiwraM,63stDIiwraM_0000_S1261_E1518_L202_T0_R538_B320,dpt,214,0.012111926451325417,0.00026292336406186223,0.005075304768979549
63stDIiwraM,63stDIiwraM_0000_S1261_E1518_L202_T0_R538_B320,artalk,215,0.00868335459381342,0.00018028583144769073,0.004507553763687611
63stDIiwraM,63stDIiwraM_0000_S1261_E1518_L202_T0_R538_B320,multitalk,214,0.010552679188549519,0.00027803643024526536,0.004877216182649136
63stDIiwraM,63stDIiwraM_0000_S1261_E1518_L202_T0_R538_B320,codetalker,216,0.01313184667378664,0.0003347359597682953,0.010679516941308975
681IyvC_JAg,681IyvC_JAg_0006_S681_E1020_L190_T71_R446_B327,dpt,283,0.0086477380245924,0.00023436271294485778,0.0032762549817562103
681IyvC_JAg,681IyvC_JAg_0006_S681_E1020_L190_T71_R446_B327,artalk,284,0.005801448132842779,0.00019681135017890483,0.0023483175318688154
681IyvC_JAg,681IyvC_JAg_0006_S681_E1020_L190_T71_R446_B327,multitalk,283,0.014224150218069553,-0.0002320534986210987,0.004293965175747871
681IyvC_JAg,681IyvC_JAg_0006_S681_E1020_L190_T71_R446_B327,codetalker,285,0.008200944401323795,0.0002070878545055166,0.0033034977968782187
685CK3xr0jg,685CK3xr0jg_0000_S1111_E1391_L531_T85_R803_B357,dpt,233,0.007822377607226372,0.00013081362703815103,0.003879664232954383
685CK3xr0jg,685CK3xr0jg_0000_S1111_E1391_L531_T85_R803_B357,artalk,234,0.0057656168937683105,-2.1300932075973833e-06,0.001823421218432486
685CK3xr0jg,685CK3xr0jg_0000_S1111_E1391_L531_T85_R803_B357,multitalk,233,0.01318913884460926,0.000134123329189606,0.005370232742279768
685CK3xr0jg,685CK3xr0jg_0000_S1111_E1391_L531_T85_R803_B357,codetalker,235,0.00808475911617279,0.00015339770470745862,0.004721243865787983
6CIMXUDzKtQ,6CIMXUDzKtQ_0000_S31_E533_L354_T41_R1122_B713,dpt,567,0.009143310599029064,0.00018771179020404816,0.0033378517255187035
6CIMXUDzKtQ,6CIMXUDzKtQ_0000_S31_E533_L354_T41_R1122_B713,artalk,567,0.008232622407376766,3.137773819616996e-05,0.002755605150014162
6CIMXUDzKtQ,6CIMXUDzKtQ_0000_S31_E533_L354_T41_R1122_B713,multitalk,567,0.009425175376236439,0.00014156663382891566,0.002901282859966159
6CIMXUDzKtQ,6CIMXUDzKtQ_0000_S31_E533_L354_T41_R1122_B713,codetalker,567,0.010525273159146309,0.00020362700161058456,0.0060051544569432735
6CS50XMGV0o,6CS50XMGV0o_0000_S601_E1298_L849_T81_R1121_B353,dpt,581,0.014505852945148945,0.0002892813354264945,0.007998429238796234
6CS50XMGV0o,6CS50XMGV0o_0000_S601_E1298_L849_T81_R1121_B353,artalk,582,0.014754506759345531,0.00023671970120631158,0.007234873250126839
6CS50XMGV0o,6CS50XMGV0o_0000_S601_E1298_L849_T81_R1121_B353,multitalk,581,0.010969933122396469,0.00020078667148482054,0.005713817197829485
6CS50XMGV0o,6CS50XMGV0o_0000_S601_E1298_L849_T81_R1121_B353,codetalker,583,0.01625252142548561,0.0003119961475022137,0.010461692698299885
6Fd-CsvZQX8,6Fd-CsvZQX8_0016_S934_E1217_L544_T42_R912_B410,dpt,236,0.0081262132152915,0.00010135867341887206,0.0035876475740224123
6Fd-CsvZQX8,6Fd-CsvZQX8_0016_S934_E1217_L544_T42_R912_B410,artalk,237,0.007614536210894585,4.4546850404003635e-05,0.002244415692985058
6Fd-CsvZQX8,6Fd-CsvZQX8_0016_S934_E1217_L544_T42_R912_B410,multitalk,236,0.012519693933427334,0.00011709210957633331,0.0031997135374695063
6Fd-CsvZQX8,6Fd-CsvZQX8_0016_S934_E1217_L544_T42_R912_B410,codetalker,238,0.008059411309659481,0.00013243904686532915,0.004684084560722113
6IA7AuXVSxQ,6IA7AuXVSxQ_0053_S1215_E1759_L334_T24_R782_B472,dpt,453,0.008970449678599834,0.00015041834558360279,0.0034035418648272753
6IA7AuXVSxQ,6IA7AuXVSxQ_0053_S1215_E1759_L334_T24_R782_B472,artalk,454,0.007961209863424301,3.357213063281961e-05,0.002301487373188138
6IA7AuXVSxQ,6IA7AuXVSxQ_0053_S1215_E1759_L334_T24_R782_B472,multitalk,453,0.016748972237110138,0.00019471306586638093,0.0032433292362838984
6IA7AuXVSxQ,6IA7AuXVSxQ_0053_S1215_E1759_L334_T24_R782_B472,codetalker,456,0.01050407625734806,0.00019665970467031002,0.004322811495512724
6IdeRRqG1ak,6IdeRRqG1ak_0001_S129_E459_L426_T0_R986_B512,dpt,344,0.012438601814210415,0.0001911233994178474,0.004554331302642822
6IdeRRqG1ak,6IdeRRqG1ak_0001_S129_E459_L426_T0_R986_B512,artalk,344,0.010775770992040634,5.688106102752499e-05,0.005525997839868069
6IdeRRqG1ak,6IdeRRqG1ak_0001_S129_E459_L426_T0_R986_B512,multitalk,344,0.014852620661258698,0.00018970896780956537,0.0057408628053963184
6IdeRRqG1ak,6IdeRRqG1ak_0001_S129_E459_L426_T0_R986_B512,codetalker,344,0.01256698276847601,0.00016969167336355895,0.002827424556016922
6JIUlIwX3Pw,6JIUlIwX3Pw_0000_S90_E334_L334_T20_R654_B340,dpt,244,0.009187977761030197,0.00015716752386651933,0.003834170289337635
6JIUlIwX3Pw,6JIUlIwX3Pw_0000_S90_E334_L334_T20_R654_B340,artalk,244,0.007557381875813007,0.0001163079432444647,0.0050520263612270355
6JIUlIwX3Pw,6JIUlIwX3Pw_0000_S90_E334_L334_T20_R654_B340,multitalk,244,0.00885184295475483,0.0001722637243801728,0.0035138821694999933
6JIUlIwX3Pw,6JIUlIwX3Pw_0000_S90_E334_L334_T20_R654_B340,codetalker,244,0.010122031904757023,0.0002222244074800983,0.008429581299424171
6KKDqqV8OUk,6KKDqqV8OUk_0000_S363_E1028_L386_T60_R930_B604,dpt,554,0.008623163215816021,2.9641429136972874e-05,0.0031639018561691046
6KKDqqV8OUk,6KKDqqV8OUk_0000_S363_E1028_L386_T60_R930_B604,artalk,555,0.0051343487575650215,-5.3568459406960756e-05,0.0024484179448336363
6KKDqqV8OUk,6KKDqqV8OUk_0000_S363_E1028_L386_T60_R930_B604,multitalk,554,0.01052174624055624,9.785739530343562e-05,0.003718846943229437
6KKDqqV8OUk,6KKDqqV8OUk_0000_S363_E1028_L386_T60_R930_B604,codetalker,556,0.008338969200849533,0.00012115902791265398,0.004705537110567093
6MhEveLVeO4,6MhEveLVeO4_0000_S134_E455_L442_T0_R922_B448,dpt,321,0.007746112532913685,8.771754073677585e-05,0.0033081104047596455
6MhEveLVeO4,6MhEveLVeO4_0000_S134_E455_L442_T0_R922_B448,artalk,321,0.007180089130997658,2.462409611325711e-05,0.002416264498606324
6MhEveLVeO4,6MhEveLVeO4_0000_S134_E455_L442_T0_R922_B448,multitalk,320,0.017899367958307266,0.00012131004768889397,0.0026036505587399006
6MhEveLVeO4,6MhEveLVeO4_0000_S134_E455_L442_T0_R922_B448,codetalker,321,0.010729087516665459,0.00011491831537568942,0.003972310572862625
6Nyz_yd_GJw,6Nyz_yd_GJw_0000_S1272_E1519_L461_T29_R797_B365,dpt,257,0.007829666137695312,1.9296774553367868e-05,0.0023539066314697266
6Nyz_yd_GJw,6Nyz_yd_GJw_0000_S1272_E1519_L461_T29_R797_B365,artalk,258,0.008231651969254017,-3.736502549145371e-05,0.003976359963417053
6Nyz_yd_GJw,6Nyz_yd_GJw_0000_S1272_E1519_L461_T29_R797_B365,multitalk,257,0.008312388323247433,4.5437041990226135e-05,0.0048818690702319145
6Nyz_yd_GJw,6Nyz_yd_GJw_0000_S1272_E1519_L461_T29_R797_B365,codetalker,258,0.008591018617153168,7.313006062759086e-05,0.0062937065958976746
6R08SayU3bU,6R08SayU3bU_0008_S719_E1279_L413_T51_R781_B419,dpt,560,0.008627774193882942,0.0001223852304974571,0.0028896096628159285
6R08SayU3bU,6R08SayU3bU_0008_S719_E1279_L413_T51_R781_B419,artalk,560,0.007467187941074371,7.26712605683133e-05,0.0034154050517827272
6R08SayU3bU,6R08SayU3bU_0008_S719_E1279_L413_T51_R781_B419,multitalk,560,0.009574715979397297,0.00012890197103843093,0.0038116066716611385
6R08SayU3bU,6R08SayU3bU_0008_S719_E1279_L413_T51_R781_B419,codetalker,560,0.010891400277614594,6.503440818050876e-05,0.0052811321802437305
6SsIE00duz0,6SsIE00duz0_0000_S1012_E1301_L226_T0_R770_B512,dpt,240,0.009711607359349728,0.00015495787374675274,0.004251875448971987
6SsIE00duz0,6SsIE00duz0_0000_S1012_E1301_L226_T0_R770_B512,artalk,241,0.008045080117881298,6.456592382164672e-05,0.0029189002234488726
6SsIE00duz0,6SsIE00duz0_0000_S1012_E1301_L226_T0_R770_B512,multitalk,240,0.010236837901175022,0.00015475868713110685,0.006144266109913588
6SsIE00duz0,6SsIE00duz0_0000_S1012_E1301_L226_T0_R770_B512,codetalker,243,0.01208510622382164,0.0002406076091574505,0.007743918802589178
6T5iJ6TjWj0,6T5iJ6TjWj0_0000_S241_E613_L29_T0_R829_B704,dpt,310,0.006519043818116188,0.00015643815277144313,0.0030137107241898775
6T5iJ6TjWj0,6T5iJ6TjWj0_0000_S241_E613_L29_T0_R829_B704,artalk,311,0.00784345343708992,-0.00010056835890281945,0.003052084008231759
6T5iJ6TjWj0,6T5iJ6TjWj0_0000_S241_E613_L29_T0_R829_B704,multitalk,310,0.011265501379966736,0.0001123465335695073,0.003857299219816923
6T5iJ6TjWj0,6T5iJ6TjWj0_0000_S241_E613_L29_T0_R829_B704,codetalker,312,0.0078640878200531,0.0001571478642290458,0.003339869435876608
6VVCVtxeq1g,6VVCVtxeq1g_0010_S236_E705_L557_T32_R861_B336,dpt,469,0.008637625724077225,0.0001913199230330065,0.0025026067160069942
6VVCVtxeq1g,6VVCVtxeq1g_0010_S236_E705_L557_T32_R861_B336,artalk,469,0.0069227260537445545,7.682839350309223e-05,0.0029611398931592703
6VVCVtxeq1g,6VVCVtxeq1g_0010_S236_E705_L557_T32_R861_B336,multitalk,468,0.008084328845143318,0.00021820724941790104,0.0035193455405533314
6VVCVtxeq1g,6VVCVtxeq1g_0010_S236_E705_L557_T32_R861_B336,codetalker,469,0.010650347918272018,0.00021253485465422273,0.006122242193669081
6YBDqpgpVck,6YBDqpgpVck_0001_S1189_E1503_L10_T0_R1114_B704,dpt,262,0.011326598934829235,0.00020694824343081564,0.004886257462203503
6YBDqpgpVck,6YBDqpgpVck_0001_S1189_E1503_L10_T0_R1114_B704,artalk,263,0.005885864142328501,0.00015089877706486732,0.0030377658549696207
6YBDqpgpVck,6YBDqpgpVck_0001_S1189_E1503_L10_T0_R1114_B704,multitalk,262,0.011707949452102184,0.000221145324758254,0.005351870786398649
6YBDqpgpVck,6YBDqpgpVck_0001_S1189_E1503_L10_T0_R1114_B704,codetalker,264,0.01018696278333664,0.000273393583483994,0.007297382224351168
6aAa8M4vg2k,6aAa8M4vg2k_0011_S245_E446_L513_T67_R769_B323,dpt,209,0.008871257305145264,0.00017156967078335583,0.0028316134121268988
6aAa8M4vg2k,6aAa8M4vg2k_0011_S245_E446_L513_T67_R769_B323,artalk,209,0.008714188821613789,7.286253094207495e-05,0.0027963314205408096
6aAa8M4vg2k,6aAa8M4vg2k_0011_S245_E446_L513_T67_R769_B323,multitalk,209,0.01540149562060833,0.000161631396622397,0.004792766645550728
6aAa8M4vg2k,6aAa8M4vg2k_0011_S245_E446_L513_T67_R769_B323,codetalker,209,0.009886741638183594,0.000224000628804788,0.004555447492748499
6bm6Y9TaX1w,6bm6Y9TaX1w_0000_S993_E1264_L849_T0_R1265_B656,dpt,226,0.010636329650878906,0.00015830251504667103,0.009039168246090412
6bm6Y9TaX1w,6bm6Y9TaX1w_0000_S993_E1264_L849_T0_R1265_B656,artalk,227,0.009597877971827984,8.451990288449451e-05,0.00734671950340271
6bm6Y9TaX1w,6bm6Y9TaX1w_0000_S993_E1264_L849_T0_R1265_B656,multitalk,226,0.012358344160020351,0.00013226328883320093,0.008854910731315613
6bm6Y9TaX1w,6bm6Y9TaX1w_0000_S993_E1264_L849_T0_R1265_B656,codetalker,228,0.011036773212254047,0.0001894127344712615,0.0043633077293634415
6bnxY8W5otQ,6bnxY8W5otQ_0000_S811_E1076_L829_T111_R1101_B383,dpt,265,0.010198263451457024,0.00018252397421747446,0.00487388763576746
6bnxY8W5otQ,6bnxY8W5otQ_0000_S811_E1076_L829_T111_R1101_B383,artalk,265,0.007888460531830788,0.00010610165190882981,0.00458631431683898
6bnxY8W5otQ,6bnxY8W5otQ_0000_S811_E1076_L829_T111_R1101_B383,multitalk,265,0.012804917059838772,0.00019377883290871978,0.0071918414905667305
6bnxY8W5otQ,6bnxY8W5otQ_0000_S811_E1076_L829_T111_R1101_B383,codetalker,265,0.009874051436781883,0.00015893549425527453,0.003496133955195546
6frz5TaAIto,6frz5TaAIto_0000_S1100_E1300_L403_T9_R851_B457,dpt,200,0.010014157742261887,0.00011789966083597392,0.0036053096409887075
6frz5TaAIto,6frz5TaAIto_0000_S1100_E1300_L403_T9_R851_B457,artalk,200,0.007002598140388727,3.724699854501523e-05,0.003926539793610573
6frz5TaAIto,6frz5TaAIto_0000_S1100_E1300_L403_T9_R851_B457,multitalk,200,0.010180945508182049,0.00012761309335473925,0.004491746891289949
6frz5TaAIto,6frz5TaAIto_0000_S1100_E1300_L403_T9_R851_B457,codetalker,200,0.009856360964477062,0.00018937721324618906,0.005765084642916918
6iXGqEq_cpI,6iXGqEq_cpI_0006_S990_E1347_L432_T37_R800_B405,dpt,298,0.009681718423962593,0.00019884669745806605,0.0047805216163396835
6iXGqEq_cpI,6iXGqEq_cpI_0006_S990_E1347_L432_T37_R800_B405,artalk,299,0.006182357203215361,0.0001343597541563213,0.002659932244569063
6iXGqEq_cpI,6iXGqEq_cpI_0006_S990_E1347_L432_T37_R800_B405,multitalk,298,0.010087803937494755,0.00022247900778893381,0.006487094331532717
6iXGqEq_cpI,6iXGqEq_cpI_0006_S990_E1347_L432_T37_R800_B405,codetalker,300,0.007849419489502907,0.00023375025193672627,0.005591927096247673
6lzxVmBJIlk,6lzxVmBJIlk_0007_S83_E398_L321_T24_R689_B392,dpt,315,0.00973112415522337,0.00014246292994357646,0.005552178248763084
6lzxVmBJIlk,6lzxVmBJIlk_0007_S83_E398_L321_T24_R689_B392,artalk,315,0.009382912889122963,3.1316922104451805e-05,0.005096931476145983
6lzxVmBJIlk,6lzxVmBJIlk_0007_S83_E398_L321_T24_R689_B392,multitalk,315,0.010936826467514038,0.00012429033813532442,0.007294916547834873
6lzxVmBJIlk,6lzxVmBJIlk_0007_S83_E398_L321_T24_R689_B392,codetalker,315,0.008418392390012741,0.0001760151790222153,0.004386774264276028
6mL4rjxEnbo,6mL4rjxEnbo_0000_S1291_E1553_L371_T109_R851_B589,dpt,218,0.0129057876765728,0.00018767952860798687,0.003825840074568987
6mL4rjxEnbo,6mL4rjxEnbo_0000_S1291_E1553_L371_T109_R851_B589,artalk,219,0.009363742545247078,9.331719047622755e-05,0.004384331405162811
6mL4rjxEnbo,6mL4rjxEnbo_0000_S1291_E1553_L371_T109_R851_B589,multitalk,218,0.012844320386648178,0.0002045489236479625,0.0038189140614122152
6mL4rjxEnbo,6mL4rjxEnbo_0000_S1291_E1553_L371_T109_R851_B589,codetalker,220,0.012873339466750622,0.000273466226644814,0.00846031866967678
6nDOJdyJDk0,6nDOJdyJDk0_0000_S0_E376_L0_T0_R1264_B704,dpt,314,0.011682056821882725,0.0001598980015842244,0.004157026764005423
6nDOJdyJDk0,6nDOJdyJDk0_0000_S0_E376_L0_T0_R1264_B704,artalk,315,0.008399064652621746,7.835601718397811e-05,0.004173190798610449
6nDOJdyJDk0,6nDOJdyJDk0_0000_S0_E376_L0_T0_R1264_B704,multitalk,313,0.01454914454370737,0.00017618338461034,0.006384186912328005
6nDOJdyJDk0,6nDOJdyJDk0_0000_S0_E376_L0_T0_R1264_B704,codetalker,315,0.013453940860927105,0.00020069124002475291,0.004714327864348888
6nPPyCrkwSE,6nPPyCrkwSE_0003_S707_E946_L185_T0_R745_B480,dpt,199,0.01872519962489605,9.512164979241788e-05,0.011407025158405304
6nPPyCrkwSE,6nPPyCrkwSE_0003_S707_E946_L185_T0_R745_B480,artalk,200,0.015910862013697624,1.4799434211454354e-05,0.011581677943468094
6nPPyCrkwSE,6nPPyCrkwSE_0003_S707_E946_L185_T0_R745_B480,multitalk,199,0.02225629799067974,-0.00013334210962057114,0.01294440682977438
6nPPyCrkwSE,6nPPyCrkwSE_0003_S707_E946_L185_T0_R745_B480,codetalker,202,0.021542970091104507,0.00011403449752833694,0.015966245904564857
6p6boxrvbZk,6p6boxrvbZk_0000_S513_E721_L505_T30_R825_B350,dpt,217,0.013140395283699036,0.0003091248217970133,0.004052706062793732
6p6boxrvbZk,6p6boxrvbZk_0000_S513_E721_L505_T30_R825_B350,artalk,217,0.013793525286018848,0.00015574957069475204,0.004418473690748215
6p6boxrvbZk,6p6boxrvbZk_0000_S513_E721_L505_T30_R825_B350,multitalk,216,0.009743033908307552,0.00027843049610964954,0.003956709988415241
6p6boxrvbZk,6p6boxrvbZk_0000_S513_E721_L505_T30_R825_B350,codetalker,217,0.013839524239301682,0.0003716816718224436,0.007206067442893982
6pCBqmPozE4,6pCBqmPozE4_0015_S1322_E1565_L456_T31_R792_B367,dpt,203,0.010251586325466633,0.00014147594629321247,0.002485049655660987
6pCBqmPozE4,6pCBqmPozE4_0015_S1322_E1565_L456_T31_R792_B367,artalk,204,0.009562468156218529,5.4220279707806185e-05,0.003081630216911435
6pCBqmPozE4,6pCBqmPozE4_0015_S1322_E1565_L456_T31_R792_B367,multitalk,203,0.009893241338431835,0.00015229926793836057,0.005603770259767771
6pCBqmPozE4,6pCBqmPozE4_0015_S1322_E1565_L456_T31_R792_B367,codetalker,204,0.012450800277292728,0.00017771909188013524,0.007007625885307789
6ptI5B4a-ag,6ptI5B4a-ag_0000_S1153_E1397_L278_T0_R998_B640,dpt,203,0.012911125086247921,0.00020275046699680388,0.0055111427791416645
6ptI5B4a-ag,6ptI5B4a-ag_0000_S1153_E1397_L278_T0_R998_B640,artalk,204,0.009240858256816864,0.0001203475403599441,0.0063958740793168545
6ptI5B4a-ag,6ptI5B4a-ag_0000_S1153_E1397_L278_T0_R998_B640,multitalk,203,0.01631920225918293,0.00019686887389980257,0.003430226119235158
6ptI5B4a-ag,6ptI5B4a-ag_0000_S1153_E1397_L278_T0_R998_B640,codetalker,205,0.01625949516892433,0.0002558264823164791,0.012515216134488583
6tx3pU5F1x8,6tx3pU5F1x8_0000_S536_E855_L124_T0_R812_B512,dpt,319,0.0081325089558959,0.00021117668075021356,0.002487085061147809
6tx3pU5F1x8,6tx3pU5F1x8_0000_S536_E855_L124_T0_R812_B512,artalk,319,0.008342420682311058,0.00010508581908652559,0.0027460544370114803
6tx3pU5F1x8,6tx3pU5F1x8_0000_S536_E855_L124_T0_R812_B512,multitalk,319,0.016677450388669968,0.00012705598783213645,0.009482457302510738
6tx3pU5F1x8,6tx3pU5F1x8_0000_S536_E855_L124_T0_R812_B512,codetalker,319,0.009022350423038006,0.00022438212181441486,0.006062936503440142
6yt3pqCQn6s,6yt3pqCQn6s_0011_S1282_E1602_L402_T64_R754_B416,dpt,267,0.010033774189651012,0.00024042783479671925,0.003236431861296296
6yt3pqCQn6s,6yt3pqCQn6s_0011_S1282_E1602_L402_T64_R754_B416,artalk,268,0.00935443677008152,0.00015234090096782893,0.0027692546136677265
6yt3pqCQn6s,6yt3pqCQn6s_0011_S1282_E1602_L402_T64_R754_B416,multitalk,266,0.010719730518758297,0.00024338749062735587,0.0036540331784635782
6yt3pqCQn6s,6yt3pqCQn6s_0011_S1282_E1602_L402_T64_R754_B416,codetalker,269,0.01037873700261116,0.0002714490983635187,0.00679934723302722
7-AfS9rehcM,7-AfS9rehcM_0000_S825_E1045_L146_T0_R1074_B704,dpt,220,0.012259496375918388,5.646318822982721e-05,0.005270244088023901
7-AfS9rehcM,7-AfS9rehcM_0000_S825_E1045_L146_T0_R1074_B704,artalk,220,0.009050900116562843,1.874840017990209e-05,0.004784717224538326
7-AfS9rehcM,7-AfS9rehcM_0000_S825_E1045_L146_T0_R1074_B704,multitalk,219,0.015816574916243553,5.2198036428308114e-05,0.005279096774756908
7-AfS9rehcM,7-AfS9rehcM_0000_S825_E1045_L146_T0_R1074_B704,codetalker,220,0.013537812046706676,8.492692722938955e-05,0.008745178580284119
7-ByRppD-EE,7-ByRppD-EE_0000_S1189_E1531_L267_T29_R827_B589,dpt,342,0.008511955849826336,0.0003054452536161989,0.002205643802881241
7-ByRppD-EE,7-ByRppD-EE_0000_S1189_E1531_L267_T29_R827_B589,artalk,342,0.006089416798204184,0.00021579890744760633,0.0027985391207039356
7-ByRppD-EE,7-ByRppD-EE_0000_S1189_E1531_L267_T29_R827_B589,multitalk,342,0.008870300836861134,0.00031303876312449574,0.005862141028046608
7-ByRppD-EE,7-ByRppD-EE_0000_S1189_E1531_L267_T29_R827_B589,codetalker,342,0.008738660253584385,0.00030177729786373675,0.0044861133210361
7-QzoS-dW-c,7-QzoS-dW-c_0011_S74_E269_L471_T0_R1111_B592,dpt,203,0.02006734162569046,0.00012493194662965834,0.014489465393126011
7-QzoS-dW-c,7-QzoS-dW-c_0011_S74_E269_L471_T0_R1111_B592,artalk,203,0.02238485962152481,2.6577765311230905e-05,0.014847379177808762
7-QzoS-dW-c,7-QzoS-dW-c_0011_S74_E269_L471_T0_R1111_B592,multitalk,203,0.017287803813815117,0.00010745145118562505,0.012437776662409306
7-QzoS-dW-c,7-QzoS-dW-c_0011_S74_E269_L471_T0_R1111_B592,codetalker,203,0.02377314120531082,0.00015006995818112046,0.018458476290106773
702SXH0JdaQ,702SXH0JdaQ_0001_S0_E331_L370_T33_R962_B625,dpt,276,0.013208039104938507,0.00021969235967844725,0.006622639950364828
702SXH0JdaQ,702SXH0JdaQ_0001_S0_E331_L370_T33_R962_B625,artalk,277,0.007286901585757732,0.00011581877333810553,0.0048800078220665455
702SXH0JdaQ,702SXH0JdaQ_0001_S0_E331_L370_T33_R962_B625,multitalk,276,0.012555806897580624,0.00022934043954592198,0.005749215371906757
702SXH0JdaQ,702SXH0JdaQ_0001_S0_E331_L370_T33_R962_B625,codetalker,279,0.013750066049396992,0.0002734597655944526,0.011606036685407162
75mMPO0x4Gs,75mMPO0x4Gs_0000_S128_E419_L425_T0_R921_B496,dpt,243,0.01024665031582117,0.00023935848730616271,0.003375926287844777
75mMPO0x4Gs,75mMPO0x4Gs_0000_S128_E419_L425_T0_R921_B496,artalk,244,0.008022960275411606,9.728995064506307e-05,0.004329469986259937
75mMPO0x4Gs,75mMPO0x4Gs_0000_S128_E419_L425_T0_R921_B496,multitalk,243,0.013524463400244713,0.00020187025074847043,0.00537112494930625
75mMPO0x4Gs,75mMPO0x4Gs_0000_S128_E419_L425_T0_R921_B496,codetalker,245,0.011999350041151047,0.000245395814999938,0.009593400172889233
78UIF4JCcYc,78UIF4JCcYc_0000_S1308_E1579_L300_T0_R892_B512,dpt,226,0.010208357125520706,0.00017714484420139343,0.0025380372535437346
78UIF4JCcYc,78UIF4JCcYc_0000_S1308_E1579_L300_T0_R892_B512,artalk,227,0.007945788092911243,3.9614675188204274e-05,0.0019707470200955868
78UIF4JCcYc,78UIF4JCcYc_0000_S1308_E1579_L300_T0_R892_B512,multitalk,226,0.013464648276567459,0.00016317499103024602,0.00468570739030838
78UIF4JCcYc,78UIF4JCcYc_0000_S1308_E1579_L300_T0_R892_B512,codetalker,228,0.011027202941477299,0.00020187051268294454,0.006553241983056068
7DJdGbYHll4,7DJdGbYHll4_0025_S1242_E1544_L410_T68_R842_B500,dpt,302,0.01304855290800333,0.00018382028792984784,0.00560538237914443
7DJdGbYHll4,7DJdGbYHll4_0025_S1242_E1544_L410_T68_R842_B500,artalk,302,0.011058012954890728,4.2187002691207454e-05,0.005968183744698763
7DJdGbYHll4,7DJdGbYHll4_0025_S1242_E1544_L410_T68_R842_B500,multitalk,302,0.011266066692769527,0.00014497579832095653,0.0035256328992545605
7DJdGbYHll4,7DJdGbYHll4_0025_S1242_E1544_L410_T68_R842_B500,codetalker,302,0.017010416835546494,0.0001800886238925159,0.01170458272099495
7ONrAflL5Oc,7ONrAflL5Oc_0003_S1194_E1795_L724_T105_R1060_B441,dpt,472,0.009268342517316341,9.028635395225137e-05,0.0035711408127099276
7ONrAflL5Oc,7ONrAflL5Oc_0003_S1194_E1795_L724_T105_R1060_B441,artalk,473,0.007965224795043468,-1.058479210769292e-05,0.0036828292068094015
7ONrAflL5Oc,7ONrAflL5Oc_0003_S1194_E1795_L724_T105_R1060_B441,multitalk,472,0.009806008078157902,7.140633533708751e-05,0.007482938468456268
7ONrAflL5Oc,7ONrAflL5Oc_0003_S1194_E1795_L724_T105_R1060_B441,codetalker,475,0.009152846410870552,9.687810961622745e-05,0.004335069563239813
7PQ0QmUGpvw,7PQ0QmUGpvw_0000_S1199_E1439_L333_T0_R829_B464,dpt,250,0.010292354971170425,0.00010904624650720507,0.00618539797142148
7PQ0QmUGpvw,7PQ0QmUGpvw_0000_S1199_E1439_L333_T0_R829_B464,artalk,250,0.011251579038798809,-1.2363587302388623e-05,0.006257547065615654
7PQ0QmUGpvw,7PQ0QmUGpvw_0000_S1199_E1439_L333_T0_R829_B464,multitalk,250,0.018088949844241142,-8.473964408040047e-05,0.007108844351023436
7PQ0QmUGpvw,7PQ0QmUGpvw_0000_S1199_E1439_L333_T0_R829_B464,codetalker,250,0.012208914384245872,0.00010284082964062691,0.0032217176631093025
7Rgh8v8Qmzg,7Rgh8v8Qmzg_0001_S174_E445_L444_T8_R924_B488,dpt,271,0.011743074283003807,0.0002442383556626737,0.003942199517041445
7Rgh8v8Qmzg,7Rgh8v8Qmzg_0001_S174_E445_L444_T8_R924_B488,artalk,271,0.010332656092941761,-1.1526261005201377e-05,0.0028643666300922632
7Rgh8v8Qmzg,7Rgh8v8Qmzg_0001_S174_E445_L444_T8_R924_B488,multitalk,270,0.011110316030681133,0.0002216800203314051,0.0023479852825403214
7Rgh8v8Qmzg,7Rgh8v8Qmzg_0001_S174_E445_L444_T8_R924_B488,codetalker,271,0.010743208229541779,0.0002401220117462799,0.004975409712642431
7STjD4eWMs8,7STjD4eWMs8_0003_S1451_E1723_L715_T147_R1067_B483,dpt,226,0.010883699171245098,0.00018300559895578772,0.0031151992734521627
7STjD4eWMs8,7STjD4eWMs8_0003_S1451_E1723_L715_T147_R1067_B483,artalk,227,0.008466104976832867,5.744275404140353e-05,0.0028550003189593554
7STjD4eWMs8,7STjD4eWMs8_0003_S1451_E1723_L715_T147_R1067_B483,multitalk,226,0.01164588239043951,0.00010030248813563958,0.005102970637381077
7STjD4eWMs8,7STjD4eWMs8_0003_S1451_E1723_L715_T147_R1067_B483,codetalker,229,0.009397435933351517,0.00019716763927135617,0.006711778696626425
7UQMqOkGD8M,7UQMqOkGD8M_0000_S379_E912_L584_T0_R1016_B416,dpt,444,0.010373205877840519,0.00018220210040453821,0.005673840641975403
7UQMqOkGD8M,7UQMqOkGD8M_0000_S379_E912_L584_T0_R1016_B416,artalk,445,0.009014217182993889,8.711707050679252e-05,0.005230442155152559
7UQMqOkGD8M,7UQMqOkGD8M_0000_S379_E912_L584_T0_R1016_B416,multitalk,444,0.009211407043039799,0.00016747198242228478,0.0036247093230485916
7UQMqOkGD8M,7UQMqOkGD8M_0000_S379_E912_L584_T0_R1016_B416,codetalker,446,0.01454093400388956,0.00016008541570045054,0.009616384282708168
7bAPKKE_tzA,7bAPKKE_tzA_0000_S1064_E1299_L527_T136_R783_B392,dpt,235,0.011205736547708511,1.784900996426586e-05,0.0025626206770539284
7bAPKKE_tzA,7bAPKKE_tzA_0000_S1064_E1299_L527_T136_R783_B392,artalk,235,0.0046907709911465645,-1.101133534575638e-06,0.0016926764510571957
7bAPKKE_tzA,7bAPKKE_tzA_0000_S1064_E1299_L527_T136_R783_B392,multitalk,234,0.008550936356186867,1.5670990251237527e-05,0.0021827842574566603
7bAPKKE_tzA,7bAPKKE_tzA_0000_S1064_E1299_L527_T136_R783_B392,codetalker,235,0.009504145011305809,5.975549356662668e-05,0.006806311663240194
7c7ccOHMK8o,7c7ccOHMK8o_0001_S967_E1429_L359_T20_R983_B644,dpt,462,0.013149289414286613,0.00027582168695516884,0.004394084215164185
7c7ccOHMK8o,7c7ccOHMK8o_0001_S967_E1429_L359_T20_R983_B644,artalk,462,0.012658716179430485,0.0001855700829764828,0.006013677455484867
7c7ccOHMK8o,7c7ccOHMK8o_0001_S967_E1429_L359_T20_R983_B644,multitalk,461,0.012843040749430656,0.000272752862656489,0.003432133700698614
7c7ccOHMK8o,7c7ccOHMK8o_0001_S967_E1429_L359_T20_R983_B644,codetalker,462,0.016501668840646744,0.0003613308072090149,0.011403368785977364
7dLu8wqYpJw,7dLu8wqYpJw_0000_S1163_E1491_L130_T51_R546_B467,dpt,273,0.00809075590223074,0.00018232371076010168,0.0030585818458348513
7dLu8wqYpJw,7dLu8wqYpJw_0000_S1163_E1491_L130_T51_R546_B467,artalk,274,0.0062671867199242115,5.9921647334704176e-05,0.0031844417098909616
7dLu8wqYpJw,7dLu8wqYpJw_0000_S1163_E1491_L130_T51_R546_B467,multitalk,273,0.009266868233680725,0.00015973395784385502,0.005971949547529221
7dLu8wqYpJw,7dLu8wqYpJw_0000_S1163_E1491_L130_T51_R546_B467,codetalker,275,0.008380125276744366,0.0001683523296378553,0.00505371019244194
7dmNo3X-Lus,7dmNo3X-Lus_0002_S0_E608_L326_T79_R726_B463,dpt,506,0.010710353031754494,0.0001173158671008423,0.008650031872093678
7dmNo3X-Lus,7dmNo3X-Lus_0002_S0_E608_L326_T79_R726_B463,artalk,507,0.011081917211413383,5.5850479839136824e-05,0.008258136920630932
7dmNo3X-Lus,7dmNo3X-Lus_0002_S0_E608_L326_T79_R726_B463,multitalk,506,0.009516718797385693,0.00015566984075121582,0.009054244495928288
7dmNo3X-Lus,7dmNo3X-Lus_0002_S0_E608_L326_T79_R726_B463,codetalker,509,0.00865548849105835,0.00017035160271916538,0.005670211277902126
7flG_V2SHc0,7flG_V2SHc0_0003_S1103_E1400_L469_T49_R773_B353,dpt,247,0.012085983529686928,0.00019758207781706005,0.005167392082512379
7flG_V2SHc0,7flG_V2SHc0_0003_S1103_E1400_L469_T49_R773_B353,artalk,248,0.009473251178860664,5.936500019743107e-05,0.0026569159235805273
7flG_V2SHc0,7flG_V2SHc0_0003_S1103_E1400_L469_T49_R773_B353,multitalk,247,0.01372518390417099,0.0001683576119830832,0.004794199950993061
7flG_V2SHc0,7flG_V2SHc0_0003_S1103_E1400_L469_T49_R773_B353,codetalker,250,0.01343335397541523,0.0002569890348240733,0.007866675034165382
7hHOLdgvG-4,7hHOLdgvG-4_0005_S1179_E1542_L303_T0_R895_B512,dpt,303,0.011496312916278839,0.0002537671534810215,0.003327762708067894
7hHOLdgvG-4,7hHOLdgvG-4_0005_S1179_E1542_L303_T0_R895_B512,artalk,304,0.008204336278140545,0.00013430439867079258,0.0049357665702700615
7hHOLdgvG-4,7hHOLdgvG-4_0005_S1179_E1542_L303_T0_R895_B512,multitalk,302,0.01318954024463892,0.00022527150576934218,0.004558731336146593
7hHOLdgvG-4,7hHOLdgvG-4_0005_S1179_E1542_L303_T0_R895_B512,codetalker,305,0.013299345038831234,0.00029840730712749064,0.01047380268573761
7mHwsV3Mb-Y,7mHwsV3Mb-Y_0002_S220_E772_L445_T29_R861_B445,dpt,460,0.007504514884203672,0.00014623813331127167,0.0034067288506776094
7mHwsV3Mb-Y,7mHwsV3Mb-Y_0002_S220_E772_L445_T29_R861_B445,artalk,461,0.006055344827473164,5.219784270593664e-06,0.002076549455523491
7mHwsV3Mb-Y,7mHwsV3Mb-Y_0002_S220_E772_L445_T29_R861_B445,multitalk,460,0.007672327570617199,0.00016123124805744737,0.004539158195257187
7mHwsV3Mb-Y,7mHwsV3Mb-Y_0002_S220_E772_L445_T29_R861_B445,codetalker,462,0.006782581098377705,0.00013988591672386974,0.004230767022818327
7oKjW1OIjuw,7oKjW1OIjuw_0000_S26_E748_L468_T12_R948_B492,dpt,602,0.010115123353898525,0.00013263178698252887,0.0028664031997323036
7oKjW1OIjuw,7oKjW1OIjuw_0000_S26_E748_L468_T12_R948_B492,artalk,603,0.00894443690776825,3.240651494706981e-05,0.004188015125691891
7oKjW1OIjuw,7oKjW1OIjuw_0000_S26_E748_L468_T12_R948_B492,multitalk,602,0.01272897981107235,0.0001491364382673055,0.002513744868338108
7oKjW1OIjuw,7oKjW1OIjuw_0000_S26_E748_L468_T12_R948_B492,codetalker,604,0.011708605103194714,0.0002057938399957493,0.007434288505464792
7pg_Dgs0wUU,7pg_Dgs0wUU_0001_S0_E294_L275_T0_R867_B576,dpt,294,0.009969365783035755,0.00013441103510558605,0.0036099825520068407
7pg_Dgs0wUU,7pg_Dgs0wUU_0001_S0_E294_L275_T0_R867_B576,artalk,294,0.00914491806179285,5.4339801863534376e-05,0.003267968073487282
7pg_Dgs0wUU,7pg_Dgs0wUU_0001_S0_E294_L275_T0_R867_B576,multitalk,294,0.007509677670896053,0.00013097573537379503,0.002974569331854582
7pg_Dgs0wUU,7pg_Dgs0wUU_0001_S0_E294_L275_T0_R867_B576,codetalker,294,0.0070763882249593735,0.000133787005324848,0.0036098624113947153
7zWswXer8i4,7zWswXer8i4_0016_S1472_E1820_L311_T95_R695_B479,dpt,290,0.00817484874278307,0.00023618523846380413,0.0022013294510543346
7zWswXer8i4,7zWswXer8i4_0016_S1472_E1820_L311_T95_R695_B479,artalk,291,0.008141876198351383,0.00012686483387369663,0.0023302214685827494
7zWswXer8i4,7zWswXer8i4_0016_S1472_E1820_L311_T95_R695_B479,multitalk,290,0.007656767498701811,0.00022216993966139853,0.0022815465927124023
7zWswXer8i4,7zWswXer8i4_0016_S1472_E1820_L311_T95_R695_B479,codetalker,292,0.008459595963358879,0.0002852646866813302,0.00513483164831996
8-RmR1XmaxE,8-RmR1XmaxE_0009_S259_E728_L0_T0_R944_B704,dpt,489,0.006887318100780249,4.8385540139861405e-05,0.0033678566105663776
8-RmR1XmaxE,8-RmR1XmaxE_0009_S259_E728_L0_T0_R944_B704,artalk,490,0.005810137838125229,-9.414399391971529e-05,0.0038159219548106194
8-RmR1XmaxE,8-RmR1XmaxE_0009_S259_E728_L0_T0_R944_B704,multitalk,489,0.009465391747653484,6.116102304076776e-05,0.00455532455816865
8-RmR1XmaxE,8-RmR1XmaxE_0009_S259_E728_L0_T0_R944_B704,codetalker,490,0.007697767112404108,6.072960968594998e-05,0.0029738079756498337
829gaOsl7Z8,829gaOsl7Z8_0001_S0_E424_L418_T97_R770_B449,dpt,354,0.00946755614131689,0.00027348825824446976,0.004056444391608238
829gaOsl7Z8,829gaOsl7Z8_0001_S0_E424_L418_T97_R770_B449,artalk,355,0.007560453377664089,9.913352550938725e-05,0.004560990259051323
829gaOsl7Z8,829gaOsl7Z8_0001_S0_E424_L418_T97_R770_B449,multitalk,353,0.010338191874325275,0.00025600954541005194,0.0031977840699255466
829gaOsl7Z8,829gaOsl7Z8_0001_S0_E424_L418_T97_R770_B449,codetalker,355,0.013059229589998722,0.00028679368551820517,0.008949040435254574
8CTEl-Zhv38,8CTEl-Zhv38_0002_S149_E463_L571_T183_R827_B439,dpt,314,0.009724426083266735,0.00014780909987166524,0.006413019262254238
8CTEl-Zhv38,8CTEl-Zhv38_0002_S149_E463_L571_T183_R827_B439,artalk,314,0.00947494525462389,-5.421898549684556e-06,0.006032611709088087
8CTEl-Zhv38,8CTEl-Zhv38_0002_S149_E463_L571_T183_R827_B439,multitalk,313,0.010517168790102005,0.0001331819803453982,0.009534291923046112
8CTEl-Zhv38,8CTEl-Zhv38_0002_S149_E463_L571_T183_R827_B439,codetalker,314,0.006927290000021458,0.00016460716142319143,0.002986575709655881
8HbsSkuiPmg,8HbsSkuiPmg_0000_S897_E1416_L0_T0_R944_B704,dpt,433,0.020280245691537857,0.00030414300272241235,0.006842536851763725
8HbsSkuiPmg,8HbsSkuiPmg_0000_S897_E1416_L0_T0_R944_B704,artalk,434,0.018891628831624985,0.00015171362610999495,0.007928231731057167
8HbsSkuiPmg,8HbsSkuiPmg_0000_S897_E1416_L0_T0_R944_B704,multitalk,432,0.02106097899377346,0.00029170955531299114,0.00749320350587368
8HbsSkuiPmg,8HbsSkuiPmg_0000_S897_E1416_L0_T0_R944_B704,codetalker,435,0.02295074611902237,0.0003257227363064885,0.010085105895996094
8J6FseCtEXc,8J6FseCtEXc_0015_S717_E1298_L552_T69_R952_B469,dpt,484,0.014596653170883656,1.5171964150795247e-05,0.0021771721076220274
8J6FseCtEXc,8J6FseCtEXc_0015_S717_E1298_L552_T69_R952_B469,artalk,485,0.013170677237212658,-1.451931893825531e-05,0.002566023962572217
8J6FseCtEXc,8J6FseCtEXc_0015_S717_E1298_L552_T69_R952_B469,multitalk,484,0.02395162545144558,-0.002154433634132147,0.0088669927790761
8J6FseCtEXc,8J6FseCtEXc_0015_S717_E1298_L552_T69_R952_B469,codetalker,487,0.01499661710113287,1.1668501429085154e-05,0.004571721889078617
8JtWrFwQ-h0,8JtWrFwQ-h0_0001_S348_E636_L248_T44_R648_B444,dpt,240,0.01386039238423109,-5.067932579549961e-05,0.009752357378602028
8JtWrFwQ-h0,8JtWrFwQ-h0_0001_S348_E636_L248_T44_R648_B444,artalk,241,0.011826369911432266,-0.0001422556524630636,0.007308418862521648
8JtWrFwQ-h0,8JtWrFwQ-h0_0001_S348_E636_L248_T44_R648_B444,multitalk,240,0.0144262770190835,-1.688009979261551e-05,0.011577112600207329
8JtWrFwQ-h0,8JtWrFwQ-h0_0001_S348_E636_L248_T44_R648_B444,codetalker,242,0.006038987543433905,8.562299626646563e-06,0.0024953153915703297
8Kux1TQWdLU,8Kux1TQWdLU_0000_S1400_E1811_L259_T0_R915_B640,dpt,343,0.012209378182888031,0.00018414245278108865,0.005078007932752371
8Kux1TQWdLU,8Kux1TQWdLU_0000_S1400_E1811_L259_T0_R915_B640,artalk,344,0.008962495252490044,0.00012444543244782835,0.005220683757215738
8Kux1TQWdLU,8Kux1TQWdLU_0000_S1400_E1811_L259_T0_R915_B640,multitalk,342,0.014594030566513538,0.00021034000383224338,0.004731733351945877
8Kux1TQWdLU,8Kux1TQWdLU_0000_S1400_E1811_L259_T0_R915_B640,codetalker,345,0.013523955829441547,0.00024725706316530704,0.010489021427929401
8N-x9QC50m0,8N-x9QC50m0_0004_S251_E560_L163_T0_R1027_B672,dpt,258,0.01732702925801277,0.00029157628887332976,0.003761191386729479
8N-x9QC50m0,8N-x9QC50m0_0004_S251_E560_L163_T0_R1027_B672,artalk,259,0.013337275944650173,0.00016819000302348286,0.005793253891170025
8N-x9QC50m0,8N-x9QC50m0_0004_S251_E560_L163_T0_R1027_B672,multitalk,258,0.01562880352139473,0.000270342716248706,0.004210937302559614
8N-x9QC50m0,8N-x9QC50m0_0004_S251_E560_L163_T0_R1027_B672,codetalker,260,0.02031484991312027,0.00027502805460244417,0.011963612399995327
8NJ74aVTZMc,8NJ74aVTZMc_0002_S1086_E1305_L683_T1_R1035_B353,dpt,219,0.0095027144998312,0.00037970911944285035,0.005358654074370861
8NJ74aVTZMc,8NJ74aVTZMc_0002_S1086_E1305_L683_T1_R1035_B353,artalk,219,0.00833858735859394,0.0003033974498976022,0.004116696305572987
8NJ74aVTZMc,8NJ74aVTZMc_0002_S1086_E1305_L683_T1_R1035_B353,multitalk,219,0.011242731474339962,0.000417509232647717,0.003541231155395508
8NJ74aVTZMc,8NJ74aVTZMc_0002_S1086_E1305_L683_T1_R1035_B353,codetalker,219,0.010609328746795654,0.00037641977542079985,0.002804635791108012
8P3rViI8Xw8,8P3rViI8Xw8_0037_S1165_E1384_L469_T0_R1077_B528,dpt,228,0.010096811689436436,0.00021186101366765797,0.0037958293687552214
8P3rViI8Xw8,8P3rViI8Xw8_0037_S1165_E1384_L469_T0_R1077_B528,artalk,228,0.008484589867293835,0.0001320573646808043,0.004031401593238115
8P3rViI8Xw8,8P3rViI8Xw8_0037_S1165_E1384_L469_T0_R1077_B528,multitalk,228,0.011221354827284813,3.9826561987865716e-05,0.004883926827460527
8P3rViI8Xw8,8P3rViI8Xw8_0037_S1165_E1384_L469_T0_R1077_B528,codetalker,228,0.010832194238901138,0.0002683969505596906,0.006641717161983252
8SIWlQ0ZUqY,8SIWlQ0ZUqY_0010_S1294_E1685_L275_T38_R851_B614,dpt,326,0.010630596429109573,8.379636710742489e-05,0.005519395228475332
8SIWlQ0ZUqY,8SIWlQ0ZUqY_0010_S1294_E1685_L275_T38_R851_B614,artalk,327,0.008253293111920357,-4.69074584543705e-05,0.0031550966668874025
8SIWlQ0ZUqY,8SIWlQ0ZUqY_0010_S1294_E1685_L275_T38_R851_B614,multitalk,326,0.014589611440896988,9.637188486522064e-05,0.006581792142242193
8SIWlQ0ZUqY,8SIWlQ0ZUqY_0010_S1294_E1685_L275_T38_R851_B614,codetalker,328,0.0103762773796916,0.00013971935550216585,0.003680515568703413
8ToIwnP2a-g,8ToIwnP2a-g_0000_S1465_E1811_L404_T26_R852_B474,dpt,289,0.009024032391607761,0.0001518273784313351,0.0034157210029661655
8ToIwnP2a-g,8ToIwnP2a-g_0000_S1465_E1811_L404_T26_R852_B474,artalk,290,0.008675123564898968,-4.0442641875415575e-06,0.003567250445485115
8ToIwnP2a-g,8ToIwnP2a-g_0000_S1465_E1811_L404_T26_R852_B474,multitalk,288,0.010377500206232071,0.00012016979599138722,0.003074442269280553
8ToIwnP2a-g,8ToIwnP2a-g_0000_S1465_E1811_L404_T26_R852_B474,codetalker,290,0.01204284280538559,0.00017889395530801266,0.009521650150418282
8TunLMoE9Xw,8TunLMoE9Xw_0001_S930_E1448_L476_T21_R876_B421,dpt,432,0.00969595368951559,0.00028156855842098594,0.005105664487928152
8TunLMoE9Xw,8TunLMoE9Xw_0001_S930_E1448_L476_T21_R876_B421,artalk,433,0.010111713781952858,0.00013731206126976758,0.004048462491482496
8TunLMoE9Xw,8TunLMoE9Xw_0001_S930_E1448_L476_T21_R876_B421,multitalk,432,0.011670785956084728,0.0002380213263677433,0.006585005205124617
8TunLMoE9Xw,8TunLMoE9Xw_0001_S930_E1448_L476_T21_R876_B421,codetalker,434,0.008763168938457966,0.00028042792109772563,0.0031092895660549402
8WfV93go5TM,8WfV93go5TM_0000_S402_E656_L164_T0_R756_B496,dpt,247,0.013861159794032574,0.0001387294614687562,0.007854221388697624
8WfV93go5TM,8WfV93go5TM_0000_S402_E656_L164_T0_R756_B496,artalk,248,0.012564991600811481,6.331066833809018e-05,0.006522483192384243
8WfV93go5TM,8WfV93go5TM_0000_S402_E656_L164_T0_R756_B496,multitalk,247,0.01317927148193121,0.00014752810238860548,0.005896338261663914
8WfV93go5TM,8WfV93go5TM_0000_S402_E656_L164_T0_R756_B496,codetalker,249,0.018077302724123,0.00017400506476406008,0.01311800628900528
8XlrNlfd-9M,8XlrNlfd-9M_0000_S1319_E1599_L341_T0_R725_B336,dpt,233,0.010789257474243641,0.00023451233573723584,0.00408168276771903
8XlrNlfd-9M,8XlrNlfd-9M_0000_S1319_E1599_L341_T0_R725_B336,artalk,234,0.010734436102211475,0.00015237486513797194,0.004814544226974249
8XlrNlfd-9M,8XlrNlfd-9M_0000_S1319_E1599_L341_T0_R725_B336,multitalk,233,0.014653670601546764,0.00025367061607539654,0.0023276337888091803
8XlrNlfd-9M,8XlrNlfd-9M_0000_S1319_E1599_L341_T0_R725_B336,codetalker,235,0.014775787480175495,0.0002686376392375678,0.010381021536886692
8_yb_nW5x6I,8_yb_nW5x6I_0023_S411_E623_L365_T2_R941_B578,dpt,212,0.007595794275403023,8.271410479210317e-05,0.0037142985966056585
8_yb_nW5x6I,8_yb_nW5x6I_0023_S411_E623_L365_T2_R941_B578,artalk,212,0.006302740424871445,3.331955667817965e-05,0.0023850928992033005
8_yb_nW5x6I,8_yb_nW5x6I_0023_S411_E623_L365_T2_R941_B578,multitalk,212,0.008604529313743114,0.00011399944924050942,0.0029095180798321962
8_yb_nW5x6I,8_yb_nW5x6I_0023_S411_E623_L365_T2_R941_B578,codetalker,212,0.00975255947560072,0.00014323829964268953,0.006518249399960041
8aafXYh_gHA,8aafXYh_gHA_0000_S1271_E1931_L377_T50_R889_B562,dpt,441,0.008858316577970982,0.00010647001181496307,0.003571572480723262
8aafXYh_gHA,8aafXYh_gHA_0000_S1271_E1931_L377_T50_R889_B562,artalk,442,0.007374201435595751,1.4272322914621327e-05,0.002484438940882683
8aafXYh_gHA,8aafXYh_gHA_0000_S1271_E1931_L377_T50_R889_B562,multitalk,441,0.007716481573879719,0.00012858997797593474,0.004653057083487511
8aafXYh_gHA,8aafXYh_gHA_0000_S1271_E1931_L377_T50_R889_B562,codetalker,443,0.010401608422398567,0.00015671287837903947,0.005492015741765499
8bQPi0ssTLw,8bQPi0ssTLw_0000_S1587_E1919_L360_T66_R760_B466,dpt,277,0.008405032567679882,0.00020544709695968777,0.0050287325866520405
8bQPi0ssTLw,8bQPi0ssTLw_0000_S1587_E1919_L360_T66_R760_B466,artalk,278,0.009280323050916195,8.293611608678475e-05,0.004720162134617567
8bQPi0ssTLw,8bQPi0ssTLw_0000_S1587_E1919_L360_T66_R760_B466,multitalk,277,0.010273708030581474,0.00020137180399615318,0.0041246614418923855
8bQPi0ssTLw,8bQPi0ssTLw_0000_S1587_E1919_L360_T66_R760_B466,codetalker,279,0.009789327159523964,0.0002307410613866523,0.003924822434782982
8gg-oKufUo4,8gg-oKufUo4_0000_S236_E547_L0_T0_R352_B576,dpt,259,0.008382122032344341,5.744758163928054e-05,0.008057883009314537
8gg-oKufUo4,8gg-oKufUo4_0000_S236_E547_L0_T0_R352_B576,artalk,260,0.009083831682801247,1.8437247490510345e-05,0.005383824463933706
8gg-oKufUo4,8gg-oKufUo4_0000_S236_E547_L0_T0_R352_B576,multitalk,259,0.015260602347552776,-0.0002039979735855013,0.013140912167727947
8gg-oKufUo4,8gg-oKufUo4_0000_S236_E547_L0_T0_R352_B576,codetalker,261,0.007828762754797935,1.7353910152451135e-05,0.005742967128753662
8gtpnlVb31U,8gtpnlVb31U_0002_S32_E255_L224_T0_R1008_B704,dpt,232,0.01433347538113594,0.0005185467889532447,0.00858914852142334
8gtpnlVb31U,8gtpnlVb31U_0002_S32_E255_L224_T0_R1008_B704,artalk,232,0.013989497907459736,0.0003918076690752059,0.0074649350717663765
8gtpnlVb31U,8gtpnlVb31U_0002_S32_E255_L224_T0_R1008_B704,multitalk,232,0.011628218926489353,0.0005323281511664391,0.009916284121572971
8gtpnlVb31U,8gtpnlVb31U_0002_S32_E255_L224_T0_R1008_B704,codetalker,232,0.013486466370522976,0.0005572742666117847,0.003373660845682025
8lrlXoXGQo0,8lrlXoXGQo0_0000_S1300_E1512_L431_T0_R911_B480,dpt,212,0.010039003565907478,0.00024723151000216603,0.004186212085187435
8lrlXoXGQo0,8lrlXoXGQo0_0000_S1300_E1512_L431_T0_R911_B480,artalk,212,0.01023571565747261,0.0001089412035071291,0.003204572945833206
8lrlXoXGQo0,8lrlXoXGQo0_0000_S1300_E1512_L431_T0_R911_B480,multitalk,212,0.009640551172196865,0.00021296921477187425,0.0037474846467375755
8lrlXoXGQo0,8lrlXoXGQo0_0000_S1300_E1512_L431_T0_R911_B480,codetalker,212,0.009116590023040771,0.0002740889904089272,0.004819211550056934
8vzKZVqXmo4,8vzKZVqXmo4_0002_S1126_E1501_L573_T20_R1005_B452,dpt,312,0.007321262266486883,0.00010461435158504173,0.0031212749890983105
8vzKZVqXmo4,8vzKZVqXmo4_0002_S1126_E1501_L573_T20_R1005_B452,artalk,313,0.007145538926124573,2.6935920686810277e-05,0.004189270082861185
8vzKZVqXmo4,8vzKZVqXmo4_0002_S1126_E1501_L573_T20_R1005_B452,multitalk,312,0.009887509047985077,0.00013368776126299053,0.004463279619812965
8vzKZVqXmo4,8vzKZVqXmo4_0002_S1126_E1501_L573_T20_R1005_B452,codetalker,315,0.007930761203169823,0.00011355177412042394,0.0036477099638432264
9-EtiWDJbJw,9-EtiWDJbJw_0000_S392_E997_L514_T89_R866_B441,dpt,505,0.015233311802148819,5.1203456678194925e-05,0.011606475338339806
9-EtiWDJbJw,9-EtiWDJbJw_0000_S392_E997_L514_T89_R866_B441,artalk,506,0.01551648136228323,2.704948201426305e-05,0.010323773138225079
9-EtiWDJbJw,9-EtiWDJbJw_0000_S392_E997_L514_T89_R866_B441,multitalk,504,0.012029589153826237,7.55122528062202e-05,0.011520071886479855
9-EtiWDJbJw,9-EtiWDJbJw_0000_S392_E997_L514_T89_R866_B441,codetalker,507,0.01089638564735651,0.00014730160182807595,0.005900663789361715
91Zu4JRnfxc,91Zu4JRnfxc_0003_S434_E701_L597_T40_R869_B312,dpt,267,0.009036747738718987,0.00011466773867141455,0.007267653942108154
91Zu4JRnfxc,91Zu4JRnfxc_0003_S434_E701_L597_T40_R869_B312,artalk,267,0.007978713139891624,2.2964297386351973e-05,0.00689581548795104
91Zu4JRnfxc,91Zu4JRnfxc_0003_S434_E701_L597_T40_R869_B312,multitalk,266,0.010601932182908058,8.601743320468813e-05,0.00940631702542305
91Zu4JRnfxc,91Zu4JRnfxc_0003_S434_E701_L597_T40_R869_B312,codetalker,267,0.007204888854175806,0.0001815819850889966,0.0031977214384824038
91z62p7t-AU,91z62p7t-AU_0000_S746_E988_L367_T26_R815_B474,dpt,202,0.012689256109297276,0.00013187147851567715,0.004825960379093885
91z62p7t-AU,91z62p7t-AU_0000_S746_E988_L367_T26_R815_B474,artalk,203,0.009796400554478168,0.00011476746294647455,0.004026283975690603
91z62p7t-AU,91z62p7t-AU_0000_S746_E988_L367_T26_R815_B474,multitalk,201,0.015203623101115227,0.00015578538295812905,0.004447817802429199
91z62p7t-AU,91z62p7t-AU_0000_S746_E988_L367_T26_R815_B474,codetalker,204,0.010900317691266537,0.0001761657913448289,0.0050890338607132435
95hYfRw1aHA,95hYfRw1aHA_0002_S1208_E1626_L649_T29_R1017_B397,dpt,348,0.01108758244663477,0.0002653667179401964,0.005840673577040434
95hYfRw1aHA,95hYfRw1aHA_0002_S1208_E1626_L649_T29_R1017_B397,artalk,349,0.007667859084904194,0.00019023611093871295,0.003933654632419348
95hYfRw1aHA,95hYfRw1aHA_0002_S1208_E1626_L649_T29_R1017_B397,multitalk,348,0.012486597523093224,0.00026889474247582257,0.007159653585404158
95hYfRw1aHA,95hYfRw1aHA_0002_S1208_E1626_L649_T29_R1017_B397,codetalker,351,0.010662994347512722,0.0003084696363657713,0.006021492648869753
95zvFw1VkqQ,95zvFw1VkqQ_0000_S1482_E1729_L29_T0_R541_B464,dpt,206,0.013325285166501999,0.00016383994079660624,0.006081619765609503
95zvFw1VkqQ,95zvFw1VkqQ_0000_S1482_E1729_L29_T0_R541_B464,artalk,207,0.011407350189983845,5.441212488221936e-05,0.004539856221526861
95zvFw1VkqQ,95zvFw1VkqQ_0000_S1482_E1729_L29_T0_R541_B464,multitalk,205,0.011388353072106838,0.000185397919267416,0.00811727438122034
95zvFw1VkqQ,95zvFw1VkqQ_0000_S1482_E1729_L29_T0_R541_B464,codetalker,208,0.00852124486118555,0.00021213421132415533,0.004112844355404377
9Dm1Sekkcdw,9Dm1Sekkcdw_0000_S1463_E1712_L281_T55_R617_B391,dpt,207,0.010692108422517776,0.00016065397358033806,0.007485458627343178
9Dm1Sekkcdw,9Dm1Sekkcdw_0000_S1463_E1712_L281_T55_R617_B391,artalk,208,0.008067191578447819,0.00013390558888204396,0.006842834409326315
9Dm1Sekkcdw,9Dm1Sekkcdw_0000_S1463_E1712_L281_T55_R617_B391,multitalk,207,0.016052188351750374,0.00016650139878038317,0.009462947025895119
9Dm1Sekkcdw,9Dm1Sekkcdw_0000_S1463_E1712_L281_T55_R617_B391,codetalker,209,0.010310349054634571,0.0002247191732749343,0.0046075782738626
9G4s_qIxJYk,9G4s_qIxJYk_0016_S766_E988_L409_T130_R697_B418,dpt,222,0.011020795442163944,0.00034302956191822886,0.005475460086017847
9G4s_qIxJYk,9G4s_qIxJYk_0016_S766_E988_L409_T130_R697_B418,artalk,222,0.009062393568456173,0.0002339988568564877,0.005024935118854046
9G4s_qIxJYk,9G4s_qIxJYk_0016_S766_E988_L409_T130_R697_B418,multitalk,222,0.011157282628118992,0.0003444733447395265,0.006244373973459005
9G4s_qIxJYk,9G4s_qIxJYk_0016_S766_E988_L409_T130_R697_B418,codetalker,222,0.008811945095658302,0.0003784043656196445,0.0035068714059889317
9IGRsXq9Wis,9IGRsXq9Wis_0003_S574_E1149_L282_T0_R874_B560,dpt,479,0.01122107170522213,0.0003093392006121576,0.004155418369919062
9IGRsXq9Wis,9IGRsXq9Wis_0003_S574_E1149_L282_T0_R874_B560,artalk,480,0.011491377837955952,0.00026380940107628703,0.00473829498514533
9IGRsXq9Wis,9IGRsXq9Wis_0003_S574_E1149_L282_T0_R874_B560,multitalk,479,0.013153541833162308,0.0003556253795977682,0.005727994721382856
9IGRsXq9Wis,9IGRsXq9Wis_0003_S574_E1149_L282_T0_R874_B560,codetalker,481,0.013161915354430676,0.00035174156073480844,0.007854933850467205
9ITi5C8vHpw,9ITi5C8vHpw_0002_S488_E884_L386_T0_R930_B544,dpt,330,0.010703322477638721,0.00011719876783899963,0.004839368164539337
9ITi5C8vHpw,9ITi5C8vHpw_0002_S488_E884_L386_T0_R930_B544,artalk,331,0.008866420015692711,-9.125640644924715e-06,0.004130681045353413
9ITi5C8vHpw,9ITi5C8vHpw_0002_S488_E884_L386_T0_R930_B544,multitalk,330,0.016192395240068436,-3.8905949622858316e-05,0.002560193184763193
9ITi5C8vHpw,9ITi5C8vHpw_0002_S488_E884_L386_T0_R930_B544,codetalker,332,0.012314043939113617,8.874309423845261e-05,0.008196794427931309
9JJ3ullABD8,9JJ3ullABD8_0003_S1334_E1590_L132_T0_R980_B704,dpt,213,0.009460687637329102,0.0005140983848832548,0.0027649018447846174
9JJ3ullABD8,9JJ3ullABD8_0003_S1334_E1590_L132_T0_R980_B704,artalk,214,0.008558180183172226,0.0004691600624937564,0.004484104458242655
9JJ3ullABD8,9JJ3ullABD8_0003_S1334_E1590_L132_T0_R980_B704,multitalk,213,0.010226079262793064,0.0004577440267894417,0.0018341587856411934
9JJ3ullABD8,9JJ3ullABD8_0003_S1334_E1590_L132_T0_R980_B704,codetalker,215,0.010941418819129467,0.00045761128421872854,0.004242828115820885
9K4A7e3clMM,9K4A7e3clMM_0000_S1417_E1799_L508_T33_R892_B417,dpt,318,0.007491770200431347,0.00015115211135707796,0.002753957873210311
9K4A7e3clMM,9K4A7e3clMM_0000_S1417_E1799_L508_T33_R892_B417,artalk,319,0.006139282137155533,3.407405529287644e-05,0.0036157481372356415
9K4A7e3clMM,9K4A7e3clMM_0000_S1417_E1799_L508_T33_R892_B417,multitalk,318,0.015103195793926716,0.0001808095257729292,0.004204231780022383
9K4A7e3clMM,9K4A7e3clMM_0000_S1417_E1799_L508_T33_R892_B417,codetalker,320,0.010733303613960743,0.00018598479800857604,0.008509976789355278
9QeqkUN0bNU,9QeqkUN0bNU_0003_S1325_E1743_L369_T16_R865_B512,dpt,348,0.008247463963925838,0.00010181044490309432,0.00336449989117682
9QeqkUN0bNU,9QeqkUN0bNU_0003_S1325_E1743_L369_T16_R865_B512,artalk,349,0.005080139730125666,5.0887978432001546e-05,0.0024340853560715914
9QeqkUN0bNU,9QeqkUN0bNU_0003_S1325_E1743_L369_T16_R865_B512,multitalk,348,0.011994010768830776,6.600358756259084e-05,0.002806321019306779
9QeqkUN0bNU,9QeqkUN0bNU_0003_S1325_E1743_L369_T16_R865_B512,codetalker,351,0.008921404369175434,0.00012597136083059013,0.004721424076706171
9S9O2T1B6xE,9S9O2T1B6xE_0000_S1047_E1599_L0_T0_R768_B704,dpt,512,0.008827410638332367,0.0003106019285041839,0.003989545628428459
9S9O2T1B6xE,9S9O2T1B6xE_0000_S1047_E1599_L0_T0_R768_B704,artalk,513,0.009053719229996204,0.00017658629803918302,0.004524919670075178
9S9O2T1B6xE,9S9O2T1B6xE_0000_S1047_E1599_L0_T0_R768_B704,multitalk,512,0.018682632595300674,-0.0003759304527193308,0.0050820596516132355
9S9O2T1B6xE,9S9O2T1B6xE_0000_S1047_E1599_L0_T0_R768_B704,codetalker,513,0.014698711223900318,0.00029831365100108087,0.007749530486762524
9UaAyI-uI30,9UaAyI-uI30_0000_S3_E308_L79_T0_R847_B704,dpt,318,0.010492120869457722,0.0001689489872660488,0.004059581086039543
9UaAyI-uI30,9UaAyI-uI30_0000_S3_E308_L79_T0_R847_B704,artalk,318,0.010305996052920818,3.763635686482303e-05,0.004607343580573797
9UaAyI-uI30,9UaAyI-uI30_0000_S3_E308_L79_T0_R847_B704,multitalk,317,0.011494451202452183,0.00015215422899927944,0.0030845417641103268
9UaAyI-uI30,9UaAyI-uI30_0000_S3_E308_L79_T0_R847_B704,codetalker,318,0.01414195541292429,0.00018682277004700154,0.010686399415135384
9Wb409Nlhlw,9Wb409Nlhlw_0000_S1013_E1561_L1022_T269_R1278_B621,dpt,523,0.011373268440365791,0.00010950385330943391,0.00678377877920866
9Wb409Nlhlw,9Wb409Nlhlw_0000_S1013_E1561_L1022_T269_R1278_B621,artalk,523,0.012057516723871231,-2.4975810447358526e-05,0.006893212907016277
9Wb409Nlhlw,9Wb409Nlhlw_0000_S1013_E1561_L1022_T269_R1278_B621,multitalk,522,0.010722029022872448,9.513516852166504e-05,0.005455079022794962
9Wb409Nlhlw,9Wb409Nlhlw_0000_S1013_E1561_L1022_T269_R1278_B621,codetalker,523,0.009199320338666439,0.00013461812341120094,0.004285088274627924
9Zb8e6nE5QI,9Zb8e6nE5QI_0000_S264_E863_L75_T24_R411_B360,dpt,499,0.013456502929329872,0.00013924705854151398,0.004712946712970734
9Zb8e6nE5QI,9Zb8e6nE5QI_0000_S264_E863_L75_T24_R411_B360,artalk,500,0.008069958537817001,8.403921674471349e-05,0.0025157472118735313
9Zb8e6nE5QI,9Zb8e6nE5QI_0000_S264_E863_L75_T24_R411_B360,multitalk,499,0.01207346934825182,0.00012632862490136176,0.00612277165055275
9Zb8e6nE5QI,9Zb8e6nE5QI_0000_S264_E863_L75_T24_R411_B360,codetalker,501,0.012387335300445557,0.00023268985387403518,0.0076043629087507725
9Zuk9Huqdrg,9Zuk9Huqdrg_0004_S519_E881_L365_T0_R1133_B704,dpt,362,0.012261082418262959,0.0002851492026820779,0.003106017829850316
9Zuk9Huqdrg,9Zuk9Huqdrg_0004_S519_E881_L365_T0_R1133_B704,artalk,362,0.008316325955092907,0.00021626711532007903,0.003793671727180481
9Zuk9Huqdrg,9Zuk9Huqdrg_0004_S519_E881_L365_T0_R1133_B704,multitalk,362,0.011285695247352123,0.00023943309497553855,0.003666405566036701
9Zuk9Huqdrg,9Zuk9Huqdrg_0004_S519_E881_L365_T0_R1133_B704,codetalker,362,0.012055587023496628,0.00034090704866684973,0.007297905161976814
9_VLbfRXTss,9_VLbfRXTss_0002_S1217_E1535_L376_T89_R840_B553,dpt,318,0.008117946796119213,8.682344196131453e-05,0.002674652962014079
9_VLbfRXTss,9_VLbfRXTss_0002_S1217_E1535_L376_T89_R840_B553,artalk,318,0.006820271722972393,-1.2954450539837126e-05,0.002204358344897628
9_VLbfRXTss,9_VLbfRXTss_0002_S1217_E1535_L376_T89_R840_B553,multitalk,317,0.012538362294435501,0.000123087884276174,0.0014902184484526515
9_VLbfRXTss,9_VLbfRXTss_0002_S1217_E1535_L376_T89_R840_B553,codetalker,318,0.011524787172675133,0.00011470917525002733,0.006852227728813887
9c7zctYTBLA,9c7zctYTBLA_0000_S1301_E1542_L290_T46_R754_B510,dpt,200,0.009813821874558926,0.00021838315296918154,0.006282680202275515
9c7zctYTBLA,9c7zctYTBLA_0000_S1301_E1542_L290_T46_R754_B510,artalk,201,0.008812783285975456,0.00014735774311702698,0.004638253711163998
9c7zctYTBLA,9c7zctYTBLA_0000_S1301_E1542_L290_T46_R754_B510,multitalk,200,0.01049134973436594,0.00022028086823411286,0.008220533840358257
9c7zctYTBLA,9c7zctYTBLA_0000_S1301_E1542_L290_T46_R754_B510,codetalker,203,0.008096803911030293,0.0002894429489970207,0.004084800835698843
9eHXo_KFvJ0,9eHXo_KFvJ0_0000_S1189_E1511_L415_T0_R879_B464,dpt,322,0.010344048030674458,0.0002475065703038126,0.0018153175478801131
9eHXo_KFvJ0,9eHXo_KFvJ0_0000_S1189_E1511_L415_T0_R879_B464,artalk,322,0.008089008741080761,0.00011464171984698623,0.00296016619540751
9eHXo_KFvJ0,9eHXo_KFvJ0_0000_S1189_E1511_L415_T0_R879_B464,multitalk,322,0.013275827281177044,0.0003117965825367719,0.0031017563305795193
9eHXo_KFvJ0,9eHXo_KFvJ0_0000_S1189_E1511_L415_T0_R879_B464,codetalker,322,0.012742246501147747,0.0003089446108788252,0.007426341995596886
9kUljb9G-MY,9kUljb9G-MY_0002_S1431_E1737_L289_T0_R897_B592,dpt,255,0.012627792544662952,0.00020811262947972864,0.004102999344468117
9kUljb9G-MY,9kUljb9G-MY_0002_S1431_E1737_L289_T0_R897_B592,artalk,256,0.012393785640597343,7.498048216803e-05,0.004335124045610428
9kUljb9G-MY,9kUljb9G-MY_0002_S1431_E1737_L289_T0_R897_B592,multitalk,255,0.014055444858968258,0.00019249389879405499,0.006677667144685984
9kUljb9G-MY,9kUljb9G-MY_0002_S1431_E1737_L289_T0_R897_B592,codetalker,257,0.013862291350960732,0.0002309763222001493,0.006350195500999689
9mAiyn6gMJw,9mAiyn6gMJw_0000_S249_E562_L241_T106_R545_B410,dpt,313,0.011882218532264233,0.00016839717864058912,0.005265252664685249
9mAiyn6gMJw,9mAiyn6gMJw_0000_S249_E562_L241_T106_R545_B410,artalk,313,0.010030245408415794,3.516634023981169e-05,0.0038122644182294607
9mAiyn6gMJw,9mAiyn6gMJw_0000_S249_E562_L241_T106_R545_B410,multitalk,313,0.0072240075096488,0.0001441925560357049,0.0038905683904886246
9mAiyn6gMJw,9mAiyn6gMJw_0000_S249_E562_L241_T106_R545_B410,codetalker,313,0.008817160502076149,0.00019389517547097057,0.0034235799685120583
9n7hn-M4GpI,9n7hn-M4GpI_0000_S818_E1345_L288_T72_R752_B536,dpt,439,0.008281860500574112,0.00022842125326860696,0.002520062029361725
9n7hn-M4GpI,9n7hn-M4GpI_0000_S818_E1345_L288_T72_R752_B536,artalk,440,0.006102663464844227,9.209225390804932e-05,0.0026707546785473824
9n7hn-M4GpI,9n7hn-M4GpI_0000_S818_E1345_L288_T72_R752_B536,multitalk,439,0.013754433952271938,0.00014160432328935713,0.002182801952585578
9n7hn-M4GpI,9n7hn-M4GpI_0000_S818_E1345_L288_T72_R752_B536,codetalker,441,0.01096782274544239,0.00024928871425800025,0.006474219262599945
9p8z1A3TsxU,9p8z1A3TsxU_0002_S1468_E1729_L330_T33_R762_B465,dpt,218,0.013865579850971699,8.725602674530819e-05,0.0035325600765645504
9p8z1A3TsxU,9p8z1A3TsxU_0002_S1468_E1729_L330_T33_R762_B465,artalk,219,0.009685780853033066,-3.806552922469564e-05,0.0028688814491033554
9p8z1A3TsxU,9p8z1A3TsxU_0002_S1468_E1729_L330_T33_R762_B465,multitalk,218,0.016437070444226265,0.00010252799984300509,0.004299254156649113
9p8z1A3TsxU,9p8z1A3TsxU_0002_S1468_E1729_L330_T33_R762_B465,codetalker,219,0.014046723023056984,0.00012457634147722274,0.006595807150006294
9r8yZ-68pkY,9r8yZ-68pkY_0000_S15_E335_L334_T34_R926_B626,dpt,267,0.008437292650341988,0.0001241499703610316,0.002986710052937269
9r8yZ-68pkY,9r8yZ-68pkY_0000_S15_E335_L334_T34_R926_B626,artalk,268,0.005353052169084549,-1.563635487400461e-05,0.002819283865392208
9r8yZ-68pkY,9r8yZ-68pkY_0000_S15_E335_L334_T34_R926_B626,multitalk,266,0.0143522834405303,0.00010458009637659416,0.003639704780653119
9r8yZ-68pkY,9r8yZ-68pkY_0000_S15_E335_L334_T34_R926_B626,codetalker,268,0.008394123986363411,0.00015583980712108314,0.00481721106916666
9t7ujBSH3WM,9t7ujBSH3WM_0001_S1149_E1503_L407_T0_R999_B464,dpt,354,0.01471166592091322,0.0002915624063462019,0.00297677144408226
9t7ujBSH3WM,9t7ujBSH3WM_0001_S1149_E1503_L407_T0_R999_B464,artalk,354,0.012199485674500465,0.00015744718257337809,0.006022661924362183
9t7ujBSH3WM,9t7ujBSH3WM_0001_S1149_E1503_L407_T0_R999_B464,multitalk,353,0.01442427933216095,0.00028927315725013614,0.0025800776202231646
9t7ujBSH3WM,9t7ujBSH3WM_0001_S1149_E1503_L407_T0_R999_B464,codetalker,354,0.01848364621400833,0.00034779691486619413,0.01129224058240652
9ydusnvBSys,9ydusnvBSys_0011_S1018_E1391_L308_T0_R1252_B672,dpt,311,0.013346750289201736,0.00018166990776080638,0.0047288923524320126
9ydusnvBSys,9ydusnvBSys_0011_S1018_E1391_L308_T0_R1252_B672,artalk,312,0.010879553854465485,1.11466088128509e-05,0.0053618112578988075
9ydusnvBSys,9ydusnvBSys_0011_S1018_E1391_L308_T0_R1252_B672,multitalk,311,0.014319222420454025,0.00014884999836795032,0.0052632298320531845
9ydusnvBSys,9ydusnvBSys_0011_S1018_E1391_L308_T0_R1252_B672,codetalker,313,0.016131039708852768,0.00017033070616889745,0.011258783750236034
A-QOg-tFApA,A-QOg-tFApA_0000_S293_E600_L1_T0_R881_B704,dpt,319,0.012237079441547394,6.122456397861242e-05,0.00505065405741334
A-QOg-tFApA,A-QOg-tFApA_0000_S293_E600_L1_T0_R881_B704,artalk,320,0.00996027234941721,1.1377099326637108e-05,0.005883934907615185
A-QOg-tFApA,A-QOg-tFApA_0000_S293_E600_L1_T0_R881_B704,multitalk,319,0.010157688520848751,6.909018702572212e-05,0.004444587044417858
A-QOg-tFApA,A-QOg-tFApA_0000_S293_E600_L1_T0_R881_B704,codetalker,320,0.015741316601634026,8.737963798921555e-05,0.009979188442230225
A0AViKj8EGk,A0AViKj8EGk_0001_S1326_E1708_L511_T45_R783_B317,dpt,318,0.009830670431256294,0.0001647177996346727,0.003917195368558168
A0AViKj8EGk,A0AViKj8EGk_0001_S1326_E1708_L511_T45_R783_B317,artalk,319,0.00547516904771328,4.207087476970628e-05,0.002413009060546756
A0AViKj8EGk,A0AViKj8EGk_0001_S1326_E1708_L511_T45_R783_B317,multitalk,318,0.01048568170517683,0.00011562250438146293,0.0075477780774235725
A0AViKj8EGk,A0AViKj8EGk_0001_S1326_E1708_L511_T45_R783_B317,codetalker,321,0.009868684224784374,0.0001899070048239082,0.005496290046721697
A2B-b-nfCqk,A2B-b-nfCqk_0000_S350_E634_L203_T0_R747_B528,dpt,296,0.007820245809853077,0.00023235796834342182,0.0018487260676920414
A2B-b-nfCqk,A2B-b-nfCqk_0000_S350_E634_L203_T0_R747_B528,artalk,296,0.008294446393847466,0.00022794498363509774,0.0023127724416553974
A2B-b-nfCqk,A2B-b-nfCqk_0000_S350_E634_L203_T0_R747_B528,multitalk,296,0.012794816866517067,0.0002326696558156982,0.002766390098258853
A2B-b-nfCqk,A2B-b-nfCqk_0000_S350_E634_L203_T0_R747_B528,codetalker,296,0.00981559045612812,0.00023824087111279368,0.005200217477977276
A2DdRsUdFeU,A2DdRsUdFeU_0001_S139_E394_L776_T165_R1032_B421,dpt,255,0.008606422692537308,0.0002270974509883672,0.0019002798944711685
A2DdRsUdFeU,A2DdRsUdFeU_0001_S139_E394_L776_T165_R1032_B421,artalk,255,0.007739440072327852,0.00016948053962551057,0.0028498617466539145
A2DdRsUdFeU,A2DdRsUdFeU_0001_S139_E394_L776_T165_R1032_B421,multitalk,255,0.00914063211530447,0.00019726515165530145,0.0058020781725645065
A2DdRsUdFeU,A2DdRsUdFeU_0001_S139_E394_L776_T165_R1032_B421,codetalker,255,0.010118478909134865,0.0002708972024265677,0.0042658341117203236
A2lEI0kaf3k,A2lEI0kaf3k_0002_S744_E1069_L635_T32_R1083_B480,dpt,271,0.012325998395681381,0.00012097945727873594,0.0030283313244581223
A2lEI0kaf3k,A2lEI0kaf3k_0002_S744_E1069_L635_T32_R1083_B480,artalk,272,0.008184341713786125,3.4358763514319435e-05,0.0027258743066340685
A2lEI0kaf3k,A2lEI0kaf3k_0002_S744_E1069_L635_T32_R1083_B480,multitalk,271,0.014425491914153099,0.00015217017789836973,0.005122308619320393
A2lEI0kaf3k,A2lEI0kaf3k_0002_S744_E1069_L635_T32_R1083_B480,codetalker,273,0.015530530363321304,0.00021184905199334025,0.008629946038126945
A3uNIgDmqwI,A3uNIgDmqwI_0058_S1360_E1656_L339_T84_R691_B436,dpt,246,0.009938372299075127,0.00022664680727757514,0.005304502323269844
A3uNIgDmqwI,A3uNIgDmqwI_0058_S1360_E1656_L339_T84_R691_B436,artalk,247,0.009914112277328968,0.00010910201672231779,0.003951904363930225
A3uNIgDmqwI,A3uNIgDmqwI_0058_S1360_E1656_L339_T84_R691_B436,multitalk,246,0.00922402087599039,0.00016222652629949152,0.0048945387825369835
A3uNIgDmqwI,A3uNIgDmqwI_0058_S1360_E1656_L339_T84_R691_B436,codetalker,248,0.009615285322070122,0.0002150281216017902,0.00446029519662261
A6xjN8BqDjk,A6xjN8BqDjk_0000_S210_E620_L418_T78_R802_B462,dpt,427,0.015119916759431362,0.00023105883155949414,0.007099358830600977
A6xjN8BqDjk,A6xjN8BqDjk_0000_S210_E620_L418_T78_R802_B462,artalk,427,0.010212891735136509,0.00018850747437682003,0.007010272704064846
A6xjN8BqDjk,A6xjN8BqDjk_0000_S210_E620_L418_T78_R802_B462,multitalk,427,0.019432760775089264,0.0001889294508146122,0.0032706877682358027
A6xjN8BqDjk,A6xjN8BqDjk_0000_S210_E620_L418_T78_R802_B462,codetalker,427,0.019501974806189537,0.000273329671472311,0.015245727263391018
ACsoFzXDE3Q,ACsoFzXDE3Q_0001_S1078_E1391_L185_T0_R841_B624,dpt,326,0.007286675274372101,9.354819485452026e-05,0.0039460258558392525
ACsoFzXDE3Q,ACsoFzXDE3Q_0001_S1078_E1391_L185_T0_R841_B624,artalk,326,0.0056813922710716724,-6.566610409208806e-06,0.004429084248840809
ACsoFzXDE3Q,ACsoFzXDE3Q_0001_S1078_E1391_L185_T0_R841_B624,multitalk,326,0.008433486334979534,7.764026668155566e-05,0.0027018431574106216
ACsoFzXDE3Q,ACsoFzXDE3Q_0001_S1078_E1391_L185_T0_R841_B624,codetalker,326,0.010501036420464516,0.00012413584045134485,0.009045753628015518
ADQSqUBZjvE,ADQSqUBZjvE_0000_S1288_E1535_L467_T56_R771_B360,dpt,212,0.011300921440124512,0.0001346180506516248,0.006747766397893429
ADQSqUBZjvE,ADQSqUBZjvE_0000_S1288_E1535_L467_T56_R771_B360,artalk,212,0.009380139410495758,3.474985351203941e-05,0.0035960229579359293
ADQSqUBZjvE,ADQSqUBZjvE_0000_S1288_E1535_L467_T56_R771_B360,multitalk,212,0.01378713920712471,0.00011405973054934293,0.010249453596770763
ADQSqUBZjvE,ADQSqUBZjvE_0000_S1288_E1535_L467_T56_R771_B360,codetalker,212,0.00842086598277092,0.00017134063818957657,0.004179774783551693
AHKGGtJ15o8,AHKGGtJ15o8_0003_S792_E1283_L303_T56_R639_B392,dpt,491,0.00930474791675806,0.0001544418337289244,0.0023138164542615414
AHKGGtJ15o8,AHKGGtJ15o8_0003_S792_E1283_L303_T56_R639_B392,artalk,491,0.011420907452702522,-1.1110139894299209e-05,0.003401197260245681
AHKGGtJ15o8,AHKGGtJ15o8_0003_S792_E1283_L303_T56_R639_B392,multitalk,490,0.009079656563699245,0.0001422234927304089,0.004207365680485964
AHKGGtJ15o8,AHKGGtJ15o8_0003_S792_E1283_L303_T56_R639_B392,codetalker,491,0.010369005613029003,0.00017988334002438933,0.003680594963952899
AIXQngEnJgY,AIXQngEnJgY_0002_S0_E425_L421_T44_R757_B380,dpt,354,0.010593706741929054,9.346979641122743e-05,0.0039709326811134815
AIXQngEnJgY,AIXQngEnJgY_0002_S0_E425_L421_T44_R757_B380,artalk,355,0.008086634799838066,6.861554538772907e-06,0.0026650582440197468
AIXQngEnJgY,AIXQngEnJgY_0002_S0_E425_L421_T44_R757_B380,multitalk,354,0.014697161503136158,0.0001293830864597112,0.004392626229673624
AIXQngEnJgY,AIXQngEnJgY_0002_S0_E425_L421_T44_R757_B380,codetalker,356,0.010204745456576347,0.00015324966807384044,0.004238421097397804
AKkYU-fExWc,AKkYU-fExWc_0001_S1195_E1431_L334_T78_R702_B446,dpt,203,0.00869731791317463,0.00015138091112021357,0.003348405472934246
AKkYU-fExWc,AKkYU-fExWc_0001_S1195_E1431_L334_T78_R702_B446,artalk,204,0.006991008762270212,8.84247783687897e-05,0.002421865239739418
AKkYU-fExWc,AKkYU-fExWc_0001_S1195_E1431_L334_T78_R702_B446,multitalk,203,0.013558690436184406,0.00014849465514998883,0.0024793408811092377
AKkYU-fExWc,AKkYU-fExWc_0001_S1195_E1431_L334_T78_R702_B446,codetalker,205,0.009678119793534279,0.0002046545996563509,0.003318117931485176
AL1pISpcG2Q,AL1pISpcG2Q_0002_S1231_E1759_L282_T112_R906_B704,dpt,440,0.009911374188959599,0.0001751064119162038,0.004985778592526913
AL1pISpcG2Q,AL1pISpcG2Q_0002_S1231_E1759_L282_T112_R906_B704,artalk,441,0.006991824135184288,5.244563362793997e-05,0.0040837666019797325
AL1pISpcG2Q,AL1pISpcG2Q_0002_S1231_E1759_L282_T112_R906_B704,multitalk,440,0.010872004553675652,0.00018126792565453798,0.006251852959394455
AL1pISpcG2Q,AL1pISpcG2Q_0002_S1231_E1759_L282_T112_R906_B704,codetalker,442,0.009357842616736889,0.0002325416135136038,0.004436329938471317
AQe2ANirwW4,AQe2ANirwW4_0000_S897_E1446_L371_T0_R867_B480,dpt,549,0.007374206557869911,0.0001344174233963713,0.0020297314040362835
AQe2ANirwW4,AQe2ANirwW4_0000_S897_E1446_L371_T0_R867_B480,artalk,549,0.006266884505748749,3.2336971344193444e-05,0.0029004497919231653
AQe2ANirwW4,AQe2ANirwW4_0000_S897_E1446_L371_T0_R867_B480,multitalk,549,0.0079228850081563,9.12566392798908e-05,0.0028879509773105383
AQe2ANirwW4,AQe2ANirwW4_0000_S897_E1446_L371_T0_R867_B480,codetalker,549,0.007721548434346914,0.00014435179764404893,0.005428571254014969
AQuAGO9ceIU,AQuAGO9ceIU_0006_S1444_E1706_L224_T0_R768_B464,dpt,218,0.009433378465473652,0.0002218078006990254,0.006922751199454069
AQuAGO9ceIU,AQuAGO9ceIU_0006_S1444_E1706_L224_T0_R768_B464,artalk,219,0.00977234449237585,0.00013257736281957477,0.004442545585334301
AQuAGO9ceIU,AQuAGO9ceIU_0006_S1444_E1706_L224_T0_R768_B464,multitalk,218,0.01009379792958498,0.0002318766200914979,0.008518960326910019
AQuAGO9ceIU,AQuAGO9ceIU_0006_S1444_E1706_L224_T0_R768_B464,codetalker,220,0.00944624375551939,0.00022563108359463513,0.004262272268533707
AVc5fXa0oMs,AVc5fXa0oMs_0028_S165_E559_L497_T104_R753_B360,dpt,394,0.007635343354195356,0.00018584313511382788,0.002083925064653158
AVc5fXa0oMs,AVc5fXa0oMs_0028_S165_E559_L497_T104_R753_B360,artalk,394,0.004892399068921804,4.689100387622602e-05,0.0025578229688107967
AVc5fXa0oMs,AVc5fXa0oMs_0028_S165_E559_L497_T104_R753_B360,multitalk,394,0.009841169230639935,0.00017296327860094607,0.003230330301448703
AVc5fXa0oMs,AVc5fXa0oMs_0028_S165_E559_L497_T104_R753_B360,codetalker,394,0.006542646791785955,0.0001828455424401909,0.003355026477947831
AXfRrHD4Cps,AXfRrHD4Cps_0002_S1299_E1759_L349_T4_R941_B596,dpt,383,0.008323322981595993,0.00015365176659543067,0.0019546477124094963
AXfRrHD4Cps,AXfRrHD4Cps_0002_S1299_E1759_L349_T4_R941_B596,artalk,384,0.005970463156700134,2.745814163063187e-05,0.0025356465484946966
AXfRrHD4Cps,AXfRrHD4Cps_0002_S1299_E1759_L349_T4_R941_B596,multitalk,383,0.010664067231118679,0.00015956150309648365,0.0026074221823364496
AXfRrHD4Cps,AXfRrHD4Cps_0002_S1299_E1759_L349_T4_R941_B596,codetalker,385,0.008658967912197113,0.00014309765538200736,0.004507906269282103
Ac8Fsu0WVKg,Ac8Fsu0WVKg_0000_S296_E537_L454_T135_R726_B407,dpt,241,0.01013097446411848,0.0002947515749838203,0.006778544746339321
Ac8Fsu0WVKg,Ac8Fsu0WVKg_0000_S296_E537_L454_T135_R726_B407,artalk,241,0.009300321340560913,0.00020402313384693116,0.006608669646084309
Ac8Fsu0WVKg,Ac8Fsu0WVKg_0000_S296_E537_L454_T135_R726_B407,multitalk,241,0.013535787351429462,0.00024305861734319478,0.0069066984578967094
Ac8Fsu0WVKg,Ac8Fsu0WVKg_0000_S296_E537_L454_T135_R726_B407,codetalker,241,0.009627129882574081,0.00030385132413357496,0.0025947506073862314
AccPbM4JhFI,AccPbM4JhFI_0000_S0_E432_L302_T6_R1022_B710,dpt,360,0.009248876944184303,0.00016255382797680795,0.0029854602180421352
AccPbM4JhFI,AccPbM4JhFI_0000_S0_E432_L302_T6_R1022_B710,artalk,361,0.010458548553287983,3.493238182272762e-06,0.003949789330363274
AccPbM4JhFI,AccPbM4JhFI_0000_S0_E432_L302_T6_R1022_B710,multitalk,360,0.009660177864134312,0.00015071156667545438,0.0035319235175848007
AccPbM4JhFI,AccPbM4JhFI_0000_S0_E432_L302_T6_R1022_B710,codetalker,362,0.012866162694990635,0.00018738095241133124,0.006677196826785803
Ad5je4UNgDw,Ad5je4UNgDw_0001_S787_E1131_L303_T0_R1087_B640,dpt,287,0.016565438359975815,0.0003084289492107928,0.002859012456610799
Ad5je4UNgDw,Ad5je4UNgDw_0001_S787_E1131_L303_T0_R1087_B640,artalk,288,0.011237401515245438,0.00022519571939483285,0.002786222379654646
Ad5je4UNgDw,Ad5je4UNgDw_0001_S787_E1131_L303_T0_R1087_B640,multitalk,287,0.01593979261815548,0.0002884951245505363,0.004295476246625185
Ad5je4UNgDw,Ad5je4UNgDw_0001_S787_E1131_L303_T0_R1087_B640,codetalker,289,0.01516597718000412,0.0003491813549771905,0.0074500334449112415
Adgif4D3ujk,Adgif4D3ujk_0008_S1657_E1919_L161_T0_R1217_B704,dpt,216,0.017224140465259552,0.0002769011480268091,0.006228098180145025
Adgif4D3ujk,Adgif4D3ujk_0008_S1657_E1919_L161_T0_R1217_B704,artalk,217,0.013190781697630882,0.00018257240299135447,0.006369482725858688
Adgif4D3ujk,Adgif4D3ujk_0008_S1657_E1919_L161_T0_R1217_B704,multitalk,216,0.0177886001765728,8.973951480584219e-05,0.005028554704040289
Adgif4D3ujk,Adgif4D3ujk_0008_S1657_E1919_L161_T0_R1217_B704,codetalker,218,0.018144411966204643,0.00030620492179878056,0.010747268795967102
AfZNZ3bfJvA,AfZNZ3bfJvA_0000_S1526_E1903_L272_T0_R944_B560,dpt,314,0.010808190330862999,0.00028121660579927266,0.002695119474083185
AfZNZ3bfJvA,AfZNZ3bfJvA_0000_S1526_E1903_L272_T0_R944_B560,artalk,315,0.008395682089030743,0.00017848159768618643,0.00468822754919529
AfZNZ3bfJvA,AfZNZ3bfJvA_0000_S1526_E1903_L272_T0_R944_B560,multitalk,314,0.012716060504317284,0.000260674802120775,0.0028182058595120907
AfZNZ3bfJvA,AfZNZ3bfJvA_0000_S1526_E1903_L272_T0_R944_B560,codetalker,316,0.014904341660439968,0.0003337929956614971,0.00984366238117218
AglvA1tduMA,AglvA1tduMA_0004_S1252_E1690_L711_T166_R1207_B662,dpt,365,0.012672246433794498,-8.827621059026569e-06,0.004084708169102669
AglvA1tduMA,AglvA1tduMA_0004_S1252_E1690_L711_T166_R1207_B662,artalk,366,0.00947595201432705,-0.0001283266901737079,0.00400041276589036
AglvA1tduMA,AglvA1tduMA_0004_S1252_E1690_L711_T166_R1207_B662,multitalk,365,0.010600097477436066,-4.6298500819830224e-05,0.005343672353774309
AglvA1tduMA,AglvA1tduMA_0004_S1252_E1690_L711_T166_R1207_B662,codetalker,367,0.011863254010677338,4.031694697914645e-05,0.00611953204497695
AkU94JdXbQ0,AkU94JdXbQ0_0000_S1247_E1886_L361_T133_R681_B453,dpt,533,0.010295232757925987,7.867679960327223e-05,0.0028611808083951473
AkU94JdXbQ0,AkU94JdXbQ0_0000_S1247_E1886_L361_T133_R681_B453,artalk,534,0.00650438480079174,-5.587593113887124e-05,0.0019466453231871128
AkU94JdXbQ0,AkU94JdXbQ0_0000_S1247_E1886_L361_T133_R681_B453,multitalk,533,0.009535255841910839,3.637863483163528e-05,0.005733844358474016
AkU94JdXbQ0,AkU94JdXbQ0_0000_S1247_E1886_L361_T133_R681_B453,codetalker,535,0.010674280114471912,0.0001095716652343981,0.005793112330138683
AnxrJiS5uKU,AnxrJiS5uKU_0000_S654_E906_L194_T77_R530_B413,dpt,210,0.010175527073442936,9.700564260128886e-05,0.003167528659105301
AnxrJiS5uKU,AnxrJiS5uKU_0000_S654_E906_L194_T77_R530_B413,artalk,211,0.008815955370664597,-3.35065160470549e-05,0.0029530662577599287
AnxrJiS5uKU,AnxrJiS5uKU_0000_S654_E906_L194_T77_R530_B413,multitalk,210,0.008845682255923748,4.182274278718978e-05,0.004591004457324743
AnxrJiS5uKU,AnxrJiS5uKU_0000_S654_E906_L194_T77_R530_B413,codetalker,212,0.00880108866840601,0.00012667062401305884,0.005812653340399265
Aqu7R_7vFKM,Aqu7R_7vFKM_0005_S8_E290_L438_T283_R806_B651,dpt,235,0.017657261341810226,1.3975804904475808e-05,0.013756511732935905
Aqu7R_7vFKM,Aqu7R_7vFKM_0005_S8_E290_L438_T283_R806_B651,artalk,236,0.018950611352920532,-0.00012462201993912458,0.014433852396905422
Aqu7R_7vFKM,Aqu7R_7vFKM_0005_S8_E290_L438_T283_R806_B651,multitalk,235,0.024032477289438248,-0.00144144706428051,0.01516759768128395
Aqu7R_7vFKM,Aqu7R_7vFKM_0005_S8_E290_L438_T283_R806_B651,codetalker,237,0.0192923154681921,-2.4929700884968042e-05,0.015901392325758934
AuLoMmjFONE,AuLoMmjFONE_0001_S1211_E1471_L391_T92_R695_B396,dpt,260,0.01302266214042902,0.00016684237925801426,0.009641432203352451
AuLoMmjFONE,AuLoMmjFONE_0001_S1211_E1471_L391_T92_R695_B396,artalk,260,0.008070377632975578,7.281716534635052e-05,0.007746418472379446
AuLoMmjFONE,AuLoMmjFONE_0001_S1211_E1471_L391_T92_R695_B396,multitalk,259,0.01488940417766571,0.00013554736506193876,0.006886960007250309
AuLoMmjFONE,AuLoMmjFONE_0001_S1211_E1471_L391_T92_R695_B396,codetalker,260,0.011065023951232433,0.00017386110266670585,0.0038293178658932447
AwvReatHB2g,AwvReatHB2g_0000_S245_E638_L444_T2_R828_B386,dpt,409,0.005761831998825073,0.00017651387315709144,0.0019532782025635242
AwvReatHB2g,AwvReatHB2g_0000_S245_E638_L444_T2_R828_B386,artalk,409,0.006783779244869947,8.022177644306794e-05,0.002184005919843912
AwvReatHB2g,AwvReatHB2g_0000_S245_E638_L444_T2_R828_B386,multitalk,409,0.007390554063022137,0.000134753790916875,0.0017587855691090226
AwvReatHB2g,AwvReatHB2g_0000_S245_E638_L444_T2_R828_B386,codetalker,409,0.007482620421797037,0.00018512785027269274,0.005475932732224464
AygCTeXnJ6o,AygCTeXnJ6o_0012_S766_E1025_L436_T46_R804_B414,dpt,216,0.010790866799652576,0.00034025689819827676,0.005424134898930788
AygCTeXnJ6o,AygCTeXnJ6o_0012_S766_E1025_L436_T46_R804_B414,artalk,217,0.010015946812927723,0.00024980964371934533,0.004191905725747347
AygCTeXnJ6o,AygCTeXnJ6o_0012_S766_E1025_L436_T46_R804_B414,multitalk,216,0.010108020156621933,0.00035293283872306347,0.003808407811447978
AygCTeXnJ6o,AygCTeXnJ6o_0012_S766_E1025_L436_T46_R804_B414,codetalker,218,0.009833324700593948,0.00041839072946459055,0.004626310430467129
AzECoalJ4WU,AzECoalJ4WU_0001_S799_E1375_L429_T89_R909_B569,dpt,480,0.009922741912305355,9.914775000652298e-05,0.00431392528116703
AzECoalJ4WU,AzECoalJ4WU_0001_S799_E1375_L429_T89_R909_B569,artalk,481,0.009039463475346565,-3.594426061681588e-06,0.00292587885633111
AzECoalJ4WU,AzECoalJ4WU_0001_S799_E1375_L429_T89_R909_B569,multitalk,480,0.01055867038667202,0.00014197092968970537,0.0052245198749005795
AzECoalJ4WU,AzECoalJ4WU_0001_S799_E1375_L429_T89_R909_B569,codetalker,482,0.009702116250991821,0.00016753218369558454,0.005717665422707796
AziRcPo6rm0,AziRcPo6rm0_0000_S267_E663_L442_T37_R794_B389,dpt,330,0.009766954928636551,0.00012365111615508795,0.004876113496720791
AziRcPo6rm0,AziRcPo6rm0_0000_S267_E663_L442_T37_R794_B389,artalk,331,0.006207457277923822,6.515986024169251e-05,0.0031029386445879936
AziRcPo6rm0,AziRcPo6rm0_0000_S267_E663_L442_T37_R794_B389,multitalk,330,0.019281592220067978,0.00012328141019679606,0.006352582015097141
AziRcPo6rm0,AziRcPo6rm0_0000_S267_E663_L442_T37_R794_B389,codetalker,332,0.010246981866657734,0.00020663253962993622,0.006125529762357473
B5uSsp0Rbbc,B5uSsp0Rbbc_0002_S728_E933_L504_T93_R808_B397,dpt,205,0.012547524645924568,5.415552732301876e-05,0.0027295704931020737
B5uSsp0Rbbc,B5uSsp0Rbbc_0002_S728_E933_L504_T93_R808_B397,artalk,205,0.008083321154117584,-7.508878297812771e-06,0.001982948277145624
B5uSsp0Rbbc,B5uSsp0Rbbc_0002_S728_E933_L504_T93_R808_B397,multitalk,205,0.013653622940182686,-2.8424981337593636e-06,0.002657546428963542
B5uSsp0Rbbc,B5uSsp0Rbbc_0002_S728_E933_L504_T93_R808_B397,codetalker,205,0.013573873788118362,4.693223309004679e-05,0.006498727016150951
B7HzMw9rSMs,B7HzMw9rSMs_0000_S1654_E1919_L376_T3_R1000_B627,dpt,221,0.012212302535772324,0.0004203732532914728,0.0038995177019387484
B7HzMw9rSMs,B7HzMw9rSMs_0000_S1654_E1919_L376_T3_R1000_B627,artalk,222,0.014497202821075916,0.00031213980400934815,0.004663416184484959
B7HzMw9rSMs,B7HzMw9rSMs_0000_S1654_E1919_L376_T3_R1000_B627,multitalk,221,0.013099835254251957,0.0003726797294802964,0.003463071770966053
B7HzMw9rSMs,B7HzMw9rSMs_0000_S1654_E1919_L376_T3_R1000_B627,codetalker,223,0.015223763883113861,0.0003996423038188368,0.007495334837585688
BAj3fHStRGI,BAj3fHStRGI_0003_S1332_E1759_L283_T54_R603_B374,dpt,356,0.010416056960821152,0.00010611100879032165,0.006490170955657959
BAj3fHStRGI,BAj3fHStRGI_0003_S1332_E1759_L283_T54_R603_B374,artalk,357,0.008842376060783863,-2.7090487492387183e-05,0.004567991942167282
BAj3fHStRGI,BAj3fHStRGI_0003_S1332_E1759_L283_T54_R603_B374,multitalk,356,0.009805392473936081,0.00011266378714935854,0.006690759211778641
BAj3fHStRGI,BAj3fHStRGI_0003_S1332_E1759_L283_T54_R603_B374,codetalker,358,0.009331977926194668,0.00013183685950934887,0.003708168398588896
BB4bpEKrOlM,BB4bpEKrOlM_0000_S0_E390_L757_T169_R1093_B505,dpt,325,0.012142249383032322,0.00012536303256638348,0.003863244317471981
BB4bpEKrOlM,BB4bpEKrOlM_0000_S0_E390_L757_T169_R1093_B505,artalk,326,0.01316448487341404,1.7965980077860877e-05,0.003702170215547085
BB4bpEKrOlM,BB4bpEKrOlM_0000_S0_E390_L757_T169_R1093_B505,multitalk,324,0.01426585204899311,7.484868547180668e-05,0.008148173801600933
BB4bpEKrOlM,BB4bpEKrOlM_0000_S0_E390_L757_T169_R1093_B505,codetalker,327,0.01307730097323656,0.00017028949514497072,0.0061228275299072266
BDLtYpLZfbU,BDLtYpLZfbU_0000_S542_E1114_L450_T0_R1010_B480,dpt,572,0.012311692349612713,0.00023183882876764983,0.005403613671660423
BDLtYpLZfbU,BDLtYpLZfbU_0000_S542_E1114_L450_T0_R1010_B480,artalk,572,0.011094995774328709,0.00013559954822994769,0.006624056026339531
BDLtYpLZfbU,BDLtYpLZfbU_0000_S542_E1114_L450_T0_R1010_B480,multitalk,572,0.012091935612261295,0.0002492237836122513,0.003343868302181363
BDLtYpLZfbU,BDLtYpLZfbU_0000_S542_E1114_L450_T0_R1010_B480,codetalker,572,0.015990715473890305,0.0002819873334374279,0.011652607470750809
BErluP3jDjw,BErluP3jDjw_0000_S0_E217_L459_T37_R923_B501,dpt,226,0.010594631545245647,8.885026181815192e-05,0.006905479822307825
BErluP3jDjw,BErluP3jDjw_0000_S0_E217_L459_T37_R923_B501,artalk,227,0.010961877182126045,7.07225626683794e-05,0.004712376743555069
BErluP3jDjw,BErluP3jDjw_0000_S0_E217_L459_T37_R923_B501,multitalk,226,0.013699131086468697,4.252557573636295e-06,0.00956282764673233
BErluP3jDjw,BErluP3jDjw_0000_S0_E217_L459_T37_R923_B501,codetalker,227,0.012727927416563034,0.00010486244718777016,0.004464100580662489
BF7hcsKb1WA,BF7hcsKb1WA_0000_S255_E520_L364_T0_R860_B464,dpt,221,0.009518458507955074,0.00020937695808243006,0.005598203279078007
BF7hcsKb1WA,BF7hcsKb1WA_0000_S255_E520_L364_T0_R860_B464,artalk,222,0.010395883582532406,0.00010593751358101144,0.007759964559227228
BF7hcsKb1WA,BF7hcsKb1WA_0000_S255_E520_L364_T0_R860_B464,multitalk,221,0.014002431184053421,0.0002127393236150965,0.0062776366248726845
BF7hcsKb1WA,BF7hcsKb1WA_0000_S255_E520_L364_T0_R860_B464,codetalker,223,0.015250914730131626,0.0002520804409869015,0.011251352727413177
BFat39XKT2E,BFat39XKT2E_0004_S878_E1138_L558_T61_R814_B317,dpt,271,0.01294313557446003,3.796787859755568e-05,0.004515302833169699
BFat39XKT2E,BFat39XKT2E_0004_S878_E1138_L558_T61_R814_B317,artalk,271,0.011200588196516037,-1.7029906302923337e-05,0.003133301390334964
BFat39XKT2E,BFat39XKT2E_0004_S878_E1138_L558_T61_R814_B317,multitalk,271,0.011815530247986317,5.05955504195299e-05,0.004177344497293234
BFat39XKT2E,BFat39XKT2E_0004_S878_E1138_L558_T61_R814_B317,codetalker,271,0.013621149584650993,6.373642099788412e-05,0.004808520898222923
BFoqBnl5XNw,BFoqBnl5XNw_0001_S876_E1077_L175_T0_R639_B464,dpt,201,0.006182367447763681,0.00014206601190380752,0.0026891727466136217
BFoqBnl5XNw,BFoqBnl5XNw_0001_S876_E1077_L175_T0_R639_B464,artalk,201,0.00639359001070261,9.164815855911002e-05,0.002847700845450163
BFoqBnl5XNw,BFoqBnl5XNw_0001_S876_E1077_L175_T0_R639_B464,multitalk,201,0.012770631350576878,-1.1466122487036046e-05,0.006156806368380785
BFoqBnl5XNw,BFoqBnl5XNw_0001_S876_E1077_L175_T0_R639_B464,codetalker,201,0.007357137277722359,0.00012406973110046238,0.0033430238254368305
BGJuAODr8Ks,BGJuAODr8Ks_0005_S1162_E1462_L503_T5_R791_B293,dpt,250,0.009165788069367409,8.556857937946916e-05,0.0032219833228737116
BGJuAODr8Ks,BGJuAODr8Ks_0005_S1162_E1462_L503_T5_R791_B293,artalk,251,0.006772540044039488,4.0918926970334724e-05,0.0023959139361977577
BGJuAODr8Ks,BGJuAODr8Ks_0005_S1162_E1462_L503_T5_R791_B293,multitalk,250,0.01116493996232748,8.089267066679895e-05,0.005751193501055241
BGJuAODr8Ks,BGJuAODr8Ks_0005_S1162_E1462_L503_T5_R791_B293,codetalker,252,0.009931848384439945,0.00011833007738459855,0.005913887172937393
BH7-eZYnJkE,BH7-eZYnJkE_0000_S711_E1182_L735_T93_R1119_B477,dpt,392,0.009361695498228073,0.00021053303498774767,0.0032679694704711437
BH7-eZYnJkE,BH7-eZYnJkE_0000_S711_E1182_L735_T93_R1119_B477,artalk,393,0.009181682951748371,7.846675725886598e-05,0.004000052344053984
BH7-eZYnJkE,BH7-eZYnJkE_0000_S711_E1182_L735_T93_R1119_B477,multitalk,392,0.009420354850590229,0.00020840912475250661,0.003095548367127776
BH7-eZYnJkE,BH7-eZYnJkE_0000_S711_E1182_L735_T93_R1119_B477,codetalker,395,0.01178419217467308,0.00020881820819340646,0.006010009441524744
BK1VxSDsCu8,BK1VxSDsCu8_0003_S1233_E1443_L540_T25_R828_B313,dpt,210,0.01014680601656437,9.865342872217298e-05,0.001976987812668085
BK1VxSDsCu8,BK1VxSDsCu8_0003_S1233_E1443_L540_T25_R828_B313,artalk,210,0.010310132056474686,5.372129817260429e-05,0.0039213900454342365
BK1VxSDsCu8,BK1VxSDsCu8_0003_S1233_E1443_L540_T25_R828_B313,multitalk,210,0.010032896883785725,0.00012143444473622367,0.004160052165389061
BK1VxSDsCu8,BK1VxSDsCu8_0003_S1233_E1443_L540_T25_R828_B313,codetalker,210,0.013539682142436504,0.0001432832214049995,0.006909627933055162
BLcZAhQzQF0,BLcZAhQzQF0_0000_S1332_E1646_L401_T0_R881_B464,dpt,262,0.013630421832203865,0.00012840298586525023,0.007818391546607018
BLcZAhQzQF0,BLcZAhQzQF0_0000_S1332_E1646_L401_T0_R881_B464,artalk,263,0.010579642839729786,7.265240128617734e-05,0.007254601921886206
BLcZAhQzQF0,BLcZAhQzQF0_0000_S1332_E1646_L401_T0_R881_B464,multitalk,262,0.017901098355650902,0.00012068517389707267,0.011245249770581722
BLcZAhQzQF0,BLcZAhQzQF0_0000_S1332_E1646_L401_T0_R881_B464,codetalker,264,0.009563282132148743,0.0001806133659556508,0.004224077332764864
BM2mqrIXY2w,BM2mqrIXY2w_0022_S1150_E1370_L596_T50_R884_B338,dpt,220,0.008339682593941689,0.00012110063107684255,0.0028798363637179136
BM2mqrIXY2w,BM2mqrIXY2w_0022_S1150_E1370_L596_T50_R884_B338,artalk,220,0.0055267708376049995,3.8052112358855084e-06,0.0017178605776280165
BM2mqrIXY2w,BM2mqrIXY2w_0022_S1150_E1370_L596_T50_R884_B338,multitalk,219,0.010553884319961071,7.643475692020729e-05,0.0036896178498864174
BM2mqrIXY2w,BM2mqrIXY2w_0022_S1150_E1370_L596_T50_R884_B338,codetalker,220,0.008735576644539833,0.00015873041411396116,0.005688466597348452
BNgmYFwUjjw,BNgmYFwUjjw_0000_S0_E226_L455_T28_R823_B396,dpt,235,0.01034364104270935,0.0002717541647143662,0.002928732894361019
BNgmYFwUjjw,BNgmYFwUjjw_0000_S0_E226_L455_T28_R823_B396,artalk,236,0.008178535848855972,0.0001566316350363195,0.004988804925233126
BNgmYFwUjjw,BNgmYFwUjjw_0000_S0_E226_L455_T28_R823_B396,multitalk,235,0.009106814861297607,0.00026113318745046854,0.002610156312584877
BNgmYFwUjjw,BNgmYFwUjjw_0000_S0_E226_L455_T28_R823_B396,codetalker,236,0.01255781203508377,0.0002650248061399907,0.008045787923038006
BNyCZJOTRZA,BNyCZJOTRZA_0003_S1031_E1267_L438_T45_R758_B365,dpt,236,0.008431768976151943,6.81584861013107e-05,0.00354723515920341
BNyCZJOTRZA,BNyCZJOTRZA_0003_S1031_E1267_L438_T45_R758_B365,artalk,236,0.007594436872750521,-2.058682730421424e-05,0.003676790976896882
BNyCZJOTRZA,BNyCZJOTRZA_0003_S1031_E1267_L438_T45_R758_B365,multitalk,236,0.008694651536643505,-4.032573087897617e-06,0.004873859230428934
BNyCZJOTRZA,BNyCZJOTRZA_0003_S1031_E1267_L438_T45_R758_B365,codetalker,236,0.007233000360429287,0.0001037772381096147,0.002983911195769906
BUouNsjhTTc,BUouNsjhTTc_0000_S1244_E1463_L306_T0_R882_B560,dpt,228,0.011555570177733898,0.00031439043232239783,0.0027704096864908934
BUouNsjhTTc,BUouNsjhTTc_0000_S1244_E1463_L306_T0_R882_B560,artalk,228,0.010476093739271164,0.0002005948917940259,0.005195616744458675
BUouNsjhTTc,BUouNsjhTTc_0000_S1244_E1463_L306_T0_R882_B560,multitalk,228,0.018507706001400948,0.0002907146990764886,0.0035034879110753536
BUouNsjhTTc,BUouNsjhTTc_0000_S1244_E1463_L306_T0_R882_B560,codetalker,228,0.013720960356295109,0.0003458382561802864,0.008415885269641876
BXT72YlkQrA,BXT72YlkQrA_0035_S360_E689_L456_T48_R744_B336,dpt,274,0.009146051481366158,7.868992543080822e-05,0.0042562708258628845
BXT72YlkQrA,BXT72YlkQrA_0035_S360_E689_L456_T48_R744_B336,artalk,275,0.007039377000182867,-8.675200660945848e-06,0.002359105972573161
BXT72YlkQrA,BXT72YlkQrA_0035_S360_E689_L456_T48_R744_B336,multitalk,274,0.009813236072659492,0.00010750736691989005,0.0034874016419053078
BXT72YlkQrA,BXT72YlkQrA_0035_S360_E689_L456_T48_R744_B336,codetalker,276,0.008864466100931168,0.0001224441803060472,0.0048624021001160145
BY2ADlTxdZI,BY2ADlTxdZI_0001_S1179_E1431_L420_T0_R932_B464,dpt,263,0.012198151089251041,8.223429904319346e-05,0.005100165493786335
BY2ADlTxdZI,BY2ADlTxdZI_0001_S1179_E1431_L420_T0_R932_B464,artalk,263,0.010943866334855556,-3.506928260321729e-05,0.005493971053510904
BY2ADlTxdZI,BY2ADlTxdZI_0001_S1179_E1431_L420_T0_R932_B464,multitalk,263,0.01074021216481924,7.260285929078236e-05,0.010741099715232849
BY2ADlTxdZI,BY2ADlTxdZI_0001_S1179_E1431_L420_T0_R932_B464,codetalker,263,0.013534157536923885,8.94323384272866e-05,0.0025005503557622433
BYgCS4of0TI,BYgCS4of0TI_0000_S555_E903_L385_T80_R833_B528,dpt,348,0.009525610134005547,0.00015697156777605414,0.002083250554278493
BYgCS4of0TI,BYgCS4of0TI_0000_S555_E903_L385_T80_R833_B528,artalk,348,0.006586634553968906,4.8568072088528425e-05,0.0026983146090060472
BYgCS4of0TI,BYgCS4of0TI_0000_S555_E903_L385_T80_R833_B528,multitalk,348,0.010007448494434357,0.00016878085443750024,0.003911454230546951
BYgCS4of0TI,BYgCS4of0TI_0000_S555_E903_L385_T80_R833_B528,codetalker,348,0.007185596041381359,0.00021917742560617626,0.005282141268253326
BYvQek24Kbs,BYvQek24Kbs_0000_S1089_E1376_L524_T20_R972_B468,dpt,239,0.007696713320910931,0.00016610452439635992,0.002736390335485339
BYvQek24Kbs,BYvQek24Kbs_0000_S1089_E1376_L524_T20_R972_B468,artalk,240,0.006068048067390919,6.277200736803934e-05,0.002649932401254773
BYvQek24Kbs,BYvQek24Kbs_0000_S1089_E1376_L524_T20_R972_B468,multitalk,239,0.010126533918082714,8.880608947947621e-05,0.005677664186805487
BYvQek24Kbs,BYvQek24Kbs_0000_S1089_E1376_L524_T20_R972_B468,codetalker,241,0.009191379882395267,0.00018369221652392298,0.005157988052815199
Bb3XWac-WuM,Bb3XWac-WuM_0002_S164_E684_L408_T57_R920_B569,dpt,520,0.010302610695362091,0.00016194942872971296,0.003698510117828846
Bb3XWac-WuM,Bb3XWac-WuM_0002_S164_E684_L408_T57_R920_B569,artalk,520,0.008698200806975365,5.240633981884457e-05,0.00363218504935503
Bb3XWac-WuM,Bb3XWac-WuM_0002_S164_E684_L408_T57_R920_B569,multitalk,520,0.012862544506788254,0.000171333784237504,0.0036493567749857903
Bb3XWac-WuM,Bb3XWac-WuM_0002_S164_E684_L408_T57_R920_B569,codetalker,520,0.013261818327009678,0.000199374437215738,0.004835513886064291
BfdcdAIJh4g,BfdcdAIJh4g_0000_S631_E884_L265_T26_R873_B634,dpt,211,0.012808340601623058,0.00013977105845697224,0.007098367903381586
BfdcdAIJh4g,BfdcdAIJh4g_0000_S631_E884_L265_T26_R873_B634,artalk,212,0.011820700950920582,0.00011324443039484322,0.0062117911875247955
BfdcdAIJh4g,BfdcdAIJh4g_0000_S631_E884_L265_T26_R873_B634,multitalk,211,0.008869334124028683,0.0001490687718614936,0.005002012941986322
BfdcdAIJh4g,BfdcdAIJh4g_0000_S631_E884_L265_T26_R873_B634,codetalker,213,0.015975864604115486,0.0001778620935510844,0.011954739689826965
BhEio_W1LU4,BhEio_W1LU4_0001_S1054_E1632_L312_T36_R712_B436,dpt,482,0.0075470334850251675,9.126594522967935e-05,0.0028671210166066885
BhEio_W1LU4,BhEio_W1LU4_0001_S1054_E1632_L312_T36_R712_B436,artalk,483,0.007513526361435652,6.065268462407403e-05,0.003544575534760952
BhEio_W1LU4,BhEio_W1LU4_0001_S1054_E1632_L312_T36_R712_B436,multitalk,482,0.007293947972357273,8.01419882918708e-05,0.003472819458693266
BhEio_W1LU4,BhEio_W1LU4_0001_S1054_E1632_L312_T36_R712_B436,codetalker,484,0.008086430840194225,0.00010906481475103647,0.00523719796910882
Bio8ZpEFlqY,Bio8ZpEFlqY_0000_S1229_E1503_L698_T58_R986_B346,dpt,274,0.008512226864695549,0.00011948266910621896,0.003304597921669483
Bio8ZpEFlqY,Bio8ZpEFlqY_0000_S1229_E1503_L698_T58_R986_B346,artalk,274,0.007860156707465649,2.175451118091587e-05,0.004220915492624044
Bio8ZpEFlqY,Bio8ZpEFlqY_0000_S1229_E1503_L698_T58_R986_B346,multitalk,274,0.00739229004830122,0.00010421990737086162,0.0039779311046004295
Bio8ZpEFlqY,Bio8ZpEFlqY_0000_S1229_E1503_L698_T58_R986_B346,codetalker,274,0.008462401106953621,0.00015550912939943373,0.007888411171734333
BjrDmB15S-M,BjrDmB15S-M_0000_S1001_E1609_L204_T73_R476_B345,dpt,506,0.010615937411785126,0.00033175628050230443,0.0042159585282206535
BjrDmB15S-M,BjrDmB15S-M_0000_S1001_E1609_L204_T73_R476_B345,artalk,507,0.008457425981760025,0.00022342693409882486,0.004995928145945072
BjrDmB15S-M,BjrDmB15S-M_0000_S1001_E1609_L204_T73_R476_B345,multitalk,506,0.010481358505785465,0.0003361734270583838,0.002502380171790719
BjrDmB15S-M,BjrDmB15S-M_0000_S1001_E1609_L204_T73_R476_B345,codetalker,508,0.012580803595483303,0.0003687897988129407,0.008708634413778782
BlCoAfks8kk,BlCoAfks8kk_0013_S49_E358_L485_T23_R789_B327,dpt,258,0.010725335218012333,0.0001429537369403988,0.0033137581776827574
BlCoAfks8kk,BlCoAfks8kk_0013_S49_E358_L485_T23_R789_B327,artalk,259,0.01191385556012392,-2.7436003620096017e-06,0.0033746319822967052
BlCoAfks8kk,BlCoAfks8kk_0013_S49_E358_L485_T23_R789_B327,multitalk,258,0.008674243465065956,0.000176928355358541,0.0031527907121926546
BlCoAfks8kk,BlCoAfks8kk_0013_S49_E358_L485_T23_R789_B327,codetalker,260,0.00993848592042923,0.0002162446762667969,0.006135579198598862
BoWXd-LNnm4,BoWXd-LNnm4_0016_S1277_E1566_L516_T131_R868_B483,dpt,241,0.011641045100986958,0.00019765527395065874,0.0033226856030523777
BoWXd-LNnm4,BoWXd-LNnm4_0016_S1277_E1566_L516_T131_R868_B483,artalk,242,0.009081137366592884,1.223528124683071e-05,0.00356563413515687
BoWXd-LNnm4,BoWXd-LNnm4_0016_S1277_E1566_L516_T131_R868_B483,multitalk,241,0.012271960265934467,0.00017384524107910693,0.003619263879954815
BoWXd-LNnm4,BoWXd-LNnm4_0016_S1277_E1566_L516_T131_R868_B483,codetalker,244,0.012041131034493446,0.00019355816766619682,0.00357674527913332
BoXR8KrAfIQ,BoXR8KrAfIQ_0000_S152_E521_L147_T177_R419_B449,dpt,308,0.009720624424517155,0.0001297602429986,0.009872118011116982
BoXR8KrAfIQ,BoXR8KrAfIQ_0000_S152_E521_L147_T177_R419_B449,artalk,309,0.010397588834166527,-0.00016977451741695404,0.010180985555052757
BoXR8KrAfIQ,BoXR8KrAfIQ_0000_S152_E521_L147_T177_R419_B449,multitalk,308,0.012213767506182194,0.00011758162145270035,0.009855425916612148
BoXR8KrAfIQ,BoXR8KrAfIQ_0000_S152_E521_L147_T177_R419_B449,codetalker,310,0.007844778709113598,0.00014321343041956425,0.006132499314844608
Boj9eD0Wug8,Boj9eD0Wug8_0000_S0_E333_L354_T0_R930_B560,dpt,347,0.008614192716777325,7.036917668301612e-05,0.0025338500272482634
Boj9eD0Wug8,Boj9eD0Wug8_0000_S0_E333_L354_T0_R930_B560,artalk,347,0.005918050650507212,-9.945501369656995e-05,0.004039272665977478
Boj9eD0Wug8,Boj9eD0Wug8_0000_S0_E333_L354_T0_R930_B560,multitalk,347,0.010594084858894348,4.356821591500193e-05,0.0024906275793910027
Boj9eD0Wug8,Boj9eD0Wug8_0000_S0_E333_L354_T0_R930_B560,codetalker,347,0.010648331604897976,7.874472794355825e-05,0.007923300378024578
BowyM_Wlsd8,BowyM_Wlsd8_0000_S1028_E1349_L800_T139_R1056_B395,dpt,321,0.01295636035501957,0.0001268276246264577,0.006129052955657244
BowyM_Wlsd8,BowyM_Wlsd8_0000_S1028_E1349_L800_T139_R1056_B395,artalk,321,0.013956845737993717,-7.0289070208673365e-06,0.00625383947044611
BowyM_Wlsd8,BowyM_Wlsd8_0000_S1028_E1349_L800_T139_R1056_B395,multitalk,320,0.009305641055107117,9.366254380438477e-05,0.0064138248562812805
BowyM_Wlsd8,BowyM_Wlsd8_0000_S1028_E1349_L800_T139_R1056_B395,codetalker,321,0.011867750436067581,0.0001544177794130519,0.0034733491484075785
BsgJuviWgJI,BsgJuviWgJI_0017_S817_E1447_L300_T152_R636_B488,dpt,525,0.007293966598808765,0.00011205605551367626,0.0026480108499526978
BsgJuviWgJI,BsgJuviWgJI_0017_S817_E1447_L300_T152_R636_B488,artalk,526,0.008174635469913483,9.860656291493797e-07,0.0031578645575791597
BsgJuviWgJI,BsgJuviWgJI_0017_S817_E1447_L300_T152_R636_B488,multitalk,525,0.0085806455463171,0.00010403223859611899,0.0034367749467492104
BsgJuviWgJI,BsgJuviWgJI_0017_S817_E1447_L300_T152_R636_B488,codetalker,527,0.00837349146604538,0.00012002747826045379,0.003751875599846244
Bv7wdHRhifM,Bv7wdHRhifM_0000_S1407_E1725_L329_T61_R793_B525,dpt,265,0.01087371725589037,0.00012615349260158837,0.00410299189388752
Bv7wdHRhifM,Bv7wdHRhifM_0000_S1407_E1725_L329_T61_R793_B525,artalk,266,0.009987551718950272,-1.1654632544377819e-05,0.002891798969358206
Bv7wdHRhifM,Bv7wdHRhifM_0000_S1407_E1725_L329_T61_R793_B525,multitalk,265,0.010108078829944134,0.00012619086191989481,0.004842083901166916
Bv7wdHRhifM,Bv7wdHRhifM_0000_S1407_E1725_L329_T61_R793_B525,codetalker,267,0.010170932859182358,0.00015941903984639794,0.007226144429296255
Bzb0FhMqaU8,Bzb0FhMqaU8_0000_S123_E408_L290_T14_R882_B606,dpt,238,0.011528734117746353,0.00025050377007573843,0.003898145630955696
Bzb0FhMqaU8,Bzb0FhMqaU8_0000_S123_E408_L290_T14_R882_B606,artalk,239,0.0067147137597203255,0.0001353234692942351,0.0030508521012961864
Bzb0FhMqaU8,Bzb0FhMqaU8_0000_S123_E408_L290_T14_R882_B606,multitalk,237,0.012627655640244484,0.00022748109768144786,0.0060303471982479095
Bzb0FhMqaU8,Bzb0FhMqaU8_0000_S123_E408_L290_T14_R882_B606,codetalker,239,0.011041244491934776,0.00026950525352731347,0.004516353830695152
C2TLW8MS33E,C2TLW8MS33E_0001_S570_E844_L5_T22_R549_B566,dpt,228,0.009345230646431446,0.0001735919649945572,0.0028934001456946135
C2TLW8MS33E,C2TLW8MS33E_0001_S570_E844_L5_T22_R549_B566,artalk,229,0.007173995487391949,8.122781582642347e-05,0.00240151840262115
C2TLW8MS33E,C2TLW8MS33E_0001_S570_E844_L5_T22_R549_B566,multitalk,228,0.009087659418582916,0.000171110121300444,0.00226130080409348
C2TLW8MS33E,C2TLW8MS33E_0001_S570_E844_L5_T22_R549_B566,codetalker,230,0.010418246500194073,0.00015535307466052473,0.004899705294519663
C2rVYklWl8I,C2rVYklWl8I_0080_S383_E646_L474_T0_R1082_B576,dpt,219,0.011309809051454067,0.00019979487115051597,0.006129160523414612
C2rVYklWl8I,C2rVYklWl8I_0080_S383_E646_L474_T0_R1082_B576,artalk,220,0.01183626614511013,0.00014829840802121907,0.006658683996647596
C2rVYklWl8I,C2rVYklWl8I_0080_S383_E646_L474_T0_R1082_B576,multitalk,219,0.01595274917781353,0.00025769698549993336,0.007843712344765663
C2rVYklWl8I,C2rVYklWl8I_0080_S383_E646_L474_T0_R1082_B576,codetalker,222,0.010811376385390759,0.00025796634145081043,0.006260458845645189
CFUGsvVC9mQ,CFUGsvVC9mQ_0005_S437_E654_L793_T59_R1193_B459,dpt,226,0.012336984276771545,0.0002397745702182874,0.0038966035936027765
CFUGsvVC9mQ,CFUGsvVC9mQ_0005_S437_E654_L793_T59_R1193_B459,artalk,226,0.009417658671736717,0.0002045945293502882,0.004356395918875933
CFUGsvVC9mQ,CFUGsvVC9mQ_0005_S437_E654_L793_T59_R1193_B459,multitalk,226,0.013218047097325325,0.0002714037545956671,0.005204922519624233
CFUGsvVC9mQ,CFUGsvVC9mQ_0005_S437_E654_L793_T59_R1193_B459,codetalker,226,0.013374066911637783,0.0003039242292288691,0.008483277633786201
CIIsZt9c8nA,CIIsZt9c8nA_0003_S0_E265_L500_T62_R852_B414,dpt,221,0.008653907105326653,0.00025349209317937493,0.002628333866596222
CIIsZt9c8nA,CIIsZt9c8nA_0003_S0_E265_L500_T62_R852_B414,artalk,222,0.007346823811531067,7.801119500072673e-05,0.001725542824715376
CIIsZt9c8nA,CIIsZt9c8nA_0003_S0_E265_L500_T62_R852_B414,multitalk,221,0.00867842510342598,0.00027279762434773147,0.002980890916660428
CIIsZt9c8nA,CIIsZt9c8nA_0003_S0_E265_L500_T62_R852_B414,codetalker,224,0.01118802186101675,0.0002760204952210188,0.00734695652499795
CMAiUAvqIh4,CMAiUAvqIh4_0002_S0_E544_L450_T86_R786_B422,dpt,453,0.01110377348959446,0.00010428903624415398,0.0072915442287921906
CMAiUAvqIh4,CMAiUAvqIh4_0002_S0_E544_L450_T86_R786_B422,artalk,454,0.010452875867486,5.9238482208456844e-05,0.0075664822943508625
CMAiUAvqIh4,CMAiUAvqIh4_0002_S0_E544_L450_T86_R786_B422,multitalk,453,0.015675347298383713,0.00012582649651449174,0.007571088150143623
CMAiUAvqIh4,CMAiUAvqIh4_0002_S0_E544_L450_T86_R786_B422,codetalker,455,0.011506005190312862,0.000146993319503963,0.004528598394244909
CPckick_ioM,CPckick_ioM_0000_S284_E532_L214_T33_R630_B449,dpt,248,0.0106500880792737,0.00016725216119084507,0.002821819158270955
CPckick_ioM,CPckick_ioM_0000_S284_E532_L214_T33_R630_B449,artalk,248,0.005555453710258007,-1.3949620552011766e-05,0.0023459214717149734
CPckick_ioM,CPckick_ioM_0000_S284_E532_L214_T33_R630_B449,multitalk,248,0.012278566136956215,0.00016604522534180433,0.003988567274063826
CPckick_ioM,CPckick_ioM_0000_S284_E532_L214_T33_R630_B449,codetalker,248,0.010600952431559563,0.00024347088765352964,0.006696449592709541
CQUP1LhDLPM,CQUP1LhDLPM_0000_S1462_E1919_L430_T0_R862_B416,dpt,381,0.01032530702650547,0.0003444653993938118,0.004090467467904091
CQUP1LhDLPM,CQUP1LhDLPM_0000_S1462_E1919_L430_T0_R862_B416,artalk,382,0.00792696699500084,0.0002797431661747396,0.002840109635144472
CQUP1LhDLPM,CQUP1LhDLPM_0000_S1462_E1919_L430_T0_R862_B416,multitalk,381,0.012480574660003185,0.00030814227648079395,0.0043859886936843395
CQUP1LhDLPM,CQUP1LhDLPM_0000_S1462_E1919_L430_T0_R862_B416,codetalker,383,0.012791653163731098,0.00040976516902446747,0.008215965703129768
CaD5TRQQNsI,CaD5TRQQNsI_0001_S1115_E1795_L454_T13_R950_B509,dpt,538,0.0106075843796134,0.00018099982116837054,0.0036878634709864855
CaD5TRQQNsI,CaD5TRQQNsI_0001_S1115_E1795_L454_T13_R950_B509,artalk,539,0.006843161769211292,3.500121965771541e-05,0.003538713324815035
CaD5TRQQNsI,CaD5TRQQNsI_0001_S1115_E1795_L454_T13_R950_B509,multitalk,538,0.008352179080247879,0.0001858213363448158,0.004613688215613365
CaD5TRQQNsI,CaD5TRQQNsI_0001_S1115_E1795_L454_T13_R950_B509,codetalker,540,0.01016708929091692,0.00020256701100151986,0.007476081606000662
Cd4ZxGNbwTw,Cd4ZxGNbwTw_0001_S1386_E1759_L768_T8_R1216_B456,dpt,311,0.010151027701795101,0.0001256107643712312,0.003944905940443277
Cd4ZxGNbwTw,Cd4ZxGNbwTw_0001_S1386_E1759_L768_T8_R1216_B456,artalk,312,0.008471555076539516,2.3179369236459024e-05,0.003496067598462105
Cd4ZxGNbwTw,Cd4ZxGNbwTw_0001_S1386_E1759_L768_T8_R1216_B456,multitalk,311,0.007887625135481358,0.00014116840611677617,0.004406971391290426
Cd4ZxGNbwTw,Cd4ZxGNbwTw_0001_S1386_E1759_L768_T8_R1216_B456,codetalker,314,0.00956450030207634,0.00016494088049512357,0.0063720219768583775
CfA30p4X9g4,CfA30p4X9g4_0000_S245_E635_L71_T111_R711_B719,dpt,325,0.011583361774682999,6.31810980848968e-05,0.0031580969225615263
CfA30p4X9g4,CfA30p4X9g4_0000_S245_E635_L71_T111_R711_B719,artalk,326,0.010511334985494614,-1.4641573216067627e-05,0.0034303511492908
CfA30p4X9g4,CfA30p4X9g4_0000_S245_E635_L71_T111_R711_B719,multitalk,324,0.013704835437238216,8.208224608097225e-05,0.0023597830440849066
CfA30p4X9g4,CfA30p4X9g4_0000_S245_E635_L71_T111_R711_B719,codetalker,327,0.014077168889343739,8.047334995353594e-05,0.007518887985497713
CjnVq4zLT6s,CjnVq4zLT6s_0000_S219_E483_L418_T55_R834_B471,dpt,264,0.009697899222373962,0.00018785054271575063,0.002676938893273473
CjnVq4zLT6s,CjnVq4zLT6s_0000_S219_E483_L418_T55_R834_B471,artalk,264,0.010499736294150352,5.627125938190147e-05,0.004161908756941557
CjnVq4zLT6s,CjnVq4zLT6s_0000_S219_E483_L418_T55_R834_B471,multitalk,264,0.00852179154753685,0.0001825967337936163,0.0029812250286340714
CjnVq4zLT6s,CjnVq4zLT6s_0000_S219_E483_L418_T55_R834_B471,codetalker,264,0.014428083784878254,0.00021167438535485417,0.008944028988480568
Ckrrk5oBneA,Ckrrk5oBneA_0000_S1313_E1772_L194_T172_R530_B508,dpt,383,0.01098145917057991,0.00014794735761824995,0.006653689779341221
Ckrrk5oBneA,Ckrrk5oBneA_0000_S1313_E1772_L194_T172_R530_B508,artalk,384,0.01129141729325056,2.463910641381517e-05,0.006908101495355368
Ckrrk5oBneA,Ckrrk5oBneA_0000_S1313_E1772_L194_T172_R530_B508,multitalk,383,0.014994410797953606,0.00016005206271074712,0.0059835417196154594
Ckrrk5oBneA,Ckrrk5oBneA_0000_S1313_E1772_L194_T172_R530_B508,codetalker,385,0.010389113798737526,0.0001931711594806984,0.005065353121608496
ClVtccpCs6g,ClVtccpCs6g_0000_S1167_E1692_L370_T128_R642_B400,dpt,438,0.007825524546205997,0.00012195690214866772,0.003141226479783654
ClVtccpCs6g,ClVtccpCs6g_0000_S1167_E1692_L370_T128_R642_B400,artalk,439,0.006954179145395756,-5.160158616490662e-05,0.0026798497419804335
ClVtccpCs6g,ClVtccpCs6g_0000_S1167_E1692_L370_T128_R642_B400,multitalk,438,0.012294569052755833,7.849591202102602e-05,0.003404818009585142
ClVtccpCs6g,ClVtccpCs6g_0000_S1167_E1692_L370_T128_R642_B400,codetalker,440,0.008810924366116524,0.00010340631706640124,0.003704903880134225
Cr0cBSpnn40,Cr0cBSpnn40_0000_S147_E391_L396_T67_R796_B467,dpt,203,0.010923636145889759,0.00024393807689193636,0.006316571496427059
Cr0cBSpnn40,Cr0cBSpnn40_0000_S147_E391_L396_T67_R796_B467,artalk,204,0.007781705819070339,0.00022797180281486362,0.005239773076027632
Cr0cBSpnn40,Cr0cBSpnn40_0000_S147_E391_L396_T67_R796_B467,multitalk,203,0.009876317344605923,0.0002177065471187234,0.0030459435656666756
Cr0cBSpnn40,Cr0cBSpnn40_0000_S147_E391_L396_T67_R796_B467,codetalker,205,0.012330079451203346,0.0002874497149605304,0.010166709311306477
CuoCrLWcsjI,CuoCrLWcsjI_0001_S0_E386_L477_T33_R957_B497,dpt,386,0.009654215537011623,0.0003306350263301283,0.0034575602039694786
CuoCrLWcsjI,CuoCrLWcsjI_0001_S0_E386_L477_T33_R957_B497,artalk,386,0.00962201226502657,0.0001985406706808135,0.003588387742638588
CuoCrLWcsjI,CuoCrLWcsjI_0001_S0_E386_L477_T33_R957_B497,multitalk,385,0.010489639826118946,0.00033464605803601444,0.0024614837020635605
CuoCrLWcsjI,CuoCrLWcsjI_0001_S0_E386_L477_T33_R957_B497,codetalker,386,0.011425280012190342,0.0003293681365903467,0.0068740202113986015
CuyAI82HFe0,CuyAI82HFe0_0000_S634_E894_L570_T7_R1114_B551,dpt,260,0.009319043718278408,7.364719203906134e-05,0.004319555126130581
CuyAI82HFe0,CuyAI82HFe0_0000_S634_E894_L570_T7_R1114_B551,artalk,260,0.006072225049138069,-5.5080276979424525e-06,0.0024662865325808525
CuyAI82HFe0,CuyAI82HFe0_0000_S634_E894_L570_T7_R1114_B551,multitalk,259,0.00878351740539074,0.00011614007962634787,0.005977049935609102
CuyAI82HFe0,CuyAI82HFe0_0000_S634_E894_L570_T7_R1114_B551,codetalker,260,0.00953579694032669,0.00010570686572464183,0.005206285044550896
Cymmi8L0O1E,Cymmi8L0O1E_0002_S872_E1231_L521_T65_R777_B321,dpt,359,0.016055475920438766,0.000261706649325788,0.006282402668148279
Cymmi8L0O1E,Cymmi8L0O1E_0002_S872_E1231_L521_T65_R777_B321,artalk,359,0.015686120837926865,0.00014810556604061276,0.005119918379932642
Cymmi8L0O1E,Cymmi8L0O1E_0002_S872_E1231_L521_T65_R777_B321,multitalk,359,0.017231129109859467,0.00023296107247006148,0.008454197086393833
Cymmi8L0O1E,Cymmi8L0O1E_0002_S872_E1231_L521_T65_R777_B321,codetalker,359,0.013141017407178879,0.00029257373535074294,0.004053820390254259
CyyImnREpbg,CyyImnREpbg_0003_S1146_E1422_L462_T11_R974_B523,dpt,287,0.01206276100128889,0.00021751328313257545,0.0028079908806830645
CyyImnREpbg,CyyImnREpbg_0003_S1146_E1422_L462_T11_R974_B523,artalk,288,0.010156393051147461,0.00019607081776484847,0.0050234985537827015
CyyImnREpbg,CyyImnREpbg_0003_S1146_E1422_L462_T11_R974_B523,multitalk,287,0.016474980860948563,0.00021613104036077857,0.005066365003585815
CyyImnREpbg,CyyImnREpbg_0003_S1146_E1422_L462_T11_R974_B523,codetalker,288,0.016364596784114838,0.0002955483796540648,0.01061887014657259
D0TgSpsBabY,D0TgSpsBabY_0030_S723_E970_L474_T87_R842_B455,dpt,257,0.009822730906307697,0.00019340608560014516,0.004710270557552576
D0TgSpsBabY,D0TgSpsBabY_0030_S723_E970_L474_T87_R842_B455,artalk,258,0.010447777807712555,7.108239515218884e-05,0.005078858230262995
D0TgSpsBabY,D0TgSpsBabY_0030_S723_E970_L474_T87_R842_B455,multitalk,257,0.013349073939025402,0.00014349714911077172,0.004233927931636572
D0TgSpsBabY,D0TgSpsBabY_0030_S723_E970_L474_T87_R842_B455,codetalker,258,0.014928722754120827,0.0002311679272679612,0.009657565504312515
D4T0Ffg1I_Y,D4T0Ffg1I_Y_0002_S0_E256_L364_T0_R716_B304,dpt,213,0.010259496048092842,0.00019856619474012405,0.0028283775318413973
D4T0Ffg1I_Y,D4T0Ffg1I_Y_0002_S0_E256_L364_T0_R716_B304,artalk,214,0.006151948124170303,7.429697143379599e-05,0.003928684163838625
D4T0Ffg1I_Y,D4T0Ffg1I_Y_0002_S0_E256_L364_T0_R716_B304,multitalk,213,0.010747520253062248,0.00016036280430853367,0.0020294622518122196
D4T0Ffg1I_Y,D4T0Ffg1I_Y_0002_S0_E256_L364_T0_R716_B304,codetalker,215,0.012434030883014202,0.00019706293824128807,0.008650518022477627
D5ZZUHKPC10,D5ZZUHKPC10_0000_S346_E735_L291_T64_R595_B368,dpt,324,0.007594584487378597,0.00017652506357990205,0.004006204195320606
D5ZZUHKPC10,D5ZZUHKPC10_0000_S346_E735_L291_T64_R595_B368,artalk,325,0.007013667840510607,0.0001334734697593376,0.003701868001371622
D5ZZUHKPC10,D5ZZUHKPC10_0000_S346_E735_L291_T64_R595_B368,multitalk,324,0.011243361048400402,0.0002029887109529227,0.004731112625449896
D5ZZUHKPC10,D5ZZUHKPC10_0000_S346_E735_L291_T64_R595_B368,codetalker,326,0.008996178396046162,0.00017046762513928115,0.003572082845494151
D5gW_X-Db74,D5gW_X-Db74_0000_S1559_E1905_L171_T120_R523_B472,dpt,288,0.01158273033797741,0.00011767677642637864,0.0030788348522037268
D5gW_X-Db74,D5gW_X-Db74_0000_S1559_E1905_L171_T120_R523_B472,artalk,289,0.012234099209308624,-1.4864383956592064e-05,0.002060869475826621
D5gW_X-Db74,D5gW_X-Db74_0000_S1559_E1905_L171_T120_R523_B472,multitalk,288,0.014069237746298313,0.0001457640901207924,0.004223547410219908
D5gW_X-Db74,D5gW_X-Db74_0000_S1559_E1905_L171_T120_R523_B472,codetalker,290,0.01065783854573965,0.00018210490816272795,0.006621148437261581
D7wvFZjtVOw,D7wvFZjtVOw_0000_S810_E1143_L112_T0_R992_B704,dpt,278,0.01805243454873562,0.00026434275787323713,0.006985349114984274
D7wvFZjtVOw,D7wvFZjtVOw_0000_S810_E1143_L112_T0_R992_B704,artalk,279,0.01719258725643158,0.00016746846085879952,0.009998567402362823
D7wvFZjtVOw,D7wvFZjtVOw_0000_S810_E1143_L112_T0_R992_B704,multitalk,277,0.015436038374900818,0.00022255351359490305,0.006705370731651783
D7wvFZjtVOw,D7wvFZjtVOw_0000_S810_E1143_L112_T0_R992_B704,codetalker,279,0.016926057636737823,0.0003068026271648705,0.010748821310698986
D8TFETlLRdA,D8TFETlLRdA_0215_S1365_E1759_L300_T106_R604_B410,dpt,328,0.011449233628809452,2.4789318558759987e-05,0.0065820058807730675
D8TFETlLRdA,D8TFETlLRdA_0215_S1365_E1759_L300_T106_R604_B410,artalk,329,0.010310586541891098,-9.03688051039353e-05,0.005719837732613087
D8TFETlLRdA,D8TFETlLRdA_0215_S1365_E1759_L300_T106_R604_B410,multitalk,328,0.012790011242032051,2.983302329084836e-05,0.01023760624229908
D8TFETlLRdA,D8TFETlLRdA_0215_S1365_E1759_L300_T106_R604_B410,codetalker,330,0.008952886797487736,2.192177089455072e-05,0.0035891435109078884
D9aRZXIOX5k,D9aRZXIOX5k_0000_S11_E304_L119_T67_R407_B355,dpt,244,0.0090378662571311,0.00020377751206979156,0.0030166616197675467
D9aRZXIOX5k,D9aRZXIOX5k_0000_S11_E304_L119_T67_R407_B355,artalk,245,0.006826513446867466,0.0001351015380350873,0.0027395603246986866
D9aRZXIOX5k,D9aRZXIOX5k_0000_S11_E304_L119_T67_R407_B355,multitalk,244,0.012404057197272778,0.00023938687809277326,0.0028313195798546076
D9aRZXIOX5k,D9aRZXIOX5k_0000_S11_E304_L119_T67_R407_B355,codetalker,246,0.011449623852968216,0.000217150678508915,0.006596060004085302
DChlO5fNMGw,DChlO5fNMGw_0000_S1526_E1816_L473_T0_R1273_B672,dpt,242,0.01804659143090248,0.00014053778431843966,0.006251742132008076
DChlO5fNMGw,DChlO5fNMGw_0000_S1526_E1816_L473_T0_R1273_B672,artalk,243,0.014051786623895168,2.901002289945609e-06,0.00585482083261013
DChlO5fNMGw,DChlO5fNMGw_0000_S1526_E1816_L473_T0_R1273_B672,multitalk,241,0.021829431876540184,0.00013305780885275453,0.006625760346651077
DChlO5fNMGw,DChlO5fNMGw_0000_S1526_E1816_L473_T0_R1273_B672,codetalker,243,0.019086549058556557,0.0001279879652429372,0.010134979151189327
DFqDbrTGTnY,DFqDbrTGTnY_0002_S1178_E1871_L373_T97_R885_B609,dpt,427,0.006860308349132538,0.00040561117930337787,0.003522369312122464
DFqDbrTGTnY,DFqDbrTGTnY_0002_S1178_E1871_L373_T97_R885_B609,artalk,428,0.007682194001972675,0.00030692090513184667,0.003539063734933734
DFqDbrTGTnY,DFqDbrTGTnY_0002_S1178_E1871_L373_T97_R885_B609,multitalk,427,0.007736341096460819,0.0004160231910645962,0.0026795382145792246
DFqDbrTGTnY,DFqDbrTGTnY_0002_S1178_E1871_L373_T97_R885_B609,codetalker,429,0.009891563095152378,0.00041045271791517735,0.005732202902436256
DKnHYcKfz6Q,DKnHYcKfz6Q_0000_S0_E267_L523_T66_R859_B402,dpt,222,0.013038593344390392,0.00013274811499286443,0.002713024616241455
DKnHYcKfz6Q,DKnHYcKfz6Q_0000_S0_E267_L523_T66_R859_B402,artalk,223,0.009090743027627468,3.769088289118372e-05,0.0033818490337580442
DKnHYcKfz6Q,DKnHYcKfz6Q_0000_S0_E267_L523_T66_R859_B402,multitalk,222,0.01092962734401226,8.967825851868838e-05,0.0028835199773311615
DKnHYcKfz6Q,DKnHYcKfz6Q_0000_S0_E267_L523_T66_R859_B402,codetalker,224,0.014206563122570515,0.0001595410576555878,0.00740533834323287
DPDF4odJrq8,DPDF4odJrq8_0005_S339_E626_L205_T0_R1181_B704,dpt,239,0.020126018673181534,0.0003287302970420569,0.009010921232402325
DPDF4odJrq8,DPDF4odJrq8_0005_S339_E626_L205_T0_R1181_B704,artalk,240,0.015627402812242508,0.0003025025362148881,0.0093150045722723
DPDF4odJrq8,DPDF4odJrq8_0005_S339_E626_L205_T0_R1181_B704,multitalk,239,0.01989050954580307,0.000280855834716931,0.004209453705698252
DPDF4odJrq8,DPDF4odJrq8_0005_S339_E626_L205_T0_R1181_B704,codetalker,241,0.02062036842107773,0.00039077375549823046,0.013465291820466518
DRHNdWF4Kho,DRHNdWF4Kho_0000_S986_E1490_L153_T105_R409_B361,dpt,420,0.012674135155975819,0.00011555079981917515,0.007856820710003376
DRHNdWF4Kho,DRHNdWF4Kho_0000_S986_E1490_L153_T105_R409_B361,artalk,421,0.011749441735446453,4.49485050921794e-05,0.006398744881153107
DRHNdWF4Kho,DRHNdWF4Kho_0000_S986_E1490_L153_T105_R409_B361,multitalk,420,0.013696987181901932,0.00012832070933654904,0.010023802518844604
DRHNdWF4Kho,DRHNdWF4Kho_0000_S986_E1490_L153_T105_R409_B361,codetalker,422,0.008707559667527676,0.00017527454474475235,0.003967710770666599
DSoKEFb8R_w,DSoKEFb8R_w_0000_S1053_E1475_L706_T11_R1218_B523,dpt,440,0.012682165950536728,0.00010183698032051325,0.008849106729030609
DSoKEFb8R_w,DSoKEFb8R_w_0000_S1053_E1475_L706_T11_R1218_B523,artalk,440,0.014461603946983814,-4.1411429265281186e-05,0.006341350730508566
DSoKEFb8R_w,DSoKEFb8R_w_0000_S1053_E1475_L706_T11_R1218_B523,multitalk,440,0.010820509865880013,0.0001145078640547581,0.006195193622261286
DSoKEFb8R_w,DSoKEFb8R_w_0000_S1053_E1475_L706_T11_R1218_B523,codetalker,440,0.01475418172776699,0.00013653580390382558,0.0047468338161706924
Ddltu_Cq4E0,Ddltu_Cq4E0_0001_S0_E223_L260_T18_R788_B546,dpt,223,0.011002907529473305,0.00016553513705730438,0.005441203713417053
Ddltu_Cq4E0,Ddltu_Cq4E0_0001_S0_E223_L260_T18_R788_B546,artalk,223,0.007104899268597364,7.633188215550035e-05,0.005830336362123489
Ddltu_Cq4E0,Ddltu_Cq4E0_0001_S0_E223_L260_T18_R788_B546,multitalk,223,0.009379258379340172,0.00013780596782453358,0.0032616215758025646
Ddltu_Cq4E0,Ddltu_Cq4E0_0001_S0_E223_L260_T18_R788_B546,codetalker,223,0.013467720709741116,0.00019793376850429922,0.01167132705450058
DgGKe3kCx74,DgGKe3kCx74_0000_S1363_E1777_L746_T41_R1178_B473,dpt,345,0.00890692975372076,0.00014100089902058244,0.0038420711643993855
DgGKe3kCx74,DgGKe3kCx74_0000_S1363_E1777_L746_T41_R1178_B473,artalk,346,0.008092334493994713,1.43997358463821e-05,0.0030664284713566303
DgGKe3kCx74,DgGKe3kCx74_0000_S1363_E1777_L746_T41_R1178_B473,multitalk,345,0.010503988713026047,8.979225094662979e-05,0.005660932511091232
DgGKe3kCx74,DgGKe3kCx74_0000_S1363_E1777_L746_T41_R1178_B473,codetalker,347,0.01019411999732256,0.0001725767069729045,0.006753906607627869
DnOLvKEYIQI,DnOLvKEYIQI_0032_S964_E1293_L309_T0_R901_B592,dpt,343,0.00845756009221077,1.0505520549486391e-05,0.0077557023614645
DnOLvKEYIQI,DnOLvKEYIQI_0032_S964_E1293_L309_T0_R901_B592,artalk,344,0.006433326750993729,-0.0001198212121380493,0.005634588189423084
DnOLvKEYIQI,DnOLvKEYIQI_0032_S964_E1293_L309_T0_R901_B592,multitalk,342,0.021199770271778107,-5.823670653626323e-05,0.009142294526100159
DnOLvKEYIQI,DnOLvKEYIQI_0032_S964_E1293_L309_T0_R901_B592,codetalker,344,0.009508597664535046,3.1795392715139315e-05,0.0035205462481826544
DrDOMMmwPvI,DrDOMMmwPvI_0001_S1028_E1258_L334_T73_R782_B521,dpt,240,0.007231513503938913,0.00022185378475114703,0.002686975756660104
DrDOMMmwPvI,DrDOMMmwPvI_0001_S1028_E1258_L334_T73_R782_B521,artalk,240,0.006005650386214256,0.0001229680492542684,0.0029055774211883545
DrDOMMmwPvI,DrDOMMmwPvI_0001_S1028_E1258_L334_T73_R782_B521,multitalk,240,0.00881329644471407,0.00019431150576565415,0.003178734565153718
DrDOMMmwPvI,DrDOMMmwPvI_0001_S1028_E1258_L334_T73_R782_B521,codetalker,240,0.006862301845103502,0.00020385246898513287,0.004085200373083353
DuNW0KQ_GZM,DuNW0KQ_GZM_0000_S216_E659_L344_T0_R952_B592,dpt,369,0.009892589412629604,0.00020272271649446338,0.005024201236665249
DuNW0KQ_GZM,DuNW0KQ_GZM_0000_S216_E659_L344_T0_R952_B592,artalk,370,0.007359391078352928,9.96504895738326e-05,0.0031287914607673883
DuNW0KQ_GZM,DuNW0KQ_GZM_0000_S216_E659_L344_T0_R952_B592,multitalk,369,0.009272735565900803,0.0002097923425026238,0.0061820498667657375
DuNW0KQ_GZM,DuNW0KQ_GZM_0000_S216_E659_L344_T0_R952_B592,codetalker,371,0.008753662928938866,0.00022218344383873045,0.005449201911687851
E-hVDqrQq6M,E-hVDqrQq6M_0000_S329_E750_L383_T198_R751_B566,dpt,416,0.011509433388710022,0.00015390517364721745,0.006868771743029356
E-hVDqrQq6M,E-hVDqrQq6M_0000_S329_E750_L383_T198_R751_B566,artalk,417,0.009086639620363712,5.512098505278118e-05,0.006166389677673578
E-hVDqrQq6M,E-hVDqrQq6M_0000_S329_E750_L383_T198_R751_B566,multitalk,416,0.010005340911448002,0.00015677865303587168,0.00498005747795105
E-hVDqrQq6M,E-hVDqrQq6M_0000_S329_E750_L383_T198_R751_B566,codetalker,418,0.011103513650596142,0.00017755779845174402,0.00908662099391222
E-qQNDCVSnk,E-qQNDCVSnk_0000_S954_E1535_L501_T21_R869_B389,dpt,581,0.009404877200722694,0.0001212911301990971,0.0028216650243848562
E-qQNDCVSnk,E-qQNDCVSnk_0000_S954_E1535_L501_T21_R869_B389,artalk,581,0.0075444714166224,-1.810756657505408e-05,0.0035211248323321342
E-qQNDCVSnk,E-qQNDCVSnk_0000_S954_E1535_L501_T21_R869_B389,multitalk,580,0.009849552996456623,0.00012945329945068806,0.002855996834114194
E-qQNDCVSnk,E-qQNDCVSnk_0000_S954_E1535_L501_T21_R869_B389,codetalker,581,0.012056499719619751,0.00010690929047996178,0.0074903289787471294
E1QbVtkza54,E1QbVtkza54_0001_S527_E876_L169_T7_R489_B327,dpt,349,0.009343364275991917,0.00013305959873832762,0.005359013099223375
E1QbVtkza54,E1QbVtkza54_0001_S527_E876_L169_T7_R489_B327,artalk,349,0.009017671458423138,0.00010004429350374267,0.00598306767642498
E1QbVtkza54,E1QbVtkza54_0001_S527_E876_L169_T7_R489_B327,multitalk,349,0.010199620388448238,0.00013443575880955905,0.005698781460523605
E1QbVtkza54,E1QbVtkza54_0001_S527_E876_L169_T7_R489_B327,codetalker,349,0.013695482164621353,0.0001872670545708388,0.01163728628307581
E1gXzYA0tFA,E1gXzYA0tFA_0005_S1160_E1823_L368_T63_R864_B559,dpt,500,0.00874300953000784,0.0003035938134416938,0.0036678279284387827
E1gXzYA0tFA,E1gXzYA0tFA_0005_S1160_E1823_L368_T63_R864_B559,artalk,501,0.005868930369615555,0.0001947849232237786,0.003254595445469022
E1gXzYA0tFA,E1gXzYA0tFA_0005_S1160_E1823_L368_T63_R864_B559,multitalk,500,0.008764694444835186,0.00030233649886213243,0.0047529167495667934
E1gXzYA0tFA,E1gXzYA0tFA_0005_S1160_E1823_L368_T63_R864_B559,codetalker,503,0.008956854231655598,0.0003417627885937691,0.005130690056830645
E2uUfyT64VY,E2uUfyT64VY_0001_S213_E466_L197_T353_R485_B641,dpt,211,0.015582509338855743,0.0001853313879109919,0.01122114434838295
E2uUfyT64VY,E2uUfyT64VY_0001_S213_E466_L197_T353_R485_B641,artalk,212,0.014732159674167633,0.00010771713277790695,0.009141327813267708
E2uUfyT64VY,E2uUfyT64VY_0001_S213_E466_L197_T353_R485_B641,multitalk,211,0.018071437254548073,0.0001478101621614769,0.013756767846643925
E2uUfyT64VY,E2uUfyT64VY_0001_S213_E466_L197_T353_R485_B641,codetalker,214,0.01325115468353033,0.00027164400671608746,0.006399376317858696
E7XkvbCu-jU,E7XkvbCu-jU_0001_S1270_E1799_L29_T0_R525_B480,dpt,409,0.012233596295118332,5.456696089822799e-05,0.006573686376214027
E7XkvbCu-jU,E7XkvbCu-jU_0001_S1270_E1799_L29_T0_R525_B480,artalk,410,0.011419679969549179,-5.3665080486098304e-05,0.0062474412843585014
E7XkvbCu-jU,E7XkvbCu-jU_0001_S1270_E1799_L29_T0_R525_B480,multitalk,409,0.014010698534548283,4.276139225112274e-05,0.010854595340788364
E7XkvbCu-jU,E7XkvbCu-jU_0001_S1270_E1799_L29_T0_R525_B480,codetalker,411,0.00879891961812973,8.127427281579003e-05,0.004553197417408228
EAc4WhNQZ30,EAc4WhNQZ30_0009_S601_E807_L429_T33_R829_B433,dpt,206,0.009049731306731701,0.00012748053995892406,0.005953045561909676
EAc4WhNQZ30,EAc4WhNQZ30_0009_S601_E807_L429_T33_R829_B433,artalk,206,0.008266397751867771,4.3092652049381286e-05,0.0052829310297966
EAc4WhNQZ30,EAc4WhNQZ30_0009_S601_E807_L429_T33_R829_B433,multitalk,205,0.008748183026909828,0.0001490893482696265,0.007765503600239754
EAc4WhNQZ30,EAc4WhNQZ30_0009_S601_E807_L429_T33_R829_B433,codetalker,206,0.0068669868633151054,0.0001819976605474949,0.0038827089592814445
EB_d1jK1R44,EB_d1jK1R44_0000_S572_E1098_L309_T3_R981_B675,dpt,526,0.014563447795808315,0.00016956667241174728,0.0032655445393174887
EB_d1jK1R44,EB_d1jK1R44_0000_S572_E1098_L309_T3_R981_B675,artalk,526,0.014832803048193455,5.4213360272115096e-05,0.004472966771572828
EB_d1jK1R44,EB_d1jK1R44_0000_S572_E1098_L309_T3_R981_B675,multitalk,526,0.017203059047460556,0.0001661063579376787,0.0027045602910220623
EB_d1jK1R44,EB_d1jK1R44_0000_S572_E1098_L309_T3_R981_B675,codetalker,526,0.017989231273531914,0.00022316839022096246,0.00916606280952692
EEq8OK4BUyM,EEq8OK4BUyM_0000_S916_E1242_L415_T180_R815_B580,dpt,326,0.009071242064237595,0.00022949877893552184,0.003816969459876418
EEq8OK4BUyM,EEq8OK4BUyM_0000_S916_E1242_L415_T180_R815_B580,artalk,326,0.007318501826375723,0.00011124680895591155,0.0040739248506724834
EEq8OK4BUyM,EEq8OK4BUyM_0000_S916_E1242_L415_T180_R815_B580,multitalk,326,0.011260687373578548,0.00025449725217185915,0.004441107157617807
EEq8OK4BUyM,EEq8OK4BUyM_0000_S916_E1242_L415_T180_R815_B580,codetalker,326,0.011615458875894547,0.00024338472576346248,0.003569188294932246
EH6q2YGx45M,EH6q2YGx45M_0003_S219_E583_L249_T88_R553_B392,dpt,304,0.007487698458135128,2.522042632335797e-05,0.003881036536768079
EH6q2YGx45M,EH6q2YGx45M_0003_S219_E583_L249_T88_R553_B392,artalk,305,0.007102455012500286,-2.5277586246374995e-06,0.002560720779001713
EH6q2YGx45M,EH6q2YGx45M_0003_S219_E583_L249_T88_R553_B392,multitalk,304,0.009214895777404308,4.9632475565886125e-05,0.006724096368998289
EH6q2YGx45M,EH6q2YGx45M_0003_S219_E583_L249_T88_R553_B392,codetalker,306,0.008334938436746597,3.856414696201682e-05,0.004555976018309593
EHp_I9ETmtQ,EHp_I9ETmtQ_0000_S1413_E1755_L264_T75_R648_B459,dpt,285,0.012074162252247334,0.00010974276665365323,0.005846747662872076
EHp_I9ETmtQ,EHp_I9ETmtQ_0000_S1413_E1755_L264_T75_R648_B459,artalk,286,0.009698671288788319,6.343028508126736e-05,0.005347684491425753
EHp_I9ETmtQ,EHp_I9ETmtQ_0000_S1413_E1755_L264_T75_R648_B459,multitalk,285,0.013242906890809536,0.00011820218787761405,0.008466077037155628
EHp_I9ETmtQ,EHp_I9ETmtQ_0000_S1413_E1755_L264_T75_R648_B459,codetalker,287,0.008958984166383743,0.00018796607037074864,0.005308821331709623
EJMlBT6jptE,EJMlBT6jptE_0002_S824_E1128_L274_T0_R722_B384,dpt,316,0.01103347260504961,0.00020947086159139872,0.008549288846552372
EJMlBT6jptE,EJMlBT6jptE_0002_S824_E1128_L274_T0_R722_B384,artalk,317,0.012855126522481441,0.00011750154953915626,0.007129082456231117
EJMlBT6jptE,EJMlBT6jptE_0002_S824_E1128_L274_T0_R722_B384,multitalk,316,0.011959550902247429,0.00011788857955252752,0.008237507194280624
EJMlBT6jptE,EJMlBT6jptE_0002_S824_E1128_L274_T0_R722_B384,codetalker,318,0.012606427073478699,0.00020657965796999633,0.004458680748939514
EJZvz09LVa4,EJZvz09LVa4_0016_S561_E775_L466_T456_R786_B712,dpt,214,0.010303455404937267,0.0001607127778697759,0.005574450828135014
EJZvz09LVa4,EJZvz09LVa4_0016_S561_E775_L466_T456_R786_B712,artalk,214,0.010151220485568047,8.718080789549276e-05,0.005461879074573517
EJZvz09LVa4,EJZvz09LVa4_0016_S561_E775_L466_T456_R786_B712,multitalk,214,0.010163779370486736,0.00013626378495246172,0.0062515935860574245
EJZvz09LVa4,EJZvz09LVa4_0016_S561_E775_L466_T456_R786_B712,codetalker,214,0.006852317601442337,0.00017616066907066852,0.002967276843264699
EK3WoT1Gqvs,EK3WoT1Gqvs_0002_S697_E900_L518_T104_R822_B408,dpt,211,0.01075648795813322,0.0002715595765039325,0.0023949353490024805
EK3WoT1Gqvs,EK3WoT1Gqvs_0002_S697_E900_L518_T104_R822_B408,artalk,212,0.008934954181313515,0.00013025155931245536,0.003363067749887705
EK3WoT1Gqvs,EK3WoT1Gqvs_0002_S697_E900_L518_T104_R822_B408,multitalk,211,0.01713813841342926,0.000285087910015136,0.003406672505661845
EK3WoT1Gqvs,EK3WoT1Gqvs_0002_S697_E900_L518_T104_R822_B408,codetalker,213,0.013713655062019825,0.0002842216636054218,0.007513945456594229
EQLg-kHxwCA,EQLg-kHxwCA_0000_S1344_E1661_L462_T227_R750_B515,dpt,264,0.008123718202114105,0.0001625156291993335,0.003206212306395173
EQLg-kHxwCA,EQLg-kHxwCA_0000_S1344_E1661_L462_T227_R750_B515,artalk,265,0.006371675059199333,1.9486773453536443e-05,0.003977038897573948
EQLg-kHxwCA,EQLg-kHxwCA_0000_S1344_E1661_L462_T227_R750_B515,multitalk,264,0.015222683548927307,0.00014644322800450027,0.004297527484595776
EQLg-kHxwCA,EQLg-kHxwCA_0000_S1344_E1661_L462_T227_R750_B515,codetalker,266,0.010346286930143833,0.00012988198432140052,0.007488893810659647
EQ_VlFQT9hg,EQ_VlFQT9hg_0000_S1051_E1759_L405_T0_R885_B432,dpt,590,0.01413386594504118,0.00035653047962114215,0.008205649442970753
EQ_VlFQT9hg,EQ_VlFQT9hg_0000_S1051_E1759_L405_T0_R885_B432,artalk,591,0.012236489914357662,0.0002507440804038197,0.007333045359700918
EQ_VlFQT9hg,EQ_VlFQT9hg_0000_S1051_E1759_L405_T0_R885_B432,multitalk,590,0.010180926881730556,0.0003470365481916815,0.0026743740309029818
EQ_VlFQT9hg,EQ_VlFQT9hg_0000_S1051_E1759_L405_T0_R885_B432,codetalker,592,0.01679209992289543,0.0003739534877240658,0.012039846740663052
EUS1m5MSt9k,EUS1m5MSt9k_0007_S44_E337_L457_T0_R1065_B528,dpt,244,0.015306930057704449,0.00010053694859379902,0.005286199506372213
EUS1m5MSt9k,EUS1m5MSt9k_0007_S44_E337_L457_T0_R1065_B528,artalk,245,0.01467965543270111,-5.564617822528817e-05,0.005378196481615305
EUS1m5MSt9k,EUS1m5MSt9k_0007_S44_E337_L457_T0_R1065_B528,multitalk,244,0.019568216055631638,0.00010999770165653899,0.006555631291121244
EUS1m5MSt9k,EUS1m5MSt9k_0007_S44_E337_L457_T0_R1065_B528,codetalker,246,0.017296675592660904,0.00014141897554509342,0.008641485124826431
EVBOSk6kEwg,EVBOSk6kEwg_0006_S1229_E1430_L370_T57_R754_B441,dpt,201,0.011558886617422104,0.00024872811627574265,0.01161877065896988
EVBOSk6kEwg,EVBOSk6kEwg_0006_S1229_E1430_L370_T57_R754_B441,artalk,201,0.010211785323917866,0.00017826574912760407,0.00830801110714674
EVBOSk6kEwg,EVBOSk6kEwg_0006_S1229_E1430_L370_T57_R754_B441,multitalk,201,0.013456434942781925,0.00021710841974709183,0.011566323228180408
EVBOSk6kEwg,EVBOSk6kEwg_0006_S1229_E1430_L370_T57_R754_B441,codetalker,201,0.01214047335088253,0.00028195398044772446,0.005152764730155468
EWSp2QMzKv8,EWSp2QMzKv8_0006_S344_E580_L497_T57_R785_B345,dpt,236,0.00901717972010374,0.00015192458522506058,0.005096272099763155
EWSp2QMzKv8,EWSp2QMzKv8_0006_S344_E580_L497_T57_R785_B345,artalk,236,0.007676674984395504,6.166759703774005e-05,0.004763714503496885
EWSp2QMzKv8,EWSp2QMzKv8_0006_S344_E580_L497_T57_R785_B345,multitalk,236,0.007652682717889547,0.00011144440941279754,0.006222508382052183
EWSp2QMzKv8,EWSp2QMzKv8_0006_S344_E580_L497_T57_R785_B345,codetalker,236,0.008378919214010239,0.0001906271354528144,0.003087804187089205
EYaKFlWd2MY,EYaKFlWd2MY_0005_S1475_E1759_L376_T0_R952_B400,dpt,236,0.016061464324593544,7.56001245463267e-05,0.004467225167900324
EYaKFlWd2MY,EYaKFlWd2MY_0005_S1475_E1759_L376_T0_R952_B400,artalk,237,0.013793553225696087,-2.5277371605625376e-05,0.0036137572024017572
EYaKFlWd2MY,EYaKFlWd2MY_0005_S1475_E1759_L376_T0_R952_B400,multitalk,236,0.0216661524027586,7.58673413656652e-05,0.003870838088914752
EYaKFlWd2MY,EYaKFlWd2MY_0005_S1475_E1759_L376_T0_R952_B400,codetalker,238,0.017156027257442474,0.00010052301513496786,0.0050157648511230946
EckpALTiYhE,EckpALTiYhE_0000_S1054_E1461_L300_T21_R908_B629,dpt,339,0.011339686810970306,7.508158887503669e-05,0.005322220269590616
EckpALTiYhE,EckpALTiYhE_0000_S1054_E1461_L300_T21_R908_B629,artalk,340,0.007056967820972204,-5.349518232833361e-07,0.003841152647510171
EckpALTiYhE,EckpALTiYhE_0000_S1054_E1461_L300_T21_R908_B629,multitalk,339,0.01597481593489647,8.157879346981645e-05,0.006063305307179689
EckpALTiYhE,EckpALTiYhE_0000_S1054_E1461_L300_T21_R908_B629,codetalker,341,0.009589172899723053,0.00015825759328436106,0.005860765464603901
EjB9J20nulw,EjB9J20nulw_0000_S0_E363_L390_T25_R934_B569,dpt,303,0.013921014964580536,0.00019051331037189811,0.0027172781992703676
EjB9J20nulw,EjB9J20nulw_0000_S0_E363_L390_T25_R934_B569,artalk,304,0.009523799642920494,8.241836621891707e-05,0.002376359887421131
EjB9J20nulw,EjB9J20nulw_0000_S0_E363_L390_T25_R934_B569,multitalk,302,0.017640074715018272,0.00017768086399883032,0.004196439404040575
EjB9J20nulw,EjB9J20nulw_0000_S0_E363_L390_T25_R934_B569,codetalker,305,0.015872573480010033,0.0002376746415393427,0.007474510930478573
EjBkTt0LHbU,EjBkTt0LHbU_0000_S0_E244_L424_T35_R760_B371,dpt,244,0.008433451876044273,0.0001610720792086795,0.0031339472625404596
EjBkTt0LHbU,EjBkTt0LHbU_0000_S0_E244_L424_T35_R760_B371,artalk,244,0.005933042615652084,8.183749014278874e-05,0.0038766234647482634
EjBkTt0LHbU,EjBkTt0LHbU_0000_S0_E244_L424_T35_R760_B371,multitalk,244,0.009599339216947556,0.00017156725516542792,0.003042400348931551
EjBkTt0LHbU,EjBkTt0LHbU_0000_S0_E244_L424_T35_R760_B371,codetalker,244,0.010076816193759441,0.00023981374397408217,0.008093930780887604
EnU6HVRC4s0,EnU6HVRC4s0_0002_S752_E1018_L399_T49_R767_B417,dpt,266,0.008477536030113697,6.646856490988284e-05,0.0031482495833188295
EnU6HVRC4s0,EnU6HVRC4s0_0002_S752_E1018_L399_T49_R767_B417,artalk,266,0.006197144277393818,-7.114746040315367e-06,0.002712139394134283
EnU6HVRC4s0,EnU6HVRC4s0_0002_S752_E1018_L399_T49_R767_B417,multitalk,266,0.009786855429410934,5.435957427835092e-05,0.002655857242643833
EnU6HVRC4s0,EnU6HVRC4s0_0002_S752_E1018_L399_T49_R767_B417,codetalker,266,0.009098824113607407,0.0001360599126201123,0.006004267372190952
Eojazns82hw,Eojazns82hw_0000_S1536_E1823_L353_T0_R881_B496,dpt,239,0.010090584866702557,0.0003346941084600985,0.003577285213395953
Eojazns82hw,Eojazns82hw_0000_S1536_E1823_L353_T0_R881_B496,artalk,240,0.009258885867893696,0.00027220905758440495,0.00479512894526124
Eojazns82hw,Eojazns82hw_0000_S1536_E1823_L353_T0_R881_B496,multitalk,239,0.010611985810101032,0.00033602945040911436,0.0034339886624366045
Eojazns82hw,Eojazns82hw_0000_S1536_E1823_L353_T0_R881_B496,codetalker,241,0.014230833388864994,0.0003659404464997351,0.009432108141481876
Eoxazjg1NUA,Eoxazjg1NUA_0000_S1426_E1712_L707_T34_R1251_B578,dpt,238,0.011439641937613487,0.00021203492360655218,0.004026873968541622
Eoxazjg1NUA,Eoxazjg1NUA_0000_S1426_E1712_L707_T34_R1251_B578,artalk,239,0.006533512845635414,0.00020235155534464866,0.003691344987601042
Eoxazjg1NUA,Eoxazjg1NUA_0000_S1426_E1712_L707_T34_R1251_B578,multitalk,238,0.009154453873634338,0.00019000167958438396,0.004761640913784504
Eoxazjg1NUA,Eoxazjg1NUA_0000_S1426_E1712_L707_T34_R1251_B578,codetalker,240,0.009416969493031502,0.00023973689530976117,0.004613564815372229
Esu34JYC2YQ,Esu34JYC2YQ_0002_S717_E997_L507_T27_R891_B411,dpt,233,0.008844524621963501,0.0001836767914937809,0.0022609203588217497
Esu34JYC2YQ,Esu34JYC2YQ_0002_S717_E997_L507_T27_R891_B411,artalk,234,0.009204060770571232,0.00017301432671956718,0.0034621087834239006
Esu34JYC2YQ,Esu34JYC2YQ_0002_S717_E997_L507_T27_R891_B411,multitalk,233,0.010557296685874462,0.0002016631478909403,0.003505469998344779
Esu34JYC2YQ,Esu34JYC2YQ_0002_S717_E997_L507_T27_R891_B411,codetalker,235,0.012618452310562134,0.0002301083441125229,0.006694621406495571
EtctGvH92Ww,EtctGvH92Ww_0002_S1167_E1410_L296_T79_R552_B335,dpt,251,0.012043388560414314,0.00017937026859726757,0.0024120507296174765
EtctGvH92Ww,EtctGvH92Ww_0002_S1167_E1410_L296_T79_R552_B335,artalk,252,0.009450923651456833,6.27053013886325e-05,0.002258671447634697
EtctGvH92Ww,EtctGvH92Ww_0002_S1167_E1410_L296_T79_R552_B335,multitalk,251,0.01632644236087799,0.00018575497961137444,0.00279417191632092
EtctGvH92Ww,EtctGvH92Ww_0002_S1167_E1410_L296_T79_R552_B335,codetalker,252,0.01393281202763319,0.00021705726976506412,0.00633265683427453
EuVBpqBgmvM,EuVBpqBgmvM_0003_S0_E377_L338_T216_R594_B472,dpt,314,0.011535578407347202,0.00017896438657771796,0.003727721981704235
EuVBpqBgmvM,EuVBpqBgmvM_0003_S0_E377_L338_T216_R594_B472,artalk,315,0.007710503879934549,6.76260024192743e-05,0.0032788945827633142
EuVBpqBgmvM,EuVBpqBgmvM_0003_S0_E377_L338_T216_R594_B472,multitalk,314,0.012354487553238869,0.0001506708940723911,0.003455707337707281
EuVBpqBgmvM,EuVBpqBgmvM_0003_S0_E377_L338_T216_R594_B472,codetalker,316,0.010369340889155865,0.00018076415290124714,0.005622491240501404
F-nsVjM7FmU,F-nsVjM7FmU_0000_S40_E281_L251_T0_R939_B640,dpt,251,0.008337719365954399,0.00021666365501005203,0.002106925006955862
F-nsVjM7FmU,F-nsVjM7FmU_0000_S40_E281_L251_T0_R939_B640,artalk,251,0.007006513420492411,9.97092793113552e-05,0.002968339715152979
F-nsVjM7FmU,F-nsVjM7FmU_0000_S40_E281_L251_T0_R939_B640,multitalk,251,0.0096286591142416,0.0002148025669157505,0.0033124450128525496
F-nsVjM7FmU,F-nsVjM7FmU_0000_S40_E281_L251_T0_R939_B640,codetalker,251,0.010574894025921822,0.00023128461907617748,0.00587500398978591
F07fXd4vVlg,F07fXd4vVlg_0000_S0_E211_L159_T43_R431_B315,dpt,211,0.005755564197897911,-3.650971848401241e-05,0.003310201223939657
F07fXd4vVlg,F07fXd4vVlg_0000_S0_E211_L159_T43_R431_B315,artalk,211,0.010116757825016975,-7.157153595471755e-05,0.005952038336545229
F07fXd4vVlg,F07fXd4vVlg_0000_S0_E211_L159_T43_R431_B315,multitalk,211,0.007793286349624395,-0.000291227363049984,0.006455250084400177
F07fXd4vVlg,F07fXd4vVlg_0000_S0_E211_L159_T43_R431_B315,codetalker,211,0.009170466102659702,-0.0002613017277326435,0.001277708332054317
F4xgvj4kSnU,F4xgvj4kSnU_0001_S0_E436_L439_T57_R839_B457,dpt,436,0.006050212308764458,0.00013234477955847979,0.002282161498442292
F4xgvj4kSnU,F4xgvj4kSnU_0001_S0_E436_L439_T57_R839_B457,artalk,436,0.006484427489340305,4.514858665061183e-05,0.0024673312436789274
F4xgvj4kSnU,F4xgvj4kSnU_0001_S0_E436_L439_T57_R839_B457,multitalk,436,0.006011499557644129,0.00012794946087524295,0.003074117237702012
F4xgvj4kSnU,F4xgvj4kSnU_0001_S0_E436_L439_T57_R839_B457,codetalker,436,0.006989771965891123,0.00013064859376754612,0.00505400076508522
F7oit5SKxdw,F7oit5SKxdw_0005_S1118_E1439_L451_T24_R755_B328,dpt,302,0.009348197840154171,0.00020687095820903778,0.0032410810235887766
F7oit5SKxdw,F7oit5SKxdw_0005_S1118_E1439_L451_T24_R755_B328,artalk,303,0.00792814139276743,9.121627954300493e-05,0.0025062437634915113
F7oit5SKxdw,F7oit5SKxdw_0005_S1118_E1439_L451_T24_R755_B328,multitalk,302,0.007225236389786005,0.00019414213602431118,0.002323113614693284
F7oit5SKxdw,F7oit5SKxdw_0005_S1118_E1439_L451_T24_R755_B328,codetalker,303,0.00811050459742546,0.0002443013072479516,0.005450922064483166
FAf0YtSelug,FAf0YtSelug_0001_S574_E835_L349_T9_R861_B521,dpt,261,0.013710211962461472,0.0002813065657392144,0.007538176607340574
FAf0YtSelug,FAf0YtSelug_0001_S574_E835_L349_T9_R861_B521,artalk,261,0.012132230214774609,0.00021410061162896454,0.005813016556203365
FAf0YtSelug,FAf0YtSelug_0001_S574_E835_L349_T9_R861_B521,multitalk,261,0.012718661688268185,0.0002310576819581911,0.009122882969677448
FAf0YtSelug,FAf0YtSelug_0001_S574_E835_L349_T9_R861_B521,codetalker,261,0.010158617049455643,0.0003239042416680604,0.003348791040480137
FBQDiiEbknE,FBQDiiEbknE_0013_S284_E582_L492_T30_R988_B526,dpt,249,0.007415442727506161,0.0002899745013564825,0.004853117745369673
FBQDiiEbknE,FBQDiiEbknE_0013_S284_E582_L492_T30_R988_B526,artalk,250,0.008166143670678139,0.00018717626517172903,0.00435560941696167
FBQDiiEbknE,FBQDiiEbknE_0013_S284_E582_L492_T30_R988_B526,multitalk,248,0.007960761897265911,0.000310929783154279,0.005834667943418026
FBQDiiEbknE,FBQDiiEbknE_0013_S284_E582_L492_T30_R988_B526,codetalker,250,0.007876226678490639,0.00026706239441409707,0.0035396607127040625
FEc-U45TzKM,FEc-U45TzKM_0003_S0_E254_L352_T0_R1008_B608,dpt,254,0.00781537126749754,0.0002589596260804683,0.0032186205498874187
FEc-U45TzKM,FEc-U45TzKM_0003_S0_E254_L352_T0_R1008_B608,artalk,254,0.008557813242077827,0.00021577496954705566,0.0019103710073977709
FEc-U45TzKM,FEc-U45TzKM_0003_S0_E254_L352_T0_R1008_B608,multitalk,254,0.008112725801765919,0.0003162724315188825,0.0023060368839651346
FEc-U45TzKM,FEc-U45TzKM_0003_S0_E254_L352_T0_R1008_B608,codetalker,254,0.011414436623454094,0.0003088303201366216,0.0052006859332323074
FGgMrNSmMn4,FGgMrNSmMn4_0005_S1217_E1799_L440_T160_R824_B544,dpt,452,0.013501070439815521,0.00019277792307548225,0.004400201141834259
FGgMrNSmMn4,FGgMrNSmMn4_0005_S1217_E1799_L440_T160_R824_B544,artalk,453,0.0095317792147398,4.109577275812626e-05,0.00543772429227829
FGgMrNSmMn4,FGgMrNSmMn4_0005_S1217_E1799_L440_T160_R824_B544,multitalk,452,0.012571721337735653,0.00019496049208100885,0.00430382089689374
FGgMrNSmMn4,FGgMrNSmMn4_0005_S1217_E1799_L440_T160_R824_B544,codetalker,455,0.015312167815864086,0.0002102599828504026,0.010010061785578728
FICT79cA3U4,FICT79cA3U4_0001_S0_E254_L298_T128_R586_B416,dpt,265,0.008526771329343319,6.353048956952989e-05,0.004865516442805529
FICT79cA3U4,FICT79cA3U4_0001_S0_E254_L298_T128_R586_B416,artalk,266,0.007175332400947809,-4.440884731593542e-05,0.003155004233121872
FICT79cA3U4,FICT79cA3U4_0001_S0_E254_L298_T128_R586_B416,multitalk,265,0.008109156042337418,2.817975837388076e-05,0.006082222796976566
FICT79cA3U4,FICT79cA3U4_0001_S0_E254_L298_T128_R586_B416,codetalker,266,0.006921159569174051,0.00010571631719358265,0.003063118550926447
FL9qpSH5eKw,FL9qpSH5eKw_0000_S613_E876_L368_T31_R912_B575,dpt,219,0.012147283181548119,0.0003774561046157032,0.003801202867180109
FL9qpSH5eKw,FL9qpSH5eKw_0000_S613_E876_L368_T31_R912_B575,artalk,220,0.009438310749828815,0.0002846203278750181,0.002682584570720792
FL9qpSH5eKw,FL9qpSH5eKw_0000_S613_E876_L368_T31_R912_B575,multitalk,219,0.017469562590122223,0.000415954360505566,0.005152878817170858
FL9qpSH5eKw,FL9qpSH5eKw_0000_S613_E876_L368_T31_R912_B575,codetalker,221,0.013615923002362251,0.0004587344010360539,0.008060733787715435
FLI0WmBWWv4,FLI0WmBWWv4_0001_S1324_E1535_L466_T86_R738_B358,dpt,211,0.007038304582238197,7.108138379408047e-05,0.004191854503005743
FLI0WmBWWv4,FLI0WmBWWv4_0001_S1324_E1535_L466_T86_R738_B358,artalk,211,0.006154591217637062,-5.73335728404345e-06,0.0031672983895987272
FLI0WmBWWv4,FLI0WmBWWv4_0001_S1324_E1535_L466_T86_R738_B358,multitalk,211,0.009765226393938065,2.6340783733758144e-05,0.0030039269477128983
FLI0WmBWWv4,FLI0WmBWWv4_0001_S1324_E1535_L466_T86_R738_B358,codetalker,211,0.00796058215200901,0.00011386330152163282,0.003656985005363822
FLIippwrXSc,FLIippwrXSc_0042_S0_E349_L615_T29_R935_B349,dpt,291,0.015564613975584507,-7.438888860633597e-05,0.0022949499543756247
FLIippwrXSc,FLIippwrXSc_0042_S0_E349_L615_T29_R935_B349,artalk,292,0.012209149077534676,-0.00022376210836227983,0.002283954294398427
FLIippwrXSc,FLIippwrXSc_0042_S0_E349_L615_T29_R935_B349,multitalk,291,0.01640620268881321,-8.82096792338416e-05,0.0050680809654295444
FLIippwrXSc,FLIippwrXSc_0042_S0_E349_L615_T29_R935_B349,codetalker,294,0.015619146637618542,-5.1707480452023447e-05,0.004322847351431847
FNErh9EogUg,FNErh9EogUg_0003_S1302_E1747_L517_T48_R949_B480,dpt,370,0.013236388564109802,0.0001390922989230603,0.005256590899080038
FNErh9EogUg,FNErh9EogUg_0003_S1302_E1747_L517_T48_R949_B480,artalk,371,0.009453381411731243,5.4156244004843757e-05,0.005100787617266178
FNErh9EogUg,FNErh9EogUg_0003_S1302_E1747_L517_T48_R949_B480,multitalk,370,0.011597655713558197,0.0001432400313206017,0.0038414322771131992
FNErh9EogUg,FNErh9EogUg_0003_S1302_E1747_L517_T48_R949_B480,codetalker,373,0.01398598775267601,0.00019424231140874326,0.009234102442860603
FTN_93Px-Qc,FTN_93Px-Qc_0000_S1420_E1846_L440_T27_R952_B539,dpt,355,0.011480648070573807,0.0003191132564097643,0.005607224069535732
FTN_93Px-Qc,FTN_93Px-Qc_0000_S1420_E1846_L440_T27_R952_B539,artalk,356,0.008195196278393269,0.00020944586140103638,0.005943340715020895
FTN_93Px-Qc,FTN_93Px-Qc_0000_S1420_E1846_L440_T27_R952_B539,multitalk,355,0.010644565336406231,0.000292513839667663,0.003936488181352615
FTN_93Px-Qc,FTN_93Px-Qc_0000_S1420_E1846_L440_T27_R952_B539,codetalker,357,0.014199705794453621,0.0003535094147082418,0.010746560990810394
FXbC_3_8tGM,FXbC_3_8tGM_0001_S502_E723_L396_T133_R844_B581,dpt,230,0.016248013824224472,0.000227004085900262,0.010899408720433712
FXbC_3_8tGM,FXbC_3_8tGM_0001_S502_E723_L396_T133_R844_B581,artalk,231,0.015491016209125519,0.00017778629262465984,0.012290159240365028
FXbC_3_8tGM,FXbC_3_8tGM_0001_S502_E723_L396_T133_R844_B581,multitalk,230,0.01359508652240038,0.00023734496789984405,0.010215720161795616
FXbC_3_8tGM,FXbC_3_8tGM_0001_S502_E723_L396_T133_R844_B581,codetalker,231,0.019509566947817802,0.00029528760933317244,0.01643151417374611
FYo5E7zT-vM,FYo5E7zT-vM_0000_S1156_E1427_L480_T75_R752_B347,dpt,282,0.010107219219207764,0.0003551382396835834,0.006692721974104643
FYo5E7zT-vM,FYo5E7zT-vM_0000_S1156_E1427_L480_T75_R752_B347,artalk,283,0.008469940163195133,0.00020122579007875174,0.004196849185973406
FYo5E7zT-vM,FYo5E7zT-vM_0000_S1156_E1427_L480_T75_R752_B347,multitalk,282,0.010586997494101524,0.0003238837234675884,0.006257596425712109
FYo5E7zT-vM,FYo5E7zT-vM_0000_S1156_E1427_L480_T75_R752_B347,codetalker,283,0.009847113862633705,0.0003885540063492954,0.003852487774565816
FlCNvBBqIyU,FlCNvBBqIyU_0004_S270_E471_L470_T170_R774_B474,dpt,201,0.010986067354679108,0.0001405205694027245,0.0031451615504920483
FlCNvBBqIyU,FlCNvBBqIyU_0004_S270_E471_L470_T170_R774_B474,artalk,201,0.007333176676183939,3.0389010134967975e-05,0.0024120190646499395
FlCNvBBqIyU,FlCNvBBqIyU_0004_S270_E471_L470_T170_R774_B474,multitalk,201,0.00893379282206297,0.00016509924898855388,0.0038570589385926723
FlCNvBBqIyU,FlCNvBBqIyU_0004_S270_E471_L470_T170_R774_B474,codetalker,201,0.01124796736985445,0.00013584503903985023,0.00338955782353878
FloFzFl0jZc,FloFzFl0jZc_0000_S1540_E1811_L384_T19_R832_B467,dpt,226,0.010451668873429298,0.0002136311522917822,0.002179657109081745
FloFzFl0jZc,FloFzFl0jZc_0000_S1540_E1811_L384_T19_R832_B467,artalk,227,0.009303099475800991,0.00018520197772886604,0.005167844705283642
FloFzFl0jZc,FloFzFl0jZc_0000_S1540_E1811_L384_T19_R832_B467,multitalk,226,0.011288164183497429,0.0002424513513687998,0.004577911924570799
FloFzFl0jZc,FloFzFl0jZc_0000_S1540_E1811_L384_T19_R832_B467,codetalker,228,0.012882021255791187,0.0002743084914982319,0.00839807465672493
FoYce_3oUGs,FoYce_3oUGs_0001_S0_E686_L338_T0_R962_B592,dpt,572,0.01812589354813099,0.00018226890824735165,0.010394713841378689
FoYce_3oUGs,FoYce_3oUGs_0001_S0_E686_L338_T0_R962_B592,artalk,573,0.015326068736612797,0.00013108542771078646,0.009771822951734066
FoYce_3oUGs,FoYce_3oUGs_0001_S0_E686_L338_T0_R962_B592,multitalk,572,0.014139101840555668,0.0001854556321632117,0.004898985847830772
FoYce_3oUGs,FoYce_3oUGs_0001_S0_E686_L338_T0_R962_B592,codetalker,574,0.020715823397040367,0.0002182849420933053,0.014627622440457344
FxBLtp7UpTI,FxBLtp7UpTI_0000_S853_E1150_L389_T44_R757_B412,dpt,247,0.010420860722661018,0.00016121831140480936,0.009495412930846214
FxBLtp7UpTI,FxBLtp7UpTI_0000_S853_E1150_L389_T44_R757_B412,artalk,248,0.009850057773292065,0.00011872106551891193,0.009278750978410244
FxBLtp7UpTI,FxBLtp7UpTI_0000_S853_E1150_L389_T44_R757_B412,multitalk,247,0.011361788026988506,0.00012181016063550487,0.007049601059406996
FxBLtp7UpTI,FxBLtp7UpTI_0000_S853_E1150_L389_T44_R757_B412,codetalker,249,0.013079766184091568,0.00013948603009339422,0.013615447096526623
FxQchGBQpZA,FxQchGBQpZA_0009_S112_E398_L444_T108_R716_B380,dpt,238,0.009594807401299477,2.4622908313176595e-05,0.0035973824560642242
FxQchGBQpZA,FxQchGBQpZA_0009_S112_E398_L444_T108_R716_B380,artalk,239,0.005816739052534103,-7.495359750464559e-05,0.002487045945599675
FxQchGBQpZA,FxQchGBQpZA_0009_S112_E398_L444_T108_R716_B380,multitalk,238,0.008004625327885151,9.249525464838371e-05,0.005312182474881411
FxQchGBQpZA,FxQchGBQpZA_0009_S112_E398_L444_T108_R716_B380,codetalker,240,0.00787174329161644,0.00010056775499833748,0.004806884098798037
FxrCNf8utsE,FxrCNf8utsE_0003_S0_E209_L243_T0_R1043_B688,dpt,218,0.012046348303556442,0.0004109150031581521,0.0030429435428231955
FxrCNf8utsE,FxrCNf8utsE_0003_S0_E209_L243_T0_R1043_B688,artalk,218,0.008539881557226181,0.0002672203117981553,0.004670259077101946
FxrCNf8utsE,FxrCNf8utsE_0003_S0_E209_L243_T0_R1043_B688,multitalk,218,0.01321842148900032,0.00042635577847249806,0.003352791303768754
FxrCNf8utsE,FxrCNf8utsE_0003_S0_E209_L243_T0_R1043_B688,codetalker,218,0.012596508488059044,0.00044080716907046735,0.007483635097742081
FzXWP7ZHs-Q,FzXWP7ZHs-Q_0000_S366_E706_L273_T0_R1057_B704,dpt,283,0.013203224167227745,6.590824341401458e-05,0.003917018882930279
FzXWP7ZHs-Q,FzXWP7ZHs-Q_0000_S366_E706_L273_T0_R1057_B704,artalk,284,0.011259304359555244,4.937056473863777e-06,0.003390395315364003
FzXWP7ZHs-Q,FzXWP7ZHs-Q_0000_S366_E706_L273_T0_R1057_B704,multitalk,283,0.013591952621936798,0.00012926127237733454,0.0037755512166768312
FzXWP7ZHs-Q,FzXWP7ZHs-Q_0000_S366_E706_L273_T0_R1057_B704,codetalker,285,0.016548829153180122,0.00020495122589636594,0.009277751669287682
G2tfebkUbPo,G2tfebkUbPo_0000_S1330_E1595_L626_T91_R882_B347,dpt,221,0.015945523977279663,0.0002282246423419565,0.00224464968778193
G2tfebkUbPo,G2tfebkUbPo_0000_S1330_E1595_L626_T91_R882_B347,artalk,222,0.013416492380201817,9.327416773885489e-05,0.0022560330107808113
G2tfebkUbPo,G2tfebkUbPo_0000_S1330_E1595_L626_T91_R882_B347,multitalk,221,0.0225200355052948,0.00023931884788908064,0.0027280079666525126
G2tfebkUbPo,G2tfebkUbPo_0000_S1330_E1595_L626_T91_R882_B347,codetalker,223,0.018269198015332222,0.0002482251438777894,0.005487219430506229
G4SMtaNDtfk,G4SMtaNDtfk_0000_S1070_E1775_L202_T141_R554_B493,dpt,588,0.00934954546391964,0.0001421665510861203,0.0037901767063885927
G4SMtaNDtfk,G4SMtaNDtfk_0000_S1070_E1775_L202_T141_R554_B493,artalk,589,0.008197649382054806,1.2822282769775484e-05,0.003894360736012459
G4SMtaNDtfk,G4SMtaNDtfk_0000_S1070_E1775_L202_T141_R554_B493,multitalk,588,0.015400717966258526,0.00012959209561813623,0.012008653953671455
G4SMtaNDtfk,G4SMtaNDtfk_0000_S1070_E1775_L202_T141_R554_B493,codetalker,590,0.008022533729672432,0.00016057387983892113,0.0035073840990662575
G5hOJXZmqPc,G5hOJXZmqPc_0000_S1177_E1448_L489_T0_R1033_B544,dpt,226,0.00939153041690588,0.0003113749553449452,0.004637989681214094
G5hOJXZmqPc,G5hOJXZmqPc_0000_S1177_E1448_L489_T0_R1033_B544,artalk,227,0.007544625084847212,0.00014480591926258057,0.004281817469745874
G5hOJXZmqPc,G5hOJXZmqPc_0000_S1177_E1448_L489_T0_R1033_B544,multitalk,226,0.01020000223070383,0.00028948805993422866,0.004983283579349518
G5hOJXZmqPc,G5hOJXZmqPc_0000_S1177_E1448_L489_T0_R1033_B544,codetalker,228,0.013119555078446865,0.00034022360341623425,0.009957288391888142
G9CHdvWwzQ0,G9CHdvWwzQ0_0001_S1186_E1479_L397_T109_R765_B477,dpt,293,0.012011678889393806,7.482462387997657e-05,0.007526729721575975
G9CHdvWwzQ0,G9CHdvWwzQ0_0001_S1186_E1479_L397_T109_R765_B477,artalk,293,0.008486251346766949,2.8264517823117785e-05,0.005033113993704319
G9CHdvWwzQ0,G9CHdvWwzQ0_0001_S1186_E1479_L397_T109_R765_B477,multitalk,293,0.01420227624475956,0.00012894753308501095,0.004802781157195568
G9CHdvWwzQ0,G9CHdvWwzQ0_0001_S1186_E1479_L397_T109_R765_B477,codetalker,293,0.009871159680187702,9.578807657817379e-05,0.002558890962973237
GAS_7760FSo,GAS_7760FSo_0055_S105_E349_L394_T20_R778_B404,dpt,203,0.010834076441824436,0.0001222920836880803,0.003588023828342557
GAS_7760FSo,GAS_7760FSo_0055_S105_E349_L394_T20_R778_B404,artalk,204,0.008222369477152824,7.299362914636731e-05,0.004684400744736195
GAS_7760FSo,GAS_7760FSo_0055_S105_E349_L394_T20_R778_B404,multitalk,203,0.013959977775812149,0.00017169896455015987,0.006197670008987188
GAS_7760FSo,GAS_7760FSo_0055_S105_E349_L394_T20_R778_B404,codetalker,205,0.010737462900578976,0.00019962260557804257,0.007468046620488167
GG0F0uXuIqQ,GG0F0uXuIqQ_0038_S931_E1535_L344_T11_R984_B651,dpt,604,0.011744451709091663,0.00019413189147599041,0.005540030542761087
GG0F0uXuIqQ,GG0F0uXuIqQ_0038_S931_E1535_L344_T11_R984_B651,artalk,604,0.007834640331566334,0.0001270534412469715,0.004193189553916454
GG0F0uXuIqQ,GG0F0uXuIqQ_0038_S931_E1535_L344_T11_R984_B651,multitalk,604,0.009000827558338642,0.00021407930762507021,0.004438173491507769
GG0F0uXuIqQ,GG0F0uXuIqQ_0038_S931_E1535_L344_T11_R984_B651,codetalker,604,0.012086459435522556,0.00025153084425255656,0.008145679719746113
GLUdt99wUY8,GLUdt99wUY8_0000_S1135_E1338_L544_T151_R816_B423,dpt,203,0.011415502987802029,8.9400535216555e-05,0.0036274355370551348
GLUdt99wUY8,GLUdt99wUY8_0000_S1135_E1338_L544_T151_R816_B423,artalk,203,0.013994354754686356,-8.339257328771055e-05,0.0035259940195828676
GLUdt99wUY8,GLUdt99wUY8_0000_S1135_E1338_L544_T151_R816_B423,multitalk,203,0.012584308162331581,7.295633986359462e-05,0.007094495929777622
GLUdt99wUY8,GLUdt99wUY8_0000_S1135_E1338_L544_T151_R816_B423,codetalker,203,0.013522514142096043,5.8998393797082826e-05,0.004001682624220848
GMndqLvTqhA,GMndqLvTqhA_0001_S1286_E1842_L440_T0_R1112_B656,dpt,463,0.008350610733032227,0.00018737700884230435,0.0025156158953905106
GMndqLvTqhA,GMndqLvTqhA_0001_S1286_E1842_L440_T0_R1112_B656,artalk,464,0.007857715710997581,0.00010592710168566555,0.00214795907959342
GMndqLvTqhA,GMndqLvTqhA_0001_S1286_E1842_L440_T0_R1112_B656,multitalk,463,0.009562932886183262,0.00021854680380783975,0.0026968265883624554
GMndqLvTqhA,GMndqLvTqhA_0001_S1286_E1842_L440_T0_R1112_B656,codetalker,466,0.010032433085143566,0.00023868076095823199,0.0061667803674936295
GPEavB9GXHc,GPEavB9GXHc_0000_S517_E1152_L342_T170_R598_B426,dpt,529,0.01138942502439022,6.265813135541975e-05,0.005666006356477737
GPEavB9GXHc,GPEavB9GXHc_0000_S517_E1152_L342_T170_R598_B426,artalk,530,0.012619107961654663,-0.0001417654857505113,0.004997964948415756
GPEavB9GXHc,GPEavB9GXHc_0000_S517_E1152_L342_T170_R598_B426,multitalk,529,0.015286027453839779,-0.00017968975589610636,0.010374139063060284
GPEavB9GXHc,GPEavB9GXHc_0000_S517_E1152_L342_T170_R598_B426,codetalker,531,0.013638605363667011,0.00010764619219116867,0.008002144284546375
GS1UT0mSks4,GS1UT0mSks4_0002_S1244_E1759_L331_T0_R923_B544,dpt,430,0.017211074009537697,0.0002358217752771452,0.00933155044913292
GS1UT0mSks4,GS1UT0mSks4_0002_S1244_E1759_L331_T0_R923_B544,artalk,431,0.01534764003008604,0.00016824109479784966,0.012025758624076843
GS1UT0mSks4,GS1UT0mSks4_0002_S1244_E1759_L331_T0_R923_B544,multitalk,430,0.014215278439223766,0.0002730600244831294,0.008013720624148846
GS1UT0mSks4,GS1UT0mSks4_0002_S1244_E1759_L331_T0_R923_B544,codetalker,432,0.02222481183707714,0.00030151382088661194,0.018131699413061142
GUZ4T_xFtwQ,GUZ4T_xFtwQ_0000_S1604_E1859_L388_T66_R788_B466,dpt,213,0.009522841311991215,6.068911898182705e-05,0.003471948439255357
GUZ4T_xFtwQ,GUZ4T_xFtwQ_0000_S1604_E1859_L388_T66_R788_B466,artalk,214,0.009606259874999523,-7.959186041262001e-05,0.0030044938903301954
GUZ4T_xFtwQ,GUZ4T_xFtwQ_0000_S1604_E1859_L388_T66_R788_B466,multitalk,212,0.01078820787370205,1.7801254216465168e-05,0.004354571923613548
GUZ4T_xFtwQ,GUZ4T_xFtwQ_0000_S1604_E1859_L388_T66_R788_B466,codetalker,214,0.01307301502674818,7.296232070075348e-05,0.007500944659113884
GXldrjxDZqQ,GXldrjxDZqQ_0002_S1080_E1335_L460_T76_R860_B476,dpt,213,0.01430958416312933,5.636471905745566e-05,0.0029736061114817858
GXldrjxDZqQ,GXldrjxDZqQ_0002_S1080_E1335_L460_T76_R860_B476,artalk,214,0.008192552253603935,-3.090592872467823e-05,0.0025310784112662077
GXldrjxDZqQ,GXldrjxDZqQ_0002_S1080_E1335_L460_T76_R860_B476,multitalk,212,0.01809363067150116,8.813111890049186e-06,0.007045654114335775
GXldrjxDZqQ,GXldrjxDZqQ_0002_S1080_E1335_L460_T76_R860_B476,codetalker,214,0.01401231437921524,8.665292261866853e-05,0.007342540193349123
GZRbKJMEdk0,GZRbKJMEdk0_0000_S1147_E1518_L981_T278_R1253_B566,dpt,309,0.012450617738068104,0.00010783173638628796,0.012813741341233253
GZRbKJMEdk0,GZRbKJMEdk0_0000_S1147_E1518_L981_T278_R1253_B566,artalk,310,0.01174853090196848,7.618964446010068e-05,0.010127024725079536
GZRbKJMEdk0,GZRbKJMEdk0_0000_S1147_E1518_L981_T278_R1253_B566,multitalk,309,0.01343908254057169,0.00013388937804847956,0.00671390863135457
GZRbKJMEdk0,GZRbKJMEdk0_0000_S1147_E1518_L981_T278_R1253_B566,codetalker,311,0.0135737843811512,0.00012205975508550182,0.006615690886974335
GZVxh8CQFkg,GZVxh8CQFkg_0006_S0_E300_L443_T0_R795_B352,dpt,250,0.009355021640658379,0.00015237811021506786,0.007349139545112848
GZVxh8CQFkg,GZVxh8CQFkg_0006_S0_E300_L443_T0_R795_B352,artalk,251,0.011334662325680256,0.00011061463737860322,0.007852338254451752
GZVxh8CQFkg,GZVxh8CQFkg_0006_S0_E300_L443_T0_R795_B352,multitalk,250,0.01124405488371849,0.00016487514949403703,0.005631917156279087
GZVxh8CQFkg,GZVxh8CQFkg_0006_S0_E300_L443_T0_R795_B352,codetalker,252,0.00900904182344675,0.00018663016089703888,0.004307616502046585
GbUfu1wF02s,GbUfu1wF02s_0016_S257_E463_L310_T51_R886_B627,dpt,215,0.015941888093948364,0.00013170747843105346,0.010937411338090897
GbUfu1wF02s,GbUfu1wF02s_0016_S257_E463_L310_T51_R886_B627,artalk,215,0.013367832638323307,0.0001208901812788099,0.0067179836332798
GbUfu1wF02s,GbUfu1wF02s_0016_S257_E463_L310_T51_R886_B627,multitalk,215,0.01404902245849371,0.00017062629922293127,0.009438184089958668
GbUfu1wF02s,GbUfu1wF02s_0016_S257_E463_L310_T51_R886_B627,codetalker,215,0.011280011385679245,0.00012421926658134907,0.006087888032197952
GcNJkyYSmW8,GcNJkyYSmW8_0002_S1080_E1568_L807_T22_R1143_B358,dpt,407,0.008241856470704079,0.00031128921546041965,0.0020801923237740993
GcNJkyYSmW8,GcNJkyYSmW8_0002_S1080_E1568_L807_T22_R1143_B358,artalk,408,0.0066929771564900875,0.00020931186736561358,0.0019750837236642838
GcNJkyYSmW8,GcNJkyYSmW8_0002_S1080_E1568_L807_T22_R1143_B358,multitalk,407,0.0075149862095713615,0.0002632511896081269,0.004493755288422108
GcNJkyYSmW8,GcNJkyYSmW8_0002_S1080_E1568_L807_T22_R1143_B358,codetalker,409,0.010117029771208763,0.0003224255924578756,0.0051740980707108974
GcayBgPOr04,GcayBgPOr04_0000_S412_E757_L78_T0_R942_B704,dpt,359,0.0119586531072855,0.000405435188440606,0.00606039771810174
GcayBgPOr04,GcayBgPOr04_0000_S412_E757_L78_T0_R942_B704,artalk,359,0.013104930520057678,0.00029713744879700243,0.005091721657663584
GcayBgPOr04,GcayBgPOr04_0000_S412_E757_L78_T0_R942_B704,multitalk,359,0.015919266268610954,0.00038301036693155766,0.009031008929014206
GcayBgPOr04,GcayBgPOr04_0000_S412_E757_L78_T0_R942_B704,codetalker,359,0.014754096046090126,0.0003915037668775767,0.0040100254118442535
Gd_zypjbv9E,Gd_zypjbv9E_0000_S1012_E1463_L707_T4_R1059_B356,dpt,376,0.008742528036236763,0.00011669564264593646,0.003599913790822029
Gd_zypjbv9E,Gd_zypjbv9E_0000_S1012_E1463_L707_T4_R1059_B356,artalk,377,0.009806004352867603,6.139805009297561e-06,0.003409415716305375
Gd_zypjbv9E,Gd_zypjbv9E_0000_S1012_E1463_L707_T4_R1059_B356,multitalk,376,0.00832273717969656,0.00011870816524606198,0.003767365822568536
Gd_zypjbv9E,Gd_zypjbv9E_0000_S1012_E1463_L707_T4_R1059_B356,codetalker,378,0.010438577271997929,0.000163621487445198,0.0087446179240942
GtzbWxb9nuQ,GtzbWxb9nuQ_0000_S965_E1473_L451_T0_R931_B464,dpt,508,0.0076329330913722515,0.0003718511143233627,0.003135745180770755
GtzbWxb9nuQ,GtzbWxb9nuQ_0000_S965_E1473_L451_T0_R931_B464,artalk,508,0.00491919694468379,0.00023518841771874577,0.0017600739374756813
GtzbWxb9nuQ,GtzbWxb9nuQ_0000_S965_E1473_L451_T0_R931_B464,multitalk,508,0.009898727759718895,0.00033797789365053177,0.003961790818721056
GtzbWxb9nuQ,GtzbWxb9nuQ_0000_S965_E1473_L451_T0_R931_B464,codetalker,508,0.008593274280428886,0.0003531713446136564,0.005113197490572929
Gzo5PEGQpe8,Gzo5PEGQpe8_0000_S1234_E1823_L0_T0_R992_B704,dpt,491,0.012545140460133553,2.4765868147369474e-05,0.004806363955140114
Gzo5PEGQpe8,Gzo5PEGQpe8_0000_S1234_E1823_L0_T0_R992_B704,artalk,492,0.010411613620817661,-9.759121167007834e-05,0.005391192622482777
Gzo5PEGQpe8,Gzo5PEGQpe8_0000_S1234_E1823_L0_T0_R992_B704,multitalk,490,0.012802285142242908,4.8236720431305e-06,0.007831612601876259
Gzo5PEGQpe8,Gzo5PEGQpe8_0000_S1234_E1823_L0_T0_R992_B704,codetalker,493,0.011433555744588375,6.384031439665705e-05,0.0041031744331121445
H2LhBAi-Q8I,H2LhBAi-Q8I_0000_S1015_E1351_L358_T99_R902_B643,dpt,336,0.011959822848439217,0.0001516278862254694,0.005170376040041447
H2LhBAi-Q8I,H2LhBAi-Q8I_0000_S1015_E1351_L358_T99_R902_B643,artalk,336,0.007850656285881996,7.135277701308951e-05,0.0030416350346058607
H2LhBAi-Q8I,H2LhBAi-Q8I_0000_S1015_E1351_L358_T99_R902_B643,multitalk,335,0.01167687401175499,0.00012218164920341223,0.008566861040890217
H2LhBAi-Q8I,H2LhBAi-Q8I_0000_S1015_E1351_L358_T99_R902_B643,codetalker,336,0.012453190982341766,0.00017919224046636373,0.0064474414102733135
H4TYEoft_rM,H4TYEoft_rM_0007_S0_E208_L364_T36_R876_B548,dpt,208,0.009877885691821575,0.0002270138793392107,0.00420169485732913
H4TYEoft_rM,H4TYEoft_rM_0007_S0_E208_L364_T36_R876_B548,artalk,208,0.007140963338315487,9.121382754528895e-05,0.004161837976425886
H4TYEoft_rM,H4TYEoft_rM_0007_S0_E208_L364_T36_R876_B548,multitalk,208,0.013064386323094368,0.0002401169913355261,0.005342009011656046
H4TYEoft_rM,H4TYEoft_rM_0007_S0_E208_L364_T36_R876_B548,codetalker,208,0.009624024853110313,0.00023636900004930794,0.002953249728307128
H6L04OEm71w,H6L04OEm71w_0001_S863_E1259_L248_T0_R1080_B704,dpt,456,0.012025253847241402,0.0004324241017457098,0.004396072588860989
H6L04OEm71w,H6L04OEm71w_0001_S863_E1259_L248_T0_R1080_B704,artalk,456,0.00869160145521164,0.0003512344555929303,0.005802136845886707
H6L04OEm71w,H6L04OEm71w_0001_S863_E1259_L248_T0_R1080_B704,multitalk,456,0.012873293831944466,0.0004056305915582925,0.0052672382444143295
H6L04OEm71w,H6L04OEm71w_0001_S863_E1259_L248_T0_R1080_B704,codetalker,456,0.013868824578821659,0.00048089498886838555,0.009966433048248291
H6ODJtcqyTg,H6ODJtcqyTg_0001_S210_E622_L566_T78_R854_B366,dpt,412,0.008317288011312485,0.00028693905915133655,0.0017161162104457617
H6ODJtcqyTg,H6ODJtcqyTg_0001_S210_E622_L566_T78_R854_B366,artalk,412,0.006154082715511322,0.00015477834676858038,0.002984484890475869
H6ODJtcqyTg,H6ODJtcqyTg_0001_S210_E622_L566_T78_R854_B366,multitalk,412,0.008940192870795727,0.00031434185802936554,0.002666333457455039
H6ODJtcqyTg,H6ODJtcqyTg_0001_S210_E622_L566_T78_R854_B366,codetalker,412,0.008148562163114548,0.0002988261985592544,0.004419165197759867
HA8PjarK2mo,HA8PjarK2mo_0007_S937_E1525_L495_T60_R991_B556,dpt,490,0.01679322123527527,0.0002551164652686566,0.004561685025691986
HA8PjarK2mo,HA8PjarK2mo_0007_S937_E1525_L495_T60_R991_B556,artalk,491,0.015580636449158192,-2.671798392839264e-05,0.004481290467083454
HA8PjarK2mo,HA8PjarK2mo_0007_S937_E1525_L495_T60_R991_B556,multitalk,490,0.013561445288360119,0.00022608261497225612,0.002457307418808341
HA8PjarK2mo,HA8PjarK2mo_0007_S937_E1525_L495_T60_R991_B556,codetalker,492,0.019705746322870255,0.00027400904218666255,0.008336763828992844
HC-zhWIIC5w,HC-zhWIIC5w_0000_S1516_E1870_L419_T48_R787_B416,dpt,295,0.00914282537996769,6.936353020137176e-05,0.005183257162570953
HC-zhWIIC5w,HC-zhWIIC5w_0000_S1516_E1870_L419_T48_R787_B416,artalk,296,0.00720371026545763,-7.19281451893039e-05,0.0054638441652059555
HC-zhWIIC5w,HC-zhWIIC5w_0000_S1516_E1870_L419_T48_R787_B416,multitalk,295,0.012457587756216526,0.00010760066652437672,0.006021982990205288
HC-zhWIIC5w,HC-zhWIIC5w_0000_S1516_E1870_L419_T48_R787_B416,codetalker,297,0.012405326589941978,5.235326898400672e-05,0.009520728141069412
HFCmCsxt1xw,HFCmCsxt1xw_0000_S362_E790_L165_T53_R517_B405,dpt,446,0.011031688190996647,0.00018546184583101422,0.0033085711766034365
HFCmCsxt1xw,HFCmCsxt1xw_0000_S362_E790_L165_T53_R517_B405,artalk,446,0.011142793111503124,0.00011450373858679086,0.0047401986084878445
HFCmCsxt1xw,HFCmCsxt1xw_0000_S362_E790_L165_T53_R517_B405,multitalk,446,0.012987008318305016,0.00019915182201657444,0.00554343406111002
HFCmCsxt1xw,HFCmCsxt1xw_0000_S362_E790_L165_T53_R517_B405,codetalker,446,0.012476401403546333,0.00025360644212923944,0.00993430707603693
HFTVP9qIMPE,HFTVP9qIMPE_0010_S1313_E1799_L294_T27_R886_B619,dpt,405,0.015416542068123817,-0.00011128996266052127,0.0033568476792424917
HFTVP9qIMPE,HFTVP9qIMPE_0010_S1313_E1799_L294_T27_R886_B619,artalk,406,0.01232200674712658,-0.0002335692261112854,0.0027370050083845854
HFTVP9qIMPE,HFTVP9qIMPE_0010_S1313_E1799_L294_T27_R886_B619,multitalk,405,0.013899272307753563,-0.00010231425403617322,0.006526587530970573
HFTVP9qIMPE,HFTVP9qIMPE_0010_S1313_E1799_L294_T27_R886_B619,codetalker,407,0.013806487433612347,-7.593983900733292e-05,0.00462722172960639
HLXDpFYmyqo,HLXDpFYmyqo_0006_S483_E763_L412_T115_R700_B403,dpt,280,0.01064220443367958,0.00020787310495506972,0.0030762136448174715
HLXDpFYmyqo,HLXDpFYmyqo_0006_S483_E763_L412_T115_R700_B403,artalk,280,0.007034727837890387,7.678945257794112e-05,0.002401676494628191
HLXDpFYmyqo,HLXDpFYmyqo_0006_S483_E763_L412_T115_R700_B403,multitalk,280,0.012420854531228542,0.00019120654906146228,0.003081595292314887
HLXDpFYmyqo,HLXDpFYmyqo_0006_S483_E763_L412_T115_R700_B403,codetalker,280,0.011569708585739136,0.00023652553500141948,0.0040631587617099285
HNdh6Valoys,HNdh6Valoys_0000_S326_E668_L232_T0_R920_B624,dpt,285,0.009086741134524345,0.00010330468649044633,0.0032954809721559286
HNdh6Valoys,HNdh6Valoys_0000_S326_E668_L232_T0_R920_B624,artalk,286,0.007995234802365303,3.115532308584079e-05,0.002373396884649992
HNdh6Valoys,HNdh6Valoys_0000_S326_E668_L232_T0_R920_B624,multitalk,285,0.00855609867721796,0.00016088911797851324,0.003218916477635503
HNdh6Valoys,HNdh6Valoys_0000_S326_E668_L232_T0_R920_B624,codetalker,287,0.010326588526368141,0.0001384964125463739,0.00688432902097702
HOpKzDhCFtE,HOpKzDhCFtE_0000_S160_E514_L114_T183_R466_B535,dpt,354,0.010883036069571972,6.131096597528085e-05,0.006552204489707947
HOpKzDhCFtE,HOpKzDhCFtE_0000_S160_E514_L114_T183_R466_B535,artalk,354,0.013003386557102203,-5.403762770583853e-05,0.0055524432100355625
HOpKzDhCFtE,HOpKzDhCFtE_0000_S160_E514_L114_T183_R466_B535,multitalk,353,0.011616877280175686,4.599606108968146e-05,0.0072289807721972466
HOpKzDhCFtE,HOpKzDhCFtE_0000_S160_E514_L114_T183_R466_B535,codetalker,354,0.012161888182163239,7.894991722423583e-05,0.0026251166127622128
HPHNakev2ss,HPHNakev2ss_0007_S350_E580_L790_T128_R1046_B384,dpt,230,0.008307458832859993,0.00022320941206999123,0.005397624336183071
HPHNakev2ss,HPHNakev2ss_0007_S350_E580_L790_T128_R1046_B384,artalk,230,0.008124261163175106,0.00014850134903099388,0.002041593659669161
HPHNakev2ss,HPHNakev2ss_0007_S350_E580_L790_T128_R1046_B384,multitalk,230,0.01215705182403326,-0.00016687170136719942,0.006363210268318653
HPHNakev2ss,HPHNakev2ss_0007_S350_E580_L790_T128_R1046_B384,codetalker,230,0.009221912361681461,0.00018323370022699237,0.003113357350230217
HTJyZwYPQOI,HTJyZwYPQOI_0001_S1278_E1529_L452_T23_R852_B423,dpt,209,0.011400715447962284,0.00014032312901690602,0.0034988876432180405
HTJyZwYPQOI,HTJyZwYPQOI_0001_S1278_E1529_L452_T23_R852_B423,artalk,210,0.006199070252478123,2.7013078579329886e-05,0.0025651813484728336
HTJyZwYPQOI,HTJyZwYPQOI_0001_S1278_E1529_L452_T23_R852_B423,multitalk,209,0.019189830869436264,0.00017107502208091319,0.0040986668318510056
HTJyZwYPQOI,HTJyZwYPQOI_0001_S1278_E1529_L452_T23_R852_B423,codetalker,211,0.010518663562834263,0.0002011636388488114,0.006331099197268486
HUoUVlK_bHI,HUoUVlK_bHI_0006_S231_E824_L240_T117_R656_B533,dpt,593,0.011386348865926266,0.00022716910461895168,0.009832019917666912
HUoUVlK_bHI,HUoUVlK_bHI_0006_S231_E824_L240_T117_R656_B533,artalk,593,0.009517661295831203,0.00013194416533224285,0.007611521519720554
HUoUVlK_bHI,HUoUVlK_bHI_0006_S231_E824_L240_T117_R656_B533,multitalk,593,0.012793873436748981,0.000268018979113549,0.01106480322778225
HUoUVlK_bHI,HUoUVlK_bHI_0006_S231_E824_L240_T117_R656_B533,codetalker,593,0.009490184485912323,0.0002866233990062028,0.004637491889297962
HVMqm9jlUDM,HVMqm9jlUDM_0021_S349_E683_L0_T0_R1264_B704,dpt,279,0.008898597210645676,4.899418127024546e-05,0.0054867942817509174
HVMqm9jlUDM,HVMqm9jlUDM_0021_S349_E683_L0_T0_R1264_B704,artalk,280,0.008074278943240643,-2.1508123609237373e-05,0.005488600581884384
HVMqm9jlUDM,HVMqm9jlUDM_0021_S349_E683_L0_T0_R1264_B704,multitalk,279,0.009448735043406487,-4.253807674103882e-06,0.005391175393015146
HVMqm9jlUDM,HVMqm9jlUDM_0021_S349_E683_L0_T0_R1264_B704,codetalker,282,0.01131189614534378,3.3339216315653175e-05,0.009202287532389164
HXSxHJO6Srg,HXSxHJO6Srg_0002_S938_E1356_L456_T104_R808_B456,dpt,348,0.012384763918817043,0.00017580822168383747,0.007231627590954304
HXSxHJO6Srg,HXSxHJO6Srg_0002_S938_E1356_L456_T104_R808_B456,artalk,349,0.011436942964792252,8.631126547697932e-05,0.00834610965102911
HXSxHJO6Srg,HXSxHJO6Srg_0002_S938_E1356_L456_T104_R808_B456,multitalk,348,0.010179964825510979,0.00015404603618662804,0.0037476702127605677
HXSxHJO6Srg,HXSxHJO6Srg_0002_S938_E1356_L456_T104_R808_B456,codetalker,351,0.013846033252775669,0.0002124511665897444,0.011492248624563217
HZuhPDbZtcg,HZuhPDbZtcg_0004_S0_E438_L333_T0_R909_B512,dpt,365,0.012232368811964989,0.00030857138335704803,0.003947818651795387
HZuhPDbZtcg,HZuhPDbZtcg_0004_S0_E438_L333_T0_R909_B512,artalk,366,0.009545008651912212,0.00024258204211946577,0.005691059865057468
HZuhPDbZtcg,HZuhPDbZtcg_0004_S0_E438_L333_T0_R909_B512,multitalk,365,0.010509461164474487,0.0002673082344699651,0.003401512047275901
HZuhPDbZtcg,HZuhPDbZtcg_0004_S0_E438_L333_T0_R909_B512,codetalker,367,0.015069750137627125,0.0003410823119338602,0.010443334467709064
HbKvcTZqNA0,HbKvcTZqNA0_0089_S303_E621_L858_T0_R1226_B240,dpt,318,0.012047777883708477,1.666016032686457e-05,0.007519497070461512
HbKvcTZqNA0,HbKvcTZqNA0_0089_S303_E621_L858_T0_R1226_B240,artalk,318,0.01134850736707449,-6.140828918432817e-05,0.007425632327795029
HbKvcTZqNA0,HbKvcTZqNA0_0089_S303_E621_L858_T0_R1226_B240,multitalk,317,0.014507862739264965,5.005150524084456e-05,0.010573072358965874
HbKvcTZqNA0,HbKvcTZqNA0_0089_S303_E621_L858_T0_R1226_B240,codetalker,318,0.008184060454368591,6.947023939574137e-05,0.004454304464161396
Hg0qN4cNJfY,Hg0qN4cNJfY_0002_S1070_E1535_L501_T97_R821_B417,dpt,438,0.010370003990828991,0.00017787319666240364,0.00500551937147975
Hg0qN4cNJfY,Hg0qN4cNJfY_0002_S1070_E1535_L501_T97_R821_B417,artalk,439,0.008915604092180729,0.0001079152207239531,0.003968161530792713
Hg0qN4cNJfY,Hg0qN4cNJfY_0002_S1070_E1535_L501_T97_R821_B417,multitalk,438,0.01247662678360939,-8.347516313733649e-07,0.006596931256353855
Hg0qN4cNJfY,Hg0qN4cNJfY_0002_S1070_E1535_L501_T97_R821_B417,codetalker,439,0.009509199298918247,0.00023926765425130725,0.00599457835778594
HhFPSCGRFHY,HhFPSCGRFHY_0000_S0_E651_L125_T0_R509_B352,dpt,543,0.012204439379274845,0.0001998148363782093,0.00919909868389368
HhFPSCGRFHY,HhFPSCGRFHY_0000_S0_E651_L125_T0_R509_B352,artalk,544,0.011288551613688469,5.594786853180267e-05,0.0068485490046441555
HhFPSCGRFHY,HhFPSCGRFHY_0000_S0_E651_L125_T0_R509_B352,multitalk,543,0.009795746766030788,0.0002153093955712393,0.007661815732717514
HhFPSCGRFHY,HhFPSCGRFHY_0000_S0_E651_L125_T0_R509_B352,codetalker,545,0.008897329680621624,0.0002608494833111763,0.004364629741758108
HhNo_IOPOtU,HhNo_IOPOtU_0002_S0_E217_L419_T81_R835_B497,dpt,217,0.007933106273412704,0.00016917941684368998,0.002558788750320673
HhNo_IOPOtU,HhNo_IOPOtU_0002_S0_E217_L419_T81_R835_B497,artalk,217,0.006050969939678907,0.00010808385559357703,0.0034125186502933502
HhNo_IOPOtU,HhNo_IOPOtU_0002_S0_E217_L419_T81_R835_B497,multitalk,216,0.01197350025177002,-0.00040842025191523135,0.004888438154011965
HhNo_IOPOtU,HhNo_IOPOtU_0002_S0_E217_L419_T81_R835_B497,codetalker,217,0.0115936528891325,0.00019553386664483696,0.006894540507346392
HhljUdMUbs0,HhljUdMUbs0_0002_S896_E1096_L497_T25_R833_B361,dpt,200,0.010071832686662674,0.00019908678950741887,0.0020322122145444155
HhljUdMUbs0,HhljUdMUbs0_0002_S896_E1096_L497_T25_R833_B361,artalk,200,0.005629218649119139,0.00010097069753101096,0.0011523085413500667
HhljUdMUbs0,HhljUdMUbs0_0002_S896_E1096_L497_T25_R833_B361,multitalk,200,0.014285334385931492,0.0001793975243344903,0.0013537976192310452
HhljUdMUbs0,HhljUdMUbs0_0002_S896_E1096_L497_T25_R833_B361,codetalker,200,0.0101327458396554,0.00022253145289141685,0.003569089574739337
HmexkGBB428,HmexkGBB428_0023_S1517_E1799_L407_T142_R839_B574,dpt,235,0.01606166921555996,-8.441435056738555e-05,0.01259357389062643
HmexkGBB428,HmexkGBB428_0023_S1517_E1799_L407_T142_R839_B574,artalk,236,0.011198167689144611,-0.00019879610044881701,0.010532484389841557
HmexkGBB428,HmexkGBB428_0023_S1517_E1799_L407_T142_R839_B574,multitalk,235,0.02245752140879631,-6.568112439708784e-05,0.01320317666977644
HmexkGBB428,HmexkGBB428_0023_S1517_E1799_L407_T142_R839_B574,codetalker,237,0.012606389820575714,-6.408095214283094e-05,0.00633942661806941
HsGbFpi3xtk,HsGbFpi3xtk_0000_S1614_E1919_L469_T53_R789_B373,dpt,254,0.009565990418195724,0.00034721673000603914,0.0034429426304996014
HsGbFpi3xtk,HsGbFpi3xtk_0000_S1614_E1919_L469_T53_R789_B373,artalk,255,0.010536134243011475,0.00023183172743301839,0.0019213471096009016
HsGbFpi3xtk,HsGbFpi3xtk_0000_S1614_E1919_L469_T53_R789_B373,multitalk,254,0.01337344478815794,0.0003567537642084062,0.0035056828055530787
HsGbFpi3xtk,HsGbFpi3xtk_0000_S1614_E1919_L469_T53_R789_B373,codetalker,256,0.011058252304792404,0.00034854281693696976,0.004864397458732128
Hy6QRP3ENl8,Hy6QRP3ENl8_0000_S2_E389_L190_T31_R734_B575,dpt,387,0.010977582074701786,0.00013444983051158488,0.003994600381702185
Hy6QRP3ENl8,Hy6QRP3ENl8_0000_S2_E389_L190_T31_R734_B575,artalk,387,0.005734420381486416,-4.156286195211578e-06,0.0024929894134402275
Hy6QRP3ENl8,Hy6QRP3ENl8_0000_S2_E389_L190_T31_R734_B575,multitalk,387,0.01651279628276825,-7.973789615789428e-05,0.005440190900117159
Hy6QRP3ENl8,Hy6QRP3ENl8_0000_S2_E389_L190_T31_R734_B575,codetalker,387,0.008179151453077793,0.00013454740110319108,0.0037848541978746653
HztoBDblr8o,HztoBDblr8o_0000_S1306_E1611_L522_T42_R858_B378,dpt,305,0.008343744091689587,0.0003055179549846798,0.0027210747357457876
HztoBDblr8o,HztoBDblr8o_0000_S1306_E1611_L522_T42_R858_B378,artalk,305,0.00910886935889721,0.0002699991164263338,0.0038728034123778343
HztoBDblr8o,HztoBDblr8o_0000_S1306_E1611_L522_T42_R858_B378,multitalk,305,0.011493400670588017,0.0003317721711937338,0.0029919554945081472
HztoBDblr8o,HztoBDblr8o_0000_S1306_E1611_L522_T42_R858_B378,codetalker,305,0.008463801816105843,0.0003167197573930025,0.0033699062187224627
I-9uLKZmxOw,I-9uLKZmxOw_0013_S358_E639_L516_T25_R884_B393,dpt,281,0.012767969630658627,0.00020995961676817387,0.002447070088237524
I-9uLKZmxOw,I-9uLKZmxOw_0013_S358_E639_L516_T25_R884_B393,artalk,281,0.009378419257700443,0.0001029400882543996,0.00494686234742403
I-9uLKZmxOw,I-9uLKZmxOw_0013_S358_E639_L516_T25_R884_B393,multitalk,281,0.0162118598818779,0.00021648356050718576,0.0031345209572464228
I-9uLKZmxOw,I-9uLKZmxOw_0013_S358_E639_L516_T25_R884_B393,codetalker,281,0.01344981323927641,0.00026049555162899196,0.007553251460194588
I-HFjHKJJ7E,I-HFjHKJJ7E_0007_S700_E992_L569_T88_R905_B424,dpt,243,0.009960154071450233,0.0002254424907732755,0.003409380791708827
I-HFjHKJJ7E,I-HFjHKJJ7E_0007_S700_E992_L569_T88_R905_B424,artalk,244,0.009819901548326015,0.00010776165436254814,0.004101034719496965
I-HFjHKJJ7E,I-HFjHKJJ7E_0007_S700_E992_L569_T88_R905_B424,multitalk,243,0.009224041365087032,0.00023813560255803168,0.003147014882415533
I-HFjHKJJ7E,I-HFjHKJJ7E_0007_S700_E992_L569_T88_R905_B424,codetalker,246,0.008562312461435795,0.0002718348696362227,0.005605312529951334
I0lqvxqEKhU,I0lqvxqEKhU_0037_S0_E506_L449_T40_R817_B408,dpt,422,0.011353454552590847,0.000278423132840544,0.0038771373219788074
I0lqvxqEKhU,I0lqvxqEKhU_0037_S0_E506_L449_T40_R817_B408,artalk,423,0.012031862512230873,8.608821372035891e-05,0.003429179545491934
I0lqvxqEKhU,I0lqvxqEKhU_0037_S0_E506_L449_T40_R817_B408,multitalk,422,0.013114864937961102,0.000196221299120225,0.010678202845156193
I0lqvxqEKhU,I0lqvxqEKhU_0037_S0_E506_L449_T40_R817_B408,codetalker,424,0.013912506401538849,0.00022347454796545208,0.007465554866939783
I1fZdwFStnY,I1fZdwFStnY_0010_S398_E684_L577_T74_R865_B362,dpt,286,0.010878490284085274,0.00013472267892211676,0.003863042453303933
I1fZdwFStnY,I1fZdwFStnY_0010_S398_E684_L577_T74_R865_B362,artalk,286,0.007729428820312023,3.3561751479282975e-05,0.0036833672784268856
I1fZdwFStnY,I1fZdwFStnY_0010_S398_E684_L577_T74_R865_B362,multitalk,286,0.012074675410985947,-1.068958044925239e-05,0.0034913159906864166
I1fZdwFStnY,I1fZdwFStnY_0010_S398_E684_L577_T74_R865_B362,codetalker,286,0.010609463788568974,0.0001357985893264413,0.0036220429465174675
I3RMF_9xW1o,I3RMF_9xW1o_0000_S1123_E1619_L462_T23_R830_B391,dpt,484,0.01469697430729866,3.124060094705783e-05,0.003275620983913541
I3RMF_9xW1o,I3RMF_9xW1o_0000_S1123_E1619_L462_T23_R830_B391,artalk,485,0.009300475008785725,-0.00011610878573264927,0.0029960868414491415
I3RMF_9xW1o,I3RMF_9xW1o_0000_S1123_E1619_L462_T23_R830_B391,multitalk,484,0.014752165414392948,2.8161093723610975e-05,0.004334443714469671
I3RMF_9xW1o,I3RMF_9xW1o_0000_S1123_E1619_L462_T23_R830_B391,codetalker,485,0.013980571180582047,5.001935642212629e-05,0.004112462047487497
I9taZpV2JfU,I9taZpV2JfU_0166_S1057_E1686_L187_T0_R811_B496,dpt,524,0.01833707094192505,0.00020883677643723786,0.0058359261602163315
I9taZpV2JfU,I9taZpV2JfU_0166_S1057_E1686_L187_T0_R811_B496,artalk,525,0.01912875659763813,0.00011695931607391685,0.006527343764901161
I9taZpV2JfU,I9taZpV2JfU_0166_S1057_E1686_L187_T0_R811_B496,multitalk,524,0.015248727053403854,0.00020484135893639177,0.005362493451684713
I9taZpV2JfU,I9taZpV2JfU_0166_S1057_E1686_L187_T0_R811_B496,codetalker,526,0.01894291490316391,0.00028260433464311063,0.00959924329072237
IAYJhZS231s,IAYJhZS231s_0000_S0_E372_L273_T0_R1025_B704,dpt,310,0.011939799413084984,0.0002567671181168407,0.0038225927855819464
IAYJhZS231s,IAYJhZS231s_0000_S0_E372_L273_T0_R1025_B704,artalk,311,0.00852338969707489,9.293547191191465e-05,0.0036989294458180666
IAYJhZS231s,IAYJhZS231s_0000_S0_E372_L273_T0_R1025_B704,multitalk,310,0.013914077542722225,0.0001932180894073099,0.002981866244226694
IAYJhZS231s,IAYJhZS231s_0000_S0_E372_L273_T0_R1025_B704,codetalker,312,0.014072246849536896,0.00021771294996142387,0.00980400387197733
IB6_L9xsnAo,IB6_L9xsnAo_0001_S938_E1248_L357_T53_R773_B469,dpt,261,0.016047874465584755,0.0002506332821212709,0.005048757418990135
IB6_L9xsnAo,IB6_L9xsnAo_0001_S938_E1248_L357_T53_R773_B469,artalk,262,0.013013055548071861,0.00025983466184698045,0.003776264376938343
IB6_L9xsnAo,IB6_L9xsnAo_0001_S938_E1248_L357_T53_R773_B469,multitalk,261,0.013409586623311043,0.00022069494298193604,0.005533034913241863
IB6_L9xsnAo,IB6_L9xsnAo_0001_S938_E1248_L357_T53_R773_B469,codetalker,263,0.011937957257032394,0.0003238341014366597,0.004534593783318996
IGEJo3QHvSI,IGEJo3QHvSI_0001_S0_E272_L539_T107_R891_B459,dpt,272,0.007894717156887054,0.00024090689839795232,0.002822288777679205
IGEJo3QHvSI,IGEJo3QHvSI_0001_S0_E272_L539_T107_R891_B459,artalk,272,0.007071891333907843,9.954316192306578e-05,0.004460606258362532
IGEJo3QHvSI,IGEJo3QHvSI_0001_S0_E272_L539_T107_R891_B459,multitalk,272,0.009053226560354233,0.00023129172041080892,0.006587035488337278
IGEJo3QHvSI,IGEJo3QHvSI_0001_S0_E272_L539_T107_R891_B459,codetalker,272,0.007815477438271046,0.0002817838394548744,0.005422213580459356
ILQii0-r-bE,ILQii0-r-bE_0000_S0_E345_L695_T0_R1015_B320,dpt,359,0.009269209578633308,0.00039288459811359644,0.003199794562533498
ILQii0-r-bE,ILQii0-r-bE_0000_S0_E345_L695_T0_R1015_B320,artalk,360,0.008956743404269218,0.00025701132835820317,0.00517349923029542
ILQii0-r-bE,ILQii0-r-bE_0000_S0_E345_L695_T0_R1015_B320,multitalk,359,0.013719101436436176,0.0003126246447209269,0.004551440477371216
ILQii0-r-bE,ILQii0-r-bE_0000_S0_E345_L695_T0_R1015_B320,codetalker,360,0.013380135409533978,0.00044378332677297294,0.009004832245409489
IM1xpnkmG7o,IM1xpnkmG7o_0005_S1166_E1468_L346_T0_R1178_B528,dpt,251,0.013257498852908611,0.00028846238274127245,0.0052344962023198605
IM1xpnkmG7o,IM1xpnkmG7o_0005_S1166_E1468_L346_T0_R1178_B528,artalk,252,0.009984590113162994,0.00022138743952382356,0.0054403021931648254
IM1xpnkmG7o,IM1xpnkmG7o_0005_S1166_E1468_L346_T0_R1178_B528,multitalk,251,0.015864040702581406,0.000255979219218716,0.0024803876876831055
IM1xpnkmG7o,IM1xpnkmG7o_0005_S1166_E1468_L346_T0_R1178_B528,codetalker,255,0.016500500962138176,0.000336218043230474,0.010738172568380833
IMEIBu0uULg,IMEIBu0uULg_0001_S1097_E1438_L398_T0_R670_B272,dpt,341,0.010225953534245491,8.725433144718409e-05,0.005327716935425997
IMEIBu0uULg,IMEIBu0uULg_0001_S1097_E1438_L398_T0_R670_B272,artalk,341,0.007262819912284613,-3.908196231350303e-05,0.003103692550212145
IMEIBu0uULg,IMEIBu0uULg_0001_S1097_E1438_L398_T0_R670_B272,multitalk,341,0.013935389928519726,3.12365336867515e-05,0.004138079471886158
IMEIBu0uULg,IMEIBu0uULg_0001_S1097_E1438_L398_T0_R670_B272,codetalker,341,0.009875773452222347,0.00011262571206316352,0.0027207492385059595
IPPVWl-jPqk,IPPVWl-jPqk_0001_S0_E374_L359_T5_R823_B469,dpt,374,0.007090447470545769,5.7858775107888505e-05,0.0028094621375203133
IPPVWl-jPqk,IPPVWl-jPqk_0001_S0_E374_L359_T5_R823_B469,artalk,374,0.006207132246345282,-2.9159589757909998e-05,0.002497419249266386
IPPVWl-jPqk,IPPVWl-jPqk_0001_S0_E374_L359_T5_R823_B469,multitalk,374,0.007455059327185154,2.5751445718924515e-05,0.003891808446496725
IPPVWl-jPqk,IPPVWl-jPqk_0001_S0_E374_L359_T5_R823_B469,codetalker,374,0.0069271838292479515,5.543128281715326e-05,0.0038708155043423176
ISip9JRbYNs,ISip9JRbYNs_0001_S0_E650_L332_T0_R876_B544,dpt,542,0.010820345021784306,0.0003426720795687288,0.0034572044387459755
ISip9JRbYNs,ISip9JRbYNs_0001_S0_E650_L332_T0_R876_B544,artalk,543,0.009726805612444878,0.00021557093714363873,0.002365394961088896
ISip9JRbYNs,ISip9JRbYNs_0001_S0_E650_L332_T0_R876_B544,multitalk,542,0.012801457196474075,0.00033433292992413044,0.004615029785782099
ISip9JRbYNs,ISip9JRbYNs_0001_S0_E650_L332_T0_R876_B544,codetalker,544,0.011708058416843414,0.0003755762882065028,0.006906139198690653
ITBbGDndjGM,ITBbGDndjGM_0001_S864_E1098_L73_T0_R1273_B704,dpt,203,0.008723358623683453,1.3029864931013435e-05,0.0018706632545217872
ITBbGDndjGM,ITBbGDndjGM_0001_S864_E1098_L73_T0_R1273_B704,artalk,204,0.005922699812799692,-5.178010542294942e-05,0.0019136960618197918
ITBbGDndjGM,ITBbGDndjGM_0001_S864_E1098_L73_T0_R1273_B704,multitalk,203,0.01352366991341114,-0.0003833298687823117,0.00351335178129375
ITBbGDndjGM,ITBbGDndjGM_0001_S864_E1098_L73_T0_R1273_B704,codetalker,205,0.011885670013725758,3.2274012482957914e-05,0.006008721422404051
ITjHgkTTX_s,ITjHgkTTX_s_0006_S75_E334_L76_T0_R972_B704,dpt,259,0.009509531781077385,0.00017512812337372452,0.0078073726035654545
ITjHgkTTX_s,ITjHgkTTX_s_0006_S75_E334_L76_T0_R972_B704,artalk,259,0.008789343759417534,-8.352930080945953e-07,0.00671962508931756
ITjHgkTTX_s,ITjHgkTTX_s_0006_S75_E334_L76_T0_R972_B704,multitalk,259,0.010650564916431904,0.0001648316829232499,0.007117921486496925
ITjHgkTTX_s,ITjHgkTTX_s_0006_S75_E334_L76_T0_R972_B704,codetalker,259,0.00936168059706688,0.00021167536033317447,0.0048799715004861355
IaHioK3Ljz0,IaHioK3Ljz0_0001_S12_E600_L411_T44_R731_B364,dpt,490,0.01042909361422062,9.864532330539078e-05,0.005758393555879593
IaHioK3Ljz0,IaHioK3Ljz0_0001_S12_E600_L411_T44_R731_B364,artalk,491,0.008220969699323177,4.32203933087294e-06,0.003749858122318983
IaHioK3Ljz0,IaHioK3Ljz0_0001_S12_E600_L411_T44_R731_B364,multitalk,490,0.008364060893654823,0.00014136375102680176,0.005020682699978352
IaHioK3Ljz0,IaHioK3Ljz0_0001_S12_E600_L411_T44_R731_B364,codetalker,493,0.00885132234543562,0.0001292814704356715,0.004482724238187075
IahmVXN7xEQ,IahmVXN7xEQ_0002_S1209_E1807_L596_T98_R868_B370,dpt,491,0.0076134479604661465,0.00019224488642066717,0.0037032640539109707
IahmVXN7xEQ,IahmVXN7xEQ_0002_S1209_E1807_L596_T98_R868_B370,artalk,492,0.005713704042136669,8.735692972550169e-05,0.003263923805207014
IahmVXN7xEQ,IahmVXN7xEQ_0002_S1209_E1807_L596_T98_R868_B370,multitalk,491,0.008400462567806244,0.00020309601677581668,0.003663796465843916
IahmVXN7xEQ,IahmVXN7xEQ_0002_S1209_E1807_L596_T98_R868_B370,codetalker,493,0.008925696834921837,0.0002157108683604747,0.007531315553933382
IatKu7sngG8,IatKu7sngG8_0002_S886_E1369_L34_T0_R898_B704,dpt,402,0.011999720707535744,0.00033772250753827393,0.007945256307721138
IatKu7sngG8,IatKu7sngG8_0002_S886_E1369_L34_T0_R898_B704,artalk,403,0.013555807061493397,0.0001638523390283808,0.009153809398412704
IatKu7sngG8,IatKu7sngG8_0002_S886_E1369_L34_T0_R898_B704,multitalk,402,0.01050557941198349,0.00032908032881096005,0.006599893793463707
IatKu7sngG8,IatKu7sngG8_0002_S886_E1369_L34_T0_R898_B704,codetalker,404,0.01626410335302353,0.00036579821608029306,0.013899567537009716
If2Fw0z6uxY,If2Fw0z6uxY_0000_S1111_E1333_L274_T25_R594_B345,dpt,222,0.008540300652384758,0.00012701464584097266,0.003645604010671377
If2Fw0z6uxY,If2Fw0z6uxY_0000_S1111_E1333_L274_T25_R594_B345,artalk,222,0.008094330318272114,-3.193690872649313e-06,0.0037243571132421494
If2Fw0z6uxY,If2Fw0z6uxY_0000_S1111_E1333_L274_T25_R594_B345,multitalk,222,0.012544016353785992,7.885265949880704e-05,0.005727192386984825
If2Fw0z6uxY,If2Fw0z6uxY_0000_S1111_E1333_L274_T25_R594_B345,codetalker,222,0.00908755138516426,0.00018780991376843303,0.004503394011408091
IfnTz7vZyVg,IfnTz7vZyVg_0008_S1351_E1728_L441_T136_R729_B424,dpt,314,0.014699999243021011,0.00018467052723281085,0.006788809783756733
IfnTz7vZyVg,IfnTz7vZyVg_0008_S1351_E1728_L441_T136_R729_B424,artalk,315,0.012653379701077938,9.714717452879995e-05,0.007577420677989721
IfnTz7vZyVg,IfnTz7vZyVg_0008_S1351_E1728_L441_T136_R729_B424,multitalk,314,0.01226708572357893,0.0001947201235452667,0.004954347386956215
IfnTz7vZyVg,IfnTz7vZyVg_0008_S1351_E1728_L441_T136_R729_B424,codetalker,316,0.01763714663684368,0.00025815123808570206,0.013810371980071068
InL3YA_6P6s,InL3YA_6P6s_0000_S194_E326_L455_T10_R775_B330,dpt,220,0.01035426277667284,0.00011093009379692376,0.004988871980458498
InL3YA_6P6s,InL3YA_6P6s_0000_S194_E326_L455_T10_R775_B330,artalk,220,0.007185263093560934,-1.8571112377685495e-05,0.0020927665755152702
InL3YA_6P6s,InL3YA_6P6s_0000_S194_E326_L455_T10_R775_B330,multitalk,219,0.010931890457868576,9.404286538483575e-05,0.004376839380711317
InL3YA_6P6s,InL3YA_6P6s_0000_S194_E326_L455_T10_R775_B330,codetalker,220,0.011667470447719097,0.00016854524437803775,0.006727959960699081
InSvBuHK4vI,InSvBuHK4vI_0000_S1274_E1510_L296_T0_R952_B640,dpt,246,0.010267247445881367,0.00020520674297586083,0.0031291416380554438
InSvBuHK4vI,InSvBuHK4vI_0000_S1274_E1510_L296_T0_R952_B640,artalk,246,0.008002128452062607,9.09359150682576e-05,0.004178099799901247
InSvBuHK4vI,InSvBuHK4vI_0000_S1274_E1510_L296_T0_R952_B640,multitalk,246,0.015282801352441311,0.00014262345212046057,0.004271948244422674
InSvBuHK4vI,InSvBuHK4vI_0000_S1274_E1510_L296_T0_R952_B640,codetalker,246,0.011520366184413433,0.0002605440968181938,0.004706337116658688
IsMFdiLsqbg,IsMFdiLsqbg_0002_S1203_E1518_L508_T43_R780_B315,dpt,262,0.011019669473171234,0.00012070166121702641,0.0038131570909172297
IsMFdiLsqbg,IsMFdiLsqbg_0002_S1203_E1518_L508_T43_R780_B315,artalk,263,0.00631145341321826,1.264927504962543e-05,0.003979342523962259
IsMFdiLsqbg,IsMFdiLsqbg_0002_S1203_E1518_L508_T43_R780_B315,multitalk,262,0.009473801590502262,0.00016956999024841934,0.0070512257516384125
IsMFdiLsqbg,IsMFdiLsqbg_0002_S1203_E1518_L508_T43_R780_B315,codetalker,265,0.008204618468880653,0.0001641923881834373,0.0036994905676692724
IuuRvopzIf8,IuuRvopzIf8_0004_S1050_E1296_L495_T64_R767_B336,dpt,205,0.016175810247659683,-7.72262501413934e-05,0.010517483577132225
IuuRvopzIf8,IuuRvopzIf8_0004_S1050_E1296_L495_T64_R767_B336,artalk,206,0.012729577720165253,-0.00016202504048123956,0.007131523452699184
IuuRvopzIf8,IuuRvopzIf8_0004_S1050_E1296_L495_T64_R767_B336,multitalk,205,0.012624754570424557,-4.0282091504195705e-05,0.007012460846453905
IuuRvopzIf8,IuuRvopzIf8_0004_S1050_E1296_L495_T64_R767_B336,codetalker,207,0.008241995237767696,1.4569747690984514e-05,0.003120966022834182
IxYu1FAY5qc,IxYu1FAY5qc_0002_S0_E610_L67_T0_R563_B496,dpt,509,0.007906141690909863,0.000279772822977975,0.0026955101639032364
IxYu1FAY5qc,IxYu1FAY5qc_0002_S0_E610_L67_T0_R563_B496,artalk,510,0.006378814112395048,0.0002045639994321391,0.003417212050408125
IxYu1FAY5qc,IxYu1FAY5qc_0002_S0_E610_L67_T0_R563_B496,multitalk,508,0.011127247475087643,0.0003030816151294857,0.0027452404610812664
IxYu1FAY5qc,IxYu1FAY5qc_0002_S0_E610_L67_T0_R563_B496,codetalker,511,0.010395326651632786,0.00035453392774797976,0.0071350461803376675
J1OGqF5Eo1k,J1OGqF5Eo1k_0000_S148_E458_L569_T48_R985_B464,dpt,258,0.0113950464874506,0.0001859355834312737,0.004972365219146013
J1OGqF5Eo1k,J1OGqF5Eo1k_0000_S148_E458_L569_T48_R985_B464,artalk,259,0.007978541776537895,0.00014790243585593998,0.00483570946380496
J1OGqF5Eo1k,J1OGqF5Eo1k_0000_S148_E458_L569_T48_R985_B464,multitalk,258,0.012187905609607697,0.00020068300364073366,0.005047403741627932
J1OGqF5Eo1k,J1OGqF5Eo1k_0000_S148_E458_L569_T48_R985_B464,codetalker,260,0.011896979063749313,0.0002304113731952384,0.0066068596206605434
J44SPYSVAAc,J44SPYSVAAc_0002_S0_E258_L475_T66_R779_B370,dpt,258,0.007571537513285875,0.00014784566883463413,0.0059184483252465725
J44SPYSVAAc,J44SPYSVAAc_0002_S0_E258_L475_T66_R779_B370,artalk,258,0.006482995580881834,-1.4159024431137368e-05,0.005446829367429018
J44SPYSVAAc,J44SPYSVAAc_0002_S0_E258_L475_T66_R779_B370,multitalk,258,0.012513868510723114,-0.00016096726176328957,0.0075497496873140335
J44SPYSVAAc,J44SPYSVAAc_0002_S0_E258_L475_T66_R779_B370,codetalker,258,0.00795163307338953,0.00010767741332529113,0.004494091961532831
J4vKu-s3OqM,J4vKu-s3OqM_0001_S0_E586_L497_T34_R801_B338,dpt,488,0.008798237890005112,0.00013776382547803223,0.003412993624806404
J4vKu-s3OqM,J4vKu-s3OqM_0001_S0_E586_L497_T34_R801_B338,artalk,489,0.007011412642896175,1.9129794964101166e-05,0.002740450669080019
J4vKu-s3OqM,J4vKu-s3OqM_0001_S0_E586_L497_T34_R801_B338,multitalk,488,0.009149877354502678,0.0001253045629709959,0.005758686922490597
J4vKu-s3OqM,J4vKu-s3OqM_0001_S0_E586_L497_T34_R801_B338,codetalker,490,0.008964695036411285,0.00017091890913434327,0.004805530421435833
J78srd3-odQ,J78srd3-odQ_0007_S101_E360_L682_T69_R938_B325,dpt,215,0.009008769877254963,4.114498369744979e-05,0.005562925711274147
J78srd3-odQ,J78srd3-odQ_0007_S101_E360_L682_T69_R938_B325,artalk,216,0.0051503716967999935,-4.943112435285002e-05,0.0028635880444198847
J78srd3-odQ,J78srd3-odQ_0007_S101_E360_L682_T69_R938_B325,multitalk,215,0.008843336254358292,8.726322994334623e-05,0.008648086339235306
J78srd3-odQ,J78srd3-odQ_0007_S101_E360_L682_T69_R938_B325,codetalker,218,0.006768324878066778,6.798420508857816e-05,0.003148698480799794
J7BLQbvZyrU,J7BLQbvZyrU_0003_S1201_E1632_L365_T122_R733_B490,dpt,359,0.011676124297082424,0.0002260676264995709,0.005656295455992222
J7BLQbvZyrU,J7BLQbvZyrU_0003_S1201_E1632_L365_T122_R733_B490,artalk,360,0.00785017665475607,0.00013468461111187935,0.004558625631034374
J7BLQbvZyrU,J7BLQbvZyrU_0003_S1201_E1632_L365_T122_R733_B490,multitalk,359,0.011046160012483597,0.00022061922936700284,0.005917134694755077
J7BLQbvZyrU,J7BLQbvZyrU_0003_S1201_E1632_L365_T122_R733_B490,codetalker,362,0.012268555350601673,0.0002935577358584851,0.010300537571310997
J7ei1-rYHMU,J7ei1-rYHMU_0000_S0_E286_L324_T13_R916_B605,dpt,238,0.010544979013502598,0.00024814871721901,0.0038843019865453243
J7ei1-rYHMU,J7ei1-rYHMU_0000_S0_E286_L324_T13_R916_B605,artalk,239,0.012705914676189423,0.00014236518472898751,0.0038263853639364243
J7ei1-rYHMU,J7ei1-rYHMU_0000_S0_E286_L324_T13_R916_B605,multitalk,238,0.011410116218030453,0.00023819226771593094,0.0036081501748412848
J7ei1-rYHMU,J7ei1-rYHMU_0000_S0_E286_L324_T13_R916_B605,codetalker,240,0.015765102580189705,0.00026434831670485437,0.007777415681630373
JFkqEW-sz1c,JFkqEW-sz1c_0000_S54_E447_L491_T119_R795_B423,dpt,327,0.01063553523272276,1.9547524061636068e-05,0.0034053113777190447
JFkqEW-sz1c,JFkqEW-sz1c_0000_S54_E447_L491_T119_R795_B423,artalk,328,0.005952412728220224,-9.048431820701808e-05,0.00265896855853498
JFkqEW-sz1c,JFkqEW-sz1c_0000_S54_E447_L491_T119_R795_B423,multitalk,327,0.01011550985276699,-5.773114480689401e-06,0.0043677217327058315
JFkqEW-sz1c,JFkqEW-sz1c_0000_S54_E447_L491_T119_R795_B423,codetalker,330,0.010601825080811977,9.310563473263755e-05,0.006830231286585331
JGwMIlpgR2A,JGwMIlpgR2A_0000_S1331_E1535_L389_T9_R933_B553,dpt,204,0.007124405354261398,3.0140816306811757e-05,0.0026753731071949005
JGwMIlpgR2A,JGwMIlpgR2A_0000_S1331_E1535_L389_T9_R933_B553,artalk,204,0.005622913595288992,-1.1474008715595119e-05,0.0026390624698251486
JGwMIlpgR2A,JGwMIlpgR2A_0000_S1331_E1535_L389_T9_R933_B553,multitalk,204,0.01196239609271288,8.07131000328809e-05,0.004591363947838545
JGwMIlpgR2A,JGwMIlpgR2A_0000_S1331_E1535_L389_T9_R933_B553,codetalker,204,0.008761249482631683,4.764789264299907e-05,0.0040172673761844635
JIEgN3las5E,JIEgN3las5E_0000_S1436_E1787_L150_T0_R1270_B704,dpt,293,0.011287432163953781,0.0001929586724145338,0.00319369207136333
JIEgN3las5E,JIEgN3las5E_0000_S1436_E1787_L150_T0_R1270_B704,artalk,294,0.008143976330757141,8.17549807834439e-05,0.005932505242526531
JIEgN3las5E,JIEgN3las5E_0000_S1436_E1787_L150_T0_R1270_B704,multitalk,293,0.009288662113249302,0.0001738450228003785,0.0030255871824920177
JIEgN3las5E,JIEgN3las5E_0000_S1436_E1787_L150_T0_R1270_B704,codetalker,295,0.012520921416580677,0.00025794439716264606,0.009758360683918
JIvGXG4z9X4,JIvGXG4z9X4_0012_S195_E436_L276_T54_R628_B406,dpt,251,0.008336960338056087,0.00025158378412015736,0.004360454622656107
JIvGXG4z9X4,JIvGXG4z9X4_0012_S195_E436_L276_T54_R628_B406,artalk,251,0.00940725114196539,0.00011984904995188117,0.0042284028604626656
JIvGXG4z9X4,JIvGXG4z9X4_0012_S195_E436_L276_T54_R628_B406,multitalk,251,0.009332413785159588,0.00021711556473746896,0.007705093827098608
JIvGXG4z9X4,JIvGXG4z9X4_0012_S195_E436_L276_T54_R628_B406,codetalker,251,0.009504423476755619,0.00021429153275676072,0.004558677319437265
JKg4o6SHbCY,JKg4o6SHbCY_0003_S745_E1015_L295_T0_R1095_B672,dpt,270,0.012719321995973587,0.00044811723637394607,0.0065331351943314075
JKg4o6SHbCY,JKg4o6SHbCY_0003_S745_E1015_L295_T0_R1095_B672,artalk,270,0.012100061401724815,0.00038357177982106805,0.005812452640384436
JKg4o6SHbCY,JKg4o6SHbCY_0003_S745_E1015_L295_T0_R1095_B672,multitalk,270,0.017634039744734764,0.0003298537922091782,0.008914675563573837
JKg4o6SHbCY,JKg4o6SHbCY_0003_S745_E1015_L295_T0_R1095_B672,codetalker,270,0.012943524867296219,0.0004471797146834433,0.006475863046944141
JLEPOAlZ7LU,JLEPOAlZ7LU_0015_S558_E783_L394_T18_R810_B434,dpt,225,0.009313434362411499,0.00021773003390990198,0.004976737778633833
JLEPOAlZ7LU,JLEPOAlZ7LU_0015_S558_E783_L394_T18_R810_B434,artalk,225,0.007436683867126703,0.00010132051829714328,0.003953185398131609
JLEPOAlZ7LU,JLEPOAlZ7LU_0015_S558_E783_L394_T18_R810_B434,multitalk,225,0.010003233328461647,0.00011308422108413652,0.005590866785496473
JLEPOAlZ7LU,JLEPOAlZ7LU_0015_S558_E783_L394_T18_R810_B434,codetalker,225,0.009114819578826427,0.00021153870329726487,0.0040245964191854
JUM_s4uQDW4,JUM_s4uQDW4_0001_S1130_E1410_L392_T19_R840_B467,dpt,233,0.014982066117227077,0.00010970503353746608,0.0072753652930259705
JUM_s4uQDW4,JUM_s4uQDW4_0001_S1130_E1410_L392_T19_R840_B467,artalk,234,0.009920535609126091,3.0551693726010853e-06,0.005756010301411152
JUM_s4uQDW4,JUM_s4uQDW4_0001_S1130_E1410_L392_T19_R840_B467,multitalk,233,0.016284074634313583,8.71952433953993e-05,0.005512716248631477
JUM_s4uQDW4,JUM_s4uQDW4_0001_S1130_E1410_L392_T19_R840_B467,codetalker,236,0.01375068724155426,0.00014373083831742406,0.004847634583711624
JVSwiQ0tNLM,JVSwiQ0tNLM_0006_S1067_E1294_L290_T28_R610_B348,dpt,227,0.010817214846611023,0.00010534398461459205,0.004006844479590654
JVSwiQ0tNLM,JVSwiQ0tNLM_0006_S1067_E1294_L290_T28_R610_B348,artalk,227,0.010053316131234169,4.0684557461645454e-05,0.003229711903259158
JVSwiQ0tNLM,JVSwiQ0tNLM_0006_S1067_E1294_L290_T28_R610_B348,multitalk,227,0.009346739389002323,8.95110351848416e-05,0.0023817140609025955
JVSwiQ0tNLM,JVSwiQ0tNLM_0006_S1067_E1294_L290_T28_R610_B348,codetalker,227,0.009475155733525753,0.00011489703319966793,0.003509830217808485
JeZ5gAUnlFk,JeZ5gAUnlFk_0002_S281_E805_L371_T38_R739_B406,dpt,524,0.0112049151211977,0.0001590674655744806,0.0040727523155510426
JeZ5gAUnlFk,JeZ5gAUnlFk_0002_S281_E805_L371_T38_R739_B406,artalk,524,0.00957344938069582,7.234434451675043e-05,0.00461628707125783
JeZ5gAUnlFk,JeZ5gAUnlFk_0002_S281_E805_L371_T38_R739_B406,multitalk,524,0.013192224316298962,0.0001485136745031923,0.005603339988738298
JeZ5gAUnlFk,JeZ5gAUnlFk_0002_S281_E805_L371_T38_R739_B406,codetalker,524,0.013559645973145962,0.0002275318547617644,0.0074922083877027035
JgwRwOWyR0Y,JgwRwOWyR0Y_0003_S547_E754_L576_T0_R960_B368,dpt,207,0.007858005352318287,6.193808803800493e-05,0.004241043236106634
JgwRwOWyR0Y,JgwRwOWyR0Y_0003_S547_E754_L576_T0_R960_B368,artalk,207,0.008351694792509079,-1.4142016880214214e-05,0.004561451263725758
JgwRwOWyR0Y,JgwRwOWyR0Y_0003_S547_E754_L576_T0_R960_B368,multitalk,207,0.007650937419384718,7.45967699913308e-05,0.004893872421234846
JgwRwOWyR0Y,JgwRwOWyR0Y_0003_S547_E754_L576_T0_R960_B368,codetalker,207,0.008314472623169422,8.014290506253019e-05,0.003982235677540302
JmWnjvHEM38,JmWnjvHEM38_0000_S0_E326_L276_T67_R660_B451,dpt,339,0.013673496432602406,0.00013372338435146958,0.0028448132798075676
JmWnjvHEM38,JmWnjvHEM38_0000_S0_E326_L276_T67_R660_B451,artalk,340,0.01497899740934372,3.0440194677794352e-05,0.004663082305341959
JmWnjvHEM38,JmWnjvHEM38_0000_S0_E326_L276_T67_R660_B451,multitalk,339,0.01078772358596325,0.0001436540624126792,0.004206083249300718
JmWnjvHEM38,JmWnjvHEM38_0000_S0_E326_L276_T67_R660_B451,codetalker,340,0.012040449306368828,0.000156102585606277,0.007494708988815546
JmjxtqnhzHI,JmjxtqnhzHI_0003_S1417_E1700_L207_T0_R591_B384,dpt,236,0.010779676958918571,0.0001422879140591249,0.004562060814350843
JmjxtqnhzHI,JmjxtqnhzHI_0003_S1417_E1700_L207_T0_R591_B384,artalk,237,0.013179318979382515,-3.010004547832068e-05,0.0046786172315478325
JmjxtqnhzHI,JmjxtqnhzHI_0003_S1417_E1700_L207_T0_R591_B384,multitalk,236,0.012795678339898586,0.00012365056318230927,0.005625038407742977
JmjxtqnhzHI,JmjxtqnhzHI_0003_S1417_E1700_L207_T0_R591_B384,codetalker,238,0.012406270951032639,0.00013222319830674678,0.007832802832126617
JpL__knumpM,JpL__knumpM_0004_S1320_E1680_L91_T114_R363_B386,dpt,300,0.011434042826294899,0.00019517912005539984,0.00415341230109334
JpL__knumpM,JpL__knumpM_0004_S1320_E1680_L91_T114_R363_B386,artalk,301,0.011538643389940262,8.446481660939753e-05,0.004814736545085907
JpL__knumpM,JpL__knumpM_0004_S1320_E1680_L91_T114_R363_B386,multitalk,300,0.012658467516303062,0.00016838930605445057,0.008224517107009888
JpL__knumpM,JpL__knumpM_0004_S1320_E1680_L91_T114_R363_B386,codetalker,302,0.011918388307094574,0.00021441257558763027,0.00491861579939723
JrXU1owDEVs,JrXU1owDEVs_0000_S797_E1181_L859_T144_R1147_B432,dpt,384,0.013184402137994766,1.0872828170249704e-05,0.0027578913141041994
JrXU1owDEVs,JrXU1owDEVs_0000_S797_E1181_L859_T144_R1147_B432,artalk,384,0.012864901684224606,-0.00014864445256534964,0.004690918605774641
JrXU1owDEVs,JrXU1owDEVs_0000_S797_E1181_L859_T144_R1147_B432,multitalk,384,0.013993670232594013,-2.7957103156950325e-05,0.006701900158077478
JrXU1owDEVs,JrXU1owDEVs_0000_S797_E1181_L859_T144_R1147_B432,codetalker,384,0.01272894162684679,6.877074611111311e-06,0.0036669569090008736
JsFEIvtKCns,JsFEIvtKCns_0000_S1306_E1619_L466_T77_R786_B397,dpt,270,0.011093322187662125,7.900999480625615e-05,0.006366595160216093
JsFEIvtKCns,JsFEIvtKCns_0000_S1306_E1619_L466_T77_R786_B397,artalk,271,0.011526690796017647,-5.4086958698462695e-05,0.006097933277487755
JsFEIvtKCns,JsFEIvtKCns_0000_S1306_E1619_L466_T77_R786_B397,multitalk,270,0.010192249901592731,9.262814273824915e-05,0.005575128830969334
JsFEIvtKCns,JsFEIvtKCns_0000_S1306_E1619_L466_T77_R786_B397,codetalker,271,0.007874115370213985,0.00010851085971808061,0.0029200389981269836
Juen1iIJQTE,Juen1iIJQTE_0000_S1279_E1535_L748_T21_R1212_B485,dpt,267,0.01914122886955738,0.0001864545192802325,0.004133883863687515
Juen1iIJQTE,Juen1iIJQTE_0000_S1279_E1535_L748_T21_R1212_B485,artalk,267,0.014683224260807037,0.00012190213601570576,0.004228390287607908
Juen1iIJQTE,Juen1iIJQTE_0000_S1279_E1535_L748_T21_R1212_B485,multitalk,266,0.021632563322782516,0.00010279355774400756,0.004274025559425354
Juen1iIJQTE,Juen1iIJQTE_0000_S1279_E1535_L748_T21_R1212_B485,codetalker,267,0.01883193850517273,0.0001812344853533432,0.005481352098286152
JvpxC406_jA,JvpxC406_jA_0000_S51_E258_L335_T23_R895_B583,dpt,207,0.017570268362760544,0.0002515986270736903,0.0030042468570172787
JvpxC406_jA,JvpxC406_jA_0000_S51_E258_L335_T23_R895_B583,artalk,207,0.01610555686056614,0.00020764472719747573,0.004383716266602278
JvpxC406_jA,JvpxC406_jA_0000_S51_E258_L335_T23_R895_B583,multitalk,207,0.013355727307498455,0.00024661264615133405,0.003328260499984026
JvpxC406_jA,JvpxC406_jA_0000_S51_E258_L335_T23_R895_B583,codetalker,207,0.01764996349811554,0.00028899707831442356,0.008677125908434391
JxR5EZ_GY1o,JxR5EZ_GY1o_0001_S886_E1102_L610_T107_R946_B443,dpt,216,0.010075992904603481,0.00018474955868441612,0.0019652587361633778
JxR5EZ_GY1o,JxR5EZ_GY1o_0001_S886_E1102_L610_T107_R946_B443,artalk,216,0.0058303456753492355,5.6775545090204105e-05,0.002707690466195345
JxR5EZ_GY1o,JxR5EZ_GY1o_0001_S886_E1102_L610_T107_R946_B443,multitalk,216,0.008211367763578892,0.00017714225396048278,0.0022675555665045977
JxR5EZ_GY1o,JxR5EZ_GY1o_0001_S886_E1102_L610_T107_R946_B443,codetalker,216,0.010358152911067009,0.00021110096713528037,0.005815532524138689
JxUqtbpjpqg,JxUqtbpjpqg_0001_S0_E491_L451_T35_R947_B531,dpt,491,0.007025039754807949,0.00014060328248888254,0.0027801739051938057
JxUqtbpjpqg,JxUqtbpjpqg_0001_S0_E491_L451_T35_R947_B531,artalk,491,0.005982437636703253,1.790208443708252e-05,0.0028866021893918514
JxUqtbpjpqg,JxUqtbpjpqg_0001_S0_E491_L451_T35_R947_B531,multitalk,490,0.008496783673763275,0.00012756486830767244,0.004169982858002186
JxUqtbpjpqg,JxUqtbpjpqg_0001_S0_E491_L451_T35_R947_B531,codetalker,491,0.00854895357042551,0.0001725918846204877,0.0038631006609648466
JxWjxAqCrCQ,JxWjxAqCrCQ_0000_S122_E395_L349_T0_R941_B496,dpt,273,0.011739933863282204,0.00038625142769888043,0.003330994164571166
JxWjxAqCrCQ,JxWjxAqCrCQ_0000_S122_E395_L349_T0_R941_B496,artalk,273,0.008679213933646679,0.00028994004242122173,0.003795648692175746
JxWjxAqCrCQ,JxWjxAqCrCQ_0000_S122_E395_L349_T0_R941_B496,multitalk,273,0.010250481776893139,0.0003910731466021389,0.005116719286888838
JxWjxAqCrCQ,JxWjxAqCrCQ_0000_S122_E395_L349_T0_R941_B496,codetalker,273,0.013838618993759155,0.00043568018008954823,0.00785793922841549
K-FG2oWl-2k,K-FG2oWl-2k_0006_S296_E547_L269_T0_R605_B320,dpt,209,0.01099102571606636,0.00010498571646166965,0.005340198520570993
K-FG2oWl-2k,K-FG2oWl-2k_0006_S296_E547_L269_T0_R605_B320,artalk,210,0.008978289552032948,5.55067636014428e-05,0.0030791477765887976
K-FG2oWl-2k,K-FG2oWl-2k_0006_S296_E547_L269_T0_R605_B320,multitalk,209,0.013690957799553871,0.00012557057198137045,0.005367946345359087
K-FG2oWl-2k,K-FG2oWl-2k_0006_S296_E547_L269_T0_R605_B320,codetalker,211,0.013165069743990898,0.00017868384020403028,0.008496948517858982
K1hPyYEMp3s,K1hPyYEMp3s_0005_S0_E287_L440_T138_R760_B458,dpt,239,0.00657746521756053,9.787571616470814e-05,0.0023032184690237045
K1hPyYEMp3s,K1hPyYEMp3s_0005_S0_E287_L440_T138_R760_B458,artalk,240,0.005618151742964983,-1.184069969895063e-05,0.0018059670692309737
K1hPyYEMp3s,K1hPyYEMp3s_0005_S0_E287_L440_T138_R760_B458,multitalk,239,0.008458848111331463,7.947400445118546e-05,0.0031982448417693377
K1hPyYEMp3s,K1hPyYEMp3s_0005_S0_E287_L440_T138_R760_B458,codetalker,241,0.008610859513282776,0.00010296900290995836,0.005174228455871344
K2POkUf2EUQ,K2POkUf2EUQ_0000_S149_E510_L449_T129_R721_B401,dpt,301,0.009464441798627377,0.00015374479698948562,0.0038050238508731127
K2POkUf2EUQ,K2POkUf2EUQ_0000_S149_E510_L449_T129_R721_B401,artalk,302,0.006455057300627232,8.78388891578652e-05,0.0024650536943227053
K2POkUf2EUQ,K2POkUf2EUQ_0000_S149_E510_L449_T129_R721_B401,multitalk,301,0.009302547201514244,0.0001567844010423869,0.0033790047746151686
K2POkUf2EUQ,K2POkUf2EUQ_0000_S149_E510_L449_T129_R721_B401,codetalker,303,0.011715318076312542,0.00020472305186558515,0.0064001125283539295
K2QS3ZvjPMM,K2QS3ZvjPMM_0000_S1420_E1799_L360_T28_R856_B524,dpt,316,0.011456113308668137,7.125108822947368e-05,0.005214320495724678
K2QS3ZvjPMM,K2QS3ZvjPMM_0000_S1420_E1799_L360_T28_R856_B524,artalk,317,0.007283045444637537,1.6657766536809504e-05,0.004204544238746166
K2QS3ZvjPMM,K2QS3ZvjPMM_0000_S1420_E1799_L360_T28_R856_B524,multitalk,316,0.01587781496345997,3.344668948557228e-05,0.006319436710327864
K2QS3ZvjPMM,K2QS3ZvjPMM_0000_S1420_E1799_L360_T28_R856_B524,codetalker,318,0.008877412416040897,0.0001281711010960862,0.005143853835761547
K2bh3ZJOFnI,K2bh3ZJOFnI_0000_S1264_E1520_L294_T26_R758_B490,dpt,256,0.00915687158703804,0.00016084777598734945,0.0030683428049087524
K2bh3ZJOFnI,K2bh3ZJOFnI_0000_S1264_E1520_L294_T26_R758_B490,artalk,256,0.007846379652619362,-2.2371697923517786e-05,0.003487235866487026
K2bh3ZJOFnI,K2bh3ZJOFnI_0000_S1264_E1520_L294_T26_R758_B490,multitalk,255,0.014139612205326557,7.511803414672613e-05,0.003831038484349847
K2bh3ZJOFnI,K2bh3ZJOFnI_0000_S1264_E1520_L294_T26_R758_B490,codetalker,256,0.011635009199380875,0.0001605132856639102,0.005614746827632189
K2pUtcVSXEo,K2pUtcVSXEo_0000_S1311_E1551_L178_T0_R1202_B704,dpt,250,0.013937685638666153,0.00023554815561510623,0.007184197194874287
K2pUtcVSXEo,K2pUtcVSXEo_0000_S1311_E1551_L178_T0_R1202_B704,artalk,250,0.01576404459774494,0.00017130716878455132,0.008853430859744549
K2pUtcVSXEo,K2pUtcVSXEo_0000_S1311_E1551_L178_T0_R1202_B704,multitalk,250,0.013629887253046036,0.00022814117255620658,0.0058180177584290504
K2pUtcVSXEo,K2pUtcVSXEo_0000_S1311_E1551_L178_T0_R1202_B704,codetalker,250,0.01964421384036541,0.00027957334532402456,0.01299474760890007
KBQRetXolA8,KBQRetXolA8_0024_S871_E1086_L246_T2_R822_B578,dpt,215,0.010762570425868034,0.0003628049453254789,0.003639810485765338
KBQRetXolA8,KBQRetXolA8_0024_S871_E1086_L246_T2_R822_B578,artalk,215,0.00908361840993166,0.00024781946558505297,0.002159143565222621
KBQRetXolA8,KBQRetXolA8_0024_S871_E1086_L246_T2_R822_B578,multitalk,215,0.00974219385534525,0.00027674343436956406,0.0035478281788527966
KBQRetXolA8,KBQRetXolA8_0024_S871_E1086_L246_T2_R822_B578,codetalker,215,0.01245191041380167,0.00037354871165007353,0.0042802803218364716
KCcenWMXQQ8,KCcenWMXQQ8_0001_S0_E384_L186_T102_R474_B390,dpt,384,0.013981141149997711,7.666371675441042e-05,0.01171545684337616
KCcenWMXQQ8,KCcenWMXQQ8_0001_S0_E384_L186_T102_R474_B390,artalk,384,0.0139457480981946,-3.035530426132027e-05,0.01039130985736847
KCcenWMXQQ8,KCcenWMXQQ8_0001_S0_E384_L186_T102_R474_B390,multitalk,384,0.018161270767450333,4.6845594624755904e-05,0.015912353992462158
KCcenWMXQQ8,KCcenWMXQQ8_0001_S0_E384_L186_T102_R474_B390,codetalker,384,0.011047989130020142,6.674809264950454e-05,0.0073829349130392075
KD6bh5ZfS2k,KD6bh5ZfS2k_0000_S1055_E1618_L701_T43_R1117_B459,dpt,470,0.011904720216989517,0.00014630497025791556,0.005388420540839434
KD6bh5ZfS2k,KD6bh5ZfS2k_0000_S1055_E1618_L701_T43_R1117_B459,artalk,471,0.008819755166769028,9.507455979473889e-05,0.005521030630916357
KD6bh5ZfS2k,KD6bh5ZfS2k_0000_S1055_E1618_L701_T43_R1117_B459,multitalk,470,0.009323513135313988,0.00014590276987291873,0.004463585559278727
KD6bh5ZfS2k,KD6bh5ZfS2k_0000_S1055_E1618_L701_T43_R1117_B459,codetalker,471,0.01421270053833723,0.00022452970733866096,0.009131429716944695
KFDlZxR4yG4,KFDlZxR4yG4_0022_S0_E316_L659_T49_R1027_B417,dpt,316,0.007801661733537912,0.00011676973372232169,0.005756839644163847
KFDlZxR4yG4,KFDlZxR4yG4_0022_S0_E316_L659_T49_R1027_B417,artalk,316,0.006227695848792791,5.8219135098624974e-05,0.003917485475540161
KFDlZxR4yG4,KFDlZxR4yG4_0022_S0_E316_L659_T49_R1027_B417,multitalk,316,0.012099525891244411,8.213893306674436e-05,0.0058541446924209595
KFDlZxR4yG4,KFDlZxR4yG4_0022_S0_E316_L659_T49_R1027_B417,codetalker,316,0.008330625481903553,0.00012849389167968184,0.0035165215376764536
KNjgy1o65SA,KNjgy1o65SA_0000_S1098_E1846_L477_T7_R893_B423,dpt,624,0.011763532646000385,0.00023339128529187292,0.006294566206634045
KNjgy1o65SA,KNjgy1o65SA_0000_S1098_E1846_L477_T7_R893_B423,artalk,625,0.008339982479810715,0.00015746243298053741,0.006084630731493235
KNjgy1o65SA,KNjgy1o65SA_0000_S1098_E1846_L477_T7_R893_B423,multitalk,623,0.011384607292711735,0.0001751021045492962,0.0036901957355439663
KNjgy1o65SA,KNjgy1o65SA_0000_S1098_E1846_L477_T7_R893_B423,codetalker,626,0.014213011600077152,0.00026173837250098586,0.011030927300453186
KP3ToVHnOZY,KP3ToVHnOZY_0001_S1072_E1759_L471_T8_R887_B424,dpt,573,0.013319830410182476,0.00039619221934117377,0.005887922830879688
KP3ToVHnOZY,KP3ToVHnOZY_0001_S1072_E1759_L471_T8_R887_B424,artalk,574,0.010663459077477455,0.0003355148364789784,0.007710965350270271
KP3ToVHnOZY,KP3ToVHnOZY_0001_S1072_E1759_L471_T8_R887_B424,multitalk,573,0.012905760668218136,0.00039156212005764246,0.005516281351447105
KP3ToVHnOZY,KP3ToVHnOZY_0001_S1072_E1759_L471_T8_R887_B424,codetalker,575,0.01626860909163952,0.0004450647975318134,0.012399684637784958
KQQbMdsFsdQ,KQQbMdsFsdQ_0001_S699_E1220_L240_T0_R1088_B704,dpt,434,0.011585644446313381,0.0002625089546199888,0.0038515659980475903
KQQbMdsFsdQ,KQQbMdsFsdQ_0001_S699_E1220_L240_T0_R1088_B704,artalk,435,0.008840497583150864,0.00014669854135718197,0.004997706040740013
KQQbMdsFsdQ,KQQbMdsFsdQ_0001_S699_E1220_L240_T0_R1088_B704,multitalk,434,0.013310197740793228,0.0002654541458468884,0.0034976901952177286
KQQbMdsFsdQ,KQQbMdsFsdQ_0001_S699_E1220_L240_T0_R1088_B704,codetalker,436,0.014098788611590862,0.00031653957557864487,0.00908641703426838
KQkK8ThNsOY,KQkK8ThNsOY_0000_S1375_E1801_L342_T50_R678_B386,dpt,355,0.008742883801460266,0.0002586345945019275,0.002842371119186282
KQkK8ThNsOY,KQkK8ThNsOY_0000_S1375_E1801_L342_T50_R678_B386,artalk,356,0.007226669229567051,0.00014547888713423163,0.003186390735208988
KQkK8ThNsOY,KQkK8ThNsOY_0000_S1375_E1801_L342_T50_R678_B386,multitalk,355,0.00997871719300747,0.00024067498452495784,0.005993898957967758
KQkK8ThNsOY,KQkK8ThNsOY_0000_S1375_E1801_L342_T50_R678_B386,codetalker,357,0.008202639408409595,0.0002764180535450578,0.004145823884755373
KTxhy419vto,KTxhy419vto_0000_S1076_E1361_L374_T32_R934_B592,dpt,238,0.012657289393246174,0.0003091263643000275,0.004973266273736954
KTxhy419vto,KTxhy419vto_0000_S1076_E1361_L374_T32_R934_B592,artalk,239,0.01006693858653307,0.00026350890402682126,0.003789273789152503
KTxhy419vto,KTxhy419vto_0000_S1076_E1361_L374_T32_R934_B592,multitalk,237,0.010055044665932655,0.0003030097868759185,0.003495067823678255
KTxhy419vto,KTxhy419vto_0000_S1076_E1361_L374_T32_R934_B592,codetalker,239,0.014369615353643894,0.0003702726971823722,0.009655235335230827
K_vUbBQzFjw,K_vUbBQzFjw_0001_S785_E1305_L328_T0_R1016_B656,dpt,520,0.010641886852681637,0.00018479030404705554,0.002156871138140559
K_vUbBQzFjw,K_vUbBQzFjw_0001_S785_E1305_L328_T0_R1016_B656,artalk,520,0.005419925320893526,4.6214900066843256e-05,0.002233827253803611
K_vUbBQzFjw,K_vUbBQzFjw_0001_S785_E1305_L328_T0_R1016_B656,multitalk,520,0.01617513969540596,0.0001965604315046221,0.002644195454195142
K_vUbBQzFjw,K_vUbBQzFjw_0001_S785_E1305_L328_T0_R1016_B656,codetalker,520,0.009723350405693054,0.00020521039550658315,0.004358993843197823
KcdTad5fztE,KcdTad5fztE_0000_S0_E330_L435_T13_R819_B397,dpt,330,0.0074806357733905315,0.00022085591626819223,0.0022665837313979864
KcdTad5fztE,KcdTad5fztE_0000_S0_E330_L435_T13_R819_B397,artalk,330,0.007513788994401693,0.00016898407193366438,0.0024493474047631025
KcdTad5fztE,KcdTad5fztE_0000_S0_E330_L435_T13_R819_B397,multitalk,330,0.010970006696879864,0.00024296889023389667,0.0029348209500312805
KcdTad5fztE,KcdTad5fztE_0000_S0_E330_L435_T13_R819_B397,codetalker,330,0.011221875436604023,0.0002521433343645185,0.006350366864353418
Kd9RcLW7knw,Kd9RcLW7knw_0000_S533_E1155_L681_T63_R953_B335,dpt,518,0.009044021368026733,0.0001079692883649841,0.0033292281441390514
Kd9RcLW7knw,Kd9RcLW7knw_0000_S533_E1155_L681_T63_R953_B335,artalk,519,0.00848732702434063,4.696139512816444e-06,0.002928920555859804
Kd9RcLW7knw,Kd9RcLW7knw_0000_S533_E1155_L681_T63_R953_B335,multitalk,518,0.010557160712778568,9.98666655505076e-05,0.004848511423915625
Kd9RcLW7knw,Kd9RcLW7knw_0000_S533_E1155_L681_T63_R953_B335,codetalker,520,0.010673611424863338,0.00016264857549685985,0.006078914273530245
Khnx2cNTiu0,Khnx2cNTiu0_0000_S720_E999_L705_T136_R1009_B440,dpt,232,0.01036596018821001,0.0003853906237054616,0.0037593883462250233
Khnx2cNTiu0,Khnx2cNTiu0_0000_S720_E999_L705_T136_R1009_B440,artalk,233,0.009723249822854996,0.00030406934092752635,0.004532528575509787
Khnx2cNTiu0,Khnx2cNTiu0_0000_S720_E999_L705_T136_R1009_B440,multitalk,232,0.012044331058859825,0.00029735127463936806,0.006765289697796106
Khnx2cNTiu0,Khnx2cNTiu0_0000_S720_E999_L705_T136_R1009_B440,codetalker,234,0.0135696055367589,0.00038605803274549544,0.009083190932869911
KjMe0TXyQzM,KjMe0TXyQzM_0000_S242_E536_L682_T48_R970_B336,dpt,307,0.009412398561835289,0.0003684382827486843,0.0031300296541303396
KjMe0TXyQzM,KjMe0TXyQzM_0000_S242_E536_L682_T48_R970_B336,artalk,307,0.009508841671049595,0.00022741204884368926,0.004341402091085911
KjMe0TXyQzM,KjMe0TXyQzM_0000_S242_E536_L682_T48_R970_B336,multitalk,306,0.010560138151049614,0.00033231708221137524,0.004150578752160072
KjMe0TXyQzM,KjMe0TXyQzM_0000_S242_E536_L682_T48_R970_B336,codetalker,307,0.013765931129455566,0.00041907967533916235,0.007120161782950163
KmmMz3NfoU4,KmmMz3NfoU4_0000_S555_E891_L393_T72_R761_B440,dpt,336,0.008713440969586372,0.00018278416246175766,0.003201891900971532
KmmMz3NfoU4,KmmMz3NfoU4_0000_S555_E891_L393_T72_R761_B440,artalk,336,0.007371857762336731,1.730883559503127e-05,0.0037226027343422174
KmmMz3NfoU4,KmmMz3NfoU4_0000_S555_E891_L393_T72_R761_B440,multitalk,335,0.010498388670384884,0.0002122119622072205,0.003608865197747946
KmmMz3NfoU4,KmmMz3NfoU4_0000_S555_E891_L393_T72_R761_B440,codetalker,336,0.010335570201277733,0.00021622182975988835,0.003705326234921813
KoqaUANGvpA,KoqaUANGvpA_0000_S0_E537_L441_T98_R841_B498,dpt,448,0.012693328782916069,1.703031375654973e-05,0.005058623850345612
KoqaUANGvpA,KoqaUANGvpA_0000_S0_E537_L441_T98_R841_B498,artalk,449,0.009233850985765457,-0.00011324980005156249,0.005028096958994865
KoqaUANGvpA,KoqaUANGvpA_0000_S0_E537_L441_T98_R841_B498,multitalk,448,0.01105906255543232,2.6077757866005413e-05,0.004720262251794338
KoqaUANGvpA,KoqaUANGvpA_0000_S0_E537_L441_T98_R841_B498,codetalker,450,0.014682506211102009,2.125744867953472e-05,0.008970542810857296
KqygzQmEuhA,KqygzQmEuhA_0009_S238_E491_L376_T57_R888_B569,dpt,211,0.008796931244432926,0.00022986486146692187,0.003991789650171995
KqygzQmEuhA,KqygzQmEuhA_0009_S238_E491_L376_T57_R888_B569,artalk,212,0.007246679626405239,9.743231203174219e-05,0.0026873680762946606
KqygzQmEuhA,KqygzQmEuhA_0009_S238_E491_L376_T57_R888_B569,multitalk,211,0.024715475738048553,-0.0008609899668954313,0.007832531817257404
KqygzQmEuhA,KqygzQmEuhA_0009_S238_E491_L376_T57_R888_B569,codetalker,213,0.010508853942155838,0.0002178359281970188,0.004267578944563866
Kr4Xe-BghFU,Kr4Xe-BghFU_0030_S373_E619_L570_T7_R858_B295,dpt,205,0.011850880458950996,0.00011921715486096218,0.004722073674201965
Kr4Xe-BghFU,Kr4Xe-BghFU_0030_S373_E619_L570_T7_R858_B295,artalk,206,0.012401378713548183,3.6595611163647845e-05,0.0047544557601213455
Kr4Xe-BghFU,Kr4Xe-BghFU_0030_S373_E619_L570_T7_R858_B295,multitalk,205,0.011844206601381302,0.00010598836524877697,0.005324726924300194
Kr4Xe-BghFU,Kr4Xe-BghFU_0030_S373_E619_L570_T7_R858_B295,codetalker,207,0.011307955719530582,0.00019172746397089213,0.006056368816643953
KrEzYXCjJDQ,KrEzYXCjJDQ_0000_S0_E548_L372_T0_R884_B480,dpt,571,0.011067410930991173,0.00010456016752868891,0.004908755887299776
KrEzYXCjJDQ,KrEzYXCjJDQ_0000_S0_E548_L372_T0_R884_B480,artalk,571,0.010179202072322369,-3.972842387156561e-05,0.005777612794190645
KrEzYXCjJDQ,KrEzYXCjJDQ_0000_S0_E548_L372_T0_R884_B480,multitalk,571,0.01389202382415533,0.00010510069114388898,0.007499726489186287
KrEzYXCjJDQ,KrEzYXCjJDQ_0000_S0_E548_L372_T0_R884_B480,codetalker,571,0.014068403281271458,0.00012493689428083599,0.0036272513680160046
KtHgPTAdfYM,KtHgPTAdfYM_0003_S192_E478_L483_T11_R915_B443,dpt,238,0.008563648909330368,0.0003277842770330608,0.0029273477848619223
KtHgPTAdfYM,KtHgPTAdfYM_0003_S192_E478_L483_T11_R915_B443,artalk,239,0.00947140995413065,0.0003242452221456915,0.0027021539863198996
KtHgPTAdfYM,KtHgPTAdfYM_0003_S192_E478_L483_T11_R915_B443,multitalk,238,0.013693282380700111,0.00026203953893855214,0.0026059586089104414
KtHgPTAdfYM,KtHgPTAdfYM_0003_S192_E478_L483_T11_R915_B443,codetalker,241,0.00786869041621685,0.00032152776839211583,0.003024053294211626
KuqcVxRqQHI,KuqcVxRqQHI_0000_S1314_E1531_L636_T49_R988_B401,dpt,226,0.00984445121139288,9.328354644821957e-05,0.0037369614001363516
KuqcVxRqQHI,KuqcVxRqQHI_0000_S1314_E1531_L636_T49_R988_B401,artalk,226,0.007253485266119242,-2.6638794224709272e-05,0.002844266127794981
KuqcVxRqQHI,KuqcVxRqQHI_0000_S1314_E1531_L636_T49_R988_B401,multitalk,226,0.013020946644246578,9.471197699895129e-05,0.004532296676188707
KuqcVxRqQHI,KuqcVxRqQHI_0000_S1314_E1531_L636_T49_R988_B401,codetalker,226,0.01106959767639637,0.00011090148473158479,0.007333522662520409
KxbRf-ZlSSk,KxbRf-ZlSSk_0000_S0_E407_L438_T56_R1078_B696,dpt,339,0.011461911723017693,0.00027230256819166243,0.005255881696939468
KxbRf-ZlSSk,KxbRf-ZlSSk_0000_S0_E407_L438_T56_R1078_B696,artalk,340,0.008352701552212238,0.00014933309284970164,0.006065863650292158
KxbRf-ZlSSk,KxbRf-ZlSSk_0000_S0_E407_L438_T56_R1078_B696,multitalk,339,0.016046546399593353,0.00030059259734116495,0.007046152371913195
KxbRf-ZlSSk,KxbRf-ZlSSk_0000_S0_E407_L438_T56_R1078_B696,codetalker,341,0.013166580349206924,0.0003038107242900878,0.00961229857057333
KxcNu6WZSCY,KxcNu6WZSCY_0001_S0_E279_L469_T145_R805_B481,dpt,232,0.010126383043825626,9.983970812754706e-05,0.0067046890035271645
KxcNu6WZSCY,KxcNu6WZSCY_0001_S0_E279_L469_T145_R805_B481,artalk,233,0.01168021373450756,9.366663107357454e-06,0.0070435539819300175
KxcNu6WZSCY,KxcNu6WZSCY_0001_S0_E279_L469_T145_R805_B481,multitalk,232,0.011831185780465603,9.358867828268558e-05,0.008881019428372383
KxcNu6WZSCY,KxcNu6WZSCY_0001_S0_E279_L469_T145_R805_B481,codetalker,234,0.007526781875640154,9.077512368094176e-05,0.0035237418487668037
KzVzRN5XoJs,KzVzRN5XoJs_0000_S160_E534_L425_T14_R841_B430,dpt,312,0.01093960739672184,0.00020155908714514226,0.003908741753548384
KzVzRN5XoJs,KzVzRN5XoJs_0000_S160_E534_L425_T14_R841_B430,artalk,313,0.008442328311502934,0.00014477413787972182,0.0035646867472678423
KzVzRN5XoJs,KzVzRN5XoJs_0000_S160_E534_L425_T14_R841_B430,multitalk,312,0.013514582999050617,0.00016790979134384543,0.0031124998349696398
KzVzRN5XoJs,KzVzRN5XoJs_0000_S160_E534_L425_T14_R841_B430,codetalker,314,0.013272914104163647,0.0002452687476761639,0.008095042780041695
Kz_wvavZp6c,Kz_wvavZp6c_0000_S1330_E1694_L508_T160_R812_B464,dpt,304,0.01010558195412159,0.00023060024250298738,0.005408463999629021
Kz_wvavZp6c,Kz_wvavZp6c_0000_S1330_E1694_L508_T160_R812_B464,artalk,305,0.007614961359649897,0.00021295182523317635,0.004492118023335934
Kz_wvavZp6c,Kz_wvavZp6c_0000_S1330_E1694_L508_T160_R812_B464,multitalk,304,0.011039206758141518,0.00023709856031928211,0.008079132996499538
Kz_wvavZp6c,Kz_wvavZp6c_0000_S1330_E1694_L508_T160_R812_B464,codetalker,305,0.010654626414179802,0.0002665214706212282,0.003363669151440263
L0LZDwNDqRQ,L0LZDwNDqRQ_0007_S1235_E1817_L0_T0_R416_B480,dpt,480,0.02053615264594555,-0.00011253978300374001,0.0030943129677325487
L0LZDwNDqRQ,L0LZDwNDqRQ_0007_S1235_E1817_L0_T0_R416_B480,artalk,481,0.01790296472609043,-0.00014062064292374998,0.0037096317391842604
L0LZDwNDqRQ,L0LZDwNDqRQ_0007_S1235_E1817_L0_T0_R416_B480,multitalk,480,0.023149944841861725,-0.0001113354301196523,0.002513695741072297
L0LZDwNDqRQ,L0LZDwNDqRQ_0007_S1235_E1817_L0_T0_R416_B480,codetalker,482,0.020906832069158554,-0.0001742522290442139,0.006057178135961294
L13WvYq8G68,L13WvYq8G68_0000_S753_E1221_L249_T3_R649_B403,dpt,390,0.007630246225744486,3.855404429486953e-05,0.004117731936275959
L13WvYq8G68,L13WvYq8G68_0000_S753_E1221_L249_T3_R649_B403,artalk,391,0.006800174247473478,-9.873935778159648e-05,0.0035132169723510742
L13WvYq8G68,L13WvYq8G68_0000_S753_E1221_L249_T3_R649_B403,multitalk,390,0.007804573513567448,-3.0445198717643507e-05,0.004822056274861097
L13WvYq8G68,L13WvYq8G68_0000_S753_E1221_L249_T3_R649_B403,codetalker,392,0.0069833421148359776,5.0477960030548275e-05,0.003964134491980076
L37uYJnDxVY,L37uYJnDxVY_0003_S223_E596_L333_T0_R861_B496,dpt,373,0.008239131420850754,0.0001460314670111984,0.005752738565206528
L37uYJnDxVY,L37uYJnDxVY_0003_S223_E596_L333_T0_R861_B496,artalk,373,0.006578635424375534,4.799801899935119e-05,0.005600931588560343
L37uYJnDxVY,L37uYJnDxVY_0003_S223_E596_L333_T0_R861_B496,multitalk,373,0.011651504784822464,0.0001448635448468849,0.004575539380311966
L37uYJnDxVY,L37uYJnDxVY_0003_S223_E596_L333_T0_R861_B496,codetalker,373,0.00815556664019823,0.00020493194460868835,0.003363858675584197
L5M93LmOmqw,L5M93LmOmqw_0001_S426_E794_L565_T114_R949_B498,dpt,307,0.008561673574149609,0.0001221146376337856,0.006172542460262775
L5M93LmOmqw,L5M93LmOmqw_0001_S426_E794_L565_T114_R949_B498,artalk,308,0.006693313829600811,1.8041737348539755e-05,0.004473465029150248
L5M93LmOmqw,L5M93LmOmqw_0001_S426_E794_L565_T114_R949_B498,multitalk,306,0.009555930271744728,4.944131796946749e-05,0.006572195794433355
L5M93LmOmqw,L5M93LmOmqw_0001_S426_E794_L565_T114_R949_B498,codetalker,309,0.008514697663486004,0.000120238219096791,0.0027867124881595373
LG8TfyiQr7w,LG8TfyiQr7w_0002_S1104_E1400_L433_T67_R865_B499,dpt,246,0.013242281973361969,0.00022880393953528255,0.005360082257539034
LG8TfyiQr7w,LG8TfyiQr7w_0002_S1104_E1400_L433_T67_R865_B499,artalk,247,0.009914583526551723,0.00022236166114453226,0.006800163071602583
LG8TfyiQr7w,LG8TfyiQr7w_0002_S1104_E1400_L433_T67_R865_B499,multitalk,246,0.012449661269783974,0.00024572358233854175,0.00555191095918417
LG8TfyiQr7w,LG8TfyiQr7w_0002_S1104_E1400_L433_T67_R865_B499,codetalker,248,0.012314606457948685,0.00029630635981447995,0.008106883615255356
LH0IOQrB-NU,LH0IOQrB-NU_0005_S0_E394_L15_T0_R1135_B656,dpt,329,0.011326037347316742,0.0002198718284489587,0.0040764035657048225
LH0IOQrB-NU,LH0IOQrB-NU_0005_S0_E394_L15_T0_R1135_B656,artalk,330,0.010725628584623337,0.00013580068480223417,0.003094544867053628
LH0IOQrB-NU,LH0IOQrB-NU_0005_S0_E394_L15_T0_R1135_B656,multitalk,329,0.014056151732802391,0.00021731310698669404,0.004950854927301407
LH0IOQrB-NU,LH0IOQrB-NU_0005_S0_E394_L15_T0_R1135_B656,codetalker,331,0.013175402767956257,0.00024636503076180816,0.005363878328353167
LH1WrGpM7p8,LH1WrGpM7p8_0000_S1367_E1713_L438_T0_R886_B432,dpt,289,0.012368813157081604,0.00030762277310714126,0.003335819113999605
LH1WrGpM7p8,LH1WrGpM7p8_0000_S1367_E1713_L438_T0_R886_B432,artalk,290,0.010705491527915001,0.00023087301815394312,0.004138568416237831
LH1WrGpM7p8,LH1WrGpM7p8_0000_S1367_E1713_L438_T0_R886_B432,multitalk,288,0.01258126925677061,0.00033701659413054585,0.004640490747988224
LH1WrGpM7p8,LH1WrGpM7p8_0000_S1367_E1713_L438_T0_R886_B432,codetalker,290,0.014057726599276066,0.0003400064306333661,0.009163018316030502
LHFY1Vg97AQ,LHFY1Vg97AQ_0000_S322_E569_L492_T0_R1276_B640,dpt,206,0.012184888124465942,0.00023342516215052456,0.004469668492674828
LHFY1Vg97AQ,LHFY1Vg97AQ_0000_S322_E569_L492_T0_R1276_B640,artalk,207,0.011500739492475986,0.00010896950698224828,0.005012339446693659
LHFY1Vg97AQ,LHFY1Vg97AQ_0000_S322_E569_L492_T0_R1276_B640,multitalk,205,0.012846667319536209,0.00017628165369387716,0.005403835792094469
LHFY1Vg97AQ,LHFY1Vg97AQ_0000_S322_E569_L492_T0_R1276_B640,codetalker,208,0.015613051131367683,0.00023961724946275353,0.008145169354975224
LHNNYQ57V2c,LHNNYQ57V2c_0000_S0_E418_L267_T0_R907_B480,dpt,348,0.008570482023060322,0.00030110779334791005,0.0034365225583314896
LHNNYQ57V2c,LHNNYQ57V2c_0000_S0_E418_L267_T0_R907_B480,artalk,349,0.007320977747440338,0.0002518684486858547,0.003811466973274946
LHNNYQ57V2c,LHNNYQ57V2c_0000_S0_E418_L267_T0_R907_B480,multitalk,348,0.01118377409875393,0.00032179243862628937,0.005484973080456257
LHNNYQ57V2c,LHNNYQ57V2c_0000_S0_E418_L267_T0_R907_B480,codetalker,350,0.008888832293450832,0.0003599229094106704,0.006490533705800772
LL-SFPRBBFw,LL-SFPRBBFw_0000_S1206_E1497_L614_T158_R918_B462,dpt,242,0.009530976414680481,0.00010430632391944528,0.0020909097511321306
LL-SFPRBBFw,LL-SFPRBBFw_0000_S1206_E1497_L614_T158_R918_B462,artalk,243,0.006723508704453707,4.353051735961344e-06,0.00225688680075109
LL-SFPRBBFw,LL-SFPRBBFw_0000_S1206_E1497_L614_T158_R918_B462,multitalk,242,0.01471422053873539,-0.0003259097575210035,0.005433117039501667
LL-SFPRBBFw,LL-SFPRBBFw_0000_S1206_E1497_L614_T158_R918_B462,codetalker,244,0.009788302704691887,0.00014674305566586554,0.005580070428550243
LR7ZZ5gw984,LR7ZZ5gw984_0000_S356_E891_L308_T61_R820_B573,dpt,446,0.0077532995492219925,5.270249675959349e-05,0.0032903917599469423
LR7ZZ5gw984,LR7ZZ5gw984_0000_S356_E891_L308_T61_R820_B573,artalk,447,0.007200134918093681,-7.133479812182486e-05,0.0031746383756399155
LR7ZZ5gw984,LR7ZZ5gw984_0000_S356_E891_L308_T61_R820_B573,multitalk,446,0.009135211817920208,7.295430259546265e-05,0.0038769945967942476
LR7ZZ5gw984,LR7ZZ5gw984_0000_S356_E891_L308_T61_R820_B573,codetalker,448,0.008556081913411617,4.2613493860699236e-05,0.0053421566262841225
LRXrEiBeOXo,LRXrEiBeOXo_0001_S137_E434_L406_T19_R790_B403,dpt,247,0.010671251453459263,0.0002733812725637108,0.005871267057955265
LRXrEiBeOXo,LRXrEiBeOXo_0001_S137_E434_L406_T19_R790_B403,artalk,248,0.010749968700110912,0.00015105304191820323,0.005300020333379507
LRXrEiBeOXo,LRXrEiBeOXo_0001_S137_E434_L406_T19_R790_B403,multitalk,247,0.012582829222083092,0.0002661511825863272,0.007689526304602623
LRXrEiBeOXo,LRXrEiBeOXo_0001_S137_E434_L406_T19_R790_B403,codetalker,250,0.009075481444597244,0.00026737013831734657,0.0047937543131411076
LTZPvLi3Hdc,LTZPvLi3Hdc_0000_S1124_E1399_L436_T59_R788_B411,dpt,229,0.010784609243273735,2.20683232328156e-05,0.0022442066110670567
LTZPvLi3Hdc,LTZPvLi3Hdc_0000_S1124_E1399_L436_T59_R788_B411,artalk,230,0.009118538349866867,-6.821421993663535e-05,0.0023435596376657486
LTZPvLi3Hdc,LTZPvLi3Hdc_0000_S1124_E1399_L436_T59_R788_B411,multitalk,229,0.009617184288799763,3.6015593650517985e-05,0.005593008361756802
LTZPvLi3Hdc,LTZPvLi3Hdc_0000_S1124_E1399_L436_T59_R788_B411,codetalker,231,0.011567139066755772,9.543832129565999e-05,0.005038577597588301
LVYVlHr2FKU,LVYVlHr2FKU_0003_S1139_E1484_L529_T43_R945_B459,dpt,323,0.008796442300081253,8.498287934344262e-05,0.006594111677259207
LVYVlHr2FKU,LVYVlHr2FKU_0003_S1139_E1484_L529_T43_R945_B459,artalk,323,0.00627524871379137,-2.3356473320745863e-05,0.005000095348805189
LVYVlHr2FKU,LVYVlHr2FKU_0003_S1139_E1484_L529_T43_R945_B459,multitalk,323,0.010575460270047188,6.390570342773572e-05,0.005252546165138483
LVYVlHr2FKU,LVYVlHr2FKU_0003_S1139_E1484_L529_T43_R945_B459,codetalker,323,0.00814119167625904,9.576241427566856e-05,0.0034332426730543375
LXAcG9mITz0,LXAcG9mITz0_0017_S1398_E1759_L267_T80_R651_B464,dpt,301,0.010668803937733173,0.0001774753473000601,0.004889399278908968
LXAcG9mITz0,LXAcG9mITz0_0017_S1398_E1759_L267_T80_R651_B464,artalk,302,0.008196773007512093,0.0001347970392089337,0.0034774132072925568
LXAcG9mITz0,LXAcG9mITz0_0017_S1398_E1759_L267_T80_R651_B464,multitalk,301,0.01271419320255518,0.00017891314928419888,0.0035318604204803705
LXAcG9mITz0,LXAcG9mITz0_0017_S1398_E1759_L267_T80_R651_B464,codetalker,304,0.011173044331371784,0.00021619422477670014,0.006075579673051834
Lawz1Mc16Vo,Lawz1Mc16Vo_0009_S251_E664_L300_T78_R796_B574,dpt,413,0.008675157092511654,0.00017881613166537136,0.0031196880154311657
Lawz1Mc16Vo,Lawz1Mc16Vo_0009_S251_E664_L300_T78_R796_B574,artalk,413,0.008100253529846668,2.6993871870217845e-05,0.0035819713957607746
Lawz1Mc16Vo,Lawz1Mc16Vo_0009_S251_E664_L300_T78_R796_B574,multitalk,413,0.00987347774207592,0.0001746730849845335,0.002795245498418808
Lawz1Mc16Vo,Lawz1Mc16Vo_0009_S251_E664_L300_T78_R796_B574,codetalker,413,0.008307508192956448,0.00017972577188629657,0.004301812499761581
LbR6jjbgbis,LbR6jjbgbis_0002_S1247_E1499_L284_T28_R700_B444,dpt,252,0.007311184890568256,0.0001745521294651553,0.003109200391918421
LbR6jjbgbis,LbR6jjbgbis_0002_S1247_E1499_L284_T28_R700_B444,artalk,252,0.0077657136134803295,0.00010538446076679975,0.004874896723777056
LbR6jjbgbis,LbR6jjbgbis_0002_S1247_E1499_L284_T28_R700_B444,multitalk,252,0.009095623157918453,0.000184652948519215,0.00502776401117444
LbR6jjbgbis,LbR6jjbgbis_0002_S1247_E1499_L284_T28_R700_B444,codetalker,252,0.011096352711319923,0.00018893598462454975,0.00836926233023405
LgT5uYkkPE4,LgT5uYkkPE4_0001_S156_E365_L407_T24_R887_B504,dpt,209,0.008395938202738762,0.00038301246240735054,0.002988151740282774
LgT5uYkkPE4,LgT5uYkkPE4_0001_S156_E365_L407_T24_R887_B504,artalk,209,0.0079288175329566,0.00032455759355798364,0.0044743092730641365
LgT5uYkkPE4,LgT5uYkkPE4_0001_S156_E365_L407_T24_R887_B504,multitalk,209,0.00919964350759983,0.00041793991113081574,0.002493980573490262
LgT5uYkkPE4,LgT5uYkkPE4_0001_S156_E365_L407_T24_R887_B504,codetalker,209,0.0130339115858078,0.00047875792370177805,0.009587203152477741
LhF_sfDfBd4,LhF_sfDfBd4_0000_S396_E649_L478_T0_R974_B496,dpt,264,0.011854290030896664,0.00016375677660107613,0.008653516881167889
LhF_sfDfBd4,LhF_sfDfBd4_0000_S396_E649_L478_T0_R974_B496,artalk,264,0.0118752745911479,-6.50904985377565e-05,0.007653511129319668
LhF_sfDfBd4,LhF_sfDfBd4_0000_S396_E649_L478_T0_R974_B496,multitalk,264,0.014231935143470764,0.00014368524716701359,0.008203727193176746
LhF_sfDfBd4,LhF_sfDfBd4_0000_S396_E649_L478_T0_R974_B496,codetalker,264,0.01459505781531334,0.00017587895854376256,0.004535894375294447
LiCmCW6EGzA,LiCmCW6EGzA_0000_S1551_E1811_L311_T82_R615_B386,dpt,217,0.01107276976108551,9.073479304788634e-05,0.00511875469237566
LiCmCW6EGzA,LiCmCW6EGzA_0000_S1551_E1811_L311_T82_R615_B386,artalk,218,0.008363858796656132,-1.8958093278342858e-05,0.004127376712858677
LiCmCW6EGzA,LiCmCW6EGzA_0000_S1551_E1811_L311_T82_R615_B386,multitalk,216,0.012763239443302155,8.86811685631983e-05,0.003963853698223829
LiCmCW6EGzA,LiCmCW6EGzA_0000_S1551_E1811_L311_T82_R615_B386,codetalker,219,0.01426947396248579,9.018764831125736e-05,0.010862992145121098
Li_m7BVja44,Li_m7BVja44_0001_S1021_E1268_L509_T61_R941_B493,dpt,206,0.013545689173042774,0.00015090360830072314,0.0060294740833342075
Li_m7BVja44,Li_m7BVja44_0001_S1021_E1268_L509_T61_R941_B493,artalk,207,0.010265802033245564,8.520774281350896e-05,0.006308111362159252
Li_m7BVja44,Li_m7BVja44_0001_S1021_E1268_L509_T61_R941_B493,multitalk,205,0.016632303595542908,9.6392999694217e-05,0.006231904029846191
Li_m7BVja44,Li_m7BVja44_0001_S1021_E1268_L509_T61_R941_B493,codetalker,208,0.017076078802347183,0.0001989650190807879,0.012323432601988316
LylMvKFdwJU,LylMvKFdwJU_0003_S769_E911_L471_T33_R775_B337,dpt,236,0.011813780292868614,0.00017951555491890758,0.004866990726441145
LylMvKFdwJU,LylMvKFdwJU_0003_S769_E911_L471_T33_R775_B337,artalk,237,0.006705452222377062,5.609866639133543e-05,0.00460829259827733
LylMvKFdwJU,LylMvKFdwJU_0003_S769_E911_L471_T33_R775_B337,multitalk,236,0.012932694517076015,0.00014459235535468906,0.0054194252006709576
LylMvKFdwJU,LylMvKFdwJU_0003_S769_E911_L471_T33_R775_B337,codetalker,237,0.011600617319345474,0.00019501314091030508,0.008216740563511848
M76UHFsQp2U,M76UHFsQp2U_0002_S1060_E1370_L653_T69_R941_B357,dpt,258,0.010761493816971779,0.00019656198855955154,0.0037373548839241266
M76UHFsQp2U,M76UHFsQp2U_0002_S1060_E1370_L653_T69_R941_B357,artalk,259,0.0065675703808665276,0.0001032451109495014,0.0027473391965031624
M76UHFsQp2U,M76UHFsQp2U_0002_S1060_E1370_L653_T69_R941_B357,multitalk,258,0.009304703213274479,0.00019101316865999252,0.0036239484325051308
M76UHFsQp2U,M76UHFsQp2U_0002_S1060_E1370_L653_T69_R941_B357,codetalker,260,0.011861011385917664,0.00022061228810343891,0.008216986432671547
M8SkT5nE-0s,M8SkT5nE-0s_0008_S0_E745_L407_T37_R855_B485,dpt,621,0.010187764652073383,0.0003605264355428517,0.00565155828371644
M8SkT5nE-0s,M8SkT5nE-0s_0008_S0_E745_L407_T37_R855_B485,artalk,622,0.007439753506332636,0.0002171766827814281,0.004920899868011475
M8SkT5nE-0s,M8SkT5nE-0s_0008_S0_E745_L407_T37_R855_B485,multitalk,621,0.011359796859323978,0.00034075899748131633,0.005214679054915905
M8SkT5nE-0s,M8SkT5nE-0s_0008_S0_E745_L407_T37_R855_B485,codetalker,623,0.012044116854667664,0.00038976571522653103,0.009531845338642597
M8ayDH5DuJA,M8ayDH5DuJA_0000_S461_E673_L688_T0_R1136_B448,dpt,212,0.00903511792421341,9.122303163167089e-05,0.00196608598344028
M8ayDH5DuJA,M8ayDH5DuJA_0000_S461_E673_L688_T0_R1136_B448,artalk,212,0.00890380796045065,9.982645860873163e-05,0.00287546101026237
M8ayDH5DuJA,M8ayDH5DuJA_0000_S461_E673_L688_T0_R1136_B448,multitalk,212,0.007985105738043785,0.00010301425209036097,0.0033283468801528215
M8ayDH5DuJA,M8ayDH5DuJA_0000_S461_E673_L688_T0_R1136_B448,codetalker,212,0.010842325165867805,0.00013966036203783005,0.0049077714793384075
M9Xsci4JUy4,M9Xsci4JUy4_0000_S1004_E1611_L119_T149_R551_B581,dpt,607,0.013789761811494827,0.000168523722095415,0.007657615002244711
M9Xsci4JUy4,M9Xsci4JUy4_0000_S1004_E1611_L119_T149_R551_B581,artalk,607,0.011144776828587055,0.00011286664084764197,0.007075207773596048
M9Xsci4JUy4,M9Xsci4JUy4_0000_S1004_E1611_L119_T149_R551_B581,multitalk,607,0.01537417434155941,0.00018346545402891934,0.0073567889630794525
M9Xsci4JUy4,M9Xsci4JUy4_0000_S1004_E1611_L119_T149_R551_B581,codetalker,607,0.013157738372683525,0.00021252260194160044,0.005389722529798746
MCQ3H2jfCBs,MCQ3H2jfCBs_0000_S0_E329_L365_T0_R877_B496,dpt,274,0.01388564519584179,0.00026758943567983806,0.0060899388045072556
MCQ3H2jfCBs,MCQ3H2jfCBs_0000_S0_E329_L365_T0_R877_B496,artalk,275,0.009442305192351341,0.00016634991334285587,0.006026251241564751
MCQ3H2jfCBs,MCQ3H2jfCBs_0000_S0_E329_L365_T0_R877_B496,multitalk,274,0.013451035134494305,0.00023398046323563904,0.004873046651482582
MCQ3H2jfCBs,MCQ3H2jfCBs_0000_S0_E329_L365_T0_R877_B496,codetalker,276,0.015948288142681122,0.00033304948010481894,0.011775060556828976
MFcNY_CyXk4,MFcNY_CyXk4_0000_S943_E1253_L395_T2_R1067_B674,dpt,310,0.011901529505848885,9.089613013202325e-05,0.005185030400753021
MFcNY_CyXk4,MFcNY_CyXk4_0000_S943_E1253_L395_T2_R1067_B674,artalk,310,0.009811916388571262,0.00010408337402623147,0.004834823776036501
MFcNY_CyXk4,MFcNY_CyXk4_0000_S943_E1253_L395_T2_R1067_B674,multitalk,310,0.013328144326806068,0.00011334360169712454,0.005443498957902193
MFcNY_CyXk4,MFcNY_CyXk4_0000_S943_E1253_L395_T2_R1067_B674,codetalker,310,0.013549838215112686,0.00013403691991697997,0.008904905058443546
MGGCuJdo8xs,MGGCuJdo8xs_0042_S660_E904_L313_T55_R649_B391,dpt,254,0.012896711006760597,0.00023979168327059597,0.01026862021535635
MGGCuJdo8xs,MGGCuJdo8xs_0042_S660_E904_L313_T55_R649_B391,artalk,254,0.011280328035354614,8.454810449620709e-05,0.008861113339662552
MGGCuJdo8xs,MGGCuJdo8xs_0042_S660_E904_L313_T55_R649_B391,multitalk,254,0.01580476574599743,0.00022884666395839304,0.013494313694536686
MGGCuJdo8xs,MGGCuJdo8xs_0042_S660_E904_L313_T55_R649_B391,codetalker,254,0.010262933559715748,0.000295991194434464,0.006101176608353853
MLUJVpk0BM8,MLUJVpk0BM8_0000_S1050_E1301_L490_T77_R778_B365,dpt,251,0.007532453164458275,0.00015371972403954715,0.0023614629171788692
MLUJVpk0BM8,MLUJVpk0BM8_0000_S1050_E1301_L490_T77_R778_B365,artalk,251,0.005925528705120087,1.827630512707401e-05,0.0025460529141128063
MLUJVpk0BM8,MLUJVpk0BM8_0000_S1050_E1301_L490_T77_R778_B365,multitalk,251,0.009851846843957901,0.00017065383144654334,0.0026821924839168787
MLUJVpk0BM8,MLUJVpk0BM8_0000_S1050_E1301_L490_T77_R778_B365,codetalker,251,0.01028083823621273,0.00019539411005098373,0.006174386944621801
MLay5YHp48w,MLay5YHp48w_0005_S470_E713_L536_T49_R856_B369,dpt,202,0.009075935930013657,0.00014708656817674637,0.004383114632219076
MLay5YHp48w,MLay5YHp48w_0005_S470_E713_L536_T49_R856_B369,artalk,203,0.006959573365747929,1.3578126527136192e-05,0.002426672959700227
MLay5YHp48w,MLay5YHp48w_0005_S470_E713_L536_T49_R856_B369,multitalk,202,0.013839163817465305,0.00014414875477086753,0.004085684195160866
MLay5YHp48w,MLay5YHp48w_0005_S470_E713_L536_T49_R856_B369,codetalker,204,0.008509933017194271,0.00016537362535018474,0.004057263024151325
MSr3hE3z2jw,MSr3hE3z2jw_0000_S242_E657_L260_T2_R612_B354,dpt,433,0.011837364174425602,0.0002124714374076575,0.002971063833683729
MSr3hE3z2jw,MSr3hE3z2jw_0000_S242_E657_L260_T2_R612_B354,artalk,433,0.011335809715092182,0.00013169509475119412,0.004791971296072006
MSr3hE3z2jw,MSr3hE3z2jw_0000_S242_E657_L260_T2_R612_B354,multitalk,432,0.010809220373630524,0.000164639059221372,0.003155129961669445
MSr3hE3z2jw,MSr3hE3z2jw_0000_S242_E657_L260_T2_R612_B354,codetalker,433,0.011492758058011532,0.0002816219348460436,0.009610715322196484
MT6uJni993A,MT6uJni993A_0064_S113_E465_L435_T117_R707_B389,dpt,352,0.007910451851785183,9.998641326092184e-05,0.0048725963570177555
MT6uJni993A,MT6uJni993A_0064_S113_E465_L435_T117_R707_B389,artalk,352,0.005747523624449968,2.5213108528987505e-05,0.004572474397718906
MT6uJni993A,MT6uJni993A_0064_S113_E465_L435_T117_R707_B389,multitalk,352,0.01026155985891819,0.0001095754632842727,0.005318525712937117
MT6uJni993A,MT6uJni993A_0064_S113_E465_L435_T117_R707_B389,codetalker,352,0.007480764761567116,0.00016278139082714915,0.0033765509724617004
MVI_yEqA2RE,MVI_yEqA2RE_0001_S1172_E1696_L628_T70_R980_B422,dpt,437,0.011244525201618671,0.00018684900715015829,0.005365281831473112
MVI_yEqA2RE,MVI_yEqA2RE_0001_S1172_E1696_L628_T70_R980_B422,artalk,438,0.005844299215823412,0.00014380358334165066,0.003034439869225025
MVI_yEqA2RE,MVI_yEqA2RE_0001_S1172_E1696_L628_T70_R980_B422,multitalk,436,0.01196648832410574,0.00022994470782577991,0.00675232196226716
MVI_yEqA2RE,MVI_yEqA2RE_0001_S1172_E1696_L628_T70_R980_B422,codetalker,440,0.00917934812605381,0.0002806017000693828,0.005747958552092314
MeM6r8Nj8G0,MeM6r8Nj8G0_0000_S359_E682_L746_T78_R1130_B462,dpt,269,0.007650239858776331,0.00014754425501450896,0.0026808634866029024
MeM6r8Nj8G0,MeM6r8Nj8G0_0000_S359_E682_L746_T78_R1130_B462,artalk,270,0.00665199663490057,6.588715768884867e-05,0.0020602219738066196
MeM6r8Nj8G0,MeM6r8Nj8G0_0000_S359_E682_L746_T78_R1130_B462,multitalk,269,0.008025329560041428,5.041157055529766e-05,0.004783817566931248
MeM6r8Nj8G0,MeM6r8Nj8G0_0000_S359_E682_L746_T78_R1130_B462,codetalker,271,0.008384255692362785,0.0001964919938473031,0.005747687537223101
MgLHVw0tUBg,MgLHVw0tUBg_0001_S28_E283_L633_T164_R1161_B692,dpt,213,0.00940336100757122,0.0002880009124055505,0.002674170769751072
MgLHVw0tUBg,MgLHVw0tUBg_0001_S28_E283_L633_T164_R1161_B692,artalk,214,0.012112102471292019,0.00019189029990229756,0.002670753514394164
MgLHVw0tUBg,MgLHVw0tUBg_0001_S28_E283_L633_T164_R1161_B692,multitalk,212,0.009515480138361454,0.00022819814330432564,0.003020551986992359
MgLHVw0tUBg,MgLHVw0tUBg_0001_S28_E283_L633_T164_R1161_B692,codetalker,214,0.011307687498629093,0.00027694078744389117,0.006489209830760956
Mh3Dvs7DwdM,Mh3Dvs7DwdM_0005_S1006_E1361_L612_T41_R980_B409,dpt,355,0.011163798160851002,0.0002127909247064963,0.0036135143600404263
Mh3Dvs7DwdM,Mh3Dvs7DwdM_0005_S1006_E1361_L612_T41_R980_B409,artalk,355,0.005192742682993412,5.987894837744534e-05,0.002263945061713457
Mh3Dvs7DwdM,Mh3Dvs7DwdM_0005_S1006_E1361_L612_T41_R980_B409,multitalk,355,0.01200056727975607,0.0002048402966465801,0.0040084971114993095
Mh3Dvs7DwdM,Mh3Dvs7DwdM_0005_S1006_E1361_L612_T41_R980_B409,codetalker,355,0.008967691101133823,0.0002081576967611909,0.005638977978378534
Misd5Qrx_CI,Misd5Qrx_CI_0050_S1390_E1657_L157_T94_R413_B350,dpt,222,0.009578394703567028,0.00018469791393727064,0.0036562804598361254
Misd5Qrx_CI,Misd5Qrx_CI_0050_S1390_E1657_L157_T94_R413_B350,artalk,223,0.008518815971910954,5.7743305660551414e-05,0.0033112913370132446
Misd5Qrx_CI,Misd5Qrx_CI_0050_S1390_E1657_L157_T94_R413_B350,multitalk,222,0.009020019322633743,0.00017155946989078075,0.00414397194981575
Misd5Qrx_CI,Misd5Qrx_CI_0050_S1390_E1657_L157_T94_R413_B350,codetalker,224,0.010052980855107307,0.00018279041978530586,0.0036124144680798054
MmfiHdQ4Wfs,MmfiHdQ4Wfs_0003_S1323_E1675_L438_T0_R1126_B656,dpt,293,0.009323444217443466,7.60643815738149e-05,0.00386560196056962
MmfiHdQ4Wfs,MmfiHdQ4Wfs_0003_S1323_E1675_L438_T0_R1126_B656,artalk,294,0.005422347225248814,2.012674303841777e-05,0.0021287689451128244
MmfiHdQ4Wfs,MmfiHdQ4Wfs_0003_S1323_E1675_L438_T0_R1126_B656,multitalk,293,0.010181263089179993,0.00015665068349335343,0.0027976003475487232
MmfiHdQ4Wfs,MmfiHdQ4Wfs_0003_S1323_E1675_L438_T0_R1126_B656,codetalker,296,0.010462644509971142,0.0001797497388906777,0.00808644201606512
MousuD_jX24,MousuD_jX24_0001_S1481_E1799_L437_T38_R869_B470,dpt,265,0.006943217478692532,0.00010005525109590963,0.0022379588335752487
MousuD_jX24,MousuD_jX24_0001_S1481_E1799_L437_T38_R869_B470,artalk,266,0.007101527880877256,-2.5534362066537142e-05,0.0026325734797865152
MousuD_jX24,MousuD_jX24_0001_S1481_E1799_L437_T38_R869_B470,multitalk,265,0.011060643009841442,7.511326839448884e-05,0.002250626916065812
MousuD_jX24,MousuD_jX24_0001_S1481_E1799_L437_T38_R869_B470,codetalker,267,0.01007077656686306,0.00011466684372862801,0.00629416573792696
MpGxOR50sn4,MpGxOR50sn4_0001_S794_E1180_L430_T62_R798_B430,dpt,386,0.011026132851839066,4.1386312659597024e-05,0.0017761668423190713
MpGxOR50sn4,MpGxOR50sn4_0001_S794_E1180_L430_T62_R798_B430,artalk,386,0.012972740456461906,-7.653963984921575e-05,0.002186395926401019
MpGxOR50sn4,MpGxOR50sn4_0001_S794_E1180_L430_T62_R798_B430,multitalk,385,0.011589807458221912,7.428683602483943e-05,0.002663346938788891
MpGxOR50sn4,MpGxOR50sn4_0001_S794_E1180_L430_T62_R798_B430,codetalker,386,0.011497736908495426,9.898846474243328e-05,0.003965926822274923
Mrcn4Q50j5s,Mrcn4Q50j5s_0001_S0_E280_L509_T91_R813_B395,dpt,280,0.008591308258473873,0.00017281270993407816,0.004309777170419693
Mrcn4Q50j5s,Mrcn4Q50j5s_0001_S0_E280_L509_T91_R813_B395,artalk,280,0.008278030902147293,4.2804644181160256e-05,0.005239278078079224
Mrcn4Q50j5s,Mrcn4Q50j5s_0001_S0_E280_L509_T91_R813_B395,multitalk,280,0.007564622908830643,0.00018337127403356135,0.004326637368649244
Mrcn4Q50j5s,Mrcn4Q50j5s_0001_S0_E280_L509_T91_R813_B395,codetalker,280,0.008099152706563473,0.00018428530893288553,0.0035449587740004063
MsA2OJiYApw,MsA2OJiYApw_0000_S1086_E1579_L493_T41_R829_B377,dpt,411,0.006796857342123985,0.00013075895549263805,0.002405572682619095
MsA2OJiYApw,MsA2OJiYApw_0000_S1086_E1579_L493_T41_R829_B377,artalk,412,0.00565639091655612,5.455275095300749e-05,0.0020583977457135916
MsA2OJiYApw,MsA2OJiYApw_0000_S1086_E1579_L493_T41_R829_B377,multitalk,411,0.011354353278875351,0.00015632499707862735,0.002568661468103528
MsA2OJiYApw,MsA2OJiYApw_0000_S1086_E1579_L493_T41_R829_B377,codetalker,413,0.0076207490637898445,0.00016226481238845736,0.005846702493727207
N15YpxEHjVs,N15YpxEHjVs_0000_S0_E252_L498_T35_R898_B435,dpt,210,0.012636790983378887,0.00020943020354025066,0.004044161643832922
N15YpxEHjVs,N15YpxEHjVs_0000_S0_E252_L498_T35_R898_B435,artalk,211,0.007118585519492626,0.0001330229133600369,0.002071235328912735
N15YpxEHjVs,N15YpxEHjVs_0000_S0_E252_L498_T35_R898_B435,multitalk,210,0.012858045287430286,0.00019449500541668385,0.005141055211424828
N15YpxEHjVs,N15YpxEHjVs_0000_S0_E252_L498_T35_R898_B435,codetalker,212,0.012001577764749527,0.00021247618133202195,0.007320690434426069
N1cJakFhjNo,N1cJakFhjNo_0004_S1200_E1434_L580_T46_R836_B302,dpt,234,0.010046854615211487,8.596354018663988e-05,0.004867809358984232
N1cJakFhjNo,N1cJakFhjNo_0004_S1200_E1434_L580_T46_R836_B302,artalk,234,0.0076403007842600346,1.411791981809074e-05,0.003971345257014036
N1cJakFhjNo,N1cJakFhjNo_0004_S1200_E1434_L580_T46_R836_B302,multitalk,234,0.009766776114702225,0.00017420628864783794,0.005312925670295954
N1cJakFhjNo,N1cJakFhjNo_0004_S1200_E1434_L580_T46_R836_B302,codetalker,234,0.009869282133877277,0.00015797144442331046,0.0035163082648068666
N5esEarb5MQ,N5esEarb5MQ_0000_S965_E1158_L653_T28_R973_B348,dpt,201,0.01038159430027008,0.00016234237409662455,0.0026948798913508654
N5esEarb5MQ,N5esEarb5MQ_0000_S965_E1158_L653_T28_R973_B348,artalk,201,0.008373591117560863,8.716296724742278e-05,0.003972416743636131
N5esEarb5MQ,N5esEarb5MQ_0000_S965_E1158_L653_T28_R973_B348,multitalk,201,0.009817579761147499,0.00014730685506947339,0.0037904391065239906
N5esEarb5MQ,N5esEarb5MQ_0000_S965_E1158_L653_T28_R973_B348,codetalker,201,0.012977870181202888,0.00021200382616370916,0.007175018545240164
N8XGCs0js30,N8XGCs0js30_0020_S611_E879_L443_T114_R747_B418,dpt,224,0.008187373168766499,0.00010652716446202248,0.0025301796849817038
N8XGCs0js30,N8XGCs0js30_0020_S611_E879_L443_T114_R747_B418,artalk,225,0.005759866442531347,6.005389877827838e-06,0.0028121196664869785
N8XGCs0js30,N8XGCs0js30_0020_S611_E879_L443_T114_R747_B418,multitalk,223,0.009909780696034431,-7.473298319382593e-05,0.003453665180131793
N8XGCs0js30,N8XGCs0js30_0020_S611_E879_L443_T114_R747_B418,codetalker,226,0.007688118610531092,0.00014484602434094995,0.007044224534183741
N9JXjNCR1EM,N9JXjNCR1EM_0000_S1408_E1652_L269_T0_R669_B368,dpt,203,0.010846088640391827,0.00024864936131052673,0.002864773152396083
N9JXjNCR1EM,N9JXjNCR1EM_0000_S1408_E1652_L269_T0_R669_B368,artalk,204,0.007876482792198658,0.00016989004507195204,0.003053558524698019
N9JXjNCR1EM,N9JXjNCR1EM_0000_S1408_E1652_L269_T0_R669_B368,multitalk,203,0.009812330827116966,0.00024765447597019374,0.00293175270780921
N9JXjNCR1EM,N9JXjNCR1EM_0000_S1408_E1652_L269_T0_R669_B368,codetalker,205,0.012716547586023808,0.0002591673983260989,0.00820286013185978
NDsl1_vHHTc,NDsl1_vHHTc_0000_S1391_E1611_L495_T0_R1247_B640,dpt,220,0.010938472114503384,0.00014462618855759501,0.0022889054380357265
NDsl1_vHHTc,NDsl1_vHHTc_0000_S1391_E1611_L495_T0_R1247_B640,artalk,220,0.011039181612432003,-5.243100986263016e-06,0.0031921230256557465
NDsl1_vHHTc,NDsl1_vHHTc_0000_S1391_E1611_L495_T0_R1247_B640,multitalk,219,0.010363648645579815,0.0001242716534761712,0.005430711433291435
NDsl1_vHHTc,NDsl1_vHHTc_0000_S1391_E1611_L495_T0_R1247_B640,codetalker,220,0.012188476510345936,0.00017087682499550283,0.007391044870018959
NISKpzp_QAM,NISKpzp_QAM_0000_S654_E1201_L82_T0_R514_B384,dpt,456,0.013362923637032509,-6.377151294145733e-05,0.003788706613704562
NISKpzp_QAM,NISKpzp_QAM_0000_S654_E1201_L82_T0_R514_B384,artalk,457,0.014205265790224075,-0.00013510545250028372,0.004303482361137867
NISKpzp_QAM,NISKpzp_QAM_0000_S654_E1201_L82_T0_R514_B384,multitalk,456,0.011867758817970753,-4.773347245645709e-05,0.0048833624459803104
NISKpzp_QAM,NISKpzp_QAM_0000_S654_E1201_L82_T0_R514_B384,codetalker,458,0.014258368872106075,-3.12840384140145e-05,0.008313336409628391
NMWqBL_Uhr4,NMWqBL_Uhr4_0009_S1506_E1759_L289_T0_R1089_B688,dpt,211,0.011808876879513264,0.00037905844510532916,0.00622693682089448
NMWqBL_Uhr4,NMWqBL_Uhr4_0009_S1506_E1759_L289_T0_R1089_B688,artalk,212,0.010413202457129955,0.0003111239639110863,0.006138059310615063
NMWqBL_Uhr4,NMWqBL_Uhr4_0009_S1506_E1759_L289_T0_R1089_B688,multitalk,211,0.011389418505132198,0.00032803521025925875,0.005372542422264814
NMWqBL_Uhr4,NMWqBL_Uhr4_0009_S1506_E1759_L289_T0_R1089_B688,codetalker,214,0.01323400903493166,0.00038313475670292974,0.0083534587174654
NM_SJwSMRT8,NM_SJwSMRT8_0007_S859_E1105_L244_T20_R820_B596,dpt,256,0.011320460587739944,9.602688805898651e-05,0.00239619892090559
NM_SJwSMRT8,NM_SJwSMRT8_0007_S859_E1105_L244_T20_R820_B596,artalk,256,0.008784458041191101,-3.7189864087849855e-05,0.0027493129018694162
NM_SJwSMRT8,NM_SJwSMRT8_0007_S859_E1105_L244_T20_R820_B596,multitalk,256,0.00973862037062645,-4.0865059418138117e-05,0.0032203211449086666
NM_SJwSMRT8,NM_SJwSMRT8_0007_S859_E1105_L244_T20_R820_B596,codetalker,256,0.00995166040956974,0.0001237882097484544,0.003786762012168765
NMpf6HNYIzc,NMpf6HNYIzc_0034_S373_E713_L459_T45_R859_B445,dpt,340,0.013774015940725803,0.0001774388219928369,0.008184653706848621
NMpf6HNYIzc,NMpf6HNYIzc_0034_S373_E713_L459_T45_R859_B445,artalk,340,0.012924283742904663,4.351479219621979e-05,0.008868170902132988
NMpf6HNYIzc,NMpf6HNYIzc_0034_S373_E713_L459_T45_R859_B445,multitalk,340,0.013957214541733265,0.00018100130546372384,0.007324215956032276
NMpf6HNYIzc,NMpf6HNYIzc_0034_S373_E713_L459_T45_R859_B445,codetalker,340,0.017240840941667557,0.00018126392387785017,0.01324247196316719
NOYFz4DIfh8,NOYFz4DIfh8_0012_S903_E1192_L226_T55_R530_B359,dpt,289,0.010563897900283337,0.00014956270752009004,0.006056701298803091
NOYFz4DIfh8,NOYFz4DIfh8_0012_S903_E1192_L226_T55_R530_B359,artalk,289,0.008696155622601509,7.705437019467354e-05,0.005021825432777405
NOYFz4DIfh8,NOYFz4DIfh8_0012_S903_E1192_L226_T55_R530_B359,multitalk,288,0.00785970501601696,0.00016387230425607413,0.004610070958733559
NOYFz4DIfh8,NOYFz4DIfh8_0012_S903_E1192_L226_T55_R530_B359,codetalker,289,0.006778018083423376,0.00017737812595441937,0.0033395986538380384
NSZvUu8Q8ZQ,NSZvUu8Q8ZQ_0048_S1090_E1624_L421_T64_R837_B480,dpt,445,0.010761749930679798,0.00020749244140461087,0.0028133983723819256
NSZvUu8Q8ZQ,NSZvUu8Q8ZQ_0048_S1090_E1624_L421_T64_R837_B480,artalk,446,0.008500929921865463,0.00010001477494370192,0.002945320913568139
NSZvUu8Q8ZQ,NSZvUu8Q8ZQ_0048_S1090_E1624_L421_T64_R837_B480,multitalk,445,0.010903493501245975,0.00018971967801917344,0.0039909654296934605
NSZvUu8Q8ZQ,NSZvUu8Q8ZQ_0048_S1090_E1624_L421_T64_R837_B480,codetalker,447,0.010890919715166092,0.00022911856649443507,0.004701252561062574
Nbn1NJjbqoc,Nbn1NJjbqoc_0017_S870_E1230_L405_T0_R869_B464,dpt,375,0.013100311160087585,0.00016012076230254024,0.005848083645105362
Nbn1NJjbqoc,Nbn1NJjbqoc_0017_S870_E1230_L405_T0_R869_B464,artalk,375,0.010051590390503407,0.00010413580457679927,0.00566243939101696
Nbn1NJjbqoc,Nbn1NJjbqoc_0017_S870_E1230_L405_T0_R869_B464,multitalk,374,0.010244134813547134,0.00011255643767071888,0.0047777616418898106
Nbn1NJjbqoc,Nbn1NJjbqoc_0017_S870_E1230_L405_T0_R869_B464,codetalker,375,0.014351329766213894,0.0001478323247283697,0.009012014605104923
Nc-HP2vyKoE,Nc-HP2vyKoE_0000_S617_E817_L429_T83_R733_B387,dpt,208,0.007015762384980917,0.00017769999976735562,0.0023746411316096783
Nc-HP2vyKoE,Nc-HP2vyKoE_0000_S617_E817_L429_T83_R733_B387,artalk,208,0.006747427396476269,0.00010609951277729124,0.0024203730281442404
Nc-HP2vyKoE,Nc-HP2vyKoE_0000_S617_E817_L429_T83_R733_B387,multitalk,208,0.009871368296444416,0.00020747334929183125,0.0025870909448713064
Nc-HP2vyKoE,Nc-HP2vyKoE_0000_S617_E817_L429_T83_R733_B387,codetalker,208,0.009625867940485477,0.0002301837084814906,0.005835786461830139
Nchrj-dzVgs,Nchrj-dzVgs_0001_S0_E337_L453_T15_R869_B431,dpt,281,0.011314162984490395,0.0001866892125690356,0.0038340804167091846
Nchrj-dzVgs,Nchrj-dzVgs_0001_S0_E337_L453_T15_R869_B431,artalk,282,0.008429083973169327,8.030864410102367e-05,0.003794844727963209
Nchrj-dzVgs,Nchrj-dzVgs_0001_S0_E337_L453_T15_R869_B431,multitalk,281,0.009597946889698505,0.00017322759958915412,0.005010267719626427
Nchrj-dzVgs,Nchrj-dzVgs_0001_S0_E337_L453_T15_R869_B431,codetalker,284,0.013297955505549908,0.00023145876184571534,0.007486309856176376
Ndnq9Ofs2eA,Ndnq9Ofs2eA_0001_S0_E296_L381_T121_R861_B601,dpt,296,0.00964588113129139,0.0002418022049823776,0.004027307033538818
Ndnq9Ofs2eA,Ndnq9Ofs2eA_0001_S0_E296_L381_T121_R861_B601,artalk,296,0.00847452413290739,0.00013763106835540384,0.004359762649983168
Ndnq9Ofs2eA,Ndnq9Ofs2eA_0001_S0_E296_L381_T121_R861_B601,multitalk,295,0.010195662267506123,0.0002196829009335488,0.003562732832506299
Ndnq9Ofs2eA,Ndnq9Ofs2eA_0001_S0_E296_L381_T121_R861_B601,codetalker,296,0.011074477806687355,0.00029754824936389923,0.0074333748780190945
NhOwdlKHcAE,NhOwdlKHcAE_0000_S379_E668_L505_T62_R793_B350,dpt,240,0.010305853560566902,0.00014233110414352268,0.005978182889521122
NhOwdlKHcAE,NhOwdlKHcAE_0000_S379_E668_L505_T62_R793_B350,artalk,241,0.006346669979393482,2.7803514967672527e-05,0.0035065768752247095
NhOwdlKHcAE,NhOwdlKHcAE_0000_S379_E668_L505_T62_R793_B350,multitalk,240,0.014262734912335873,0.00014026642020326108,0.006700834725052118
NhOwdlKHcAE,NhOwdlKHcAE_0000_S379_E668_L505_T62_R793_B350,codetalker,243,0.009197911247611046,0.00020284703350625932,0.004515444859862328
NoIHCm4wrpk,NoIHCm4wrpk_0003_S1330_E1668_L361_T20_R905_B564,dpt,282,0.012078063562512398,0.00019015373254660517,0.008483130484819412
NoIHCm4wrpk,NoIHCm4wrpk_0003_S1330_E1668_L361_T20_R905_B564,artalk,283,0.011149330995976925,7.671928324270993e-05,0.007841048762202263
NoIHCm4wrpk,NoIHCm4wrpk_0003_S1330_E1668_L361_T20_R905_B564,multitalk,281,0.013203896582126617,0.00018103059846907854,0.010117738507688046
NoIHCm4wrpk,NoIHCm4wrpk_0003_S1330_E1668_L361_T20_R905_B564,codetalker,284,0.00883535947650671,0.00022137389169074595,0.0036290069110691547
NpskXvrCNA0,NpskXvrCNA0_0001_S549_E753_L345_T61_R697_B413,dpt,204,0.007179437205195427,7.368574006250128e-05,0.0017352653667330742
NpskXvrCNA0,NpskXvrCNA0_0001_S549_E753_L345_T61_R697_B413,artalk,204,0.007427975069731474,-3.902614116668701e-05,0.003148038871586323
NpskXvrCNA0,NpskXvrCNA0_0001_S549_E753_L345_T61_R697_B413,multitalk,204,0.012431420385837555,0.00010491716238902882,0.0027852198109030724
NpskXvrCNA0,NpskXvrCNA0_0001_S549_E753_L345_T61_R697_B413,codetalker,204,0.009557949379086494,6.503722397610545e-05,0.004857186693698168
O0D0E42AA4I,O0D0E42AA4I_0006_S0_E248_L442_T100_R794_B452,dpt,248,0.014985860325396061,-9.472998499404639e-05,0.004973453003913164
O0D0E42AA4I,O0D0E42AA4I_0006_S0_E248_L442_T100_R794_B452,artalk,248,0.007556641474366188,-0.00016338785644620657,0.0033237109892070293
O0D0E42AA4I,O0D0E42AA4I_0006_S0_E248_L442_T100_R794_B452,multitalk,248,0.01598380133509636,-8.734992297831923e-05,0.004740060307085514
O0D0E42AA4I,O0D0E42AA4I_0006_S0_E248_L442_T100_R794_B452,codetalker,248,0.010615983046591282,-7.373523840215057e-05,0.00336731830611825
O1UBCHWPIqE,O1UBCHWPIqE_0002_S648_E892_L260_T0_R1108_B656,dpt,203,0.01223396509885788,0.0002713322755880654,0.0033073697704821825
O1UBCHWPIqE,O1UBCHWPIqE_0002_S648_E892_L260_T0_R1108_B656,artalk,204,0.008705520071089268,0.0002262226480524987,0.0036603491753339767
O1UBCHWPIqE,O1UBCHWPIqE_0002_S648_E892_L260_T0_R1108_B656,multitalk,203,0.012288445606827736,0.00021808460587635636,0.0035695310216397047
O1UBCHWPIqE,O1UBCHWPIqE_0002_S648_E892_L260_T0_R1108_B656,codetalker,205,0.014532234519720078,0.0002959996636491269,0.008512565866112709
O1j79d0IuhU,O1j79d0IuhU_0004_S1193_E1499_L433_T79_R913_B559,dpt,291,0.008913801982998848,0.00015372992493212223,0.0028679748065769672
O1j79d0IuhU,O1j79d0IuhU_0004_S1193_E1499_L433_T79_R913_B559,artalk,292,0.005808661691844463,0.00011571753566386178,0.002227562014013529
O1j79d0IuhU,O1j79d0IuhU_0004_S1193_E1499_L433_T79_R913_B559,multitalk,291,0.01190936379134655,-0.0002532809157855809,0.007318576797842979
O1j79d0IuhU,O1j79d0IuhU_0004_S1193_E1499_L433_T79_R913_B559,codetalker,293,0.009340338408946991,0.00017813996237237006,0.0031877076253294945
O2YHi_g2JuY,O2YHi_g2JuY_0010_S434_E735_L685_T0_R1037_B256,dpt,251,0.009007240645587444,0.00018458932754583657,0.0023318585008382797
O2YHi_g2JuY,O2YHi_g2JuY_0010_S434_E735_L685_T0_R1037_B256,artalk,252,0.008600764907896519,0.00011799156345659867,0.0027629355899989605
O2YHi_g2JuY,O2YHi_g2JuY_0010_S434_E735_L685_T0_R1037_B256,multitalk,251,0.009608975611627102,0.00016960389621090144,0.0034385332837700844
O2YHi_g2JuY,O2YHi_g2JuY_0010_S434_E735_L685_T0_R1037_B256,codetalker,254,0.009450956247746944,0.00014789725537411869,0.006775901187211275
O3iPo__LYZQ,O3iPo__LYZQ_0005_S0_E274_L469_T56_R725_B312,dpt,228,0.007583344355225563,0.00014591509534511715,0.0025938740000128746
O3iPo__LYZQ,O3iPo__LYZQ_0005_S0_E274_L469_T56_R725_B312,artalk,229,0.006450088694691658,3.704220216604881e-05,0.0031020031310617924
O3iPo__LYZQ,O3iPo__LYZQ_0005_S0_E274_L469_T56_R725_B312,multitalk,228,0.009538010694086552,0.00012312918261159211,0.00647531496360898
O3iPo__LYZQ,O3iPo__LYZQ_0005_S0_E274_L469_T56_R725_B312,codetalker,231,0.008945893496274948,0.00017380155622959137,0.005378368776291609
O3jxAN3j_P4,O3jxAN3j_P4_0001_S1475_E1795_L340_T53_R708_B421,dpt,267,0.013010707683861256,0.00037377135595306754,0.004849859047681093
O3jxAN3j_P4,O3jxAN3j_P4_0001_S1475_E1795_L340_T53_R708_B421,artalk,268,0.009786691516637802,0.0002469791506882757,0.004053106065839529
O3jxAN3j_P4,O3jxAN3j_P4_0001_S1475_E1795_L340_T53_R708_B421,multitalk,266,0.01687791384756565,0.00039015093352645636,0.006098373793065548
O3jxAN3j_P4,O3jxAN3j_P4_0001_S1475_E1795_L340_T53_R708_B421,codetalker,270,0.013584316708147526,0.00038948352448642254,0.006431021727621555
O3sFnc87STU,O3sFnc87STU_0000_S996_E1248_L175_T17_R495_B337,dpt,210,0.009867402724921703,0.000251567893428728,0.0046676755882799625
O3sFnc87STU,O3sFnc87STU_0000_S996_E1248_L175_T17_R495_B337,artalk,211,0.008552768267691135,0.00011544547305675223,0.003237496130168438
O3sFnc87STU,O3sFnc87STU_0000_S996_E1248_L175_T17_R495_B337,multitalk,210,0.012831506319344044,0.00024394600768573582,0.007241999730467796
O3sFnc87STU,O3sFnc87STU_0000_S996_E1248_L175_T17_R495_B337,codetalker,212,0.011044171638786793,0.00033011462073773146,0.00432973587885499
O42jXkaQtQU,O42jXkaQtQU_0000_S522_E964_L567_T16_R919_B368,dpt,460,0.011750385165214539,0.00019013269047718495,0.0033022137358784676
O42jXkaQtQU,O42jXkaQtQU_0000_S522_E964_L567_T16_R919_B368,artalk,461,0.010474959388375282,0.0001386445655953139,0.003655369859188795
O42jXkaQtQU,O42jXkaQtQU_0000_S522_E964_L567_T16_R919_B368,multitalk,460,0.011191991157829762,0.0002357883204240352,0.0038283306639641523
O42jXkaQtQU,O42jXkaQtQU_0000_S522_E964_L567_T16_R919_B368,codetalker,461,0.012380294501781464,0.00026181881548836827,0.005716904532164335
O8gZs9BCr4Y,O8gZs9BCr4Y_0001_S209_E485_L452_T81_R788_B417,dpt,230,0.012407941743731499,0.00010364975605625659,0.0045654005371034145
O8gZs9BCr4Y,O8gZs9BCr4Y_0001_S209_E485_L452_T81_R788_B417,artalk,231,0.012480637989938259,-2.664549720066134e-05,0.004008298274129629
O8gZs9BCr4Y,O8gZs9BCr4Y_0001_S209_E485_L452_T81_R788_B417,multitalk,230,0.012335569597780704,7.43175478419289e-05,0.005353160202503204
O8gZs9BCr4Y,O8gZs9BCr4Y_0001_S209_E485_L452_T81_R788_B417,codetalker,232,0.013218797743320465,0.0001161256295745261,0.004749673418700695
OBlw3eBxHvA,OBlw3eBxHvA_0002_S1232_E1432_L72_T0_R1272_B704,dpt,200,0.009174701757729053,0.0002672068658284843,0.005986744072288275
OBlw3eBxHvA,OBlw3eBxHvA_0002_S1232_E1432_L72_T0_R1272_B704,artalk,200,0.00863113533705473,0.0001546043058624491,0.004406228195875883
OBlw3eBxHvA,OBlw3eBxHvA_0002_S1232_E1432_L72_T0_R1272_B704,multitalk,200,0.0073830746114254,0.0002705692604649812,0.006365944631397724
OBlw3eBxHvA,OBlw3eBxHvA_0002_S1232_E1432_L72_T0_R1272_B704,codetalker,200,0.009882088750600815,0.0003055193228647113,0.003812128910794854
OGhvz1fwacA,OGhvz1fwacA_0000_S0_E626_L276_T0_R692_B416,dpt,521,0.009697673842310905,3.577041206881404e-05,0.0027238219045102596
OGhvz1fwacA,OGhvz1fwacA_0000_S0_E626_L276_T0_R692_B416,artalk,522,0.00681583397090435,-7.60627372073941e-05,0.003546844469383359
OGhvz1fwacA,OGhvz1fwacA_0000_S0_E626_L276_T0_R692_B416,multitalk,521,0.010291052050888538,5.490580224432051e-05,0.004878414794802666
OGhvz1fwacA,OGhvz1fwacA_0000_S0_E626_L276_T0_R692_B416,codetalker,523,0.010753268375992775,8.524939767085016e-05,0.006563030183315277
OGzPe8LXHeA,OGzPe8LXHeA_0004_S1167_E1436_L687_T116_R959_B388,dpt,224,0.009491070173680782,0.0002157264534616843,0.003508742433041334
OGzPe8LXHeA,OGzPe8LXHeA_0004_S1167_E1436_L687_T116_R959_B388,artalk,225,0.006797361187636852,5.552288348553702e-05,0.004065812565386295
OGzPe8LXHeA,OGzPe8LXHeA_0004_S1167_E1436_L687_T116_R959_B388,multitalk,224,0.009162657894194126,0.00023970901384018362,0.00410540122538805
OGzPe8LXHeA,OGzPe8LXHeA_0004_S1167_E1436_L687_T116_R959_B388,codetalker,226,0.009112442843616009,0.0002008910960284993,0.00354017480276525
OHHqegRBDWg,OHHqegRBDWg_0000_S1015_E1398_L333_T49_R685_B401,dpt,383,0.008024752140045166,5.148751370143145e-05,0.002484510885551572
OHHqegRBDWg,OHHqegRBDWg_0000_S1015_E1398_L333_T49_R685_B401,artalk,383,0.010255546309053898,-8.041234104894102e-05,0.0033600579481571913
OHHqegRBDWg,OHHqegRBDWg_0000_S1015_E1398_L333_T49_R685_B401,multitalk,383,0.009657004848122597,6.430965731851757e-05,0.003095123218372464
OHHqegRBDWg,OHHqegRBDWg_0000_S1015_E1398_L333_T49_R685_B401,codetalker,383,0.009154446423053741,6.609447882510722e-05,0.005815892480313778
OI4sCSsyS4s,OI4sCSsyS4s_0001_S1402_E1691_L372_T0_R932_B512,dpt,240,0.010031590238213539,0.000277504586847499,0.00390143902041018
OI4sCSsyS4s,OI4sCSsyS4s_0001_S1402_E1691_L372_T0_R932_B512,artalk,241,0.007704166229814291,0.00025105944951064885,0.00323801813647151
OI4sCSsyS4s,OI4sCSsyS4s_0001_S1402_E1691_L372_T0_R932_B512,multitalk,240,0.0104698920622468,0.0002588820643723011,0.0041464525274932384
OI4sCSsyS4s,OI4sCSsyS4s_0001_S1402_E1691_L372_T0_R932_B512,codetalker,243,0.011765868403017521,0.0003227969282306731,0.008007969707250595
OLbdw1imnKY,OLbdw1imnKY_0002_S0_E670_L291_T0_R995_B656,dpt,559,0.013133875094354153,0.00016454023716505617,0.0063775707967579365
OLbdw1imnKY,OLbdw1imnKY_0002_S0_E670_L291_T0_R995_B656,artalk,560,0.011628281325101852,1.1871591595991049e-05,0.005774914287030697
OLbdw1imnKY,OLbdw1imnKY_0002_S0_E670_L291_T0_R995_B656,multitalk,558,0.01648220233619213,0.00014523354184348136,0.00579473003745079
OLbdw1imnKY,OLbdw1imnKY_0002_S0_E670_L291_T0_R995_B656,codetalker,561,0.015054022893309593,0.00018398133397568017,0.00851240660995245
OLe9xNH4G6s,OLe9xNH4G6s_0000_S888_E1172_L230_T0_R1014_B576,dpt,237,0.01526576466858387,0.0002608392096590251,0.004666452761739492
OLe9xNH4G6s,OLe9xNH4G6s_0000_S888_E1172_L230_T0_R1014_B576,artalk,238,0.011673103086650372,0.00017671898240223527,0.005987073294818401
OLe9xNH4G6s,OLe9xNH4G6s_0000_S888_E1172_L230_T0_R1014_B576,multitalk,237,0.012544491328299046,0.00021528967772610486,0.004372858442366123
OLe9xNH4G6s,OLe9xNH4G6s_0000_S888_E1172_L230_T0_R1014_B576,codetalker,239,0.01676831766963005,0.0002940573322121054,0.01013079471886158
OLfHpvJKNg0,OLfHpvJKNg0_0001_S0_E666_L363_T51_R875_B563,dpt,556,0.010796010494232178,0.00022925854136701673,0.0030682836659252644
OLfHpvJKNg0,OLfHpvJKNg0_0001_S0_E666_L363_T51_R875_B563,artalk,557,0.010224091820418835,0.00013028798275627196,0.003003835678100586
OLfHpvJKNg0,OLfHpvJKNg0_0001_S0_E666_L363_T51_R875_B563,multitalk,555,0.011790134944021702,0.00020850508008152246,0.0037225624546408653
OLfHpvJKNg0,OLfHpvJKNg0_0001_S0_E666_L363_T51_R875_B563,codetalker,557,0.0129445381462574,0.00024873611982911825,0.0055548506788909435
OMeIMC_s0GQ,OMeIMC_s0GQ_0001_S148_E572_L550_T0_R1270_B640,dpt,353,0.014318732544779778,5.876778232050128e-05,0.006594631355255842
OMeIMC_s0GQ,OMeIMC_s0GQ_0001_S148_E572_L550_T0_R1270_B640,artalk,354,0.015493525192141533,-4.9062477046390995e-05,0.008646966889500618
OMeIMC_s0GQ,OMeIMC_s0GQ_0001_S148_E572_L550_T0_R1270_B640,multitalk,353,0.015821170061826706,4.8610778321744874e-05,0.005278645548969507
OMeIMC_s0GQ,OMeIMC_s0GQ_0001_S148_E572_L550_T0_R1270_B640,codetalker,356,0.0195535346865654,0.00011627112689893693,0.015454867854714394
OMw8kl2kcZY,OMw8kl2kcZY_0003_S683_E1211_L669_T36_R957_B324,dpt,440,0.0120798135176301,0.00012582205818034708,0.007034982554614544
OMw8kl2kcZY,OMw8kl2kcZY_0003_S683_E1211_L669_T36_R957_B324,artalk,441,0.012099415063858032,4.3117244786117226e-05,0.008158021606504917
OMw8kl2kcZY,OMw8kl2kcZY_0003_S683_E1211_L669_T36_R957_B324,multitalk,440,0.012785275466740131,0.00013080898497719318,0.007623104844242334
OMw8kl2kcZY,OMw8kl2kcZY_0003_S683_E1211_L669_T36_R957_B324,codetalker,442,0.009650619700551033,0.00013686492457054555,0.004537438973784447
ON3YD52Df5s,ON3YD52Df5s_0000_S1438_E1797_L557_T38_R829_B310,dpt,299,0.008954882621765137,0.00011848434223793447,0.004955010954290628
ON3YD52Df5s,ON3YD52Df5s_0000_S1438_E1797_L557_T38_R829_B310,artalk,300,0.007701840251684189,6.640599167440087e-06,0.003128527896478772
ON3YD52Df5s,ON3YD52Df5s_0000_S1438_E1797_L557_T38_R829_B310,multitalk,299,0.015570671297609806,8.359395724255592e-05,0.011649074032902718
ON3YD52Df5s,ON3YD52Df5s_0000_S1438_E1797_L557_T38_R829_B310,codetalker,301,0.007412704639136791,0.00013887278328184038,0.003489965572953224
ONvg9SbauMg,ONvg9SbauMg_0008_S1050_E1299_L432_T62_R688_B318,dpt,207,0.008866063319146633,1.7419710275135003e-05,0.00515281967818737
ONvg9SbauMg,ONvg9SbauMg_0008_S1050_E1299_L432_T62_R688_B318,artalk,208,0.007454969454556704,-2.7675083401845768e-05,0.002529876073822379
ONvg9SbauMg,ONvg9SbauMg_0008_S1050_E1299_L432_T62_R688_B318,multitalk,207,0.01188575103878975,-2.0280422177165747e-05,0.0048741563223302364
ONvg9SbauMg,ONvg9SbauMg_0008_S1050_E1299_L432_T62_R688_B318,codetalker,209,0.009037353098392487,5.211764801060781e-05,0.004149407148361206
OOJ7OYp1gjg,OOJ7OYp1gjg_0002_S982_E1366_L290_T8_R946_B664,dpt,320,0.012803172692656517,0.00017394703172612935,0.005255232565104961
OOJ7OYp1gjg,OOJ7OYp1gjg_0002_S982_E1366_L290_T8_R946_B664,artalk,321,0.007858404889702797,0.00014175180695019662,0.004573245532810688
OOJ7OYp1gjg,OOJ7OYp1gjg_0002_S982_E1366_L290_T8_R946_B664,multitalk,320,0.01732034422457218,0.0001781353639671579,0.00745541462674737
OOJ7OYp1gjg,OOJ7OYp1gjg_0002_S982_E1366_L290_T8_R946_B664,codetalker,322,0.012054597027599812,0.00025269071920774877,0.007493289187550545
OPzyc9rXx-I,OPzyc9rXx-I_0000_S1288_E1511_L274_T40_R786_B552,dpt,223,0.012761208228766918,0.00024256372125819325,0.004614541772753
OPzyc9rXx-I,OPzyc9rXx-I_0000_S1288_E1511_L274_T40_R786_B552,artalk,223,0.011125493794679642,0.0001644981384743005,0.007414692547172308
OPzyc9rXx-I,OPzyc9rXx-I_0000_S1288_E1511_L274_T40_R786_B552,multitalk,223,0.010026782751083374,0.00021783894044347107,0.0041928719729185104
OPzyc9rXx-I,OPzyc9rXx-I_0000_S1288_E1511_L274_T40_R786_B552,codetalker,223,0.015534695237874985,0.00027134062838740647,0.011685437522828579
OSrCb8eDWWk,OSrCb8eDWWk_0001_S1168_E1429_L457_T63_R777_B383,dpt,261,0.013700378127396107,0.00020300668256822973,0.008466006256639957
OSrCb8eDWWk,OSrCb8eDWWk_0001_S1168_E1429_L457_T63_R777_B383,artalk,261,0.01210909616202116,5.916703230468556e-05,0.007550536654889584
OSrCb8eDWWk,OSrCb8eDWWk_0001_S1168_E1429_L457_T63_R777_B383,multitalk,261,0.012861222960054874,0.0002089675108436495,0.008141730912029743
OSrCb8eDWWk,OSrCb8eDWWk_0001_S1168_E1429_L457_T63_R777_B383,codetalker,261,0.009301046840846539,0.00022752440418116748,0.004703085869550705
OUE8rKxYGLY,OUE8rKxYGLY_0005_S468_E847_L90_T51_R378_B339,dpt,316,0.009780106134712696,0.0002820855297613889,0.0034387812484055758
OUE8rKxYGLY,OUE8rKxYGLY_0005_S468_E847_L90_T51_R378_B339,artalk,317,0.007873855531215668,0.00027100701117888093,0.0038758045993745327
OUE8rKxYGLY,OUE8rKxYGLY_0005_S468_E847_L90_T51_R378_B339,multitalk,316,0.01120061706751585,0.0002836671192198992,0.004869590979069471
OUE8rKxYGLY,OUE8rKxYGLY_0005_S468_E847_L90_T51_R378_B339,codetalker,319,0.011164097115397453,0.00030999499722383916,0.007713797502219677
OUoQ4c1YyJM,OUoQ4c1YyJM_0000_S175_E414_L752_T82_R1088_B418,dpt,249,0.01020792406052351,5.44877075299155e-05,0.006577624008059502
OUoQ4c1YyJM,OUoQ4c1YyJM_0000_S175_E414_L752_T82_R1088_B418,artalk,249,0.007446972653269768,4.145048660575412e-05,0.00452272268012166
OUoQ4c1YyJM,OUoQ4c1YyJM_0000_S175_E414_L752_T82_R1088_B418,multitalk,249,0.019247068092226982,-7.907675171736628e-05,0.013803726993501186
OUoQ4c1YyJM,OUoQ4c1YyJM_0000_S175_E414_L752_T82_R1088_B418,codetalker,249,0.005696361418813467,5.171805969439447e-05,0.003487509908154607
OWdqgZQdMgw,OWdqgZQdMgw_0000_S169_E413_L496_T0_R1008_B496,dpt,203,0.01220774743705988,0.00015920045552775264,0.0033875321969389915
OWdqgZQdMgw,OWdqgZQdMgw_0000_S169_E413_L496_T0_R1008_B496,artalk,204,0.01522544864565134,-8.04824594524689e-06,0.004209357313811779
OWdqgZQdMgw,OWdqgZQdMgw_0000_S169_E413_L496_T0_R1008_B496,multitalk,203,0.009359070099890232,0.0001604679273441434,0.0047257221303880215
OWdqgZQdMgw,OWdqgZQdMgw_0000_S169_E413_L496_T0_R1008_B496,codetalker,205,0.01305465679615736,0.0001477830664953217,0.007301137316972017
OYJh1xJbQys,OYJh1xJbQys_0030_S1477_E1758_L314_T64_R746_B496,dpt,234,0.009010881185531616,0.0001608442107681185,0.005380886606872082
OYJh1xJbQys,OYJh1xJbQys_0030_S1477_E1758_L314_T64_R746_B496,artalk,235,0.00755429407581687,2.1302745153661817e-05,0.004851992707699537
OYJh1xJbQys,OYJh1xJbQys_0030_S1477_E1758_L314_T64_R746_B496,multitalk,234,0.01581311784684658,0.0001750826049828902,0.005080255214124918
OYJh1xJbQys,OYJh1xJbQys_0030_S1477_E1758_L314_T64_R746_B496,codetalker,236,0.007889331318438053,0.00020610085630323738,0.00493632024154067
OZWiY3xcr1w,OZWiY3xcr1w_0000_S771_E1360_L461_T185_R957_B681,dpt,614,0.007687686011195183,0.0001440614287275821,0.002460084855556488
OZWiY3xcr1w,OZWiY3xcr1w_0000_S771_E1360_L461_T185_R957_B681,artalk,614,0.005831597838550806,3.113713319180533e-05,0.0023156788665801287
OZWiY3xcr1w,OZWiY3xcr1w_0000_S771_E1360_L461_T185_R957_B681,multitalk,614,0.007681958377361298,0.00015380258264485747,0.0038984904531389475
OZWiY3xcr1w,OZWiY3xcr1w_0000_S771_E1360_L461_T185_R957_B681,codetalker,614,0.01020104717463255,0.0001463148946641013,0.005706926807761192
OcPW_rtcbio,OcPW_rtcbio_0003_S1049_E1403_L396_T26_R924_B554,dpt,295,0.008864234201610088,0.00031856741406954825,0.0022531170397996902
OcPW_rtcbio,OcPW_rtcbio_0003_S1049_E1403_L396_T26_R924_B554,artalk,296,0.00758636649698019,0.0002203798503614962,0.002388120163232088
OcPW_rtcbio,OcPW_rtcbio_0003_S1049_E1403_L396_T26_R924_B554,multitalk,295,0.011010590940713882,0.00034887163201346993,0.0036327620036900043
OcPW_rtcbio,OcPW_rtcbio_0003_S1049_E1403_L396_T26_R924_B554,codetalker,297,0.00994197465479374,0.00038349800161086023,0.004849692806601524
Odb1XiXpRTg,Odb1XiXpRTg_0000_S580_E889_L484_T172_R932_B620,dpt,309,0.013314703479409218,0.00019070800044573843,0.004830098710954189
Odb1XiXpRTg,Odb1XiXpRTg_0000_S580_E889_L484_T172_R932_B620,artalk,309,0.008878861553966999,6.929088704055175e-05,0.004961624275892973
Odb1XiXpRTg,Odb1XiXpRTg_0000_S580_E889_L484_T172_R932_B620,multitalk,309,0.011529659852385521,0.00018538253789301962,0.004083137959241867
Odb1XiXpRTg,Odb1XiXpRTg_0000_S580_E889_L484_T172_R932_B620,codetalker,309,0.016068967059254646,0.00023814708401914686,0.010432721115648746
OhHBPhb8a1I,OhHBPhb8a1I_0000_S297_E847_L463_T3_R847_B387,dpt,550,0.011054573580622673,0.0003245398693252355,0.004858193453401327
OhHBPhb8a1I,OhHBPhb8a1I_0000_S297_E847_L463_T3_R847_B387,artalk,550,0.01010624784976244,0.00015907842316664755,0.004886394366621971
OhHBPhb8a1I,OhHBPhb8a1I_0000_S297_E847_L463_T3_R847_B387,multitalk,550,0.014064470306038857,0.0002885169815272093,0.009375374764204025
OhHBPhb8a1I,OhHBPhb8a1I_0000_S297_E847_L463_T3_R847_B387,codetalker,550,0.011484052054584026,0.000356151518644765,0.005467735696583986
Oj22JVi762E,Oj22JVi762E_0000_S0_E344_L293_T7_R757_B471,dpt,344,0.008877629414200783,0.0002032150950981304,0.0034928114619106054
Oj22JVi762E,Oj22JVi762E_0000_S0_E344_L293_T7_R757_B471,artalk,344,0.00713190995156765,0.0001491053553763777,0.004261387512087822
Oj22JVi762E,Oj22JVi762E_0000_S0_E344_L293_T7_R757_B471,multitalk,344,0.007527814246714115,0.00022347236517816782,0.003939668647944927
Oj22JVi762E,Oj22JVi762E_0000_S0_E344_L293_T7_R757_B471,codetalker,344,0.012584359385073185,0.00026808076654560864,0.009674765169620514
OnPdfl9qKRg,OnPdfl9qKRg_0002_S458_E747_L322_T0_R850_B528,dpt,240,0.014258715324103832,0.00024659038172103465,0.01129944808781147
OnPdfl9qKRg,OnPdfl9qKRg_0002_S458_E747_L322_T0_R850_B528,artalk,241,0.01339553389698267,0.00017261991160921752,0.011668834835290909
OnPdfl9qKRg,OnPdfl9qKRg_0002_S458_E747_L322_T0_R850_B528,multitalk,240,0.015307716093957424,0.000263970869127661,0.011175948195159435
OnPdfl9qKRg,OnPdfl9qKRg_0002_S458_E747_L322_T0_R850_B528,codetalker,243,0.018175309523940086,0.0002754779707174748,0.016389649361371994
OpaFC283wJE,OpaFC283wJE_0001_S30_E579_L450_T67_R834_B451,dpt,549,0.00829886645078659,0.0002780327922664583,0.002494997810572386
OpaFC283wJE,OpaFC283wJE_0001_S30_E579_L450_T67_R834_B451,artalk,549,0.008325797505676746,0.00016811823297757655,0.002811961341649294
OpaFC283wJE,OpaFC283wJE_0001_S30_E579_L450_T67_R834_B451,multitalk,549,0.009415028616786003,0.0002882302214857191,0.0028474561404436827
OpaFC283wJE,OpaFC283wJE_0001_S30_E579_L450_T67_R834_B451,codetalker,549,0.00893320981413126,0.0002830220910254866,0.004109320230782032
OsBgWxoAOf0,OsBgWxoAOf0_0021_S407_E868_L102_T119_R390_B407,dpt,461,0.010309280827641487,0.00016933518054429442,0.007417745888233185
OsBgWxoAOf0,OsBgWxoAOf0_0021_S407_E868_L102_T119_R390_B407,artalk,461,0.010659880004823208,0.00011013267794623971,0.00819274503737688
OsBgWxoAOf0,OsBgWxoAOf0_0021_S407_E868_L102_T119_R390_B407,multitalk,461,0.013096434995532036,0.00014737210585735738,0.011835265904664993
OsBgWxoAOf0,OsBgWxoAOf0_0021_S407_E868_L102_T119_R390_B407,codetalker,461,0.009328830987215042,0.00020607933402061462,0.003761681029573083
OsLj4GyNvYQ,OsLj4GyNvYQ_0000_S0_E263_L453_T65_R821_B433,dpt,219,0.014454249292612076,8.178298594430089e-05,0.002451166743412614
OsLj4GyNvYQ,OsLj4GyNvYQ_0000_S0_E263_L453_T65_R821_B433,artalk,220,0.01236935518682003,-5.312562279868871e-05,0.002430953783914447
OsLj4GyNvYQ,OsLj4GyNvYQ_0000_S0_E263_L453_T65_R821_B433,multitalk,219,0.013692009262740612,7.284268940566108e-05,0.004531300161033869
OsLj4GyNvYQ,OsLj4GyNvYQ_0000_S0_E263_L453_T65_R821_B433,codetalker,221,0.01786271668970585,8.2750542787835e-05,0.006734667811542749
OtTAH-lcO_M,OtTAH-lcO_M_0001_S607_E932_L289_T0_R817_B448,dpt,339,0.009134986437857151,0.00020244951883796602,0.005232441239058971
OtTAH-lcO_M,OtTAH-lcO_M_0001_S607_E932_L289_T0_R817_B448,artalk,340,0.008779183961451054,0.00014662451576441526,0.005629579536616802
OtTAH-lcO_M,OtTAH-lcO_M_0001_S607_E932_L289_T0_R817_B448,multitalk,338,0.011741235852241516,0.00022212757903616875,0.0046042632311582565
OtTAH-lcO_M,OtTAH-lcO_M_0001_S607_E932_L289_T0_R817_B448,codetalker,340,0.013602428138256073,0.0002649571106303483,0.009430600330233574
OuP7vIfN3GI,OuP7vIfN3GI_0001_S265_E504_L291_T0_R1123_B704,dpt,239,0.01117661315947771,0.00013863485946785659,0.003092006081715226
OuP7vIfN3GI,OuP7vIfN3GI_0001_S265_E504_L291_T0_R1123_B704,artalk,239,0.009224935434758663,5.0010799895972013e-05,0.004232034087181091
OuP7vIfN3GI,OuP7vIfN3GI_0001_S265_E504_L291_T0_R1123_B704,multitalk,239,0.012363252229988575,0.00015204539522528648,0.003014122135937214
OuP7vIfN3GI,OuP7vIfN3GI_0001_S265_E504_L291_T0_R1123_B704,codetalker,239,0.01232187356799841,0.00024091939849313349,0.008664892055094242
Oysv7K93B-w,Oysv7K93B-w_0005_S1086_E1759_L320_T64_R720_B464,dpt,561,0.015749290585517883,0.00026116767548955977,0.00652105500921607
Oysv7K93B-w,Oysv7K93B-w_0005_S1086_E1759_L320_T64_R720_B464,artalk,562,0.0101969288662076,0.00017483564442954957,0.00515106413513422
Oysv7K93B-w,Oysv7K93B-w_0005_S1086_E1759_L320_T64_R720_B464,multitalk,561,0.01709926873445511,0.00026522105326876044,0.0070401388220489025
Oysv7K93B-w,Oysv7K93B-w_0005_S1086_E1759_L320_T64_R720_B464,codetalker,564,0.014011897146701813,0.00031290348852053285,0.004634202923625708
OzIUFdCRm4o,OzIUFdCRm4o_0000_S1264_E1534_L363_T20_R891_B548,dpt,281,0.012725675478577614,9.719568333821371e-05,0.006876659579575062
OzIUFdCRm4o,OzIUFdCRm4o_0000_S1264_E1534_L363_T20_R891_B548,artalk,281,0.013050011359155178,3.113240745733492e-05,0.0062004877254366875
OzIUFdCRm4o,OzIUFdCRm4o_0000_S1264_E1534_L363_T20_R891_B548,multitalk,281,0.013294700533151627,0.00010158337681787089,0.00782773643732071
OzIUFdCRm4o,OzIUFdCRm4o_0000_S1264_E1534_L363_T20_R891_B548,codetalker,281,0.014097587205469608,0.00010677918180590495,0.002920839237049222
P-9Z6WeojxU,P-9Z6WeojxU_0001_S720_E1425_L484_T44_R884_B444,dpt,588,0.0079942736774683,0.00028436590218916535,0.0033510071225464344
P-9Z6WeojxU,P-9Z6WeojxU_0001_S720_E1425_L484_T44_R884_B444,artalk,589,0.006256893742829561,0.00017236662097275257,0.0030804555863142014
P-9Z6WeojxU,P-9Z6WeojxU_0001_S720_E1425_L484_T44_R884_B444,multitalk,587,0.010552268475294113,0.00030472432263195515,0.003820637473836541
P-9Z6WeojxU,P-9Z6WeojxU_0001_S720_E1425_L484_T44_R884_B444,codetalker,589,0.009303253144025803,0.00030073520611040294,0.00643328670412302
P9M__yYbsZ4,P9M__yYbsZ4_0011_S313_E633_L212_T0_R772_B560,dpt,267,0.01114330068230629,0.0001829748653108254,0.004534636624157429
P9M__yYbsZ4,P9M__yYbsZ4_0011_S313_E633_L212_T0_R772_B560,artalk,268,0.009927617385983467,9.466062329011038e-05,0.003902337048202753
P9M__yYbsZ4,P9M__yYbsZ4_0011_S313_E633_L212_T0_R772_B560,multitalk,266,0.009529215283691883,0.00019231335318181664,0.005448420066386461
P9M__yYbsZ4,P9M__yYbsZ4_0011_S313_E633_L212_T0_R772_B560,codetalker,269,0.011302050203084946,0.0002528274490032345,0.004368732217699289
P9S15gsSywg,P9S15gsSywg_0000_S1136_E1391_L367_T0_R1199_B704,dpt,255,0.01430225558578968,0.00014750310219824314,0.005504924338310957
P9S15gsSywg,P9S15gsSywg_0000_S1136_E1391_L367_T0_R1199_B704,artalk,255,0.013780994340777397,6.32879527984187e-05,0.008387320674955845
P9S15gsSywg,P9S15gsSywg_0000_S1136_E1391_L367_T0_R1199_B704,multitalk,255,0.01218379195779562,0.00011944316065637395,0.004948734771460295
P9S15gsSywg,P9S15gsSywg_0000_S1136_E1391_L367_T0_R1199_B704,codetalker,255,0.019399594515562057,0.00018934988474939018,0.013763494789600372
PGQTyzsX7V8,PGQTyzsX7V8_0000_S1205_E1463_L337_T2_R769_B434,dpt,268,0.011989742517471313,0.00021518563153222203,0.0019335384713485837
PGQTyzsX7V8,PGQTyzsX7V8_0000_S1205_E1463_L337_T2_R769_B434,artalk,269,0.006433824077248573,8.533013897249475e-05,0.0022551019210368395
PGQTyzsX7V8,PGQTyzsX7V8_0000_S1205_E1463_L337_T2_R769_B434,multitalk,268,0.015324383974075317,0.00025267957244068384,0.0035300273448228836
PGQTyzsX7V8,PGQTyzsX7V8_0000_S1205_E1463_L337_T2_R769_B434,codetalker,269,0.012436089105904102,0.0002893384371418506,0.007502155378460884
PJXZQrwDPdQ,PJXZQrwDPdQ_0000_S407_E751_L329_T0_R937_B592,dpt,286,0.010692965239286423,0.00031760329147800803,0.004929438233375549
PJXZQrwDPdQ,PJXZQrwDPdQ_0000_S407_E751_L329_T0_R937_B592,artalk,287,0.009921524673700333,0.00020560811390168965,0.004965625703334808
PJXZQrwDPdQ,PJXZQrwDPdQ_0000_S407_E751_L329_T0_R937_B592,multitalk,286,0.008752347901463509,0.00033751383307389915,0.003985879477113485
PJXZQrwDPdQ,PJXZQrwDPdQ_0000_S407_E751_L329_T0_R937_B592,codetalker,288,0.014460871927440166,0.0003617040056269616,0.010174217633903027
PNJghHAUlLg,PNJghHAUlLg_0002_S1353_E1787_L444_T35_R892_B483,dpt,361,0.00866116676479578,8.309206168632954e-05,0.0032991894986480474
PNJghHAUlLg,PNJghHAUlLg_0002_S1353_E1787_L444_T35_R892_B483,artalk,362,0.0065298243425786495,-4.040088606416248e-05,0.0025260653346776962
PNJghHAUlLg,PNJghHAUlLg_0002_S1353_E1787_L444_T35_R892_B483,multitalk,361,0.012911038473248482,6.843684968771413e-05,0.002702071564272046
PNJghHAUlLg,PNJghHAUlLg_0002_S1353_E1787_L444_T35_R892_B483,codetalker,364,0.00901211891323328,0.00011038564116461203,0.004891560412943363
PRgoisHRmUE,PRgoisHRmUE_0004_S1070_E1512_L570_T44_R1082_B556,dpt,369,0.010768653824925423,4.41876363765914e-05,0.006331305950880051
PRgoisHRmUE,PRgoisHRmUE_0004_S1070_E1512_L570_T44_R1082_B556,artalk,370,0.009435165673494339,-8.96667770575732e-05,0.005157335661351681
PRgoisHRmUE,PRgoisHRmUE_0004_S1070_E1512_L570_T44_R1082_B556,multitalk,369,0.009427347220480442,5.6594275520183146e-05,0.0025459087919443846
PRgoisHRmUE,PRgoisHRmUE_0004_S1070_E1512_L570_T44_R1082_B556,codetalker,371,0.0076176561415195465,4.298856219975278e-05,0.003920660354197025
PT0KwTjsMUo,PT0KwTjsMUo_0000_S1175_E1410_L251_T0_R715_B464,dpt,235,0.007489382289350033,0.00028294743970036507,0.002577487612143159
PT0KwTjsMUo,PT0KwTjsMUo_0000_S1175_E1410_L251_T0_R715_B464,artalk,235,0.007054969202727079,0.00018710193398874253,0.0032178403344005346
PT0KwTjsMUo,PT0KwTjsMUo_0000_S1175_E1410_L251_T0_R715_B464,multitalk,234,0.009466811083257198,0.00026832547155208886,0.00445513753220439
PT0KwTjsMUo,PT0KwTjsMUo_0000_S1175_E1410_L251_T0_R715_B464,codetalker,235,0.01004498079419136,0.00032696500420570374,0.00619834940880537
PTOZrIogdhs,PTOZrIogdhs_0003_S1660_E1905_L433_T33_R801_B401,dpt,204,0.01189171802252531,0.00016520977078471333,0.002477233065292239
PTOZrIogdhs,PTOZrIogdhs_0003_S1660_E1905_L433_T33_R801_B401,artalk,205,0.008483994752168655,6.130399560788646e-05,0.0022177635692059994
PTOZrIogdhs,PTOZrIogdhs_0003_S1660_E1905_L433_T33_R801_B401,multitalk,204,0.01481366902589798,0.00019010266987606883,0.003269552020356059
PTOZrIogdhs,PTOZrIogdhs_0003_S1660_E1905_L433_T33_R801_B401,codetalker,206,0.013439035043120384,0.00018272540182806551,0.00571483327075839
PTaeZggiMrM,PTaeZggiMrM_0000_S1086_E1535_L400_T0_R976_B560,dpt,449,0.009261874482035637,0.00011287997040199116,0.0034215713385492563
PTaeZggiMrM,PTaeZggiMrM_0000_S1086_E1535_L400_T0_R976_B560,artalk,449,0.009969618171453476,-2.3809758204151876e-05,0.0032484312541782856
PTaeZggiMrM,PTaeZggiMrM_0000_S1086_E1535_L400_T0_R976_B560,multitalk,449,0.009432265534996986,0.00010244161239825189,0.0031105317175388336
PTaeZggiMrM,PTaeZggiMrM_0000_S1086_E1535_L400_T0_R976_B560,codetalker,449,0.011816700920462608,0.00016748397320043296,0.005966982804238796
PUYoRT2EA5Q,PUYoRT2EA5Q_0000_S1601_E1919_L348_T0_R1276_B672,dpt,261,0.013334613293409348,0.00011117479880340397,0.0035350716207176447
PUYoRT2EA5Q,PUYoRT2EA5Q_0000_S1601_E1919_L348_T0_R1276_B672,artalk,262,0.011945356614887714,-1.649279693083372e-05,0.0023967635352164507
PUYoRT2EA5Q,PUYoRT2EA5Q_0000_S1601_E1919_L348_T0_R1276_B672,multitalk,261,0.015015733428299427,0.00013242389832157642,0.0028115008026361465
PUYoRT2EA5Q,PUYoRT2EA5Q_0000_S1601_E1919_L348_T0_R1276_B672,codetalker,263,0.015796229243278503,9.6576135547366e-05,0.006196651142090559
PXNdbOr8f9s,PXNdbOr8f9s_0000_S49_E265_L180_T48_R564_B432,dpt,216,0.010178188793361187,0.00020990690973121673,0.004896927624940872
PXNdbOr8f9s,PXNdbOr8f9s_0000_S49_E265_L180_T48_R564_B432,artalk,216,0.006643587723374367,3.959926470997743e-05,0.004733616020530462
PXNdbOr8f9s,PXNdbOr8f9s_0000_S49_E265_L180_T48_R564_B432,multitalk,216,0.011866571381688118,0.00021438520343508571,0.007203714922070503
PXNdbOr8f9s,PXNdbOr8f9s_0000_S49_E265_L180_T48_R564_B432,codetalker,216,0.009056136012077332,0.00024346447025891393,0.00335816596634686
Pa-5lbobZpk,Pa-5lbobZpk_0003_S0_E580_L495_T55_R767_B327,dpt,484,0.010988282039761543,0.00016041685012169182,0.0031332108192145824
Pa-5lbobZpk,Pa-5lbobZpk_0003_S0_E580_L495_T55_R767_B327,artalk,485,0.006560829933732748,7.495687896152958e-05,0.0033191354013979435
Pa-5lbobZpk,Pa-5lbobZpk_0003_S0_E580_L495_T55_R767_B327,multitalk,484,0.014329320751130581,0.0001769400405464694,0.003737254999577999
Pa-5lbobZpk,Pa-5lbobZpk_0003_S0_E580_L495_T55_R767_B327,codetalker,486,0.010529223829507828,0.00021081339218653738,0.004502751398831606
PjlEL4poXaU,PjlEL4poXaU_0000_S1515_E1781_L297_T13_R681_B397,dpt,221,0.01050635613501072,0.0001544086408102885,0.0039143553003668785
PjlEL4poXaU,PjlEL4poXaU_0000_S1515_E1781_L297_T13_R681_B397,artalk,222,0.007233752403408289,7.57219095248729e-05,0.0032692616805434227
PjlEL4poXaU,PjlEL4poXaU_0000_S1515_E1781_L297_T13_R681_B397,multitalk,221,0.013129429891705513,0.0001128316653193906,0.0052998606115579605
PjlEL4poXaU,PjlEL4poXaU_0000_S1515_E1781_L297_T13_R681_B397,codetalker,223,0.010721247643232346,0.00018193422874901444,0.003641027957201004
PnxpH92CJOU,PnxpH92CJOU_0008_S1354_E1649_L3_T456_R259_B712,dpt,246,0.016508733853697777,0.0001914742315420881,0.007837546989321709
PnxpH92CJOU,PnxpH92CJOU_0008_S1354_E1649_L3_T456_R259_B712,artalk,247,0.0191374309360981,0.00018264242680743337,0.0072069610469043255
PnxpH92CJOU,PnxpH92CJOU_0008_S1354_E1649_L3_T456_R259_B712,multitalk,246,0.019119299948215485,0.000154473542352207,0.006467465776950121
PnxpH92CJOU,PnxpH92CJOU_0008_S1354_E1649_L3_T456_R259_B712,codetalker,248,0.018048664554953575,0.0001956963969860226,0.009077081456780434
Puu_PXPw_H0,Puu_PXPw_H0_0001_S1268_E1476_L239_T132_R511_B404,dpt,208,0.012038741260766983,0.00013904528168495744,0.002627748064696789
Puu_PXPw_H0,Puu_PXPw_H0_0001_S1268_E1476_L239_T132_R511_B404,artalk,208,0.0071230558678507805,3.0046358006075025e-05,0.001968340715393424
Puu_PXPw_H0,Puu_PXPw_H0_0001_S1268_E1476_L239_T132_R511_B404,multitalk,208,0.012079712003469467,0.00010552549065323547,0.002570080105215311
Puu_PXPw_H0,Puu_PXPw_H0_0001_S1268_E1476_L239_T132_R511_B404,codetalker,208,0.012083429843187332,0.00016513212176505476,0.0048809172585606575
Pw_JdBkki_I,Pw_JdBkki_I_0010_S1233_E1591_L216_T0_R824_B480,dpt,298,0.016514237970113754,0.00018277618801221251,0.0067291660234332085
Pw_JdBkki_I,Pw_JdBkki_I_0010_S1233_E1591_L216_T0_R824_B480,artalk,299,0.013065308332443237,8.369219722226262e-05,0.006904477719217539
Pw_JdBkki_I,Pw_JdBkki_I_0010_S1233_E1591_L216_T0_R824_B480,multitalk,298,0.01207711361348629,0.0001735475962050259,0.0045077987015247345
Pw_JdBkki_I,Pw_JdBkki_I_0010_S1233_E1591_L216_T0_R824_B480,codetalker,301,0.017710424959659576,0.00019330406212247908,0.010670749470591545
PxVZGdKMmvc,PxVZGdKMmvc_0000_S793_E1358_L440_T25_R840_B425,dpt,565,0.012854103930294514,0.00018396989617031068,0.0034071304835379124
PxVZGdKMmvc,PxVZGdKMmvc_0000_S793_E1358_L440_T25_R840_B425,artalk,565,0.010490553453564644,3.146321978420019e-05,0.004086326342076063
PxVZGdKMmvc,PxVZGdKMmvc_0000_S793_E1358_L440_T25_R840_B425,multitalk,565,0.009825157932937145,0.00021827727323397994,0.003914068453013897
PxVZGdKMmvc,PxVZGdKMmvc_0000_S793_E1358_L440_T25_R840_B425,codetalker,565,0.010774967260658741,0.00015727542631793767,0.002432173816487193
PyNVMlDyNtg,PyNVMlDyNtg_0001_S1001_E1204_L0_T0_R512_B576,dpt,203,0.010128411464393139,6.854088132968172e-05,0.0026900742668658495
PyNVMlDyNtg,PyNVMlDyNtg_0001_S1001_E1204_L0_T0_R512_B576,artalk,203,0.008633018471300602,6.499017035821453e-05,0.003032197244465351
PyNVMlDyNtg,PyNVMlDyNtg_0001_S1001_E1204_L0_T0_R512_B576,multitalk,203,0.008585390634834766,3.611718420870602e-05,0.0031339640263468027
PyNVMlDyNtg,PyNVMlDyNtg_0001_S1001_E1204_L0_T0_R512_B576,codetalker,203,0.008120833896100521,5.691935439244844e-05,0.005135500803589821
PzzNuCk-e0Y,PzzNuCk-e0Y_0000_S777_E1026_L269_T33_R605_B369,dpt,207,0.008929025381803513,4.683761653723195e-05,0.0028536925092339516
PzzNuCk-e0Y,PzzNuCk-e0Y_0000_S777_E1026_L269_T33_R605_B369,artalk,208,0.006968982983380556,2.1802986793773016e-06,0.002774369204416871
PzzNuCk-e0Y,PzzNuCk-e0Y_0000_S777_E1026_L269_T33_R605_B369,multitalk,207,0.01023694034665823,3.0625586077803746e-05,0.004259564448148012
PzzNuCk-e0Y,PzzNuCk-e0Y_0000_S777_E1026_L269_T33_R605_B369,codetalker,209,0.009620673023164272,4.6460227167699486e-05,0.0069619412533938885
Q1MYDq7GgBc,Q1MYDq7GgBc_0008_S1305_E1569_L296_T68_R712_B484,dpt,220,0.013573224656283855,0.00014260208990890533,0.0045668683014810085
Q1MYDq7GgBc,Q1MYDq7GgBc_0008_S1305_E1569_L296_T68_R712_B484,artalk,221,0.015729766339063644,-0.00011812941374955699,0.0040869987569749355
Q1MYDq7GgBc,Q1MYDq7GgBc_0008_S1305_E1569_L296_T68_R712_B484,multitalk,219,0.011046121828258038,0.00014453082985710353,0.00617412431165576
Q1MYDq7GgBc,Q1MYDq7GgBc_0008_S1305_E1569_L296_T68_R712_B484,codetalker,222,0.019433535635471344,0.00018940292648039758,0.008999118581414223
Q71FNI--3vk,Q71FNI--3vk_0000_S242_E571_L318_T8_R638_B328,dpt,343,0.012358657084405422,0.0002520509297028184,0.003067249897867441
Q71FNI--3vk,Q71FNI--3vk_0000_S242_E571_L318_T8_R638_B328,artalk,343,0.01228051446378231,0.0001429804542567581,0.004866488743573427
Q71FNI--3vk,Q71FNI--3vk_0000_S242_E571_L318_T8_R638_B328,multitalk,342,0.011372216045856476,0.00022208305017556995,0.003529616165906191
Q71FNI--3vk,Q71FNI--3vk_0000_S242_E571_L318_T8_R638_B328,codetalker,343,0.013732722029089928,0.000295469508273527,0.01006258837878704
QEKRkIbCZEg,QEKRkIbCZEg_0002_S1422_E1759_L437_T23_R837_B423,dpt,281,0.012740849517285824,0.00021178742463234812,0.0061198994517326355
QEKRkIbCZEg,QEKRkIbCZEg_0002_S1422_E1759_L437_T23_R837_B423,artalk,282,0.011809061281383038,8.402844105148688e-05,0.006022472400218248
QEKRkIbCZEg,QEKRkIbCZEg_0002_S1422_E1759_L437_T23_R837_B423,multitalk,281,0.012686340138316154,0.00021930561342742294,0.006175558548420668
QEKRkIbCZEg,QEKRkIbCZEg_0002_S1422_E1759_L437_T23_R837_B423,codetalker,284,0.015737947076559067,0.00026075378991663456,0.011717270128428936
QEz1caz0loM,QEz1caz0loM_0000_S0_E289_L498_T10_R834_B346,dpt,301,0.00705088023096323,3.018876668647863e-05,0.00412254873663187
QEz1caz0loM,QEz1caz0loM_0000_S0_E289_L498_T10_R834_B346,artalk,301,0.00614185119047761,-6.068575385143049e-05,0.0037637371569871902
QEz1caz0loM,QEz1caz0loM_0000_S0_E289_L498_T10_R834_B346,multitalk,301,0.00905490294098854,6.041499727871269e-05,0.0031000145245343447
QEz1caz0loM,QEz1caz0loM_0000_S0_E289_L498_T10_R834_B346,codetalker,301,0.006420884747058153,3.5840705095324665e-05,0.003799229860305786
QFbp5scBzys,QFbp5scBzys_0006_S1205_E1434_L819_T30_R1235_B446,dpt,229,0.006638836115598679,8.932349010137841e-05,0.004958387929946184
QFbp5scBzys,QFbp5scBzys_0006_S1205_E1434_L819_T30_R1235_B446,artalk,229,0.0067367213778197765,-5.066512676421553e-05,0.004354934208095074
QFbp5scBzys,QFbp5scBzys_0006_S1205_E1434_L819_T30_R1235_B446,multitalk,229,0.007538056466728449,6.567101809196174e-05,0.005313454195857048
QFbp5scBzys,QFbp5scBzys_0006_S1205_E1434_L819_T30_R1235_B446,codetalker,229,0.009148507378995419,7.833373820176348e-05,0.002599800005555153
QIz-y9-jywM,QIz-y9-jywM_0000_S1024_E1599_L504_T18_R776_B290,dpt,575,0.011059579439461231,0.000164417753694579,0.003669340629130602
QIz-y9-jywM,QIz-y9-jywM_0000_S1024_E1599_L504_T18_R776_B290,artalk,575,0.00921678077429533,8.07834803708829e-05,0.004077028948813677
QIz-y9-jywM,QIz-y9-jywM_0000_S1024_E1599_L504_T18_R776_B290,multitalk,575,0.0109625905752182,0.00018521840684115887,0.004383923020213842
QIz-y9-jywM,QIz-y9-jywM_0000_S1024_E1599_L504_T18_R776_B290,codetalker,575,0.011806068010628223,0.0001981728128157556,0.008319434709846973
QJj7WiwcadU,QJj7WiwcadU_0012_S0_E380_L396_T90_R796_B490,dpt,316,0.006394808646291494,0.00011329467815812677,0.002087022177875042
QJj7WiwcadU,QJj7WiwcadU_0012_S0_E380_L396_T90_R796_B490,artalk,317,0.005059137940406799,5.4637781431665644e-05,0.0013753015082329512
QJj7WiwcadU,QJj7WiwcadU_0012_S0_E380_L396_T90_R796_B490,multitalk,316,0.007221877574920654,8.551007340429351e-05,0.0031198428478091955
QJj7WiwcadU,QJj7WiwcadU_0012_S0_E380_L396_T90_R796_B490,codetalker,319,0.006888699717819691,9.502964530838653e-05,0.003362559247761965
QO7Jhl-r-BY,QO7Jhl-r-BY_0001_S720_E1078_L307_T98_R771_B562,dpt,373,0.021415941417217255,0.00016547564882785082,0.012364237569272518
QO7Jhl-r-BY,QO7Jhl-r-BY_0001_S720_E1078_L307_T98_R771_B562,artalk,374,0.02006576396524906,0.00014618155546486378,0.012145968154072762
QO7Jhl-r-BY,QO7Jhl-r-BY_0001_S720_E1078_L307_T98_R771_B562,multitalk,373,0.018186073750257492,0.0002110771310981363,0.010409467853605747
QO7Jhl-r-BY,QO7Jhl-r-BY_0001_S720_E1078_L307_T98_R771_B562,codetalker,374,0.022548282518982887,0.00020819834026042372,0.01612568087875843
QWgbM9DoA7A,QWgbM9DoA7A_0000_S1324_E1565_L588_T73_R1020_B489,dpt,200,0.009515275247395039,0.00010633425699779764,0.0030696457251906395
QWgbM9DoA7A,QWgbM9DoA7A_0000_S1324_E1565_L588_T73_R1020_B489,artalk,201,0.0071613541804254055,3.722511246451177e-05,0.0029634020756930113
QWgbM9DoA7A,QWgbM9DoA7A_0000_S1324_E1565_L588_T73_R1020_B489,multitalk,200,0.015119433403015137,9.69386674114503e-05,0.003910748288035393
QWgbM9DoA7A,QWgbM9DoA7A_0000_S1324_E1565_L588_T73_R1020_B489,codetalker,203,0.012420546263456345,0.00013578712241724133,0.007301303092390299
QZhzZtExnfc,QZhzZtExnfc_0000_S408_E645_L436_T0_R788_B352,dpt,247,0.010760264471173286,9.706478886073455e-05,0.003796312492340803
QZhzZtExnfc,QZhzZtExnfc_0000_S408_E645_L436_T0_R788_B352,artalk,247,0.011416224762797356,2.404102087893989e-05,0.006766710430383682
QZhzZtExnfc,QZhzZtExnfc_0000_S408_E645_L436_T0_R788_B352,multitalk,247,0.008479133248329163,0.00013827985094394535,0.0032942795660346746
QZhzZtExnfc,QZhzZtExnfc_0000_S408_E645_L436_T0_R788_B352,codetalker,247,0.014450442045927048,0.0001777073775883764,0.01214943453669548
QaqyAdedM0Q,QaqyAdedM0Q_0001_S1271_E1521_L504_T43_R840_B379,dpt,208,0.011007899418473244,0.00024128302175085992,0.008236000314354897
QaqyAdedM0Q,QaqyAdedM0Q_0001_S1271_E1521_L504_T43_R840_B379,artalk,209,0.014322723262012005,0.0001546634448459372,0.008686453104019165
QaqyAdedM0Q,QaqyAdedM0Q_0001_S1271_E1521_L504_T43_R840_B379,multitalk,208,0.008979183621704578,0.0002577832492534071,0.007948662154376507
QaqyAdedM0Q,QaqyAdedM0Q_0001_S1271_E1521_L504_T43_R840_B379,codetalker,210,0.00930705200880766,0.0002542429429013282,0.003667824435979128
Qd3DEZud65I,Qd3DEZud65I_0000_S87_E346_L68_T0_R756_B608,dpt,215,0.009444711729884148,0.00015360518591478467,0.004082316532731056
Qd3DEZud65I,Qd3DEZud65I_0000_S87_E346_L68_T0_R756_B608,artalk,216,0.011495701037347317,0.00016911780403461307,0.005257084500044584
Qd3DEZud65I,Qd3DEZud65I_0000_S87_E346_L68_T0_R756_B608,multitalk,215,0.010174790397286415,0.00011463675036793575,0.0046415249817073345
Qd3DEZud65I,Qd3DEZud65I_0000_S87_E346_L68_T0_R756_B608,codetalker,218,0.008571757934987545,0.00016213937487918884,0.002913817297667265
QgscBSUsuNU,QgscBSUsuNU_0008_S1126_E1343_L453_T0_R821_B368,dpt,217,0.008269055746495724,0.0002992706431541592,0.004405760206282139
QgscBSUsuNU,QgscBSUsuNU_0008_S1126_E1343_L453_T0_R821_B368,artalk,217,0.008334328420460224,0.00019708165200427175,0.0031334375962615013
QgscBSUsuNU,QgscBSUsuNU_0008_S1126_E1343_L453_T0_R821_B368,multitalk,216,0.011855926364660263,0.00032149688922800124,0.0025138407945632935
QgscBSUsuNU,QgscBSUsuNU_0008_S1126_E1343_L453_T0_R821_B368,codetalker,217,0.009958358481526375,0.00031768562621437013,0.004869828931987286
Qh7rX2S4lFs,Qh7rX2S4lFs_0000_S125_E381_L482_T11_R914_B443,dpt,256,0.008986439555883408,4.5890432375017554e-05,0.0026951651088893414
Qh7rX2S4lFs,Qh7rX2S4lFs_0000_S125_E381_L482_T11_R914_B443,artalk,256,0.009708990342915058,-1.2308719306020066e-05,0.004368751775473356
Qh7rX2S4lFs,Qh7rX2S4lFs_0000_S125_E381_L482_T11_R914_B443,multitalk,255,0.009939674288034439,3.529113746481016e-05,0.004571445286273956
Qh7rX2S4lFs,Qh7rX2S4lFs_0000_S125_E381_L482_T11_R914_B443,codetalker,256,0.011409731581807137,8.942765271058306e-05,0.008190520107746124
QkmGfY9iY9Y,QkmGfY9iY9Y_0000_S1401_E1919_L448_T0_R880_B416,dpt,390,0.009821652434766293,6.112879054853693e-05,0.0040932693518698215
QkmGfY9iY9Y,QkmGfY9iY9Y_0000_S1401_E1919_L448_T0_R880_B416,artalk,391,0.00928266067057848,-6.224751996342093e-05,0.0028365524485707283
QkmGfY9iY9Y,QkmGfY9iY9Y_0000_S1401_E1919_L448_T0_R880_B416,multitalk,389,0.010337883606553078,7.989942969288677e-05,0.004649849142879248
QkmGfY9iY9Y,QkmGfY9iY9Y_0000_S1401_E1919_L448_T0_R880_B416,codetalker,392,0.011813608929514885,0.00011637824354693294,0.003960046451538801
Qlzca3efn6E,Qlzca3efn6E_0031_S712_E908_L520_T28_R840_B348,dpt,204,0.012041189707815647,2.09768331842497e-05,0.002469124738126993
Qlzca3efn6E,Qlzca3efn6E_0031_S712_E908_L520_T28_R840_B348,artalk,205,0.00912608951330185,-6.968338129809126e-05,0.004200115334242582
Qlzca3efn6E,Qlzca3efn6E_0031_S712_E908_L520_T28_R840_B348,multitalk,204,0.011631868779659271,2.227862751169596e-05,0.0038900135550647974
Qlzca3efn6E,Qlzca3efn6E_0031_S712_E908_L520_T28_R840_B348,codetalker,205,0.012051213532686234,7.951022416818887e-05,0.007407401222735643
QpXUjqjewGU,QpXUjqjewGU_0002_S1230_E1725_L465_T13_R1073_B621,dpt,413,0.010809172876179218,0.0001980838569579646,0.004064201842993498
QpXUjqjewGU,QpXUjqjewGU_0002_S1230_E1725_L465_T13_R1073_B621,artalk,414,0.006971602328121662,8.11697609606199e-05,0.0030817112419754267
QpXUjqjewGU,QpXUjqjewGU_0002_S1230_E1725_L465_T13_R1073_B621,multitalk,413,0.009792346507310867,0.00019820757734123617,0.003525535576045513
QpXUjqjewGU,QpXUjqjewGU_0002_S1230_E1725_L465_T13_R1073_B621,codetalker,415,0.011964556761085987,0.00017645748448558152,0.005574923940002918
QspDZ-DYs0Y,QspDZ-DYs0Y_0000_S1064_E1537_L528_T8_R880_B360,dpt,394,0.010279825888574123,0.0002468992315698415,0.004229843616485596
QspDZ-DYs0Y,QspDZ-DYs0Y_0000_S1064_E1537_L528_T8_R880_B360,artalk,395,0.0072499956004321575,9.598198084859177e-05,0.0026760841719806194
QspDZ-DYs0Y,QspDZ-DYs0Y_0000_S1064_E1537_L528_T8_R880_B360,multitalk,394,0.013773012906312943,0.00021336920326575637,0.003977363929152489
QspDZ-DYs0Y,QspDZ-DYs0Y_0000_S1064_E1537_L528_T8_R880_B360,codetalker,396,0.010459751822054386,0.0002703375939745456,0.006421386729925871
R0XyMhCdSkY,R0XyMhCdSkY_0000_S1186_E1643_L135_T0_R631_B464,dpt,381,0.009251630865037441,0.00013618837692774832,0.003732194658368826
R0XyMhCdSkY,R0XyMhCdSkY_0000_S1186_E1643_L135_T0_R631_B464,artalk,382,0.010347931645810604,2.352581941522658e-05,0.0035540203098207712
R0XyMhCdSkY,R0XyMhCdSkY_0000_S1186_E1643_L135_T0_R631_B464,multitalk,381,0.0084753492847085,0.00013542671513278037,0.005354848690330982
R0XyMhCdSkY,R0XyMhCdSkY_0000_S1186_E1643_L135_T0_R631_B464,codetalker,383,0.010404244065284729,0.00015835587691981345,0.005130544770509005
R3QabWdSsxY,R3QabWdSsxY_0001_S253_E708_L374_T0_R854_B480,dpt,379,0.0075240060687065125,0.00020402581139933318,0.003438143525272608
R3QabWdSsxY,R3QabWdSsxY_0001_S253_E708_L374_T0_R854_B480,artalk,380,0.006326442584395409,9.604202205082402e-05,0.003618786111474037
R3QabWdSsxY,R3QabWdSsxY_0001_S253_E708_L374_T0_R854_B480,multitalk,379,0.011305038817226887,0.00016157339268829674,0.00611239206045866
R3QabWdSsxY,R3QabWdSsxY_0001_S253_E708_L374_T0_R854_B480,codetalker,381,0.00706914346665144,0.00020203262101858854,0.0041629658080637455
R5XePwAO4m0,R5XePwAO4m0_0013_S1493_E1759_L454_T32_R758_B336,dpt,221,0.008127077482640743,6.398303958121687e-05,0.002858890686184168
R5XePwAO4m0,R5XePwAO4m0_0013_S1493_E1759_L454_T32_R758_B336,artalk,222,0.0071219708770513535,3.028799483217881e-06,0.0026933099143207073
R5XePwAO4m0,R5XePwAO4m0_0013_S1493_E1759_L454_T32_R758_B336,multitalk,221,0.0080641470849514,7.893546717241406e-05,0.0035546370781958103
R5XePwAO4m0,R5XePwAO4m0_0013_S1493_E1759_L454_T32_R758_B336,codetalker,223,0.0069252303801476955,0.00012582296039909124,0.004876256454735994
R9P4_3GEjS8,R9P4_3GEjS8_0007_S878_E1103_L452_T26_R740_B314,dpt,225,0.006756616290658712,6.108427623985335e-05,0.00396345229819417
R9P4_3GEjS8,R9P4_3GEjS8_0007_S878_E1103_L452_T26_R740_B314,artalk,225,0.005951615981757641,-3.1561248761136085e-05,0.0034879602026194334
R9P4_3GEjS8,R9P4_3GEjS8_0007_S878_E1103_L452_T26_R740_B314,multitalk,225,0.01262421254068613,4.3678752263076603e-05,0.004767741076648235
R9P4_3GEjS8,R9P4_3GEjS8_0007_S878_E1103_L452_T26_R740_B314,codetalker,225,0.008660297840833664,5.597607741947286e-05,0.004043645691126585
RCrTM0fHg-o,RCrTM0fHg-o_0002_S660_E1211_L291_T1_R691_B401,dpt,551,0.009011650457978249,0.0003278702206443995,0.0025517563335597515
RCrTM0fHg-o,RCrTM0fHg-o_0002_S660_E1211_L291_T1_R691_B401,artalk,551,0.005821372382342815,0.00012350970064289868,0.0016620532842352986
RCrTM0fHg-o,RCrTM0fHg-o_0002_S660_E1211_L291_T1_R691_B401,multitalk,551,0.012263893149793148,0.0002892381453420967,0.003083550138399005
RCrTM0fHg-o,RCrTM0fHg-o_0002_S660_E1211_L291_T1_R691_B401,codetalker,551,0.010059320367872715,0.00033815682400017977,0.005501698702573776
RDeLBp_-3sM,RDeLBp_-3sM_0000_S306_E604_L431_T12_R815_B380,dpt,249,0.00911216251552105,0.0003471202217042446,0.0037704629357904196
RDeLBp_-3sM,RDeLBp_-3sM_0000_S306_E604_L431_T12_R815_B380,artalk,250,0.00883395504206419,0.0002606886555440724,0.0037909129168838263
RDeLBp_-3sM,RDeLBp_-3sM_0000_S306_E604_L431_T12_R815_B380,multitalk,248,0.008512129075825214,0.0003805941669270396,0.00423001404851675
RDeLBp_-3sM,RDeLBp_-3sM_0000_S306_E604_L431_T12_R815_B380,codetalker,250,0.011826492846012115,0.00041334665729664266,0.009592229500412941
RDkMkH4drhc,RDkMkH4drhc_0000_S339_E772_L362_T6_R746_B390,dpt,433,0.012851133942604065,0.0001392586127622053,0.006225160323083401
RDkMkH4drhc,RDkMkH4drhc_0000_S339_E772_L362_T6_R746_B390,artalk,433,0.013967793434858322,9.59935350692831e-05,0.006574623752385378
RDkMkH4drhc,RDkMkH4drhc_0000_S339_E772_L362_T6_R746_B390,multitalk,432,0.01564505696296692,0.0001087584241759032,0.008535862900316715
RDkMkH4drhc,RDkMkH4drhc_0000_S339_E772_L362_T6_R746_B390,codetalker,433,0.010292266495525837,0.00016731780488044024,0.004009590949863195
REUvXBK7ypQ,REUvXBK7ypQ_0003_S0_E413_L638_T103_R1070_B535,dpt,344,0.012360780499875546,0.0002042520063696429,0.004789223428815603
REUvXBK7ypQ,REUvXBK7ypQ_0003_S0_E413_L638_T103_R1070_B535,artalk,345,0.008203805424273014,0.00014127991744317114,0.005976317450404167
REUvXBK7ypQ,REUvXBK7ypQ_0003_S0_E413_L638_T103_R1070_B535,multitalk,344,0.014719687402248383,0.00020746712107211351,0.0033619410824030638
REUvXBK7ypQ,REUvXBK7ypQ_0003_S0_E413_L638_T103_R1070_B535,codetalker,346,0.014723675325512886,0.0002652776020113379,0.011754853650927544
RQXCRoVV9Hc,RQXCRoVV9Hc_0000_S857_E1150_L461_T0_R829_B336,dpt,244,0.01167184766381979,0.00016649410827085376,0.007377517409622669
RQXCRoVV9Hc,RQXCRoVV9Hc_0000_S857_E1150_L461_T0_R829_B336,artalk,245,0.008551021106541157,0.00011444772826507688,0.005714767146855593
RQXCRoVV9Hc,RQXCRoVV9Hc_0000_S857_E1150_L461_T0_R829_B336,multitalk,244,0.009791169315576553,0.0002079338300973177,0.005346585996448994
RQXCRoVV9Hc,RQXCRoVV9Hc_0000_S857_E1150_L461_T0_R829_B336,codetalker,246,0.014113140292465687,0.00022787043417338282,0.012199071235954762
RSJQ7iFntRA,RSJQ7iFntRA_0046_S104_E608_L735_T120_R991_B376,dpt,420,0.009284745901823044,0.0001439396000932902,0.0066763730719685555
RSJQ7iFntRA,RSJQ7iFntRA_0046_S104_E608_L735_T120_R991_B376,artalk,421,0.007613824214786291,4.356403951533139e-05,0.006639847531914711
RSJQ7iFntRA,RSJQ7iFntRA_0046_S104_E608_L735_T120_R991_B376,multitalk,420,0.012710151262581348,0.00013973137538414448,0.008313441649079323
RSJQ7iFntRA,RSJQ7iFntRA_0046_S104_E608_L735_T120_R991_B376,codetalker,422,0.009657303802669048,0.0001488797424826771,0.004918716382235289
RVQcpNgh6sI,RVQcpNgh6sI_0003_S0_E263_L501_T61_R853_B413,dpt,219,0.011530564166605473,0.00026798047474585474,0.0055172499269247055
RVQcpNgh6sI,RVQcpNgh6sI_0003_S0_E263_L501_T61_R853_B413,artalk,220,0.007996686734259129,0.00013569525617640465,0.0037073439452797174
RVQcpNgh6sI,RVQcpNgh6sI_0003_S0_E263_L501_T61_R853_B413,multitalk,219,0.017597878351807594,0.00025946670211851597,0.0026890377048403025
RVQcpNgh6sI,RVQcpNgh6sI_0003_S0_E263_L501_T61_R853_B413,codetalker,221,0.013269118033349514,0.000244695256697014,0.010361571796238422
RWoOC8KvHEA,RWoOC8KvHEA_0001_S1105_E1406_L124_T0_R1004_B704,dpt,251,0.011608218774199486,0.00032855579047463834,0.004440662916749716
RWoOC8KvHEA,RWoOC8KvHEA_0001_S1105_E1406_L124_T0_R1004_B704,artalk,252,0.009463658556342125,0.00020797322213184088,0.002984992228448391
RWoOC8KvHEA,RWoOC8KvHEA_0001_S1105_E1406_L124_T0_R1004_B704,multitalk,251,0.015213767066597939,0.000295796780847013,0.006189046427607536
RWoOC8KvHEA,RWoOC8KvHEA_0001_S1105_E1406_L124_T0_R1004_B704,codetalker,253,0.012563764117658138,0.000337642733938992,0.00432311138138175
RXEUWvpmJaI,RXEUWvpmJaI_0000_S1165_E1903_L161_T0_R1009_B656,dpt,615,0.008439297787845135,0.00014257614384405315,0.0032234727405011654
RXEUWvpmJaI,RXEUWvpmJaI_0000_S1165_E1903_L161_T0_R1009_B656,artalk,616,0.005679636728018522,-5.674807653122116e-06,0.0035688660573214293
RXEUWvpmJaI,RXEUWvpmJaI_0000_S1165_E1903_L161_T0_R1009_B656,multitalk,615,0.01006726361811161,0.0001533136673970148,0.005667184945195913
RXEUWvpmJaI,RXEUWvpmJaI_0000_S1165_E1903_L161_T0_R1009_B656,codetalker,617,0.00811690092086792,0.00017738062888383865,0.004123148508369923
Raiw3nozIoc,Raiw3nozIoc_0001_S471_E723_L171_T0_R795_B576,dpt,210,0.01099465787410736,4.4233511289348826e-05,0.007343841250985861
Raiw3nozIoc,Raiw3nozIoc_0001_S471_E723_L171_T0_R795_B576,artalk,211,0.00838449876755476,-0.00010880465561058372,0.004289552103728056
Raiw3nozIoc,Raiw3nozIoc_0001_S471_E723_L171_T0_R795_B576,multitalk,210,0.011330782435834408,6.136554293334484e-05,0.006294227670878172
Raiw3nozIoc,Raiw3nozIoc_0001_S471_E723_L171_T0_R795_B576,codetalker,212,0.009407536126673222,6.527085497509688e-05,0.006116991396993399
RdGOK7ZAHMc,RdGOK7ZAHMc_0002_S1401_E1737_L140_T192_R412_B464,dpt,280,0.013044116087257862,0.00013177262735553086,0.003531371708959341
RdGOK7ZAHMc,RdGOK7ZAHMc_0002_S1401_E1737_L140_T192_R412_B464,artalk,281,0.010511004365980625,2.344574750168249e-05,0.0032073860056698322
RdGOK7ZAHMc,RdGOK7ZAHMc_0002_S1401_E1737_L140_T192_R412_B464,multitalk,280,0.0169443991035223,8.035702194320038e-05,0.003678360255435109
RdGOK7ZAHMc,RdGOK7ZAHMc_0002_S1401_E1737_L140_T192_R412_B464,codetalker,282,0.01459307037293911,0.00017456240311730653,0.006841599475592375
Rdi5ExhmqHM,Rdi5ExhmqHM_0000_S103_E343_L275_T0_R1091_B704,dpt,200,0.010664736852049828,0.00012100079038646072,0.0033743083477020264
Rdi5ExhmqHM,Rdi5ExhmqHM_0000_S103_E343_L275_T0_R1091_B704,artalk,201,0.009556444361805916,8.882895781425759e-05,0.003518229117617011
Rdi5ExhmqHM,Rdi5ExhmqHM_0000_S103_E343_L275_T0_R1091_B704,multitalk,200,0.016496656462550163,0.00012696944759227335,0.003399187233299017
Rdi5ExhmqHM,Rdi5ExhmqHM_0000_S103_E343_L275_T0_R1091_B704,codetalker,202,0.013837323524057865,0.00012390059418976307,0.007624333258718252
RdlMCh2idHI,RdlMCh2idHI_0041_S698_E1082_L843_T412_R1131_B700,dpt,400,0.016471998766064644,0.00023904569388832897,0.003588226158171892
RdlMCh2idHI,RdlMCh2idHI_0041_S698_E1082_L843_T412_R1131_B700,artalk,400,0.016815269365906715,0.0002550514764152467,0.005666685290634632
RdlMCh2idHI,RdlMCh2idHI_0041_S698_E1082_L843_T412_R1131_B700,multitalk,400,0.0170772485435009,-0.0005265431827865541,0.00534027349203825
RdlMCh2idHI,RdlMCh2idHI_0041_S698_E1082_L843_T412_R1131_B700,codetalker,400,0.016467584297060966,8.907510346034542e-05,0.003799266880378127
Rh5qNYU-_jI,Rh5qNYU-_jI_0000_S1076_E1372_L529_T135_R1137_B711,dpt,296,0.01105797290802002,0.00031261719414032996,0.0026517000515013933
Rh5qNYU-_jI,Rh5qNYU-_jI_0000_S1076_E1372_L529_T135_R1137_B711,artalk,296,0.009746268391609192,0.0001840484474087134,0.004173848312348127
Rh5qNYU-_jI,Rh5qNYU-_jI_0000_S1076_E1372_L529_T135_R1137_B711,multitalk,295,0.01551046222448349,0.0003179089690092951,0.003545914776623249
Rh5qNYU-_jI,Rh5qNYU-_jI_0000_S1076_E1372_L529_T135_R1137_B711,codetalker,296,0.012027948163449764,0.0003445748006924987,0.007340694777667522
RhcnVBgKxEg,RhcnVBgKxEg_0010_S1441_E1759_L147_T0_R1075_B640,dpt,239,0.01486296858638525,0.00028343076701276004,0.006401033606380224
RhcnVBgKxEg,RhcnVBgKxEg_0010_S1441_E1759_L147_T0_R1075_B640,artalk,240,0.011609374545514584,0.00020796633907593787,0.009036642499268055
RhcnVBgKxEg,RhcnVBgKxEg_0010_S1441_E1759_L147_T0_R1075_B640,multitalk,239,0.01644383929669857,0.0002666311338543892,0.0030792204197496176
RhcnVBgKxEg,RhcnVBgKxEg_0010_S1441_E1759_L147_T0_R1075_B640,codetalker,241,0.01686694659292698,0.0002894675126299262,0.0143284248188138
RjzuefWqVY8,RjzuefWqVY8_0000_S332_E573_L351_T9_R895_B553,dpt,241,0.008488434366881847,0.0003230266156606376,0.0029170967172831297
RjzuefWqVY8,RjzuefWqVY8_0000_S332_E573_L351_T9_R895_B553,artalk,241,0.00725130969658494,0.0002356331970077008,0.004232277162373066
RjzuefWqVY8,RjzuefWqVY8_0000_S332_E573_L351_T9_R895_B553,multitalk,241,0.012448844499886036,0.0002799142966978252,0.008480106480419636
RjzuefWqVY8,RjzuefWqVY8_0000_S332_E573_L351_T9_R895_B553,codetalker,241,0.009794805198907852,0.0003126857045572251,0.005165420472621918
RovZoquZGn4,RovZoquZGn4_0000_S747_E953_L362_T8_R906_B552,dpt,214,0.011311708018183708,9.24350752029568e-06,0.003822862636297941
RovZoquZGn4,RovZoquZGn4_0000_S747_E953_L362_T8_R906_B552,artalk,215,0.00718623585999012,-6.68840657453984e-05,0.0025634614285081625
RovZoquZGn4,RovZoquZGn4_0000_S747_E953_L362_T8_R906_B552,multitalk,214,0.01013051439076662,1.3847302398062311e-05,0.004139576107263565
RovZoquZGn4,RovZoquZGn4_0000_S747_E953_L362_T8_R906_B552,codetalker,215,0.011225487105548382,1.8337019355385564e-05,0.005830870009958744
RvjlBL4A_8U,RvjlBL4A_8U_0000_S0_E550_L225_T7_R705_B487,dpt,572,0.011700610630214214,0.00010761110752355307,0.005744227208197117
RvjlBL4A_8U,RvjlBL4A_8U_0000_S0_E550_L225_T7_R705_B487,artalk,573,0.012375571765005589,-7.611817636643536e-06,0.005159629043191671
RvjlBL4A_8U,RvjlBL4A_8U_0000_S0_E550_L225_T7_R705_B487,multitalk,572,0.011885104700922966,0.00010140432277694345,0.008152313530445099
RvjlBL4A_8U,RvjlBL4A_8U_0000_S0_E550_L225_T7_R705_B487,codetalker,573,0.015365640632808208,0.00014332350110635161,0.00389496935531497
RweXbb_OzBU,RweXbb_OzBU_0002_S46_E328_L436_T0_R980_B496,dpt,235,0.013345219194889069,0.00036193212145008147,0.006453828886151314
RweXbb_OzBU,RweXbb_OzBU_0002_S46_E328_L436_T0_R980_B496,artalk,236,0.009388625621795654,0.000295706297038123,0.007070689927786589
RweXbb_OzBU,RweXbb_OzBU_0002_S46_E328_L436_T0_R980_B496,multitalk,234,0.01659998670220375,0.00040343389264307916,0.00710585480555892
RweXbb_OzBU,RweXbb_OzBU_0002_S46_E328_L436_T0_R980_B496,codetalker,237,0.014515955001115799,0.0004099231737200171,0.010647539980709553
RyiqQnCd7qQ,RyiqQnCd7qQ_0001_S1248_E1500_L455_T60_R887_B492,dpt,210,0.009062734432518482,0.00012763551785610616,0.003607043530791998
RyiqQnCd7qQ,RyiqQnCd7qQ_0001_S1248_E1500_L455_T60_R887_B492,artalk,211,0.00937004666775465,5.4769143389421515e-06,0.00312171783298254
RyiqQnCd7qQ,RyiqQnCd7qQ_0001_S1248_E1500_L455_T60_R887_B492,multitalk,210,0.009446995332837105,0.00010672069038264453,0.004300440661609173
RyiqQnCd7qQ,RyiqQnCd7qQ_0001_S1248_E1500_L455_T60_R887_B492,codetalker,212,0.0104525126516819,0.00013092228618916124,0.004419820848852396
RyszHongpf0,RyszHongpf0_0002_S282_E562_L227_T63_R755_B591,dpt,291,0.008818659000098705,4.934084790875204e-05,0.004771846812218428
RyszHongpf0,RyszHongpf0_0002_S282_E562_L227_T63_R755_B591,artalk,292,0.008479897864162922,-4.4368283852236345e-05,0.0037035304121673107
RyszHongpf0,RyszHongpf0_0002_S282_E562_L227_T63_R755_B591,multitalk,291,0.011645911261439323,4.838526729145087e-05,0.0037117386236786842
RyszHongpf0,RyszHongpf0_0002_S282_E562_L227_T63_R755_B591,codetalker,292,0.011907219886779785,7.147475844249129e-05,0.008262475952506065
S-imxWoyMD0,S-imxWoyMD0_0002_S112_E594_L775_T15_R1079_B319,dpt,401,0.009600269608199596,0.0001868484541773796,0.006459455471485853
S-imxWoyMD0,S-imxWoyMD0_0002_S112_E594_L775_T15_R1079_B319,artalk,402,0.008523097261786461,5.70578922634013e-05,0.005819197278469801
S-imxWoyMD0,S-imxWoyMD0_0002_S112_E594_L775_T15_R1079_B319,multitalk,401,0.012772762216627598,0.0001842334895627573,0.007429644465446472
S-imxWoyMD0,S-imxWoyMD0_0002_S112_E594_L775_T15_R1079_B319,codetalker,404,0.00898007396608591,0.0002573533565737307,0.004510591737926006
S0MWAAykFuc,S0MWAAykFuc_0002_S680_E1090_L703_T146_R975_B418,dpt,427,0.008993834257125854,0.00025221946998499334,0.0019016275182366371
S0MWAAykFuc,S0MWAAykFuc_0002_S680_E1090_L703_T146_R975_B418,artalk,427,0.010088355280458927,0.00012710478040389717,0.002127783140167594
S0MWAAykFuc,S0MWAAykFuc_0002_S680_E1090_L703_T146_R975_B418,multitalk,427,0.008171526715159416,0.00023302935005631298,0.00342318182811141
S0MWAAykFuc,S0MWAAykFuc_0002_S680_E1090_L703_T146_R975_B418,codetalker,427,0.010029047727584839,0.0002777053159661591,0.004392619710415602
S4nfcw632Oo,S4nfcw632Oo_0000_S1213_E1535_L427_T106_R875_B554,dpt,336,0.009688611142337322,0.0002770818246062845,0.0026664796750992537
S4nfcw632Oo,S4nfcw632Oo_0000_S1213_E1535_L427_T106_R875_B554,artalk,336,0.005885145626962185,0.00017786935495678335,0.0031161862425506115
S4nfcw632Oo,S4nfcw632Oo_0000_S1213_E1535_L427_T106_R875_B554,multitalk,335,0.014303334057331085,0.00027107601636089385,0.0033900809939950705
S4nfcw632Oo,S4nfcw632Oo_0000_S1213_E1535_L427_T106_R875_B554,codetalker,336,0.00969308614730835,0.00033817513030953705,0.005820146761834621
S5OzDdLlsUI,S5OzDdLlsUI_0000_S951_E1263_L0_T0_R1136_B704,dpt,260,0.017522457987070084,0.0003092684783041477,0.007594322320073843
S5OzDdLlsUI,S5OzDdLlsUI_0000_S951_E1263_L0_T0_R1136_B704,artalk,261,0.015004580840468407,0.00031672156183049083,0.008036915212869644
S5OzDdLlsUI,S5OzDdLlsUI_0000_S951_E1263_L0_T0_R1136_B704,multitalk,260,0.012831533327698708,0.0002599097788333893,0.0038058278150856495
S5OzDdLlsUI,S5OzDdLlsUI_0000_S951_E1263_L0_T0_R1136_B704,codetalker,262,0.01963576301932335,0.0002833378384821117,0.011749088764190674
SCjA7BJDnEM,SCjA7BJDnEM_0002_S953_E1305_L394_T0_R762_B368,dpt,293,0.00830018799751997,0.0002557173720560968,0.0030235671438276768
SCjA7BJDnEM,SCjA7BJDnEM_0002_S953_E1305_L394_T0_R762_B368,artalk,294,0.00665802089497447,0.0001491564471507445,0.002041424624621868
SCjA7BJDnEM,SCjA7BJDnEM_0002_S953_E1305_L394_T0_R762_B368,multitalk,293,0.0075292084366083145,0.00023796905588824302,0.004047514405101538
SCjA7BJDnEM,SCjA7BJDnEM_0002_S953_E1305_L394_T0_R762_B368,codetalker,295,0.009565969929099083,0.000258204760029912,0.006715866271406412
SD-LjOboaE0,SD-LjOboaE0_0001_S703_E1336_L267_T25_R779_B537,dpt,528,0.010301719419658184,0.0003028209903277457,0.004810367710888386
SD-LjOboaE0,SD-LjOboaE0_0001_S703_E1336_L267_T25_R779_B537,artalk,529,0.007943506352603436,0.00016738736303523183,0.005727906711399555
SD-LjOboaE0,SD-LjOboaE0_0001_S703_E1336_L267_T25_R779_B537,multitalk,528,0.012928609736263752,0.00022940516646485776,0.005266563035547733
SD-LjOboaE0,SD-LjOboaE0_0001_S703_E1336_L267_T25_R779_B537,codetalker,530,0.012403315864503384,0.0003622930380515754,0.009975076653063297
SDCICtm9zXQ,SDCICtm9zXQ_0003_S763_E1063_L410_T11_R890_B491,dpt,300,0.011029679328203201,9.55260475166142e-05,0.00583661999553442
SDCICtm9zXQ,SDCICtm9zXQ_0003_S763_E1063_L410_T11_R890_B491,artalk,300,0.010363370180130005,3.162375287502073e-05,0.005033980123698711
SDCICtm9zXQ,SDCICtm9zXQ_0003_S763_E1063_L410_T11_R890_B491,multitalk,299,0.010112111456692219,6.291743920883164e-05,0.00565843703225255
SDCICtm9zXQ,SDCICtm9zXQ_0003_S763_E1063_L410_T11_R890_B491,codetalker,300,0.008757743053138256,0.0001182834166684188,0.003856630763038993
SEDDSCUJxK8,SEDDSCUJxK8_0000_S0_E333_L233_T0_R761_B512,dpt,278,0.00865230429917574,9.502014290774241e-05,0.0025505758821964264
SEDDSCUJxK8,SEDDSCUJxK8_0000_S0_E333_L233_T0_R761_B512,artalk,279,0.008979201316833496,-1.37687834467215e-06,0.0021310464944690466
SEDDSCUJxK8,SEDDSCUJxK8_0000_S0_E333_L233_T0_R761_B512,multitalk,277,0.00969847571104765,6.344396388158202e-05,0.005102993454784155
SEDDSCUJxK8,SEDDSCUJxK8_0000_S0_E333_L233_T0_R761_B512,codetalker,280,0.01204118225723505,8.730722038308159e-05,0.005295757204294205
SFE7NNxfbM4,SFE7NNxfbM4_0010_S93_E440_L188_T70_R476_B358,dpt,289,0.016568467020988464,1.095876723411493e-05,0.004978599958121777
SFE7NNxfbM4,SFE7NNxfbM4_0010_S93_E440_L188_T70_R476_B358,artalk,290,0.017295079305768013,-0.00017429985746275634,0.0023819555062800646
SFE7NNxfbM4,SFE7NNxfbM4_0010_S93_E440_L188_T70_R476_B358,multitalk,289,0.01888173818588257,-7.38352828193456e-05,0.004085391294211149
SFE7NNxfbM4,SFE7NNxfbM4_0010_S93_E440_L188_T70_R476_B358,codetalker,291,0.018839074298739433,5.1967130275443196e-05,0.007145899813622236
SH80ZuySDW4,SH80ZuySDW4_0001_S707_E907_L676_T166_R1076_B566,dpt,200,0.010282128117978573,0.00018957871361635625,0.0032661694567650557
SH80ZuySDW4,SH80ZuySDW4_0001_S707_E907_L676_T166_R1076_B566,artalk,200,0.009822236374020576,8.395925397053361e-05,0.0033318414352834225
SH80ZuySDW4,SH80ZuySDW4_0001_S707_E907_L676_T166_R1076_B566,multitalk,200,0.014710397459566593,0.00010820013267220929,0.004009560216218233
SH80ZuySDW4,SH80ZuySDW4_0001_S707_E907_L676_T166_R1076_B566,codetalker,200,0.01305531244724989,0.00023509000311605632,0.0042388224974274635
SNBMdDaYhZA,SNBMdDaYhZA_0000_S761_E959_L0_T0_R1264_B704,dpt,330,0.00913220178335905,0.0002795876353047788,0.0029028505086898804
SNBMdDaYhZA,SNBMdDaYhZA_0000_S761_E959_L0_T0_R1264_B704,artalk,331,0.006017614156007767,0.0001768640649970621,0.002812853781506419
SNBMdDaYhZA,SNBMdDaYhZA_0000_S761_E959_L0_T0_R1264_B704,multitalk,330,0.013695462606847286,0.0002991058281622827,0.006453774869441986
SNBMdDaYhZA,SNBMdDaYhZA_0000_S761_E959_L0_T0_R1264_B704,codetalker,331,0.01047902274876833,0.00031102661159820855,0.0062018390744924545
SNcjWH6ZhPI,SNcjWH6ZhPI_0000_S1026_E1408_L548_T54_R820_B326,dpt,382,0.011474127881228924,0.00025018013548105955,0.00610716175287962
SNcjWH6ZhPI,SNcjWH6ZhPI_0000_S1026_E1408_L548_T54_R820_B326,artalk,382,0.008338017389178276,0.00014499356620945036,0.0048431409522891045
SNcjWH6ZhPI,SNcjWH6ZhPI_0000_S1026_E1408_L548_T54_R820_B326,multitalk,382,0.012417749501764774,0.00025519420159980655,0.0056859469041228294
SNcjWH6ZhPI,SNcjWH6ZhPI_0000_S1026_E1408_L548_T54_R820_B326,codetalker,382,0.00923547986894846,0.0002848222793545574,0.003868519328534603
SOUME9xzIxk,SOUME9xzIxk_0043_S1122_E1524_L331_T25_R603_B297,dpt,335,0.00876968540251255,0.00010954593744827434,0.0037074864376336336
SOUME9xzIxk,SOUME9xzIxk_0043_S1122_E1524_L331_T25_R603_B297,artalk,336,0.008079733699560165,1.400788818273213e-07,0.0034332708455622196
SOUME9xzIxk,SOUME9xzIxk_0043_S1122_E1524_L331_T25_R603_B297,multitalk,335,0.011292785406112671,8.988173067336902e-05,0.0038157992530614138
SOUME9xzIxk,SOUME9xzIxk_0043_S1122_E1524_L331_T25_R603_B297,codetalker,337,0.009493193589150906,0.00013470149133354425,0.006340209860354662
SSGEoCsFoH4,SSGEoCsFoH4_0000_S0_E326_L437_T76_R741_B380,dpt,271,0.009897520765662193,1.8733882825472392e-05,0.006511005572974682
SSGEoCsFoH4,SSGEoCsFoH4_0000_S0_E326_L437_T76_R741_B380,artalk,272,0.0077699897810816765,-9.703019895823672e-05,0.004664003849029541
SSGEoCsFoH4,SSGEoCsFoH4_0000_S0_E326_L437_T76_R741_B380,multitalk,271,0.008505547419190407,3.320907489978708e-05,0.004519052803516388
SSGEoCsFoH4,SSGEoCsFoH4_0000_S0_E326_L437_T76_R741_B380,codetalker,273,0.006569837220013142,1.038909158523893e-05,0.0034209939185529947
STKb-ai6874,STKb-ai6874_0025_S0_E261_L697_T50_R953_B306,dpt,218,0.010146459564566612,0.00019492463616188616,0.003992136567831039
STKb-ai6874,STKb-ai6874_0025_S0_E261_L697_T50_R953_B306,artalk,219,0.0079693254083395,0.00015713201719336212,0.0028535753954201937
STKb-ai6874,STKb-ai6874_0025_S0_E261_L697_T50_R953_B306,multitalk,218,0.013392379507422447,0.00023045577108860016,0.005238342098891735
STKb-ai6874,STKb-ai6874_0025_S0_E261_L697_T50_R953_B306,codetalker,219,0.012866969220340252,0.0002540965797379613,0.007397616747766733
STWrgFYmkL4,STWrgFYmkL4_0002_S0_E448_L903_T97_R1159_B353,dpt,373,0.007137103006243706,0.00013409118400886655,0.00309135764837265
STWrgFYmkL4,STWrgFYmkL4_0002_S0_E448_L903_T97_R1159_B353,artalk,374,0.006879406049847603,-3.7177404010435566e-05,0.0033236753661185503
STWrgFYmkL4,STWrgFYmkL4_0002_S0_E448_L903_T97_R1159_B353,multitalk,373,0.00962764024734497,0.00010328144708182663,0.0066781253553926945
STWrgFYmkL4,STWrgFYmkL4_0002_S0_E448_L903_T97_R1159_B353,codetalker,375,0.0076600429601967335,0.00011926735169254243,0.004076638724654913
SYriZ4xtdDM,SYriZ4xtdDM_0001_S1325_E1759_L496_T45_R912_B461,dpt,362,0.009147136472165585,0.00018557268776930869,0.00481909466907382
SYriZ4xtdDM,SYriZ4xtdDM_0001_S1325_E1759_L496_T45_R912_B461,artalk,363,0.006525238044559956,5.675751526723616e-05,0.002282173605635762
SYriZ4xtdDM,SYriZ4xtdDM_0001_S1325_E1759_L496_T45_R912_B461,multitalk,362,0.010775786824524403,0.00016988231800496578,0.007495161145925522
SYriZ4xtdDM,SYriZ4xtdDM_0001_S1325_E1759_L496_T45_R912_B461,codetalker,365,0.008256235159933567,0.0001759576116455719,0.005174706690013409
SfaKxqo1NfQ,SfaKxqo1NfQ_0000_S1034_E1367_L320_T6_R720_B406,dpt,333,0.0100158816203475,0.0002881432301364839,0.004366392269730568
SfaKxqo1NfQ,SfaKxqo1NfQ_0000_S1034_E1367_L320_T6_R720_B406,artalk,333,0.007131544873118401,0.00018123225891031325,0.003151517827063799
SfaKxqo1NfQ,SfaKxqo1NfQ_0000_S1034_E1367_L320_T6_R720_B406,multitalk,333,0.01260936725884676,7.418897439492866e-05,0.00455852597951889
SfaKxqo1NfQ,SfaKxqo1NfQ_0000_S1034_E1367_L320_T6_R720_B406,codetalker,333,0.008882611058652401,0.00033747064298950136,0.004973080940544605
SfkSpHzhZb8,SfkSpHzhZb8_0000_S0_E308_L442_T138_R778_B474,dpt,308,0.009638460353016853,-5.454182610264979e-05,0.0065074763260781765
SfkSpHzhZb8,SfkSpHzhZb8_0000_S0_E308_L442_T138_R778_B474,artalk,308,0.0083235502243042,-0.0001587067381478846,0.005033292807638645
SfkSpHzhZb8,SfkSpHzhZb8_0000_S0_E308_L442_T138_R778_B474,multitalk,308,0.011708889156579971,-7.815190474502742e-05,0.008664286695420742
SfkSpHzhZb8,SfkSpHzhZb8_0000_S0_E308_L442_T138_R778_B474,codetalker,308,0.008394153788685799,-2.5193075998686254e-05,0.002955643692985177
Sg-HIZ3qgtk,Sg-HIZ3qgtk_0006_S425_E722_L521_T18_R905_B402,dpt,247,0.0102655915543437,0.00019693396461661905,0.004789193160831928
Sg-HIZ3qgtk,Sg-HIZ3qgtk_0006_S425_E722_L521_T18_R905_B402,artalk,248,0.009050426073372364,5.931206760578789e-05,0.004855944309383631
Sg-HIZ3qgtk,Sg-HIZ3qgtk_0006_S425_E722_L521_T18_R905_B402,multitalk,247,0.015531091950833797,0.00017224872135557234,0.006237933412194252
Sg-HIZ3qgtk,Sg-HIZ3qgtk_0006_S425_E722_L521_T18_R905_B402,codetalker,250,0.011129516176879406,0.00023865237017162144,0.004563433583825827
SjbFjIeSCf0,SjbFjIeSCf0_0005_S159_E397_L353_T47_R737_B431,dpt,238,0.006555431056767702,0.00022501776402350515,0.0022810474038124084
SjbFjIeSCf0,SjbFjIeSCf0_0005_S159_E397_L353_T47_R737_B431,artalk,238,0.0047384342178702354,0.00011970177729381248,0.0027736183255910873
SjbFjIeSCf0,SjbFjIeSCf0_0005_S159_E397_L353_T47_R737_B431,multitalk,237,0.009615154005587101,0.0002427164145046845,0.002763965167105198
SjbFjIeSCf0,SjbFjIeSCf0_0005_S159_E397_L353_T47_R737_B431,codetalker,238,0.009164169430732727,0.00029086359427310526,0.005993372295051813
SlJh09MsJ7I,SlJh09MsJ7I_0000_S1100_E1314_L487_T46_R1031_B590,dpt,214,0.006590835750102997,0.00015685921243857592,0.0018637533066794276
SlJh09MsJ7I,SlJh09MsJ7I_0000_S1100_E1314_L487_T46_R1031_B590,artalk,214,0.007234465796500444,9.228073759004474e-05,0.0032424661330878735
SlJh09MsJ7I,SlJh09MsJ7I_0000_S1100_E1314_L487_T46_R1031_B590,multitalk,214,0.008846362121403217,0.00016651394253131002,0.002964253770187497
SlJh09MsJ7I,SlJh09MsJ7I_0000_S1100_E1314_L487_T46_R1031_B590,codetalker,214,0.007997900247573853,0.00016761473671067506,0.005112301558256149
SoeKlf4DcSE,SoeKlf4DcSE_0000_S1163_E1903_L443_T19_R795_B371,dpt,617,0.012346788309514523,0.00019995264301542193,0.005340470466762781
SoeKlf4DcSE,SoeKlf4DcSE_0000_S1163_E1903_L443_T19_R795_B371,artalk,618,0.011443734169006348,2.9219649150036275e-05,0.005748983006924391
SoeKlf4DcSE,SoeKlf4DcSE_0000_S1163_E1903_L443_T19_R795_B371,multitalk,617,0.011984817683696747,0.00020898986258544028,0.005560374818742275
SoeKlf4DcSE,SoeKlf4DcSE_0000_S1163_E1903_L443_T19_R795_B371,codetalker,619,0.015213738195598125,0.00022800301667302847,0.010445520281791687
SsIDNPoW7q8,SsIDNPoW7q8_0011_S228_E576_L350_T0_R750_B400,dpt,303,0.012215552851557732,0.00010061043576570228,0.004707948304712772
SsIDNPoW7q8,SsIDNPoW7q8_0011_S228_E576_L350_T0_R750_B400,artalk,304,0.01095125824213028,2.3914008124847896e-05,0.004282972309738398
SsIDNPoW7q8,SsIDNPoW7q8_0011_S228_E576_L350_T0_R750_B400,multitalk,302,0.011514178477227688,0.0001439734478481114,0.0058602020144462585
SsIDNPoW7q8,SsIDNPoW7q8_0011_S228_E576_L350_T0_R750_B400,codetalker,304,0.013441029004752636,0.0001348481746390462,0.002915217773988843
Su8Q8XMQzIM,Su8Q8XMQzIM_0000_S1116_E1402_L367_T56_R815_B504,dpt,286,0.006335034966468811,0.00016654771752655506,0.002189509104937315
Su8Q8XMQzIM,Su8Q8XMQzIM_0000_S1116_E1402_L367_T56_R815_B504,artalk,286,0.007364664692431688,6.86547500663437e-05,0.002863748464733362
Su8Q8XMQzIM,Su8Q8XMQzIM_0000_S1116_E1402_L367_T56_R815_B504,multitalk,286,0.007439361419528723,0.00018547892977949232,0.0032227837946265936
Su8Q8XMQzIM,Su8Q8XMQzIM_0000_S1116_E1402_L367_T56_R815_B504,codetalker,286,0.005644212011247873,0.0001755130651872605,0.0034406885970383883
SuYeKcei7Zo,SuYeKcei7Zo_0000_S501_E876_L517_T40_R837_B360,dpt,312,0.011017890647053719,0.0001508952263975516,0.0059961858205497265
SuYeKcei7Zo,SuYeKcei7Zo_0000_S501_E876_L517_T40_R837_B360,artalk,313,0.010448655113577843,2.1506251869141124e-05,0.007948199287056923
SuYeKcei7Zo,SuYeKcei7Zo_0000_S501_E876_L517_T40_R837_B360,multitalk,312,0.013202465139329433,0.00015497826097998768,0.004047101829200983
SuYeKcei7Zo,SuYeKcei7Zo_0000_S501_E876_L517_T40_R837_B360,codetalker,315,0.015062090009450912,0.00021574777201749384,0.011926219798624516
SvWCVOGF6vs,SvWCVOGF6vs_0004_S321_E739_L591_T244_R927_B580,dpt,418,0.008602693676948547,0.00021180980547796935,0.0031457808800041676
SvWCVOGF6vs,SvWCVOGF6vs_0004_S321_E739_L591_T244_R927_B580,artalk,418,0.006980418227612972,6.924724584678188e-05,0.0030471172649413347
SvWCVOGF6vs,SvWCVOGF6vs_0004_S321_E739_L591_T244_R927_B580,multitalk,418,0.012162509374320507,0.00020580962882377207,0.0023195960093289614
SvWCVOGF6vs,SvWCVOGF6vs_0004_S321_E739_L591_T244_R927_B580,codetalker,418,0.010236105881631374,0.0002522077120374888,0.005899799056351185
SzjmpNTVH6U,SzjmpNTVH6U_0000_S0_E278_L495_T0_R799_B288,dpt,232,0.009919408708810806,0.0001386891963193193,0.002697529038414359
SzjmpNTVH6U,SzjmpNTVH6U_0000_S0_E278_L495_T0_R799_B288,artalk,233,0.006662862841039896,0.0001585696154506877,0.002752796746790409
SzjmpNTVH6U,SzjmpNTVH6U_0000_S0_E278_L495_T0_R799_B288,multitalk,232,0.020187312737107277,0.00014034914784133434,0.0042525529861450195
SzjmpNTVH6U,SzjmpNTVH6U_0000_S0_E278_L495_T0_R799_B288,codetalker,234,0.011196419596672058,0.00018738393555395305,0.004680590238422155
Szx43_ah4ys,Szx43_ah4ys_0019_S109_E394_L437_T22_R853_B438,dpt,285,0.012640085071325302,0.00043895229464396834,0.0037041131872683764
Szx43_ah4ys,Szx43_ah4ys_0019_S109_E394_L437_T22_R853_B438,artalk,285,0.012631113640964031,0.00034439851879142225,0.003280075266957283
Szx43_ah4ys,Szx43_ah4ys_0019_S109_E394_L437_T22_R853_B438,multitalk,284,0.013008502312004566,0.0004387546214275062,0.0072622280567884445
Szx43_ah4ys,Szx43_ah4ys_0019_S109_E394_L437_T22_R853_B438,codetalker,285,0.01346725132316351,0.00047720244037918746,0.003766672220081091
T0qjkPboQXY,T0qjkPboQXY_0000_S183_E423_L502_T0_R822_B304,dpt,200,0.012644225731492043,0.00020878661598544568,0.0036944567691534758
T0qjkPboQXY,T0qjkPboQXY_0000_S183_E423_L502_T0_R822_B304,artalk,201,0.010015631094574928,0.00013662187848240137,0.0028437667060643435
T0qjkPboQXY,T0qjkPboQXY_0000_S183_E423_L502_T0_R822_B304,multitalk,200,0.010773508809506893,0.00018792810442391783,0.005938130430877209
T0qjkPboQXY,T0qjkPboQXY_0000_S183_E423_L502_T0_R822_B304,codetalker,202,0.01385727059096098,0.00026512343902140856,0.007059827912598848
TIgRgGQ2azQ,TIgRgGQ2azQ_0000_S108_E492_L407_T0_R791_B384,dpt,320,0.009816397912800312,0.0001567128929309547,0.004114139825105667
TIgRgGQ2azQ,TIgRgGQ2azQ_0000_S108_E492_L407_T0_R791_B384,artalk,321,0.00730146886780858,4.0142880607163534e-05,0.002646994311362505
TIgRgGQ2azQ,TIgRgGQ2azQ_0000_S108_E492_L407_T0_R791_B384,multitalk,320,0.009096300229430199,0.0001689979253569618,0.004296749364584684
TIgRgGQ2azQ,TIgRgGQ2azQ_0000_S108_E492_L407_T0_R791_B384,codetalker,322,0.0084608756005764,0.000204805051907897,0.005305923521518707
TJXW9hpOlnI,TJXW9hpOlnI_0000_S984_E1423_L327_T0_R935_B576,dpt,439,0.012418803758919239,0.00023908809816930443,0.004071729723364115
TJXW9hpOlnI,TJXW9hpOlnI_0000_S984_E1423_L327_T0_R935_B576,artalk,439,0.007887040264904499,0.00014104832371231169,0.0032193688675761223
TJXW9hpOlnI,TJXW9hpOlnI_0000_S984_E1423_L327_T0_R935_B576,multitalk,439,0.017489392310380936,0.00021943972387816757,0.004913803655654192
TJXW9hpOlnI,TJXW9hpOlnI_0000_S984_E1423_L327_T0_R935_B576,codetalker,439,0.012174496427178383,0.00029640388675034046,0.004979309625923634
TNEWst_1m4s,TNEWst_1m4s_0001_S1299_E1535_L352_T33_R1024_B705,dpt,236,0.010256501846015453,0.0002677484881132841,0.0034113966394215822
TNEWst_1m4s,TNEWst_1m4s_0001_S1299_E1535_L352_T33_R1024_B705,artalk,236,0.007452153600752354,0.00015185064694378525,0.0051259868778288364
TNEWst_1m4s,TNEWst_1m4s_0001_S1299_E1535_L352_T33_R1024_B705,multitalk,236,0.012461857870221138,0.00027161245816387236,0.00473241088911891
TNEWst_1m4s,TNEWst_1m4s_0001_S1299_E1535_L352_T33_R1024_B705,codetalker,236,0.01352915819734335,0.00026750756660476327,0.009889055043458939
TOT4eRF4oCU,TOT4eRF4oCU_0002_S192_E408_L642_T109_R930_B397,dpt,225,0.009033000096678734,0.00014463609841186553,0.002675879281014204
TOT4eRF4oCU,TOT4eRF4oCU_0002_S192_E408_L642_T109_R930_B397,artalk,225,0.008028550073504448,-1.2769424756697845e-05,0.002752127591520548
TOT4eRF4oCU,TOT4eRF4oCU_0002_S192_E408_L642_T109_R930_B397,multitalk,225,0.009543619118630886,0.0001311591622652486,0.004101613536477089
TOT4eRF4oCU,TOT4eRF4oCU_0002_S192_E408_L642_T109_R930_B397,codetalker,225,0.010469735600054264,0.00016993138706311584,0.005833600182086229
TOzkrCUSlFg,TOzkrCUSlFg_0000_S0_E586_L467_T18_R963_B514,dpt,611,0.014363855123519897,0.00014164511230774224,0.006344293709844351
TOzkrCUSlFg,TOzkrCUSlFg_0000_S0_E586_L467_T18_R963_B514,artalk,611,0.011928237974643707,7.274667950696312e-06,0.005307979416102171
TOzkrCUSlFg,TOzkrCUSlFg_0000_S0_E586_L467_T18_R963_B514,multitalk,611,0.014313671737909317,0.00013628705346491188,0.008686254732310772
TOzkrCUSlFg,TOzkrCUSlFg_0000_S0_E586_L467_T18_R963_B514,codetalker,611,0.015533313155174255,0.00017406800179742277,0.0033405120484530926
TP2wD0LX4T8,TP2wD0LX4T8_0000_S1171_E1447_L490_T70_R794_B374,dpt,276,0.00864226371049881,7.86068121669814e-05,0.004562485031783581
TP2wD0LX4T8,TP2wD0LX4T8_0000_S1171_E1447_L490_T70_R794_B374,artalk,276,0.006211493164300919,-5.508807589649223e-05,0.0033097947016358376
TP2wD0LX4T8,TP2wD0LX4T8_0000_S1171_E1447_L490_T70_R794_B374,multitalk,276,0.007962565869092941,0.00010474950249772519,0.004424654878675938
TP2wD0LX4T8,TP2wD0LX4T8_0000_S1171_E1447_L490_T70_R794_B374,codetalker,276,0.007564522325992584,0.00013195665087550879,0.004091103095561266
TQ2NfO8grLs,TQ2NfO8grLs_0024_S1238_E1503_L740_T153_R996_B409,dpt,265,0.010593634098768234,0.00012059542495990172,0.003434940008446574
TQ2NfO8grLs,TQ2NfO8grLs_0024_S1238_E1503_L740_T153_R996_B409,artalk,265,0.009127601981163025,0.00013135638437233865,0.0033494855742901564
TQ2NfO8grLs,TQ2NfO8grLs_0024_S1238_E1503_L740_T153_R996_B409,multitalk,265,0.009878500364720821,0.00017125223530456424,0.0028845039196312428
TQ2NfO8grLs,TQ2NfO8grLs_0024_S1238_E1503_L740_T153_R996_B409,codetalker,265,0.010939785279333591,0.0001818985620047897,0.006647747941315174
TQ7NqpFMbFs,TQ7NqpFMbFs_0000_S589_E929_L655_T16_R1023_B384,dpt,354,0.015804698690772057,8.111402712529525e-05,0.0032673918176442385
TQ7NqpFMbFs,TQ7NqpFMbFs_0000_S589_E929_L655_T16_R1023_B384,artalk,354,0.009452871978282928,7.181286946433829e-06,0.0035444123204797506
TQ7NqpFMbFs,TQ7NqpFMbFs_0000_S589_E929_L655_T16_R1023_B384,multitalk,354,0.012086502276360989,0.0001150559401139617,0.004145984072238207
TQ7NqpFMbFs,TQ7NqpFMbFs_0000_S589_E929_L655_T16_R1023_B384,codetalker,354,0.013658988289535046,0.00015244628593791276,0.005757676903158426
TQzJKL_4l44,TQzJKL_4l44_0000_S308_E811_L99_T0_R595_B448,dpt,419,0.013230476528406143,0.00036155572161078453,0.0026864681858569384
TQzJKL_4l44,TQzJKL_4l44_0000_S308_E811_L99_T0_R595_B448,artalk,420,0.010377570986747742,0.000258092419244349,0.0020177443511784077
TQzJKL_4l44,TQzJKL_4l44_0000_S308_E811_L99_T0_R595_B448,multitalk,419,0.015327442437410355,0.0003548745298758149,0.0070282225497066975
TQzJKL_4l44,TQzJKL_4l44_0000_S308_E811_L99_T0_R595_B448,codetalker,421,0.011509743519127369,0.00038043464883230627,0.005801185965538025
TUVeg-x9Za4,TUVeg-x9Za4_0002_S101_E347_L402_T24_R770_B392,dpt,246,0.0085969939827919,7.464234658982605e-05,0.003472162876278162
TUVeg-x9Za4,TUVeg-x9Za4_0002_S101_E347_L402_T24_R770_B392,artalk,246,0.006496982183307409,-7.464762893505394e-05,0.003970888908952475
TUVeg-x9Za4,TUVeg-x9Za4_0002_S101_E347_L402_T24_R770_B392,multitalk,246,0.015763696283102036,0.00010391890828032047,0.0024116842541843653
TUVeg-x9Za4,TUVeg-x9Za4_0002_S101_E347_L402_T24_R770_B392,codetalker,246,0.008338304236531258,0.00010458546603331342,0.0041276137344539165
TXjwmCoRmhM,TXjwmCoRmhM_0000_S1112_E1572_L436_T29_R1012_B605,dpt,383,0.011548604816198349,0.0002808639546856284,0.0031514037400484085
TXjwmCoRmhM,TXjwmCoRmhM_0000_S1112_E1572_L436_T29_R1012_B605,artalk,384,0.00982403289526701,0.00019613407494034618,0.002229875884950161
TXjwmCoRmhM,TXjwmCoRmhM_0000_S1112_E1572_L436_T29_R1012_B605,multitalk,383,0.012445919215679169,0.0002997583942487836,0.0029348377138376236
TXjwmCoRmhM,TXjwmCoRmhM_0000_S1112_E1572_L436_T29_R1012_B605,codetalker,385,0.011763815768063068,0.00032481446396559477,0.00521059101447463
Tg2yHK2Hnag,Tg2yHK2Hnag_0000_S867_E1548_L454_T189_R806_B541,dpt,567,0.010432856157422066,0.00016726281319279224,0.0022549263667315245
Tg2yHK2Hnag,Tg2yHK2Hnag_0000_S867_E1548_L454_T189_R806_B541,artalk,568,0.011116936802864075,3.627884871093556e-05,0.002245101612061262
Tg2yHK2Hnag,Tg2yHK2Hnag_0000_S867_E1548_L454_T189_R806_B541,multitalk,567,0.008591902442276478,0.00017981727432925254,0.004335821606218815
Tg2yHK2Hnag,Tg2yHK2Hnag_0000_S867_E1548_L454_T189_R806_B541,codetalker,569,0.011639474891126156,0.0001871016138466075,0.005014540161937475
Tm1RbCh9YeA,Tm1RbCh9YeA_0001_S544_E796_L571_T59_R827_B315,dpt,210,0.009424283169209957,0.0002161528536817059,0.004435583017766476
Tm1RbCh9YeA,Tm1RbCh9YeA_0001_S544_E796_L571_T59_R827_B315,artalk,211,0.006780342664569616,8.259966125478968e-05,0.0030867832247167826
Tm1RbCh9YeA,Tm1RbCh9YeA_0001_S544_E796_L571_T59_R827_B315,multitalk,210,0.018745485693216324,-3.913899854524061e-05,0.009654530324041843
Tm1RbCh9YeA,Tm1RbCh9YeA_0001_S544_E796_L571_T59_R827_B315,codetalker,212,0.010940661653876305,0.00029506959253922105,0.004712418653070927
Tq-AsJ8M5yw,Tq-AsJ8M5yw_0002_S775_E1070_L385_T94_R913_B622,dpt,246,0.009989223442971706,5.0495098548708484e-05,0.0023749922402203083
Tq-AsJ8M5yw,Tq-AsJ8M5yw_0002_S775_E1070_L385_T94_R913_B622,artalk,247,0.008448151871562004,-9.973259875550866e-05,0.0017956061055883765
Tq-AsJ8M5yw,Tq-AsJ8M5yw_0002_S775_E1070_L385_T94_R913_B622,multitalk,246,0.013025731779634953,6.520780880236998e-05,0.003505985951051116
Tq-AsJ8M5yw,Tq-AsJ8M5yw_0002_S775_E1070_L385_T94_R913_B622,codetalker,248,0.011021265760064125,9.164364746538922e-05,0.005379524081945419
Trq6vcUOeQE,Trq6vcUOeQE_0001_S1139_E1525_L261_T40_R853_B632,dpt,386,0.007684220094233751,0.00021360912069212645,0.0026257173158228397
Trq6vcUOeQE,Trq6vcUOeQE_0001_S1139_E1525_L261_T40_R853_B632,artalk,386,0.007108995225280523,8.09642588137649e-05,0.002759549068287015
Trq6vcUOeQE,Trq6vcUOeQE_0001_S1139_E1525_L261_T40_R853_B632,multitalk,385,0.007745129521936178,0.0002086581807816401,0.0022613194305449724
Trq6vcUOeQE,Trq6vcUOeQE_0001_S1139_E1525_L261_T40_R853_B632,codetalker,386,0.008467533625662327,0.00024458341067656875,0.005190550349652767
Ts04-23URYA,Ts04-23URYA_0000_S615_E857_L265_T4_R569_B308,dpt,252,0.012586750090122223,0.000131965585751459,0.010356329381465912
Ts04-23URYA,Ts04-23URYA_0000_S615_E857_L265_T4_R569_B308,artalk,252,0.015049668960273266,1.2468634849938098e-05,0.011436819098889828
Ts04-23URYA,Ts04-23URYA_0000_S615_E857_L265_T4_R569_B308,multitalk,252,0.013074998743832111,0.0001413233403582126,0.011402697302401066
Ts04-23URYA,Ts04-23URYA_0000_S615_E857_L265_T4_R569_B308,codetalker,252,0.011475888080894947,8.496947702951729e-05,0.007369417231529951
Tu22Y0kIzJ0,Tu22Y0kIzJ0_0001_S0_E319_L355_T0_R1219_B704,dpt,319,0.010907684452831745,7.574573828605935e-05,0.0030602652113884687
Tu22Y0kIzJ0,Tu22Y0kIzJ0_0001_S0_E319_L355_T0_R1219_B704,artalk,319,0.008071636781096458,1.8617313344293507e-06,0.004325072281062603
Tu22Y0kIzJ0,Tu22Y0kIzJ0_0001_S0_E319_L355_T0_R1219_B704,multitalk,319,0.011258422397077084,9.050178778124973e-05,0.0031800568103790283
Tu22Y0kIzJ0,Tu22Y0kIzJ0_0001_S0_E319_L355_T0_R1219_B704,codetalker,319,0.012250615283846855,9.696636698208749e-05,0.007886214181780815
U-kFZbOf6Nk,U-kFZbOf6Nk_0000_S497_E781_L515_T50_R1027_B562,dpt,236,0.011214899830520153,0.00021244859090074897,0.006945175584405661
U-kFZbOf6Nk,U-kFZbOf6Nk_0000_S497_E781_L515_T50_R1027_B562,artalk,237,0.010104822926223278,0.00020806837710551918,0.0059111593291163445
U-kFZbOf6Nk,U-kFZbOf6Nk_0000_S497_E781_L515_T50_R1027_B562,multitalk,236,0.015953345224261284,3.263580765633378e-06,0.006820606999099255
U-kFZbOf6Nk,U-kFZbOf6Nk_0000_S497_E781_L515_T50_R1027_B562,codetalker,238,0.01346739474684,0.0001776260614860803,0.004958487581461668
U2eqvs_MZGg,U2eqvs_MZGg_0002_S0_E481_L505_T168_R809_B472,dpt,401,0.009069057181477547,0.00023560310364700854,0.0030635527800768614
U2eqvs_MZGg,U2eqvs_MZGg_0002_S0_E481_L505_T168_R809_B472,artalk,402,0.007041317876428366,0.00010302896407665685,0.002497822744771838
U2eqvs_MZGg,U2eqvs_MZGg_0002_S0_E481_L505_T168_R809_B472,multitalk,401,0.01135320495814085,0.00020343669166322798,0.0028660623356699944
U2eqvs_MZGg,U2eqvs_MZGg_0002_S0_E481_L505_T168_R809_B472,codetalker,404,0.012267316691577435,0.0002669831446837634,0.006104142405092716
U5Ze75nn72M,U5Ze75nn72M_0030_S1119_E1375_L429_T54_R701_B326,dpt,267,0.007284313440322876,3.178014594595879e-05,0.002711221110075712
U5Ze75nn72M,U5Ze75nn72M_0030_S1119_E1375_L429_T54_R701_B326,artalk,267,0.006785114295780659,-9.987763041863218e-05,0.0026716813445091248
U5Ze75nn72M,U5Ze75nn72M_0030_S1119_E1375_L429_T54_R701_B326,multitalk,266,0.006951602641493082,2.5486522645223886e-05,0.002395630581304431
U5Ze75nn72M,U5Ze75nn72M_0030_S1119_E1375_L429_T54_R701_B326,codetalker,267,0.00978103093802929,8.094258373603225e-05,0.00548569206148386
UA-U6m9O5OI,UA-U6m9O5OI_0005_S1071_E1540_L582_T123_R870_B411,dpt,391,0.012940497137606144,0.0003531086549628526,0.005117692984640598
UA-U6m9O5OI,UA-U6m9O5OI_0005_S1071_E1540_L582_T123_R870_B411,artalk,392,0.010379360988736153,0.00022911532141733915,0.004872365389019251
UA-U6m9O5OI,UA-U6m9O5OI_0005_S1071_E1540_L582_T123_R870_B411,multitalk,391,0.021513434126973152,0.00036111840745434165,0.007607794366776943
UA-U6m9O5OI,UA-U6m9O5OI_0005_S1071_E1540_L582_T123_R870_B411,codetalker,394,0.01670915074646473,0.0003610999556258321,0.009460682049393654
UFXt6O5cxjw,UFXt6O5cxjw_0007_S535_E781_L549_T26_R1013_B490,dpt,246,0.006701813079416752,4.2120365833397955e-05,0.002312665106728673
UFXt6O5cxjw,UFXt6O5cxjw_0007_S535_E781_L549_T26_R1013_B490,artalk,246,0.007010024040937424,-0.00010190929606324062,0.0021059794817119837
UFXt6O5cxjw,UFXt6O5cxjw_0007_S535_E781_L549_T26_R1013_B490,multitalk,246,0.0063393800519406796,4.997697033104487e-05,0.0027457354590296745
UFXt6O5cxjw,UFXt6O5cxjw_0007_S535_E781_L549_T26_R1013_B490,codetalker,246,0.008958123624324799,7.710334466537461e-05,0.004448015708476305
UIV2gt1Jzno,UIV2gt1Jzno_0015_S367_E601_L421_T0_R1077_B608,dpt,243,0.011339562013745308,0.00012364012945909053,0.005691675003618002
UIV2gt1Jzno,UIV2gt1Jzno_0015_S367_E601_L421_T0_R1077_B608,artalk,244,0.010599634610116482,5.63937246624846e-05,0.005155685357749462
UIV2gt1Jzno,UIV2gt1Jzno_0015_S367_E601_L421_T0_R1077_B608,multitalk,243,0.014284826815128326,-6.531315739266574e-05,0.008430375717580318
UIV2gt1Jzno,UIV2gt1Jzno_0015_S367_E601_L421_T0_R1077_B608,codetalker,244,0.011010309681296349,0.00013777092681266367,0.004434758331626654
UIr0uGUWN6g,UIr0uGUWN6g_0000_S1217_E1535_L601_T41_R873_B313,dpt,318,0.010175447911024094,1.4153624761092942e-05,0.006453217007219791
UIr0uGUWN6g,UIr0uGUWN6g_0000_S1217_E1535_L601_T41_R873_B313,artalk,318,0.008519163355231285,-6.471522647188976e-05,0.005836391821503639
UIr0uGUWN6g,UIr0uGUWN6g_0000_S1217_E1535_L601_T41_R873_B313,multitalk,317,0.01207865122705698,-1.2369966498226859e-05,0.00980332214385271
UIr0uGUWN6g,UIr0uGUWN6g_0000_S1217_E1535_L601_T41_R873_B313,codetalker,318,0.007781108841300011,7.365444616880268e-05,0.003031153464689851
UJeKNl461d8,UJeKNl461d8_0010_S1155_E1759_L585_T339_R889_B643,dpt,503,0.012589133344590664,-7.021058263489977e-05,0.003121977439150214
UJeKNl461d8,UJeKNl461d8_0010_S1155_E1759_L585_T339_R889_B643,artalk,504,0.012479902245104313,-0.00017289341485593468,0.0029825568199157715
UJeKNl461d8,UJeKNl461d8_0010_S1155_E1759_L585_T339_R889_B643,multitalk,503,0.010364682413637638,-8.353692101081833e-05,0.003780691185966134
UJeKNl461d8,UJeKNl461d8_0010_S1155_E1759_L585_T339_R889_B643,codetalker,505,0.014846179634332657,-5.327921098796651e-05,0.007105301599949598
UKBlZt_JL-I,UKBlZt_JL-I_0001_S46_E458_L116_T130_R484_B498,dpt,430,0.014612927101552486,0.00017305237997788936,0.004104702267795801
UKBlZt_JL-I,UKBlZt_JL-I_0001_S46_E458_L116_T130_R484_B498,artalk,431,0.01458626240491867,0.00017205922631546855,0.0039962586015462875
UKBlZt_JL-I,UKBlZt_JL-I_0001_S46_E458_L116_T130_R484_B498,multitalk,430,0.014723741449415684,0.0001920700160553679,0.0045024980790913105
UKBlZt_JL-I,UKBlZt_JL-I_0001_S46_E458_L116_T130_R484_B498,codetalker,431,0.015447722747921944,0.00018242686928715557,0.004739118739962578
UKc54igtdXI,UKc54igtdXI_0002_S999_E1295_L680_T0_R1272_B608,dpt,308,0.012761454097926617,0.00027262154617346823,0.007592541165649891
UKc54igtdXI,UKc54igtdXI_0002_S999_E1295_L680_T0_R1272_B608,artalk,308,0.013567295856773853,0.0001354133855784312,0.006131838075816631
UKc54igtdXI,UKc54igtdXI_0002_S999_E1295_L680_T0_R1272_B608,multitalk,308,0.015538726933300495,-0.0002067667810479179,0.00795227475464344
UKc54igtdXI,UKc54igtdXI_0002_S999_E1295_L680_T0_R1272_B608,codetalker,308,0.016080567613244057,0.00030687774415127933,0.004605406429618597
UOGLLo60dzI,UOGLLo60dzI_0000_S1085_E1393_L646_T0_R1046_B384,dpt,257,0.011366900987923145,0.00021198423928581178,0.005318649113178253
UOGLLo60dzI,UOGLLo60dzI_0000_S1085_E1393_L646_T0_R1046_B384,artalk,258,0.009438207373023033,2.9294566047610715e-05,0.006353950127959251
UOGLLo60dzI,UOGLLo60dzI_0000_S1085_E1393_L646_T0_R1046_B384,multitalk,257,0.012397661805152893,0.0001798253069864586,0.004152730572968721
UOGLLo60dzI,UOGLLo60dzI_0000_S1085_E1393_L646_T0_R1046_B384,codetalker,259,0.01383529044687748,0.00022155317128635943,0.009717187844216824
UPRvrLsqN8U,UPRvrLsqN8U_0000_S1634_E1919_L161_T52_R465_B356,dpt,238,0.012987224385142326,0.00012948689982295036,0.006659956648945808
UPRvrLsqN8U,UPRvrLsqN8U_0000_S1634_E1919_L161_T52_R465_B356,artalk,239,0.011362259276211262,0.00012871941726189107,0.005424595437943935
UPRvrLsqN8U,UPRvrLsqN8U_0000_S1634_E1919_L161_T52_R465_B356,multitalk,237,0.01683378778398037,0.00013920693891122937,0.007638060953468084
UPRvrLsqN8U,UPRvrLsqN8U_0000_S1634_E1919_L161_T52_R465_B356,codetalker,240,0.013538642786443233,0.00018533074762672186,0.009306772612035275
URC125wpMS4,URC125wpMS4_0000_S1404_E1720_L323_T0_R851_B512,dpt,264,0.008198436349630356,5.5743515986250713e-05,0.003282749094069004
URC125wpMS4,URC125wpMS4_0000_S1404_E1720_L323_T0_R851_B512,artalk,265,0.008032278157770634,-1.9279586922493763e-06,0.0035297705326229334
URC125wpMS4,URC125wpMS4_0000_S1404_E1720_L323_T0_R851_B512,multitalk,264,0.010130232200026512,5.4992524383123964e-05,0.005427558906376362
URC125wpMS4,URC125wpMS4_0000_S1404_E1720_L323_T0_R851_B512,codetalker,265,0.00908808596432209,0.00010940129868686199,0.004735573660582304
UT7n0WY_6Ww,UT7n0WY_6Ww_0000_S364_E896_L351_T0_R1071_B608,dpt,443,0.01114179939031601,0.00026214317767880857,0.0033793742768466473
UT7n0WY_6Ww,UT7n0WY_6Ww_0000_S364_E896_L351_T0_R1071_B608,artalk,444,0.00848496612161398,0.00021972329705022275,0.003151731099933386
UT7n0WY_6Ww,UT7n0WY_6Ww_0000_S364_E896_L351_T0_R1071_B608,multitalk,443,0.010920309461653233,0.0003221745719201863,0.004130608402192593
UT7n0WY_6Ww,UT7n0WY_6Ww_0000_S364_E896_L351_T0_R1071_B608,codetalker,445,0.01188167929649353,0.0003261752426624298,0.007500015199184418
UUT_nhIlR_U,UUT_nhIlR_U_0000_S1159_E1505_L548_T88_R932_B472,dpt,346,0.011703466065227985,0.0001667460601311177,0.0056632645428180695
UUT_nhIlR_U,UUT_nhIlR_U_0000_S1159_E1505_L548_T88_R932_B472,artalk,346,0.007357357535511255,4.91343489557039e-05,0.004102007020264864
UUT_nhIlR_U,UUT_nhIlR_U_0000_S1159_E1505_L548_T88_R932_B472,multitalk,346,0.01297769509255886,0.00016936757310759276,0.005154884420335293
UUT_nhIlR_U,UUT_nhIlR_U_0000_S1159_E1505_L548_T88_R932_B472,codetalker,346,0.008932672441005707,0.0001702169538475573,0.003667669603601098
UVTsXdLyIsk,UVTsXdLyIsk_0000_S1071_E1813_L423_T0_R839_B400,dpt,619,0.009740556590259075,0.00019307465117890388,0.005249252542853355
UVTsXdLyIsk,UVTsXdLyIsk_0000_S1071_E1813_L423_T0_R839_B400,artalk,620,0.007035241462290287,6.5023144998122e-05,0.005016242153942585
UVTsXdLyIsk,UVTsXdLyIsk_0000_S1071_E1813_L423_T0_R839_B400,multitalk,619,0.011911849491298199,0.00019380579760763794,0.0034002426546067
UVTsXdLyIsk,UVTsXdLyIsk_0000_S1071_E1813_L423_T0_R839_B400,codetalker,621,0.011293661780655384,0.0002479740360286087,0.009943483397364616
UVaN02jNqgM,UVaN02jNqgM_0000_S0_E300_L365_T13_R717_B365,dpt,300,0.0074158054776489735,0.00011971902858931571,0.0027795652858912945
UVaN02jNqgM,UVaN02jNqgM_0000_S0_E300_L365_T13_R717_B365,artalk,300,0.008835387416183949,1.2159536709077656e-05,0.002160031348466873
UVaN02jNqgM,UVaN02jNqgM_0000_S0_E300_L365_T13_R717_B365,multitalk,299,0.006528787314891815,0.0001455957390135154,0.0023124883882701397
UVaN02jNqgM,UVaN02jNqgM_0000_S0_E300_L365_T13_R717_B365,codetalker,300,0.007833916693925858,0.0001593863999005407,0.0038760423194617033
UXRKQjlYUZU,UXRKQjlYUZU_0000_S1127_E1491_L362_T23_R826_B487,dpt,304,0.013273698277771473,0.00022352043015416712,0.005150709301233292
UXRKQjlYUZU,UXRKQjlYUZU_0000_S1127_E1491_L362_T23_R826_B487,artalk,305,0.012676403857767582,9.718610090203583e-05,0.004829056560993195
UXRKQjlYUZU,UXRKQjlYUZU_0000_S1127_E1491_L362_T23_R826_B487,multitalk,304,0.01386968418955803,0.000273796176770702,0.0043689715676009655
UXRKQjlYUZU,UXRKQjlYUZU_0000_S1127_E1491_L362_T23_R826_B487,codetalker,305,0.01541755348443985,0.00025308365002274513,0.008304955437779427
UXZm1KDE_qA,UXZm1KDE_qA_0000_S1277_E1511_L409_T118_R777_B486,dpt,234,0.009898202493786812,0.0001731439115246758,0.005671609193086624
UXZm1KDE_qA,UXZm1KDE_qA_0000_S1277_E1511_L409_T118_R777_B486,artalk,234,0.0066414689645171165,5.5252148740692064e-05,0.003378178458660841
UXZm1KDE_qA,UXZm1KDE_qA_0000_S1277_E1511_L409_T118_R777_B486,multitalk,234,0.009023813530802727,0.00021681978250853717,0.004255331587046385
UXZm1KDE_qA,UXZm1KDE_qA_0000_S1277_E1511_L409_T118_R777_B486,codetalker,234,0.009207638911902905,0.00021261195070110261,0.003943897783756256
UbyxFZSZZ90,UbyxFZSZZ90_0000_S821_E1075_L570_T43_R922_B395,dpt,211,0.009740416891872883,0.00011751575220841914,0.003072005230933428
UbyxFZSZZ90,UbyxFZSZZ90_0000_S821_E1075_L570_T43_R922_B395,artalk,212,0.00824723206460476,1.5259674910339527e-05,0.0024988092482089996
UbyxFZSZZ90,UbyxFZSZZ90_0000_S821_E1075_L570_T43_R922_B395,multitalk,211,0.01035949308425188,0.00014925326104275882,0.001953249331563711
UbyxFZSZZ90,UbyxFZSZZ90_0000_S821_E1075_L570_T43_R922_B395,codetalker,214,0.010441450402140617,0.00014803503290750086,0.006370331160724163
UdpTELIW7bU,UdpTELIW7bU_0001_S957_E1359_L446_T126_R894_B574,dpt,335,0.008328008465468884,0.00024981293245218694,0.0035900806542485952
UdpTELIW7bU,UdpTELIW7bU_0001_S957_E1359_L446_T126_R894_B574,artalk,336,0.007774732541292906,0.00012491316010709852,0.0034463319461792707
UdpTELIW7bU,UdpTELIW7bU_0001_S957_E1359_L446_T126_R894_B574,multitalk,335,0.011249324306845665,0.00023929723829496652,0.005882850382477045
UdpTELIW7bU,UdpTELIW7bU_0001_S957_E1359_L446_T126_R894_B574,codetalker,337,0.009640826843678951,0.0002360800572205335,0.003763162763789296
UeO44STvnJw,UeO44STvnJw_0011_S181_E557_L677_T86_R933_B342,dpt,376,0.011260592378675938,3.911306703230366e-05,0.002933406038209796
UeO44STvnJw,UeO44STvnJw_0011_S181_E557_L677_T86_R933_B342,artalk,376,0.011821821331977844,3.8302200664475095e-06,0.0038017176557332277
UeO44STvnJw,UeO44STvnJw_0011_S181_E557_L677_T86_R933_B342,multitalk,376,0.011611741036176682,7.744372851448134e-05,0.002851783996447921
UeO44STvnJw,UeO44STvnJw_0011_S181_E557_L677_T86_R933_B342,codetalker,376,0.01581309735774994,8.659915329189971e-05,0.008340957574546337
UjAxgnvxIJE,UjAxgnvxIJE_0110_S678_E1040_L398_T49_R926_B577,dpt,302,0.010252988897264004,0.00020276394207030535,0.003996578045189381
UjAxgnvxIJE,UjAxgnvxIJE_0110_S678_E1040_L398_T49_R926_B577,artalk,303,0.007168260868638754,8.024959970498458e-05,0.0031811282970011234
UjAxgnvxIJE,UjAxgnvxIJE_0110_S678_E1040_L398_T49_R926_B577,multitalk,302,0.013051027432084084,0.00020841241348534822,0.004861786030232906
UjAxgnvxIJE,UjAxgnvxIJE_0110_S678_E1040_L398_T49_R926_B577,codetalker,304,0.011261729523539543,0.0002375300246058032,0.006786047015339136
Ul_ZfzfHRek,Ul_ZfzfHRek_0003_S641_E1030_L450_T78_R738_B366,dpt,324,0.01109679788351059,0.00011461053509265184,0.004012690857052803
Ul_ZfzfHRek,Ul_ZfzfHRek_0003_S641_E1030_L450_T78_R738_B366,artalk,325,0.008521955460309982,-4.273534068488516e-05,0.002607072237879038
Ul_ZfzfHRek,Ul_ZfzfHRek_0003_S641_E1030_L450_T78_R738_B366,multitalk,324,0.019133316352963448,0.00011474998609628528,0.0027311788871884346
Ul_ZfzfHRek,Ul_ZfzfHRek_0003_S641_E1030_L450_T78_R738_B366,codetalker,327,0.01197341550141573,0.00013326344196684659,0.0041419207118451595
UmA3FpFowh4,UmA3FpFowh4_0001_S1067_E1535_L744_T42_R1080_B378,dpt,468,0.010339506901800632,0.00016064636292867362,0.006044465117156506
UmA3FpFowh4,UmA3FpFowh4_0001_S1067_E1535_L744_T42_R1080_B378,artalk,468,0.008886742405593395,5.7664048654260114e-05,0.00587321724742651
UmA3FpFowh4,UmA3FpFowh4_0001_S1067_E1535_L744_T42_R1080_B378,multitalk,468,0.010387422516942024,0.0001302540476899594,0.0062182010151445866
UmA3FpFowh4,UmA3FpFowh4_0001_S1067_E1535_L744_T42_R1080_B378,codetalker,468,0.008554566651582718,0.00017860540538094938,0.004543850664049387
UoVJllDh6rg,UoVJllDh6rg_0007_S253_E584_L290_T4_R706_B420,dpt,331,0.009664466604590416,0.0001541199308121577,0.004219902213662863
UoVJllDh6rg,UoVJllDh6rg_0007_S253_E584_L290_T4_R706_B420,artalk,331,0.008148434571921825,1.940452420967631e-05,0.004161825403571129
UoVJllDh6rg,UoVJllDh6rg_0007_S253_E584_L290_T4_R706_B420,multitalk,331,0.015057966113090515,0.00018086523050442338,0.004670265596359968
UoVJllDh6rg,UoVJllDh6rg_0007_S253_E584_L290_T4_R706_B420,codetalker,331,0.010860053822398186,0.00018475425895303488,0.007421032525599003
Ux-ExovbpsE,Ux-ExovbpsE_0010_S1459_E1788_L427_T74_R795_B442,dpt,251,0.011637886986136436,0.000123519406770356,0.006648509297519922
Ux-ExovbpsE,Ux-ExovbpsE_0010_S1459_E1788_L427_T74_R795_B442,artalk,252,0.011094899848103523,4.4760803575627506e-05,0.005663079675287008
Ux-ExovbpsE,Ux-ExovbpsE_0010_S1459_E1788_L427_T74_R795_B442,multitalk,251,0.015173329971730709,0.00013938751362729818,0.004805331118404865
Ux-ExovbpsE,Ux-ExovbpsE_0010_S1459_E1788_L427_T74_R795_B442,codetalker,253,0.009059319272637367,0.00017409784777555615,0.003846660954877734
V2XB2l3aFvc,V2XB2l3aFvc_0004_S1516_E1762_L504_T113_R888_B497,dpt,205,0.010239282622933388,0.00010920992644969374,0.0036003999412059784
V2XB2l3aFvc,V2XB2l3aFvc_0004_S1516_E1762_L504_T113_R888_B497,artalk,206,0.008608954958617687,3.6899742553941905e-05,0.002952729584649205
V2XB2l3aFvc,V2XB2l3aFvc_0004_S1516_E1762_L504_T113_R888_B497,multitalk,205,0.01045184675604105,0.0001314085238846019,0.004510980099439621
V2XB2l3aFvc,V2XB2l3aFvc_0004_S1516_E1762_L504_T113_R888_B497,codetalker,207,0.01204644050449133,0.0001414074213244021,0.007425118703395128
V5FsNyk9rDo,V5FsNyk9rDo_0000_S548_E806_L328_T24_R664_B360,dpt,215,0.013172180391848087,0.00010981406376231462,0.0073029580526053905
V5FsNyk9rDo,V5FsNyk9rDo_0000_S548_E806_L328_T24_R664_B360,artalk,216,0.008769546635448933,1.656801759963855e-05,0.004581565037369728
V5FsNyk9rDo,V5FsNyk9rDo_0000_S548_E806_L328_T24_R664_B360,multitalk,215,0.01619405671954155,0.00016158801736310124,0.005777353886514902
V5FsNyk9rDo,V5FsNyk9rDo_0000_S548_E806_L328_T24_R664_B360,codetalker,217,0.009678889065980911,0.00017221149755641818,0.004211545456200838
V5uV1vR2M6g,V5uV1vR2M6g_0001_S237_E557_L465_T22_R817_B374,dpt,267,0.010124062187969685,0.00019492518913466483,0.00443781353533268
V5uV1vR2M6g,V5uV1vR2M6g_0001_S237_E557_L465_T22_R817_B374,artalk,268,0.00963897630572319,0.00015034218085929751,0.002829559613019228
V5uV1vR2M6g,V5uV1vR2M6g_0001_S237_E557_L465_T22_R817_B374,multitalk,266,0.010657962411642075,0.00019664359570015222,0.006311560980975628
V5uV1vR2M6g,V5uV1vR2M6g_0001_S237_E557_L465_T22_R817_B374,codetalker,269,0.011253506876528263,0.00021975947311148047,0.006300888955593109
V6egGoCrbIo,V6egGoCrbIo_0003_S400_E651_L370_T33_R962_B625,dpt,251,0.010151688940823078,2.8582669983734377e-05,0.0020453804172575474
V6egGoCrbIo,V6egGoCrbIo_0003_S400_E651_L370_T33_R962_B625,artalk,251,0.007618275471031666,2.71493354375707e-05,0.0025113821029663086
V6egGoCrbIo,V6egGoCrbIo_0003_S400_E651_L370_T33_R962_B625,multitalk,251,0.01052805781364441,4.853259270021226e-06,0.002268533455207944
V6egGoCrbIo,V6egGoCrbIo_0003_S400_E651_L370_T33_R962_B625,codetalker,251,0.012850943021476269,5.506960587808862e-05,0.004715417977422476
VDLUQlOR_nI,VDLUQlOR_nI_0001_S1125_E1340_L447_T0_R1103_B640,dpt,224,0.009109280072152615,0.0006313153426162899,0.002183928620070219
VDLUQlOR_nI,VDLUQlOR_nI_0001_S1125_E1340_L447_T0_R1103_B640,artalk,225,0.007567092776298523,0.0005150105571374297,0.0036335738841444254
VDLUQlOR_nI,VDLUQlOR_nI_0001_S1125_E1340_L447_T0_R1103_B640,multitalk,224,0.01206040196120739,0.0006242120289243758,0.0028134025633335114
VDLUQlOR_nI,VDLUQlOR_nI_0001_S1125_E1340_L447_T0_R1103_B640,codetalker,225,0.010126806795597076,0.0006420948775485158,0.005497306119650602
VF0hNn-Yfn0,VF0hNn-Yfn0_0027_S875_E1098_L121_T133_R521_B533,dpt,232,0.012649343349039555,0.00032493064645677805,0.006798943039029837
VF0hNn-Yfn0,VF0hNn-Yfn0_0027_S875_E1098_L121_T133_R521_B533,artalk,232,0.011016428470611572,0.00024598371237516403,0.008741330355405807
VF0hNn-Yfn0,VF0hNn-Yfn0_0027_S875_E1098_L121_T133_R521_B533,multitalk,232,0.01250209379941225,0.0003669401630759239,0.007598956115543842
VF0hNn-Yfn0,VF0hNn-Yfn0_0027_S875_E1098_L121_T133_R521_B533,codetalker,232,0.013265114277601242,0.0003667835262604058,0.013147927820682526
VFeOyT16oEI,VFeOyT16oEI_0000_S1251_E1499_L470_T0_R934_B448,dpt,248,0.00921659916639328,0.00014806253602728248,0.006264777854084969
VFeOyT16oEI,VFeOyT16oEI_0000_S1251_E1499_L470_T0_R934_B448,artalk,248,0.00968872383236885,-3.995288352598436e-05,0.006355792284011841
VFeOyT16oEI,VFeOyT16oEI_0000_S1251_E1499_L470_T0_R934_B448,multitalk,248,0.01107706967741251,0.0001248093758476898,0.004524857271462679
VFeOyT16oEI,VFeOyT16oEI_0000_S1251_E1499_L470_T0_R934_B448,codetalker,248,0.00963632296770811,0.00016466373926959932,0.004661261104047298
VFf_xowsMcQ,VFf_xowsMcQ_0001_S0_E421_L495_T66_R1119_B690,dpt,439,0.010730200447142124,0.00015599170001223683,0.0032595612574368715
VFf_xowsMcQ,VFf_xowsMcQ_0001_S0_E421_L495_T66_R1119_B690,artalk,439,0.011898655444383621,4.868508403887972e-05,0.0038240610156208277
VFf_xowsMcQ,VFf_xowsMcQ_0001_S0_E421_L495_T66_R1119_B690,multitalk,439,0.012684924528002739,0.00015205368981696665,0.004042374435812235
VFf_xowsMcQ,VFf_xowsMcQ_0001_S0_E421_L495_T66_R1119_B690,codetalker,439,0.013667087070643902,0.0001944738469319418,0.0063856421038508415
VGOslZT-f-I,VGOslZT-f-I_0001_S0_E218_L289_T40_R609_B360,dpt,218,0.009043650701642036,0.00020726706134155393,0.0029947753064334393
VGOslZT-f-I,VGOslZT-f-I_0001_S0_E218_L289_T40_R609_B360,artalk,218,0.005249400623142719,0.0001224465959239751,0.0031701684929430485
VGOslZT-f-I,VGOslZT-f-I_0001_S0_E218_L289_T40_R609_B360,multitalk,218,0.008094090968370438,0.00021550989185925573,0.002963877050206065
VGOslZT-f-I,VGOslZT-f-I_0001_S0_E218_L289_T40_R609_B360,codetalker,218,0.0080393236130476,0.00022279215045273304,0.006488053593784571
VJjiUcZCkzw,VJjiUcZCkzw_0175_S259_E600_L318_T148_R590_B420,dpt,284,0.014999889768660069,-5.317803152138367e-05,0.00340314581990242
VJjiUcZCkzw,VJjiUcZCkzw_0175_S259_E600_L318_T148_R590_B420,artalk,285,0.015708422288298607,-0.00017477457004133612,0.002765301149338484
VJjiUcZCkzw,VJjiUcZCkzw_0175_S259_E600_L318_T148_R590_B420,multitalk,284,0.011028733104467392,-5.221647006692365e-05,0.002924881875514984
VJjiUcZCkzw,VJjiUcZCkzw_0175_S259_E600_L318_T148_R590_B420,codetalker,286,0.01470758393406868,-6.239762296900153e-05,0.0038390050176531076
VKnNVP23toY,VKnNVP23toY_0000_S422_E628_L434_T37_R786_B389,dpt,206,0.008582456968724728,7.901118078734726e-05,0.004375300370156765
VKnNVP23toY,VKnNVP23toY_0000_S422_E628_L434_T37_R786_B389,artalk,206,0.008577308617532253,7.419684698106721e-05,0.0029053024481981993
VKnNVP23toY,VKnNVP23toY_0000_S422_E628_L434_T37_R786_B389,multitalk,205,0.014359716325998306,0.00010866559023270383,0.0016274439403787255
VKnNVP23toY,VKnNVP23toY_0000_S422_E628_L434_T37_R786_B389,codetalker,206,0.010976740159094334,0.00013859554019290954,0.002895084908232093
VNtYIBI3BFc,VNtYIBI3BFc_0002_S1167_E1615_L836_T193_R1204_B545,dpt,373,0.009711206890642643,3.069530794164166e-05,0.003999364096671343
VNtYIBI3BFc,VNtYIBI3BFc_0002_S1167_E1615_L836_T193_R1204_B545,artalk,374,0.00788311567157507,-8.371817239094526e-05,0.004809723701328039
VNtYIBI3BFc,VNtYIBI3BFc_0002_S1167_E1615_L836_T193_R1204_B545,multitalk,373,0.009504521265625954,6.003588350722566e-05,0.003576079849153757
VNtYIBI3BFc,VNtYIBI3BFc_0002_S1167_E1615_L836_T193_R1204_B545,codetalker,376,0.01040710136294365,7.91601269156672e-05,0.008475801907479763
VRu86oG1hVY,VRu86oG1hVY_0006_S1232_E1525_L299_T0_R923_B592,dpt,244,0.009916145354509354,0.00014032718900125474,0.003497492987662554
VRu86oG1hVY,VRu86oG1hVY_0006_S1232_E1525_L299_T0_R923_B592,artalk,245,0.010346822440624237,3.976593870902434e-05,0.0025269342586398125
VRu86oG1hVY,VRu86oG1hVY_0006_S1232_E1525_L299_T0_R923_B592,multitalk,244,0.010463858023285866,0.0001188630485557951,0.002961709862574935
VRu86oG1hVY,VRu86oG1hVY_0006_S1232_E1525_L299_T0_R923_B592,codetalker,247,0.01243378221988678,0.00015719015209469944,0.004877779632806778
VSRuncwwJyQ,VSRuncwwJyQ_0002_S398_E749_L360_T26_R712_B378,dpt,293,0.010940716601908207,0.00023936117941047996,0.003442246001213789
VSRuncwwJyQ,VSRuncwwJyQ_0002_S398_E749_L360_T26_R712_B378,artalk,294,0.00708156218752265,0.00013791496166959405,0.0029929853044450283
VSRuncwwJyQ,VSRuncwwJyQ_0002_S398_E749_L360_T26_R712_B378,multitalk,293,0.012371895834803581,0.00026662275195121765,0.003797247540205717
VSRuncwwJyQ,VSRuncwwJyQ_0002_S398_E749_L360_T26_R712_B378,codetalker,295,0.010544542223215103,0.000293736724415794,0.005926534533500671
VWrYbF797LI,VWrYbF797LI_0018_S0_E332_L174_T41_R974_B713,dpt,346,0.008835423737764359,9.261353989131749e-05,0.0021929622162133455
VWrYbF797LI,VWrYbF797LI_0018_S0_E332_L174_T41_R974_B713,artalk,347,0.007072066888213158,5.6487238907720894e-05,0.0020707519724965096
VWrYbF797LI,VWrYbF797LI_0018_S0_E332_L174_T41_R974_B713,multitalk,346,0.011014491319656372,-3.2051626476459205e-05,0.003970229532569647
VWrYbF797LI,VWrYbF797LI_0018_S0_E332_L174_T41_R974_B713,codetalker,347,0.011891735717654228,0.00011313332652207464,0.005395490676164627
VZki-LyHI0E,VZki-LyHI0E_0002_S188_E434_L43_T104_R411_B472,dpt,205,0.011163037270307541,0.00035425054375082254,0.007653943728655577
VZki-LyHI0E,VZki-LyHI0E_0002_S188_E434_L43_T104_R411_B472,artalk,206,0.00948419701308012,0.00021995793213136494,0.0062530795112252235
VZki-LyHI0E,VZki-LyHI0E_0002_S188_E434_L43_T104_R411_B472,multitalk,205,0.013695907779037952,0.00033759960206225514,0.009311303496360779
VZki-LyHI0E,VZki-LyHI0E_0002_S188_E434_L43_T104_R411_B472,codetalker,207,0.008138474076986313,0.00036832381738349795,0.0038547355215996504
V_lZ61OB0EI,V_lZ61OB0EI_0003_S810_E1002_L768_T38_R1056_B326,dpt,200,0.011290771886706352,0.00022842873295303434,0.002929095644503832
V_lZ61OB0EI,V_lZ61OB0EI_0003_S810_E1002_L768_T38_R1056_B326,artalk,200,0.00997585617005825,0.0001848906686063856,0.0030814213678240776
V_lZ61OB0EI,V_lZ61OB0EI_0003_S810_E1002_L768_T38_R1056_B326,multitalk,200,0.011127469129860401,0.00019687529129441828,0.005674923770129681
V_lZ61OB0EI,V_lZ61OB0EI_0003_S810_E1002_L768_T38_R1056_B326,codetalker,200,0.011213795281946659,0.00025996696786023676,0.0063059646636247635
VcLWubfmJcM,VcLWubfmJcM_0000_S840_E1080_L376_T47_R824_B479,dpt,240,0.007148171309381723,0.00014582343283109367,0.001931088394485414
VcLWubfmJcM,VcLWubfmJcM_0000_S840_E1080_L376_T47_R824_B479,artalk,240,0.007731774356216192,5.027260704082437e-05,0.0026173817459493876
VcLWubfmJcM,VcLWubfmJcM_0000_S840_E1080_L376_T47_R824_B479,multitalk,240,0.006553504150360823,0.00012785774015355855,0.0025191560853272676
VcLWubfmJcM,VcLWubfmJcM_0000_S840_E1080_L376_T47_R824_B479,codetalker,240,0.007311799097806215,0.0001707960618659854,0.004275457933545113
VePpQBCbKBw,VePpQBCbKBw_0000_S1092_E1535_L245_T0_R1013_B704,dpt,462,0.008706359192728996,4.239856934873387e-05,0.003094823332503438
VePpQBCbKBw,VePpQBCbKBw_0000_S1092_E1535_L245_T0_R1013_B704,artalk,462,0.008563157171010971,-3.8914895412744954e-05,0.005058318842202425
VePpQBCbKBw,VePpQBCbKBw_0000_S1092_E1535_L245_T0_R1013_B704,multitalk,461,0.012674596160650253,1.3071196917735506e-05,0.004668009467422962
VePpQBCbKBw,VePpQBCbKBw_0000_S1092_E1535_L245_T0_R1013_B704,codetalker,462,0.012585307471454144,8.727501699468121e-05,0.006509797181934118
VfLSoyinXmo,VfLSoyinXmo_0001_S1077_E1499_L313_T0_R713_B400,dpt,422,0.007165201473981142,5.17635780852288e-05,0.0024232505820691586
VfLSoyinXmo,VfLSoyinXmo_0001_S1077_E1499_L313_T0_R713_B400,artalk,422,0.005435972940176725,-6.424939056159928e-05,0.002432010369375348
VfLSoyinXmo,VfLSoyinXmo_0001_S1077_E1499_L313_T0_R713_B400,multitalk,421,0.014924800023436546,3.634497261373326e-05,0.0026430897414684296
VfLSoyinXmo,VfLSoyinXmo_0001_S1077_E1499_L313_T0_R713_B400,codetalker,422,0.007191913202404976,4.388093657325953e-05,0.004157690797001123
VgrW-fB3EXI,VgrW-fB3EXI_0000_S674_E928_L374_T3_R822_B451,dpt,211,0.01415575947612524,0.0003111311234533787,0.004978942219167948
VgrW-fB3EXI,VgrW-fB3EXI_0000_S674_E928_L374_T3_R822_B451,artalk,212,0.013418145477771759,0.00021220245980657637,0.005194969940930605
VgrW-fB3EXI,VgrW-fB3EXI_0000_S674_E928_L374_T3_R822_B451,multitalk,211,0.015363608486950397,0.0002723762590903789,0.005075566470623016
VgrW-fB3EXI,VgrW-fB3EXI_0000_S674_E928_L374_T3_R822_B451,codetalker,214,0.01329886820167303,0.00034578907070681453,0.006979916710406542
Vm2mKdh_VUc,Vm2mKdh_VUc_0010_S1348_E1681_L339_T57_R819_B537,dpt,278,0.011006070300936699,0.0001877155009424314,0.006154567934572697
Vm2mKdh_VUc,Vm2mKdh_VUc_0010_S1348_E1681_L339_T57_R819_B537,artalk,279,0.00956566073000431,3.9776903577148914e-05,0.004210388287901878
Vm2mKdh_VUc,Vm2mKdh_VUc_0010_S1348_E1681_L339_T57_R819_B537,multitalk,277,0.013118650764226913,9.763574053067714e-05,0.007235670927911997
Vm2mKdh_VUc,Vm2mKdh_VUc_0010_S1348_E1681_L339_T57_R819_B537,codetalker,280,0.008418120443820953,0.0001632308994885534,0.0034765140153467655
VmPl5QClxYk,VmPl5QClxYk_0002_S0_E316_L364_T27_R860_B523,dpt,264,0.010520117357373238,0.00020918984955642372,0.0037490050308406353
VmPl5QClxYk,VmPl5QClxYk_0002_S0_E316_L364_T27_R860_B523,artalk,265,0.009638597257435322,0.00015214402810670435,0.003950794693082571
VmPl5QClxYk,VmPl5QClxYk_0002_S0_E316_L364_T27_R860_B523,multitalk,264,0.007888495922088623,0.00021021178690716624,0.003677249886095524
VmPl5QClxYk,VmPl5QClxYk_0002_S0_E316_L364_T27_R860_B523,codetalker,266,0.012950362637639046,0.0001937854685820639,0.008180716075003147
VpKnSOS6NGo,VpKnSOS6NGo_0019_S638_E852_L441_T184_R761_B504,dpt,223,0.009897315874695778,0.0002806871780194342,0.003672320395708084
VpKnSOS6NGo,VpKnSOS6NGo_0019_S638_E852_L441_T184_R761_B504,artalk,223,0.009469286538660526,0.0001540402154205367,0.004266375210136175
VpKnSOS6NGo,VpKnSOS6NGo_0019_S638_E852_L441_T184_R761_B504,multitalk,223,0.00963893998414278,0.0002536769607104361,0.006774656008929014
VpKnSOS6NGo,VpKnSOS6NGo_0019_S638_E852_L441_T184_R761_B504,codetalker,223,0.0127635532990098,0.0003228542045690119,0.006369076669216156
Vpw09qKQal0,Vpw09qKQal0_0004_S448_E827_L477_T41_R909_B473,dpt,379,0.0088149793446064,0.00020226085325703025,0.0028719757683575153
Vpw09qKQal0,Vpw09qKQal0_0004_S448_E827_L477_T41_R909_B473,artalk,379,0.00786882545799017,7.397905574180186e-05,0.003116431413218379
Vpw09qKQal0,Vpw09qKQal0_0004_S448_E827_L477_T41_R909_B473,multitalk,378,0.008428010158240795,0.00023031073214951903,0.0052521564066410065
Vpw09qKQal0,Vpw09qKQal0_0004_S448_E827_L477_T41_R909_B473,codetalker,379,0.00863475352525711,0.00024385558208450675,0.003928343765437603
VsOismDNYjE,VsOismDNYjE_0001_S1160_E1484_L435_T0_R1091_B592,dpt,324,0.007590381428599358,0.00010445998486829922,0.0026284793857485056
VsOismDNYjE,VsOismDNYjE_0001_S1160_E1484_L435_T0_R1091_B592,artalk,324,0.010789576917886734,-3.048333019251004e-05,0.004416953306645155
VsOismDNYjE,VsOismDNYjE_0001_S1160_E1484_L435_T0_R1091_B592,multitalk,324,0.009349322877824306,8.75948098837398e-05,0.004485548939555883
VsOismDNYjE,VsOismDNYjE_0001_S1160_E1484_L435_T0_R1091_B592,codetalker,324,0.009794691577553749,0.00012675939069595188,0.004398197866976261
Vwxft_tqrcg,Vwxft_tqrcg_0001_S1115_E1324_L484_T68_R852_B436,dpt,209,0.008505741134285927,0.00025135462055914104,0.0034699970856308937
Vwxft_tqrcg,Vwxft_tqrcg_0001_S1115_E1324_L484_T68_R852_B436,artalk,209,0.007909553125500679,0.0002318474871572107,0.003051972249522805
Vwxft_tqrcg,Vwxft_tqrcg_0001_S1115_E1324_L484_T68_R852_B436,multitalk,209,0.010330262593925,0.00017546804156154394,0.003529070410877466
Vwxft_tqrcg,Vwxft_tqrcg_0001_S1115_E1324_L484_T68_R852_B436,codetalker,209,0.010818887501955032,0.0002522584400139749,0.00725947879254818
W-7t8Zho4AI,W-7t8Zho4AI_0005_S834_E1124_L562_T19_R1042_B499,dpt,290,0.011427492834627628,0.00037853713729418814,0.0019839750602841377
W-7t8Zho4AI,W-7t8Zho4AI_0005_S834_E1124_L562_T19_R1042_B499,artalk,290,0.007992042228579521,0.00028757675318047404,0.0024926827754825354
W-7t8Zho4AI,W-7t8Zho4AI_0005_S834_E1124_L562_T19_R1042_B499,multitalk,290,0.011126630008220673,0.0003826804750133306,0.0024411031045019627
W-7t8Zho4AI,W-7t8Zho4AI_0005_S834_E1124_L562_T19_R1042_B499,codetalker,290,0.012017275206744671,0.0004166736616753042,0.005094095133244991
W-_X1HZM7ys,W-_X1HZM7ys_0004_S483_E896_L426_T27_R842_B443,dpt,413,0.01080368459224701,0.00021790422033518553,0.006736399605870247
W-_X1HZM7ys,W-_X1HZM7ys_0004_S483_E896_L426_T27_R842_B443,artalk,413,0.009646899066865444,7.850290421629325e-05,0.005480195861309767
W-_X1HZM7ys,W-_X1HZM7ys_0004_S483_E896_L426_T27_R842_B443,multitalk,413,0.010953787714242935,0.00024264681269414723,0.007623625919222832
W-_X1HZM7ys,W-_X1HZM7ys_0004_S483_E896_L426_T27_R842_B443,codetalker,413,0.010344138368964195,0.00025590535369701684,0.0031171052251011133
W0Mw5dfZoyg,W0Mw5dfZoyg_0000_S235_E808_L511_T0_R831_B272,dpt,477,0.010142785497009754,0.000209839636227116,0.0032484116964042187
W0Mw5dfZoyg,W0Mw5dfZoyg_0000_S235_E808_L511_T0_R831_B272,artalk,478,0.007113124709576368,5.787521877209656e-05,0.003730960888788104
W0Mw5dfZoyg,W0Mw5dfZoyg_0000_S235_E808_L511_T0_R831_B272,multitalk,477,0.011481142602860928,0.00024623324861750007,0.006777389440685511
W0Mw5dfZoyg,W0Mw5dfZoyg_0000_S235_E808_L511_T0_R831_B272,codetalker,479,0.01170425396412611,0.00025840027956292033,0.0034735228400677443
W0caVAMB7LQ,W0caVAMB7LQ_0000_S1378_E1641_L371_T117_R659_B405,dpt,219,0.009082538075745106,0.0001514613686595112,0.006379749160259962
W0caVAMB7LQ,W0caVAMB7LQ_0000_S1378_E1641_L371_T117_R659_B405,artalk,220,0.008607743307948112,7.477806320821401e-06,0.0053702592849731445
W0caVAMB7LQ,W0caVAMB7LQ_0000_S1378_E1641_L371_T117_R659_B405,multitalk,219,0.015795473009347916,-0.0006592207355424762,0.008075878955423832
W0caVAMB7LQ,W0caVAMB7LQ_0000_S1378_E1641_L371_T117_R659_B405,codetalker,221,0.01000873651355505,0.00018628228281158954,0.004148503299802542
W354uz6KPJE,W354uz6KPJE_0002_S298_E757_L222_T0_R686_B464,dpt,383,0.008748363703489304,6.30720314802602e-05,0.0023868796415627003
W354uz6KPJE,W354uz6KPJE_0002_S298_E757_L222_T0_R686_B464,artalk,384,0.004893211647868156,7.524661214119988e-07,0.002076429547742009
W354uz6KPJE,W354uz6KPJE_0002_S298_E757_L222_T0_R686_B464,multitalk,383,0.009380550123751163,0.00010900331835728139,0.00381853012368083
W354uz6KPJE,W354uz6KPJE_0002_S298_E757_L222_T0_R686_B464,codetalker,385,0.009092728607356548,0.00016140771913342178,0.005646134726703167
W3H5b9yZcOs,W3H5b9yZcOs_0011_S947_E1296_L58_T39_R314_B295,dpt,349,0.010979579761624336,2.9704138796660118e-05,0.0040509626269340515
W3H5b9yZcOs,W3H5b9yZcOs_0011_S947_E1296_L58_T39_R314_B295,artalk,349,0.008693349547684193,-0.00010315210238331929,0.0041838353499770164
W3H5b9yZcOs,W3H5b9yZcOs_0011_S947_E1296_L58_T39_R314_B295,multitalk,349,0.011320268735289574,6.039494110154919e-05,0.011210273951292038
W3H5b9yZcOs,W3H5b9yZcOs_0011_S947_E1296_L58_T39_R314_B295,codetalker,349,0.012111845426261425,3.468589056865312e-05,0.002633342519402504
W3XADagE6P8,W3XADagE6P8_0011_S0_E655_L408_T136_R728_B456,dpt,546,0.00940003339201212,0.0001409758988302201,0.002662040526047349
W3XADagE6P8,W3XADagE6P8_0011_S0_E655_L408_T136_R728_B456,artalk,547,0.005525924265384674,4.6079767344053835e-05,0.0021578187588602304
W3XADagE6P8,W3XADagE6P8_0011_S0_E655_L408_T136_R728_B456,multitalk,546,0.010793785564601421,0.00014481853577308357,0.003792794654145837
W3XADagE6P8,W3XADagE6P8_0011_S0_E655_L408_T136_R728_B456,codetalker,549,0.011263266205787659,0.00020824863167945296,0.006866942625492811
W42cARRDRe4,W42cARRDRe4_0000_S0_E389_L418_T53_R850_B485,dpt,389,0.011805459856987,9.468345524510369e-05,0.005018044728785753
W42cARRDRe4,W42cARRDRe4_0000_S0_E389_L418_T53_R850_B485,artalk,389,0.006480026990175247,2.0045508790644817e-06,0.004185561090707779
W42cARRDRe4,W42cARRDRe4_0000_S0_E389_L418_T53_R850_B485,multitalk,389,0.01217933464795351,0.00014124286826699972,0.009266123175621033
W42cARRDRe4,W42cARRDRe4_0000_S0_E389_L418_T53_R850_B485,codetalker,389,0.010533502325415611,0.0001607858284842223,0.004952576477080584
W9okU7bAE-U,W9okU7bAE-U_0003_S0_E731_L275_T0_R867_B576,dpt,609,0.020914237946271896,9.015243267640471e-05,0.007746072486042976
W9okU7bAE-U,W9okU7bAE-U_0003_S0_E731_L275_T0_R867_B576,artalk,610,0.021067356690764427,-4.592162076733075e-05,0.009858082979917526
W9okU7bAE-U,W9okU7bAE-U_0003_S0_E731_L275_T0_R867_B576,multitalk,609,0.017009418457746506,6.890744407428429e-05,0.008374807424843311
W9okU7bAE-U,W9okU7bAE-U_0003_S0_E731_L275_T0_R867_B576,codetalker,612,0.02348206751048565,0.00010718608245952055,0.011669925414025784
WA1L8vXkSKQ,WA1L8vXkSKQ_0000_S395_E640_L734_T32_R1230_B528,dpt,204,0.009907526895403862,9.794533252716064e-05,0.0033721651416271925
WA1L8vXkSKQ,WA1L8vXkSKQ_0000_S395_E640_L734_T32_R1230_B528,artalk,205,0.0061249034479260445,5.985605457681231e-05,0.0027710478752851486
WA1L8vXkSKQ,WA1L8vXkSKQ_0000_S395_E640_L734_T32_R1230_B528,multitalk,204,0.015181833878159523,2.9693781470996328e-05,0.00463479571044445
WA1L8vXkSKQ,WA1L8vXkSKQ_0000_S395_E640_L734_T32_R1230_B528,codetalker,206,0.010594062507152557,9.060436423169449e-05,0.006881429348140955
WA9sMdQzdiA,WA9sMdQzdiA_0000_S931_E1138_L84_T49_R564_B529,dpt,207,0.009767558425664902,0.00023096233780961484,0.0036650400143116713
WA9sMdQzdiA,WA9sMdQzdiA_0000_S931_E1138_L84_T49_R564_B529,artalk,207,0.00905997771769762,0.00015230494318529963,0.004864818882197142
WA9sMdQzdiA,WA9sMdQzdiA_0000_S931_E1138_L84_T49_R564_B529,multitalk,207,0.01184716448187828,0.0001904338860185817,0.004137893207371235
WA9sMdQzdiA,WA9sMdQzdiA_0000_S931_E1138_L84_T49_R564_B529,codetalker,207,0.010694724507629871,0.00031159253558143973,0.007875273004174232
WAl7wIw5ReQ,WAl7wIw5ReQ_0000_S1306_E1535_L485_T0_R1093_B592,dpt,239,0.006665942724794149,0.00011978697875747457,0.0030378280207514763
WAl7wIw5ReQ,WAl7wIw5ReQ_0000_S1306_E1535_L485_T0_R1093_B592,artalk,239,0.006285238079726696,1.555534436192829e-05,0.0030440608970820904
WAl7wIw5ReQ,WAl7wIw5ReQ_0000_S1306_E1535_L485_T0_R1093_B592,multitalk,239,0.008417831733822823,0.00013127193960826844,0.0020040408708155155
WAl7wIw5ReQ,WAl7wIw5ReQ_0000_S1306_E1535_L485_T0_R1093_B592,codetalker,239,0.007933326065540314,0.00014421099331229925,0.003935307264328003
WDialA8RHEg,WDialA8RHEg_0003_S1059_E1759_L314_T18_R602_B306,dpt,583,0.016484282910823822,-7.214573997771367e-05,0.0043057105503976345
WDialA8RHEg,WDialA8RHEg_0003_S1059_E1759_L314_T18_R602_B306,artalk,584,0.017052089795470238,-0.00018350922618992627,0.00286506162956357
WDialA8RHEg,WDialA8RHEg_0003_S1059_E1759_L314_T18_R602_B306,multitalk,583,0.01802598312497139,-0.0010163434781134129,0.004174753557890654
WDialA8RHEg,WDialA8RHEg_0003_S1059_E1759_L314_T18_R602_B306,codetalker,587,0.017756424844264984,-0.0001050057981046848,0.007291233167052269
WIiuU7Fd-KA,WIiuU7Fd-KA_0001_S400_E682_L383_T0_R911_B464,dpt,235,0.009612387977540493,0.00017171063518617302,0.001991028431802988
WIiuU7Fd-KA,WIiuU7Fd-KA_0001_S400_E682_L383_T0_R911_B464,artalk,236,0.008816910907626152,5.322718061506748e-05,0.0023851243313401937
WIiuU7Fd-KA,WIiuU7Fd-KA_0001_S400_E682_L383_T0_R911_B464,multitalk,234,0.015307100489735603,0.00018687342526391149,0.0026366894599050283
WIiuU7Fd-KA,WIiuU7Fd-KA_0001_S400_E682_L383_T0_R911_B464,codetalker,237,0.012647629715502262,0.00018515484407544136,0.005907003302127123
WJaW32ZTyKE,WJaW32ZTyKE_0000_S1268_E1728_L83_T0_R755_B640,dpt,383,0.01312995608896017,0.000300936953863129,0.006671203300356865
WJaW32ZTyKE,WJaW32ZTyKE_0000_S1268_E1728_L83_T0_R755_B640,artalk,384,0.008830222301185131,0.00029738497687503695,0.005590651649981737
WJaW32ZTyKE,WJaW32ZTyKE_0000_S1268_E1728_L83_T0_R755_B640,multitalk,383,0.01492863055318594,0.0003554597496986389,0.008729634806513786
WJaW32ZTyKE,WJaW32ZTyKE_0000_S1268_E1728_L83_T0_R755_B640,codetalker,385,0.01345200464129448,0.0003655437321867794,0.005701955407857895
WJlK8D9Vy1k,WJlK8D9Vy1k_0003_S498_E1017_L325_T46_R773_B494,dpt,433,0.005816873162984848,0.0001439995685359463,0.0025761565193533897
WJlK8D9Vy1k,WJlK8D9Vy1k_0003_S498_E1017_L325_T46_R773_B494,artalk,434,0.00618880707770586,0.00011265250941505656,0.003745430614799261
WJlK8D9Vy1k,WJlK8D9Vy1k_0003_S498_E1017_L325_T46_R773_B494,multitalk,432,0.008006970398128033,0.00013252306962385774,0.00535542331635952
WJlK8D9Vy1k,WJlK8D9Vy1k_0003_S498_E1017_L325_T46_R773_B494,codetalker,435,0.006278470624238253,0.00012256164336577058,0.00299222394824028
WLVKRBitiY4,WLVKRBitiY4_0004_S0_E267_L154_T0_R1162_B704,dpt,222,0.009122034534811974,6.65554398437962e-05,0.003340591210871935
WLVKRBitiY4,WLVKRBitiY4_0004_S0_E267_L154_T0_R1162_B704,artalk,223,0.008929251693189144,1.1799818821600638e-05,0.002251078374683857
WLVKRBitiY4,WLVKRBitiY4_0004_S0_E267_L154_T0_R1162_B704,multitalk,222,0.009090558625757694,7.250706403283402e-05,0.0048569063656032085
WLVKRBitiY4,WLVKRBitiY4_0004_S0_E267_L154_T0_R1162_B704,codetalker,224,0.012595496140420437,0.0001333840482402593,0.007768424693495035
WP4jOqfpJx8,WP4jOqfpJx8_0000_S748_E1046_L327_T168_R599_B440,dpt,249,0.009104426018893719,0.0001050376013154164,0.004524978809058666
WP4jOqfpJx8,WP4jOqfpJx8_0000_S748_E1046_L327_T168_R599_B440,artalk,250,0.008093387819826603,6.386425229720771e-05,0.002853231970220804
WP4jOqfpJx8,WP4jOqfpJx8_0000_S748_E1046_L327_T168_R599_B440,multitalk,248,0.011279038153588772,0.00017588546324986964,0.006763518322259188
WP4jOqfpJx8,WP4jOqfpJx8_0000_S748_E1046_L327_T168_R599_B440,codetalker,250,0.010645531117916107,0.0002001956891035661,0.004668909590691328
WQ2QwrfZHTk,WQ2QwrfZHTk_0000_S398_E649_L478_T85_R910_B517,dpt,261,0.007419917732477188,0.00011510960757732391,0.003297090530395508
WQ2QwrfZHTk,WQ2QwrfZHTk_0000_S398_E649_L478_T85_R910_B517,artalk,262,0.006130587309598923,-1.0110562698173453e-06,0.0034470867831259966
WQ2QwrfZHTk,WQ2QwrfZHTk_0000_S398_E649_L478_T85_R910_B517,multitalk,261,0.008501703850924969,0.00012506116763688624,0.004514476750046015
WQ2QwrfZHTk,WQ2QwrfZHTk_0000_S398_E649_L478_T85_R910_B517,codetalker,262,0.007317506242543459,0.00013656711962539703,0.0048856656067073345
WQ4W-UqaaMo,WQ4W-UqaaMo_0000_S575_E992_L233_T109_R889_B717,dpt,435,0.010232552886009216,0.00019247204181738198,0.0028814293909817934
WQ4W-UqaaMo,WQ4W-UqaaMo_0000_S575_E992_L233_T109_R889_B717,artalk,435,0.007774067111313343,0.00018016099056694657,0.0037612314336001873
WQ4W-UqaaMo,WQ4W-UqaaMo_0000_S575_E992_L233_T109_R889_B717,multitalk,435,0.010141522623598576,0.00019761019211728126,0.004250006750226021
WQ4W-UqaaMo,WQ4W-UqaaMo_0000_S575_E992_L233_T109_R889_B717,codetalker,435,0.008698396384716034,0.00018240573990624398,0.0038869113195687532
WQXM3hU-7vk,WQXM3hU-7vk_0003_S384_E734_L471_T34_R791_B354,dpt,291,0.01267251931130886,0.00014639730216003954,0.0031942513305693865
WQXM3hU-7vk,WQXM3hU-7vk_0003_S384_E734_L471_T34_R791_B354,artalk,292,0.007588384672999382,0.00010194967035204172,0.002752411412075162
WQXM3hU-7vk,WQXM3hU-7vk_0003_S384_E734_L471_T34_R791_B354,multitalk,291,0.014701172709465027,0.00019254742073826492,0.0035063119139522314
WQXM3hU-7vk,WQXM3hU-7vk_0003_S384_E734_L471_T34_R791_B354,codetalker,294,0.011810985393822193,0.00022851506946608424,0.007235481403768063
WQiGCGxYMm4,WQiGCGxYMm4_0000_S1030_E1442_L473_T0_R1017_B528,dpt,412,0.008396316319704056,0.00017896524514071643,0.00257738190703094
WQiGCGxYMm4,WQiGCGxYMm4_0000_S1030_E1442_L473_T0_R1017_B528,artalk,412,0.005752562545239925,7.885153900133446e-05,0.0026432129088789225
WQiGCGxYMm4,WQiGCGxYMm4_0000_S1030_E1442_L473_T0_R1017_B528,multitalk,412,0.008663991466164589,0.00017119324184022844,0.0038318291772156954
WQiGCGxYMm4,WQiGCGxYMm4_0000_S1030_E1442_L473_T0_R1017_B528,codetalker,412,0.009016421623528004,0.000192927080206573,0.0055757067166268826
WR4vkITJckY,WR4vkITJckY_0000_S893_E1203_L69_T0_R1205_B640,dpt,258,0.017011495307087898,0.0003529098758008331,0.0062963515520095825
WR4vkITJckY,WR4vkITJckY_0000_S893_E1203_L69_T0_R1205_B640,artalk,259,0.012088869698345661,0.0002588702773209661,0.006442104000598192
WR4vkITJckY,WR4vkITJckY_0000_S893_E1203_L69_T0_R1205_B640,multitalk,258,0.018443075940012932,0.0003416447143536061,0.003705631010234356
WR4vkITJckY,WR4vkITJckY_0000_S893_E1203_L69_T0_R1205_B640,codetalker,260,0.01922597363591194,0.0004004341026302427,0.01306790392845869
WT2aDvMsZF8,WT2aDvMsZF8_0002_S610_E969_L263_T0_R599_B320,dpt,359,0.010851706378161907,0.00011546549649210647,0.003238159231841564
WT2aDvMsZF8,WT2aDvMsZF8_0002_S610_E969_L263_T0_R599_B320,artalk,359,0.006384363863617182,2.5055907826754265e-05,0.002140649827197194
WT2aDvMsZF8,WT2aDvMsZF8_0002_S610_E969_L263_T0_R599_B320,multitalk,359,0.01576572097837925,0.0001611342595424503,0.003439574269577861
WT2aDvMsZF8,WT2aDvMsZF8_0002_S610_E969_L263_T0_R599_B320,codetalker,359,0.01113801822066307,0.00014041623217053711,0.005658767186105251
WTxTntSi6Jw,WTxTntSi6Jw_0000_S532_E871_L202_T66_R458_B322,dpt,283,0.008739769458770752,0.0001784549531294033,0.004126340616494417
WTxTntSi6Jw,WTxTntSi6Jw_0000_S532_E871_L202_T66_R458_B322,artalk,284,0.005977881606668234,9.813390352064744e-05,0.003266628598794341
WTxTntSi6Jw,WTxTntSi6Jw_0000_S532_E871_L202_T66_R458_B322,multitalk,283,0.013276343233883381,0.0002015255013247952,0.004740116652101278
WTxTntSi6Jw,WTxTntSi6Jw_0000_S532_E871_L202_T66_R458_B322,codetalker,285,0.010845796205103397,0.00024412486527580768,0.008288613520562649
WUx-OqSLBak,WUx-OqSLBak_0000_S142_E663_L391_T44_R759_B412,dpt,434,0.010630765929818153,0.00030852711643092334,0.005706372205168009
WUx-OqSLBak,WUx-OqSLBak_0000_S142_E663_L391_T44_R759_B412,artalk,435,0.007383107207715511,0.0001759742444846779,0.005121454130858183
WUx-OqSLBak,WUx-OqSLBak_0000_S142_E663_L391_T44_R759_B412,multitalk,434,0.012927405536174774,0.0002656875876709819,0.004547301679849625
WUx-OqSLBak,WUx-OqSLBak_0000_S142_E663_L391_T44_R759_B412,codetalker,436,0.012116377241909504,0.00028921570628881454,0.011094979010522366
WZQi3LOqiNc,WZQi3LOqiNc_0000_S1164_E1811_L105_T0_R1097_B704,dpt,539,0.013798150233924389,-1.690434874035418e-05,0.0060137598775327206
WZQi3LOqiNc,WZQi3LOqiNc_0000_S1164_E1811_L105_T0_R1097_B704,artalk,540,0.012772182002663612,-0.00011781458306359127,0.006352094002068043
WZQi3LOqiNc,WZQi3LOqiNc_0000_S1164_E1811_L105_T0_R1097_B704,multitalk,539,0.013279557228088379,6.212275911821052e-05,0.004696282092481852
WZQi3LOqiNc,WZQi3LOqiNc_0000_S1164_E1811_L105_T0_R1097_B704,codetalker,541,0.015419824048876762,8.455428178422153e-05,0.010485842823982239
WZw5Vz_imPM,WZw5Vz_imPM_0002_S1052_E1439_L314_T0_R730_B416,dpt,403,0.011320582590997219,8.941718260757625e-05,0.0037267233710736036
WZw5Vz_imPM,WZw5Vz_imPM_0002_S1052_E1439_L314_T0_R730_B416,artalk,403,0.012038114480674267,-5.511587460205192e-06,0.003699244000017643
WZw5Vz_imPM,WZw5Vz_imPM_0002_S1052_E1439_L314_T0_R730_B416,multitalk,403,0.009233618155121803,0.00011883870320161805,0.0028716546948999166
WZw5Vz_imPM,WZw5Vz_imPM_0002_S1052_E1439_L314_T0_R730_B416,codetalker,403,0.011718356050550938,0.00014557586109731346,0.007110530510544777
WeHTlU8efMA,WeHTlU8efMA_0008_S397_E619_L371_T0_R1027_B624,dpt,222,0.010789887979626656,0.00034497666638344526,0.004397338721901178
WeHTlU8efMA,WeHTlU8efMA_0008_S397_E619_L371_T0_R1027_B624,artalk,222,0.010591547004878521,0.00031273753847926855,0.00504964729771018
WeHTlU8efMA,WeHTlU8efMA_0008_S397_E619_L371_T0_R1027_B624,multitalk,222,0.009719399735331535,0.00031212170142680407,0.003332915948703885
WeHTlU8efMA,WeHTlU8efMA_0008_S397_E619_L371_T0_R1027_B624,codetalker,222,0.009462641552090645,0.0003671595186460763,0.003472989657893777
WgWkOiDD4n4,WgWkOiDD4n4_0001_S1096_E1412_L133_T114_R453_B434,dpt,264,0.009723042137920856,0.00016530649736523628,0.006815619766712189
WgWkOiDD4n4,WgWkOiDD4n4_0001_S1096_E1412_L133_T114_R453_B434,artalk,265,0.01171907503157854,7.571059541078284e-05,0.00752293411642313
WgWkOiDD4n4,WgWkOiDD4n4_0001_S1096_E1412_L133_T114_R453_B434,multitalk,264,0.011027082800865173,0.00018770167662296444,0.00854688324034214
WgWkOiDD4n4,WgWkOiDD4n4_0001_S1096_E1412_L133_T114_R453_B434,codetalker,265,0.007802956271916628,0.0001741464511724189,0.0037723600398749113
WiILKjGKveI,WiILKjGKveI_0000_S0_E277_L0_T0_R1264_B704,dpt,231,0.011091673746705055,0.00015098559379111975,0.006108581088483334
WiILKjGKveI,WiILKjGKveI_0000_S0_E277_L0_T0_R1264_B704,artalk,232,0.006997083779424429,9.552065603202209e-05,0.004590210504829884
WiILKjGKveI,WiILKjGKveI_0000_S0_E277_L0_T0_R1264_B704,multitalk,231,0.009365824051201344,0.00019851824617944658,0.005449241492897272
WiILKjGKveI,WiILKjGKveI_0000_S0_E277_L0_T0_R1264_B704,codetalker,233,0.010802492499351501,0.00012233523011673242,0.0036140261217951775
WiNgIQ1pOlE,WiNgIQ1pOlE_0000_S1322_E1871_L144_T24_R496_B376,dpt,458,0.014067154377698898,0.00024292287707794458,0.0030383418779820204
WiNgIQ1pOlE,WiNgIQ1pOlE_0000_S1322_E1871_L144_T24_R496_B376,artalk,459,0.010677985846996307,0.00012487752246670425,0.0033673979341983795
WiNgIQ1pOlE,WiNgIQ1pOlE_0000_S1322_E1871_L144_T24_R496_B376,multitalk,457,0.013213862664997578,0.0002154916583094746,0.004409665707498789
WiNgIQ1pOlE,WiNgIQ1pOlE_0000_S1322_E1871_L144_T24_R496_B376,codetalker,460,0.014567185193300247,0.00022467532835435122,0.005804295651614666
WsQ7ysVt-0A,WsQ7ysVt-0A_0000_S1268_E1535_L490_T27_R1002_B539,dpt,267,0.01052904687821865,0.00029640409047715366,0.005526634398847818
WsQ7ysVt-0A,WsQ7ysVt-0A_0000_S1268_E1535_L490_T27_R1002_B539,artalk,267,0.010437319055199623,0.00016298836271744221,0.005387626588344574
WsQ7ysVt-0A,WsQ7ysVt-0A_0000_S1268_E1535_L490_T27_R1002_B539,multitalk,266,0.011981690302491188,0.000296129088383168,0.008129553869366646
WsQ7ysVt-0A,WsQ7ysVt-0A_0000_S1268_E1535_L490_T27_R1002_B539,codetalker,267,0.008333977311849594,0.00033863732824102044,0.003780958242714405
Wx9v_J34Fyo,Wx9v_J34Fyo_0001_S965_E1245_L447_T18_R975_B546,dpt,280,0.008759994991123676,0.00015206770331133157,0.004647666122764349
Wx9v_J34Fyo,Wx9v_J34Fyo_0001_S965_E1245_L447_T18_R975_B546,artalk,280,0.007670743856579065,3.716197170433588e-05,0.0042159766890108585
Wx9v_J34Fyo,Wx9v_J34Fyo_0001_S965_E1245_L447_T18_R975_B546,multitalk,280,0.009162318892776966,0.00011256930883973837,0.005014883819967508
Wx9v_J34Fyo,Wx9v_J34Fyo_0001_S965_E1245_L447_T18_R975_B546,codetalker,280,0.0075071402825415134,0.0001381494803354144,0.0039391773752868176
WzyI1gx_PHI,WzyI1gx_PHI_0000_S637_E917_L248_T0_R968_B672,dpt,280,0.01604737527668476,0.0003785274748224765,0.00265878695063293
WzyI1gx_PHI,WzyI1gx_PHI_0000_S637_E917_L248_T0_R968_B672,artalk,280,0.012974916025996208,0.0002973842201754451,0.0026120480615645647
WzyI1gx_PHI,WzyI1gx_PHI_0000_S637_E917_L248_T0_R968_B672,multitalk,280,0.022169204428792,-8.646749483887106e-05,0.005245673004537821
WzyI1gx_PHI,WzyI1gx_PHI_0000_S637_E917_L248_T0_R968_B672,codetalker,280,0.017369544133543968,0.0003757622034754604,0.004709373693913221
X-irPLY6oLk,X-irPLY6oLk_0002_S1066_E1535_L373_T45_R773_B445,dpt,469,0.008318819105625153,0.0002040944091277197,0.003829394234344363
X-irPLY6oLk,X-irPLY6oLk_0002_S1066_E1535_L373_T45_R773_B445,artalk,469,0.006954125128686428,9.62335616350174e-05,0.0034876535646617413
X-irPLY6oLk,X-irPLY6oLk_0002_S1066_E1535_L373_T45_R773_B445,multitalk,468,0.011467034928500652,-1.8326147710467922e-06,0.007438716944307089
X-irPLY6oLk,X-irPLY6oLk_0002_S1066_E1535_L373_T45_R773_B445,codetalker,469,0.009193302132189274,0.00020610778301488608,0.003191368654370308
X3bcvqrTTJI,X3bcvqrTTJI_0000_S741_E1074_L620_T64_R1036_B480,dpt,278,0.011116215959191322,0.000194799795281142,0.00536035792902112
X3bcvqrTTJI,X3bcvqrTTJI_0000_S741_E1074_L620_T64_R1036_B480,artalk,279,0.009540397673845291,0.00013179428060539067,0.004299627151340246
X3bcvqrTTJI,X3bcvqrTTJI_0000_S741_E1074_L620_T64_R1036_B480,multitalk,277,0.01055028848350048,0.00022130108845885843,0.005606710910797119
X3bcvqrTTJI,X3bcvqrTTJI_0000_S741_E1074_L620_T64_R1036_B480,codetalker,280,0.008737868629395962,0.0002340345090487972,0.00486365333199501
X3tI7SRuvhw,X3tI7SRuvhw_0001_S210_E781_L308_T14_R772_B478,dpt,595,0.009944336488842964,0.00019310043717268854,0.002796131419017911
X3tI7SRuvhw,X3tI7SRuvhw_0001_S210_E781_L308_T14_R772_B478,artalk,595,0.011564010754227638,4.537096538115293e-05,0.003479313338175416
X3tI7SRuvhw,X3tI7SRuvhw_0001_S210_E781_L308_T14_R772_B478,multitalk,595,0.008921047672629356,0.00018214405281469226,0.003510800888761878
X3tI7SRuvhw,X3tI7SRuvhw_0001_S210_E781_L308_T14_R772_B478,codetalker,595,0.01220625825226307,0.0002053323114523664,0.00635963911190629
X3ztiC2hUXM,X3ztiC2hUXM_0004_S1172_E1461_L359_T56_R871_B568,dpt,289,0.008680518716573715,0.00025937461759895086,0.003095250576734543
X3ztiC2hUXM,X3ztiC2hUXM_0004_S1172_E1461_L359_T56_R871_B568,artalk,289,0.007967409677803516,0.0001871318818302825,0.003892845707014203
X3ztiC2hUXM,X3ztiC2hUXM_0004_S1172_E1461_L359_T56_R871_B568,multitalk,288,0.00975320115685463,0.00024818044039420784,0.004686151631176472
X3ztiC2hUXM,X3ztiC2hUXM_0004_S1172_E1461_L359_T56_R871_B568,codetalker,289,0.01150752604007721,0.0002730479172896594,0.00697516743093729
X7Jd6mI9iHM,X7Jd6mI9iHM_0004_S283_E498_L456_T46_R760_B350,dpt,224,0.011640225537121296,0.00013563231914304197,0.005995127838104963
X7Jd6mI9iHM,X7Jd6mI9iHM_0004_S283_E498_L456_T46_R760_B350,artalk,225,0.00997795071452856,5.1990773499710485e-05,0.0049604629166424274
X7Jd6mI9iHM,X7Jd6mI9iHM_0004_S283_E498_L456_T46_R760_B350,multitalk,224,0.011402345262467861,0.00015248976706061512,0.006984012667089701
X7Jd6mI9iHM,X7Jd6mI9iHM_0004_S283_E498_L456_T46_R760_B350,codetalker,225,0.007985579781234264,0.00022970561985857785,0.004517698660492897
X7WI5_UUpys,X7WI5_UUpys_0004_S721_E989_L0_T0_R560_B560,dpt,224,0.012773946858942509,0.00027389905881136656,0.003987547475844622
X7WI5_UUpys,X7WI5_UUpys_0004_S721_E989_L0_T0_R560_B560,artalk,225,0.010518468916416168,0.00019245280418545008,0.0031125368550419807
X7WI5_UUpys,X7WI5_UUpys_0004_S721_E989_L0_T0_R560_B560,multitalk,223,0.012830712832510471,0.00014283803466241807,0.004114271607249975
X7WI5_UUpys,X7WI5_UUpys_0004_S721_E989_L0_T0_R560_B560,codetalker,225,0.012194715440273285,0.00030787434661760926,0.004036212805658579
XAhljQgieEs,XAhljQgieEs_0007_S1084_E1353_L303_T29_R799_B525,dpt,280,0.008071418851613998,7.99047265900299e-05,0.0051697795279324055
XAhljQgieEs,XAhljQgieEs_0007_S1084_E1353_L303_T29_R799_B525,artalk,281,0.008676266297698021,-1.951856756932102e-05,0.005233928095549345
XAhljQgieEs,XAhljQgieEs_0007_S1084_E1353_L303_T29_R799_B525,multitalk,280,0.007496044505387545,0.00010498101619305089,0.002395407995209098
XAhljQgieEs,XAhljQgieEs_0007_S1084_E1353_L303_T29_R799_B525,codetalker,281,0.011214693076908588,9.452928497921675e-05,0.010096506215631962
XBF-Pd_asag,XBF-Pd_asag_0001_S1209_E1759_L294_T118_R582_B406,dpt,459,0.01515937875956297,0.00024999192100949585,0.011652350425720215
XBF-Pd_asag,XBF-Pd_asag_0001_S1209_E1759_L294_T118_R582_B406,artalk,460,0.014890318736433983,0.00010973270400427282,0.011348205618560314
XBF-Pd_asag,XBF-Pd_asag_0001_S1209_E1759_L294_T118_R582_B406,multitalk,459,0.01888287253677845,0.00019222490664105862,0.017956212162971497
XBF-Pd_asag,XBF-Pd_asag_0001_S1209_E1759_L294_T118_R582_B406,codetalker,461,0.010137297213077545,0.00025859568268060684,0.0061143143102526665
XIXA-Kqb_Os,XIXA-Kqb_Os_0000_S522_E1033_L750_T86_R1118_B454,dpt,426,0.006755065638571978,0.00017219471919815987,0.0025678235106170177
XIXA-Kqb_Os,XIXA-Kqb_Os_0000_S522_E1033_L750_T86_R1118_B454,artalk,427,0.005995494779199362,7.612487388541922e-05,0.0021579607855528593
XIXA-Kqb_Os,XIXA-Kqb_Os_0000_S522_E1033_L750_T86_R1118_B454,multitalk,425,0.006843209732323885,0.00014831838780082762,0.003070330247282982
XIXA-Kqb_Os,XIXA-Kqb_Os_0000_S522_E1033_L750_T86_R1118_B454,codetalker,428,0.007666656747460365,0.00018796339281834662,0.004973135888576508
XL6m6Zl2ejc,XL6m6Zl2ejc_0003_S0_E263_L4_T2_R532_B530,dpt,219,0.011812254786491394,0.00019619360682554543,0.006013836711645126
XL6m6Zl2ejc,XL6m6Zl2ejc_0003_S0_E263_L4_T2_R532_B530,artalk,220,0.009428262710571289,0.00010040745110018179,0.004755536559969187
XL6m6Zl2ejc,XL6m6Zl2ejc_0003_S0_E263_L4_T2_R532_B530,multitalk,219,0.012428282760083675,0.00020658360153902322,0.005697023589164019
XL6m6Zl2ejc,XL6m6Zl2ejc_0003_S0_E263_L4_T2_R532_B530,codetalker,222,0.013692318461835384,0.0002448728191666305,0.008365471847355366
XLSJ7NIldNo,XLSJ7NIldNo_0012_S1174_E1417_L273_T0_R737_B432,dpt,203,0.01170420739799738,0.00018129531235899776,0.0029689637012779713
XLSJ7NIldNo,XLSJ7NIldNo_0012_S1174_E1417_L273_T0_R737_B432,artalk,204,0.012961606495082378,0.00011448138684500009,0.003258244600147009
XLSJ7NIldNo,XLSJ7NIldNo_0012_S1174_E1417_L273_T0_R737_B432,multitalk,203,0.012078610248863697,0.00018596688460092992,0.003636598587036133
XLSJ7NIldNo,XLSJ7NIldNo_0012_S1174_E1417_L273_T0_R737_B432,codetalker,204,0.011707116849720478,0.00021904973255004734,0.006997683551162481
XPwYTyTbCag,XPwYTyTbCag_0006_S273_E615_L765_T0_R1277_B416,dpt,285,0.009571535512804985,0.0003071575774811208,0.003566308645531535
XPwYTyTbCag,XPwYTyTbCag_0006_S273_E615_L765_T0_R1277_B416,artalk,286,0.008517742156982422,0.0002293588186148554,0.0033612423576414585
XPwYTyTbCag,XPwYTyTbCag_0006_S273_E615_L765_T0_R1277_B416,multitalk,285,0.010706542059779167,0.00032955920323729515,0.0032932402100414038
XPwYTyTbCag,XPwYTyTbCag_0006_S273_E615_L765_T0_R1277_B416,codetalker,287,0.010267493315041065,0.0003050134691875428,0.007322811521589756
XQy5b5mlVZ4,XQy5b5mlVZ4_0000_S0_E460_L796_T185_R1084_B473,dpt,383,0.011628632433712482,0.00019141517987009138,0.005868767388164997
XQy5b5mlVZ4,XQy5b5mlVZ4_0000_S0_E460_L796_T185_R1084_B473,artalk,384,0.010998646728694439,0.00010541504889260978,0.005530204623937607
XQy5b5mlVZ4,XQy5b5mlVZ4_0000_S0_E460_L796_T185_R1084_B473,multitalk,383,0.014933056198060513,0.000200467009562999,0.008317326195538044
XQy5b5mlVZ4,XQy5b5mlVZ4_0000_S0_E460_L796_T185_R1084_B473,codetalker,385,0.010604243725538254,0.000264891074039042,0.004475973080843687
XVtVVuER3W4,XVtVVuER3W4_0011_S908_E1240_L827_T230_R1083_B486,dpt,276,0.012064894661307335,0.00013918298645876348,0.006470029707998037
XVtVVuER3W4,XVtVVuER3W4_0011_S908_E1240_L827_T230_R1083_B486,artalk,277,0.00883740559220314,1.9875091311405413e-05,0.004349566996097565
XVtVVuER3W4,XVtVVuER3W4_0011_S908_E1240_L827_T230_R1083_B486,multitalk,276,0.014979366213083267,3.546915468177758e-05,0.009259047918021679
XVtVVuER3W4,XVtVVuER3W4_0011_S908_E1240_L827_T230_R1083_B486,codetalker,278,0.00975269079208374,0.00021315916092135012,0.0055281599052250385
XXKVwqZS1R8,XXKVwqZS1R8_0000_S1474_E1811_L525_T0_R877_B256,dpt,280,0.009100141003727913,0.00023528700694441795,0.0032342621125280857
XXKVwqZS1R8,XXKVwqZS1R8_0000_S1474_E1811_L525_T0_R877_B256,artalk,281,0.0066340649500489235,0.00013603638217318803,0.002749355975538492
XXKVwqZS1R8,XXKVwqZS1R8_0000_S1474_E1811_L525_T0_R877_B256,multitalk,280,0.010267246514558792,0.0002539988199714571,0.0027430288027971983
XXKVwqZS1R8,XXKVwqZS1R8_0000_S1474_E1811_L525_T0_R877_B256,codetalker,283,0.009026158601045609,0.00028068694518879056,0.008256194181740284
XXgJZXUPZXM,XXgJZXUPZXM_0003_S1192_E1799_L586_T0_R1066_B432,dpt,474,0.011506784707307816,9.932421380653977e-05,0.002789747202768922
XXgJZXUPZXM,XXgJZXUPZXM_0003_S1192_E1799_L586_T0_R1066_B432,artalk,475,0.009455504827201366,-3.9713431760901585e-05,0.0028781630098819733
XXgJZXUPZXM,XXgJZXUPZXM_0003_S1192_E1799_L586_T0_R1066_B432,multitalk,474,0.009711915627121925,8.911288750823587e-05,0.0036763492971658707
XXgJZXUPZXM,XXgJZXUPZXM_0003_S1192_E1799_L586_T0_R1066_B432,codetalker,476,0.013414544984698296,9.954287088476121e-05,0.005528421141207218
XZxl6h-TxQ4,XZxl6h-TxQ4_0000_S1344_E1811_L447_T156_R783_B492,dpt,389,0.011094697751104832,0.00037878972943872213,0.0039041165728121996
XZxl6h-TxQ4,XZxl6h-TxQ4_0000_S1344_E1811_L447_T156_R783_B492,artalk,390,0.010072480887174606,0.00027748499996960163,0.0038017784245312214
XZxl6h-TxQ4,XZxl6h-TxQ4_0000_S1344_E1811_L447_T156_R783_B492,multitalk,389,0.009926398284733295,0.00041025393875315785,0.004790522623807192
XZxl6h-TxQ4,XZxl6h-TxQ4_0000_S1344_E1811_L447_T156_R783_B492,codetalker,391,0.008467016741633415,0.00040906667709350586,0.0031002431642264128
XaGss5gNQEM,XaGss5gNQEM_0017_S910_E1104_L392_T43_R728_B379,dpt,202,0.010201598517596722,0.00016484801017213613,0.002566336886957288
XaGss5gNQEM,XaGss5gNQEM_0017_S910_E1104_L392_T43_R728_B379,artalk,202,0.007231824565678835,5.926673566136742e-06,0.0031070674303919077
XaGss5gNQEM,XaGss5gNQEM_0017_S910_E1104_L392_T43_R728_B379,multitalk,202,0.01232164353132248,0.0001316727721132338,0.00503965001553297
XaGss5gNQEM,XaGss5gNQEM_0017_S910_E1104_L392_T43_R728_B379,codetalker,202,0.010223658755421638,0.00021755263151135296,0.007106421049684286
XaxSxkApUQc,XaxSxkApUQc_0000_S0_E300_L324_T55_R884_B615,dpt,451,0.013502751477062702,0.00017447987920604646,0.0058977375738322735
XaxSxkApUQc,XaxSxkApUQc_0000_S0_E300_L324_T55_R884_B615,artalk,452,0.013137485831975937,0.00012092569522792473,0.00929286703467369
XaxSxkApUQc,XaxSxkApUQc_0000_S0_E300_L324_T55_R884_B615,multitalk,450,0.010603753849864006,0.0001658435066929087,0.004025081172585487
XaxSxkApUQc,XaxSxkApUQc_0000_S0_E300_L324_T55_R884_B615,codetalker,452,0.018634440377354622,0.00017616200784686953,0.01366827730089426
Xb32P_VWh7w,Xb32P_VWh7w_0038_S1227_E1746_L398_T105_R766_B473,dpt,433,0.007954878732562065,0.0001221279671881348,0.002690786961466074
Xb32P_VWh7w,Xb32P_VWh7w_0038_S1227_E1746_L398_T105_R766_B473,artalk,434,0.006536251399666071,0.00010610053141135722,0.0026519731618463993
Xb32P_VWh7w,Xb32P_VWh7w_0038_S1227_E1746_L398_T105_R766_B473,multitalk,432,0.00954537745565176,0.00013874733122065663,0.006310772616416216
Xb32P_VWh7w,Xb32P_VWh7w_0038_S1227_E1746_L398_T105_R766_B473,codetalker,434,0.008227115496993065,0.00021780662063974887,0.005255614407360554
XbDyn-2_xIc,XbDyn-2_xIc_0002_S1358_E1638_L526_T49_R894_B417,dpt,233,0.00748691288754344,0.00011558826372493058,0.0020582370925694704
XbDyn-2_xIc,XbDyn-2_xIc_0002_S1358_E1638_L526_T49_R894_B417,artalk,234,0.00908414926379919,-1.4112331882643048e-05,0.0026855566538870335
XbDyn-2_xIc,XbDyn-2_xIc_0002_S1358_E1638_L526_T49_R894_B417,multitalk,233,0.008118487894535065,6.813948857598007e-05,0.0038604051806032658
XbDyn-2_xIc,XbDyn-2_xIc_0002_S1358_E1638_L526_T49_R894_B417,codetalker,236,0.009403398260474205,0.00013048200344201177,0.005337091628462076
XbtdjM8wGv4,XbtdjM8wGv4_0000_S0_E272_L454_T0_R1030_B544,dpt,283,0.010981859639286995,0.00013356532144825906,0.009968122467398643
XbtdjM8wGv4,XbtdjM8wGv4_0000_S0_E272_L454_T0_R1030_B544,artalk,283,0.010731021873652935,2.6869654902839102e-05,0.007841174490749836
XbtdjM8wGv4,XbtdjM8wGv4_0000_S0_E272_L454_T0_R1030_B544,multitalk,283,0.011526701040565968,0.00015297762001864612,0.010772095993161201
XbtdjM8wGv4,XbtdjM8wGv4_0000_S0_E272_L454_T0_R1030_B544,codetalker,283,0.013458053581416607,0.0001733365934342146,0.005324103403836489
XcZaQG7wUpA,XcZaQG7wUpA_0003_S968_E1231_L374_T25_R838_B489,dpt,219,0.008040973916649818,0.00024775738711468875,0.003497140249237418
XcZaQG7wUpA,XcZaQG7wUpA_0003_S968_E1231_L374_T25_R838_B489,artalk,220,0.007943227887153625,0.0001439781772205606,0.00397915206849575
XcZaQG7wUpA,XcZaQG7wUpA_0003_S968_E1231_L374_T25_R838_B489,multitalk,219,0.008147296495735645,0.000206703320145607,0.004663833416998386
XcZaQG7wUpA,XcZaQG7wUpA_0003_S968_E1231_L374_T25_R838_B489,codetalker,222,0.008785738609731197,0.0002710139669943601,0.007609708700329065
XfMoY5WSlvc,XfMoY5WSlvc_0002_S139_E441_L433_T40_R769_B376,dpt,251,0.009863085113465786,0.00011953610373893753,0.0024346155114471912
XfMoY5WSlvc,XfMoY5WSlvc_0002_S139_E441_L433_T40_R769_B376,artalk,252,0.005949040874838829,2.6896785129792988e-05,0.00311630149371922
XfMoY5WSlvc,XfMoY5WSlvc_0002_S139_E441_L433_T40_R769_B376,multitalk,251,0.01386003103107214,0.00011071305198129267,0.003484519897028804
XfMoY5WSlvc,XfMoY5WSlvc_0002_S139_E441_L433_T40_R769_B376,codetalker,253,0.011257078498601913,0.00014624121831730008,0.0068056327290833
XkNofrvAt2s,XkNofrvAt2s_0000_S875_E1404_L780_T0_R1068_B160,dpt,529,0.015879953280091286,0.00011935607471968979,0.011358760297298431
XkNofrvAt2s,XkNofrvAt2s_0000_S875_E1404_L780_T0_R1068_B160,artalk,529,0.01393510028719902,1.638444882701151e-05,0.00937094260007143
XkNofrvAt2s,XkNofrvAt2s_0000_S875_E1404_L780_T0_R1068_B160,multitalk,529,0.01801024004817009,0.00014330103294923902,0.012798599898815155
XkNofrvAt2s,XkNofrvAt2s_0000_S875_E1404_L780_T0_R1068_B160,codetalker,529,0.00943404994904995,0.00021005743474233896,0.004908174742013216
XoVZxH4CwMQ,XoVZxH4CwMQ_0000_S1060_E1551_L658_T38_R978_B358,dpt,491,0.010008878074586391,0.0001417190651409328,0.004838602151721716
XoVZxH4CwMQ,XoVZxH4CwMQ_0000_S1060_E1551_L658_T38_R978_B358,artalk,491,0.009286199696362019,-2.7232890715822577e-05,0.004611758049577475
XoVZxH4CwMQ,XoVZxH4CwMQ_0000_S1060_E1551_L658_T38_R978_B358,multitalk,490,0.009780793450772762,0.00013193731138017029,0.004898005165159702
XoVZxH4CwMQ,XoVZxH4CwMQ_0000_S1060_E1551_L658_T38_R978_B358,codetalker,491,0.007692336104810238,0.00012922142923343927,0.004286524839699268
XrGuIdJ0Ckg,XrGuIdJ0Ckg_0001_S878_E1124_L509_T25_R845_B361,dpt,246,0.008529470302164555,0.0003098710731137544,0.006465558428317308
XrGuIdJ0Ckg,XrGuIdJ0Ckg_0001_S878_E1124_L509_T25_R845_B361,artalk,246,0.009136363863945007,0.00023334978322964162,0.0054481495171785355
XrGuIdJ0Ckg,XrGuIdJ0Ckg_0001_S878_E1124_L509_T25_R845_B361,multitalk,246,0.008902674540877342,0.0002737526083365083,0.007313569076359272
XrGuIdJ0Ckg,XrGuIdJ0Ckg_0001_S878_E1124_L509_T25_R845_B361,codetalker,246,0.009507677517831326,0.0002903312270063907,0.003710878547281027
XvfpyrdeZ0s,XvfpyrdeZ0s_0001_S1061_E1261_L370_T90_R898_B618,dpt,200,0.010457989759743214,0.00027734588366001844,0.004020443186163902
XvfpyrdeZ0s,XvfpyrdeZ0s_0001_S1061_E1261_L370_T90_R898_B618,artalk,200,0.0073084402829408646,0.00014488773012999445,0.002575830789282918
XvfpyrdeZ0s,XvfpyrdeZ0s_0001_S1061_E1261_L370_T90_R898_B618,multitalk,200,0.00966910645365715,0.0002820156223606318,0.004151154775172472
XvfpyrdeZ0s,XvfpyrdeZ0s_0001_S1061_E1261_L370_T90_R898_B618,codetalker,200,0.009863695129752159,0.00033473255462013185,0.006043114233762026
XxqpGCkrF8g,XxqpGCkrF8g_0000_S39_E284_L378_T149_R778_B549,dpt,204,0.01031243521720171,8.51211734698154e-05,0.004449271131306887
XxqpGCkrF8g,XxqpGCkrF8g_0000_S39_E284_L378_T149_R778_B549,artalk,205,0.009249098598957062,1.0866980119317304e-05,0.0037342505529522896
XxqpGCkrF8g,XxqpGCkrF8g_0000_S39_E284_L378_T149_R778_B549,multitalk,204,0.006604193244129419,9.098286682274193e-05,0.0030933695379644632
XxqpGCkrF8g,XxqpGCkrF8g_0000_S39_E284_L378_T149_R778_B549,codetalker,206,0.008127287961542606,0.00013111953740008175,0.0038865378592163324
XyvlWUQAkxM,XyvlWUQAkxM_0000_S1487_E1734_L422_T10_R870_B458,dpt,206,0.008981408551335335,8.961353887571022e-05,0.004397393204271793
XyvlWUQAkxM,XyvlWUQAkxM_0000_S1487_E1734_L422_T10_R870_B458,artalk,207,0.01329518761485815,-3.5308298720337916e-06,0.004043834283947945
XyvlWUQAkxM,XyvlWUQAkxM_0000_S1487_E1734_L422_T10_R870_B458,multitalk,205,0.012011886574327946,5.750546552008018e-05,0.00749597791582346
XyvlWUQAkxM,XyvlWUQAkxM_0000_S1487_E1734_L422_T10_R870_B458,codetalker,208,0.01141540240496397,0.00013046429376117885,0.005960655864328146
Y1QnypwCPZo,Y1QnypwCPZo_0001_S437_E732_L444_T25_R796_B377,dpt,295,0.01179294753819704,7.119296060409397e-05,0.009802530519664288
Y1QnypwCPZo,Y1QnypwCPZo_0001_S437_E732_L444_T25_R796_B377,artalk,295,0.011863208375871181,-4.903243734588614e-06,0.010393322445452213
Y1QnypwCPZo,Y1QnypwCPZo_0001_S437_E732_L444_T25_R796_B377,multitalk,295,0.012250436469912529,7.335577538469806e-05,0.010650546289980412
Y1QnypwCPZo,Y1QnypwCPZo_0001_S437_E732_L444_T25_R796_B377,codetalker,295,0.009856956079602242,0.00010998119978467003,0.00461813248693943
Y3sbt-6ndq0,Y3sbt-6ndq0_0025_S708_E906_L698_T82_R954_B338,dpt,206,0.012036151252686977,3.6766861740034074e-05,0.004572451580315828
Y3sbt-6ndq0,Y3sbt-6ndq0_0025_S708_E906_L698_T82_R954_B338,artalk,206,0.010733747854828835,-4.664197695092298e-05,0.005074346903711557
Y3sbt-6ndq0,Y3sbt-6ndq0_0025_S708_E906_L698_T82_R954_B338,multitalk,206,0.008219227194786072,5.5091295507736504e-05,0.0033540306612849236
Y3sbt-6ndq0,Y3sbt-6ndq0_0025_S708_E906_L698_T82_R954_B338,codetalker,206,0.010238145478069782,8.181308658095077e-05,0.0035676753614097834
Y6Mn-d9QMxY,Y6Mn-d9QMxY_0000_S264_E551_L477_T134_R845_B502,dpt,299,0.008077489212155342,0.000136972579639405,0.003826175583526492
Y6Mn-d9QMxY,Y6Mn-d9QMxY_0000_S264_E551_L477_T134_R845_B502,artalk,299,0.008440766483545303,3.8140881315484876e-06,0.003744786372408271
Y6Mn-d9QMxY,Y6Mn-d9QMxY_0000_S264_E551_L477_T134_R845_B502,multitalk,299,0.009647754952311516,0.00011409660510253161,0.00414098147302866
Y6Mn-d9QMxY,Y6Mn-d9QMxY_0000_S264_E551_L477_T134_R845_B502,codetalker,299,0.009729364886879921,0.00010269870108459145,0.003723227884620428
Y9anPwwkuU4,Y9anPwwkuU4_0001_S1269_E1738_L271_T108_R671_B508,dpt,391,0.012506148777902126,0.00015462540613953024,0.006687032524496317
Y9anPwwkuU4,Y9anPwwkuU4_0001_S1269_E1738_L271_T108_R671_B508,artalk,392,0.010876337997615337,4.593393168761395e-05,0.007508762646466494
Y9anPwwkuU4,Y9anPwwkuU4_0001_S1269_E1738_L271_T108_R671_B508,multitalk,391,0.015041468665003777,0.0001617375819478184,0.007107776124030352
Y9anPwwkuU4,Y9anPwwkuU4_0001_S1269_E1738_L271_T108_R671_B508,codetalker,394,0.019010266289114952,0.0001767128997016698,0.014342576265335083
YEgE-m8kzpM,YEgE-m8kzpM_0011_S621_E870_L747_T79_R1003_B335,dpt,207,0.009143158793449402,0.0001672078506089747,0.004004477057605982
YEgE-m8kzpM,YEgE-m8kzpM_0011_S621_E870_L747_T79_R1003_B335,artalk,208,0.008303569629788399,-1.0003321193607917e-07,0.00457145506516099
YEgE-m8kzpM,YEgE-m8kzpM_0011_S621_E870_L747_T79_R1003_B335,multitalk,207,0.014846192672848701,9.410620259586722e-05,0.006923750042915344
YEgE-m8kzpM,YEgE-m8kzpM_0011_S621_E870_L747_T79_R1003_B335,codetalker,209,0.006232971325516701,0.00021777779329568148,0.0041179475374519825
YGwLb86Uso8,YGwLb86Uso8_0000_S169_E573_L433_T0_R849_B400,dpt,336,0.013421930372714996,1.3442545423458796e-05,0.006672478746622801
YGwLb86Uso8,YGwLb86Uso8_0000_S169_E573_L433_T0_R849_B400,artalk,337,0.011721068061888218,-4.6312448830576614e-05,0.005268523935228586
YGwLb86Uso8,YGwLb86Uso8_0000_S169_E573_L433_T0_R849_B400,multitalk,336,0.011664544232189655,2.49677941610571e-05,0.0025652579497545958
YGwLb86Uso8,YGwLb86Uso8_0000_S169_E573_L433_T0_R849_B400,codetalker,338,0.015952816233038902,4.217620880808681e-05,0.010155468247830868
YJkS7QqeYPw,YJkS7QqeYPw_0000_S181_E543_L374_T0_R854_B448,dpt,362,0.012248220853507519,0.00040912037366069853,0.0032800817862153053
YJkS7QqeYPw,YJkS7QqeYPw_0000_S181_E543_L374_T0_R854_B448,artalk,362,0.00918518379330635,0.0003386380849406123,0.0034018184524029493
YJkS7QqeYPw,YJkS7QqeYPw_0000_S181_E543_L374_T0_R854_B448,multitalk,362,0.01220716256648302,0.00044991570757701993,0.005021566990762949
YJkS7QqeYPw,YJkS7QqeYPw_0000_S181_E543_L374_T0_R854_B448,codetalker,362,0.013357985764741898,0.0005054473294876516,0.006755356676876545
YMqKHYZHQD0,YMqKHYZHQD0_0017_S901_E1471_L1029_T39_R1269_B343,dpt,528,0.009436963126063347,-8.387742127524689e-05,0.0063639492727816105
YMqKHYZHQD0,YMqKHYZHQD0_0017_S901_E1471_L1029_T39_R1269_B343,artalk,529,0.006517969537526369,-0.00010537230264162645,0.005682699847966433
YMqKHYZHQD0,YMqKHYZHQD0_0017_S901_E1471_L1029_T39_R1269_B343,multitalk,528,0.011004826053977013,-0.00011088603059761226,0.009407258592545986
YMqKHYZHQD0,YMqKHYZHQD0_0017_S901_E1471_L1029_T39_R1269_B343,codetalker,530,0.007657292298972607,-1.1278050806140527e-05,0.0030097211711108685
YOD6jIFD5aw,YOD6jIFD5aw_0000_S1245_E1491_L347_T0_R1179_B704,dpt,205,0.011583338491618633,0.00016998309001792222,0.0031734199728816748
YOD6jIFD5aw,YOD6jIFD5aw_0000_S1245_E1491_L347_T0_R1179_B704,artalk,206,0.01009782962501049,4.0973089198814705e-05,0.0040842508897185326
YOD6jIFD5aw,YOD6jIFD5aw_0000_S1245_E1491_L347_T0_R1179_B704,multitalk,205,0.011203689500689507,0.00013326236512511969,0.002461995929479599
YOD6jIFD5aw,YOD6jIFD5aw_0000_S1245_E1491_L347_T0_R1179_B704,codetalker,207,0.01340546365827322,0.00019458851602394134,0.00868550967425108
YP_35HEWcfc,YP_35HEWcfc_0001_S1259_E1688_L489_T0_R873_B336,dpt,358,0.006969951558858156,0.00016710616182535887,0.0033606234937906265
YP_35HEWcfc,YP_35HEWcfc_0001_S1259_E1688_L489_T0_R873_B336,artalk,359,0.008536485955119133,2.476384543115273e-05,0.00228602415882051
YP_35HEWcfc,YP_35HEWcfc_0001_S1259_E1688_L489_T0_R873_B336,multitalk,358,0.008896847255527973,0.00011359974450897425,0.003069633850827813
YP_35HEWcfc,YP_35HEWcfc_0001_S1259_E1688_L489_T0_R873_B336,codetalker,360,0.009060866199433804,0.00017114785441663116,0.004495769739151001
YWpX7tlXLB0,YWpX7tlXLB0_0009_S0_E411_L80_T0_R816_B640,dpt,343,0.010450052097439766,0.00015209257253445685,0.0038918505888432264
YWpX7tlXLB0,YWpX7tlXLB0_0009_S0_E411_L80_T0_R816_B640,artalk,344,0.011670084670186043,4.7668625484220684e-05,0.0038314012344926596
YWpX7tlXLB0,YWpX7tlXLB0_0009_S0_E411_L80_T0_R816_B640,multitalk,342,0.013361192308366299,0.00021039362763985991,0.0038999030366539955
YWpX7tlXLB0,YWpX7tlXLB0_0009_S0_E411_L80_T0_R816_B640,codetalker,345,0.01449495367705822,0.0002199864393332973,0.008798075839877129
YXPEXwjYpGA,YXPEXwjYpGA_0000_S0_E489_L471_T0_R807_B336,dpt,408,0.010776263661682606,0.0001376168947899714,0.0034263019915670156
YXPEXwjYpGA,YXPEXwjYpGA_0000_S0_E489_L471_T0_R807_B336,artalk,409,0.006233564577996731,4.615843863575719e-05,0.0031768926419317722
YXPEXwjYpGA,YXPEXwjYpGA_0000_S0_E489_L471_T0_R807_B336,multitalk,407,0.013379565440118313,0.00015062771853990853,0.003585617756471038
YXPEXwjYpGA,YXPEXwjYpGA_0000_S0_E489_L471_T0_R807_B336,codetalker,410,0.012030516751110554,0.00018069353245664388,0.008455057628452778
YXfpaJVsVa4,YXfpaJVsVa4_0003_S1250_E1503_L486_T0_R1030_B480,dpt,253,0.011674165725708008,0.0002590082003735006,0.004128541797399521
YXfpaJVsVa4,YXfpaJVsVa4_0003_S1250_E1503_L486_T0_R1030_B480,artalk,253,0.011091371066868305,8.444873856205959e-06,0.003942749463021755
YXfpaJVsVa4,YXfpaJVsVa4_0003_S1250_E1503_L486_T0_R1030_B480,multitalk,252,0.012085970491170883,0.00021849959739483893,0.007086449768394232
YXfpaJVsVa4,YXfpaJVsVa4_0003_S1250_E1503_L486_T0_R1030_B480,codetalker,253,0.012455446645617485,0.0002327568654436618,0.003891322063282132
YZLGkfy0_oM,YZLGkfy0_oM_0004_S504_E759_L491_T136_R747_B392,dpt,213,0.009430957026779652,0.00013096269685775042,0.003157669212669134
YZLGkfy0_oM,YZLGkfy0_oM_0004_S504_E759_L491_T136_R747_B392,artalk,214,0.006661970634013414,0.00010426437802379951,0.002673440147191286
YZLGkfy0_oM,YZLGkfy0_oM_0004_S504_E759_L491_T136_R747_B392,multitalk,212,0.011087273247539997,0.00015203337534330785,0.0032803546637296677
YZLGkfy0_oM,YZLGkfy0_oM_0004_S504_E759_L491_T136_R747_B392,codetalker,214,0.00958818569779396,0.00019243438146077096,0.005730633623898029
YZp4fNMECVg,YZp4fNMECVg_0002_S0_E724_L240_T5_R880_B645,dpt,603,0.014043178409337997,0.00015261783846653998,0.008664058521389961
YZp4fNMECVg,YZp4fNMECVg_0002_S0_E724_L240_T5_R880_B645,artalk,604,0.016432855278253555,0.00014503161946777254,0.011143337935209274
YZp4fNMECVg,YZp4fNMECVg_0002_S0_E724_L240_T5_R880_B645,multitalk,603,0.017054906114935875,1.9081231585005298e-05,0.012871725484728813
YZp4fNMECVg,YZp4fNMECVg_0002_S0_E724_L240_T5_R880_B645,codetalker,605,0.01838584430515766,0.00013060237688478082,0.012438562698662281
Yex9CPZzezk,Yex9CPZzezk_0000_S153_E504_L426_T64_R794_B432,dpt,293,0.00922540482133627,8.655991405248642e-05,0.005794748198240995
Yex9CPZzezk,Yex9CPZzezk_0000_S153_E504_L426_T64_R794_B432,artalk,294,0.007800903636962175,2.6693083782447502e-05,0.004515941254794598
Yex9CPZzezk,Yex9CPZzezk_0000_S153_E504_L426_T64_R794_B432,multitalk,293,0.008687189780175686,6.481056334450841e-05,0.004386753775179386
Yex9CPZzezk,Yex9CPZzezk_0000_S153_E504_L426_T64_R794_B432,codetalker,295,0.01184904295951128,0.00010316640691598877,0.009119690395891666
YgCBzXR63l8,YgCBzXR63l8_0001_S1212_E1547_L772_T84_R1108_B420,dpt,279,0.01133982464671135,0.00021802171249873936,0.00363511242903769
YgCBzXR63l8,YgCBzXR63l8_0001_S1212_E1547_L772_T84_R1108_B420,artalk,280,0.010700996965169907,0.00012123062333557755,0.0039081634022295475
YgCBzXR63l8,YgCBzXR63l8_0001_S1212_E1547_L772_T84_R1108_B420,multitalk,279,0.010150211863219738,0.00018125830683857203,0.004640116356313229
YgCBzXR63l8,YgCBzXR63l8_0001_S1212_E1547_L772_T84_R1108_B420,codetalker,281,0.010981574654579163,0.00023249699734151363,0.007113626692444086
YhoYie6_la0,YhoYie6_la0_0007_S669_E916_L313_T32_R649_B368,dpt,206,0.011651335284113884,0.00018607720267027617,0.0035135403741151094
YhoYie6_la0,YhoYie6_la0_0007_S669_E916_L313_T32_R649_B368,artalk,207,0.00864672102034092,0.00012309158046264201,0.0035798612516373396
YhoYie6_la0,YhoYie6_la0_0007_S669_E916_L313_T32_R649_B368,multitalk,205,0.014967208728194237,0.0002269953110953793,0.003972502890974283
YhoYie6_la0,YhoYie6_la0_0007_S669_E916_L313_T32_R649_B368,codetalker,208,0.01184093952178955,0.0002292966964887455,0.005658959038555622
YjTCns1fFmM,YjTCns1fFmM_0002_S0_E284_L811_T443_R1083_B715,dpt,473,0.011320647783577442,-5.3256659157341346e-05,0.004336902871727943
YjTCns1fFmM,YjTCns1fFmM_0002_S0_E284_L811_T443_R1083_B715,artalk,474,0.009831095114350319,-0.00010053049481939524,0.0038902026135474443
YjTCns1fFmM,YjTCns1fFmM_0002_S0_E284_L811_T443_R1083_B715,multitalk,473,0.011534483171999454,-5.264751598588191e-05,0.0034093272406607866
YjTCns1fFmM,YjTCns1fFmM_0002_S0_E284_L811_T443_R1083_B715,codetalker,474,0.01394178532063961,-1.1125741366413422e-05,0.008328410796821117
YjwTPflZm70,YjwTPflZm70_0018_S836_E1038_L689_T31_R1041_B383,dpt,202,0.008374734781682491,9.083595796255395e-05,0.0022029688116163015
YjwTPflZm70,YjwTPflZm70_0018_S836_E1038_L689_T31_R1041_B383,artalk,202,0.0075065866112709045,4.5007705011812504e-06,0.002491729101166129
YjwTPflZm70,YjwTPflZm70_0018_S836_E1038_L689_T31_R1041_B383,multitalk,201,0.017032047733664513,0.00011769551201723516,0.002390332520008087
YjwTPflZm70,YjwTPflZm70_0018_S836_E1038_L689_T31_R1041_B383,codetalker,202,0.011011899448931217,0.00013969102292321622,0.006997040007263422
YlIl427ZdHc,YlIl427ZdHc_0003_S818_E1407_L108_T0_R476_B352,dpt,589,0.009664040058851242,1.4208215361577459e-05,0.0034960417542606592
YlIl427ZdHc,YlIl427ZdHc_0003_S818_E1407_L108_T0_R476_B352,artalk,589,0.006932889111340046,-7.48583406675607e-05,0.003594272304326296
YlIl427ZdHc,YlIl427ZdHc_0003_S818_E1407_L108_T0_R476_B352,multitalk,589,0.007315348368138075,4.126307612750679e-05,0.0032535409554839134
YlIl427ZdHc,YlIl427ZdHc_0003_S818_E1407_L108_T0_R476_B352,codetalker,589,0.011798120103776455,5.7054483477259055e-05,0.005945292767137289
YpmKbkU-X_U,YpmKbkU-X_U_0000_S1369_E1610_L345_T23_R857_B535,dpt,201,0.012456770986318588,0.0003495237324386835,0.004968509078025818
YpmKbkU-X_U,YpmKbkU-X_U_0000_S1369_E1610_L345_T23_R857_B535,artalk,202,0.00832271296530962,0.0002744219091255218,0.0037543473299592733
YpmKbkU-X_U,YpmKbkU-X_U_0000_S1369_E1610_L345_T23_R857_B535,multitalk,201,0.01620892994105816,0.00029005156829953194,0.0042831068858504295
YpmKbkU-X_U,YpmKbkU-X_U_0000_S1369_E1610_L345_T23_R857_B535,codetalker,203,0.014290071092545986,0.000325242115650326,0.009655199944972992
YuLSfLZ9apM,YuLSfLZ9apM_0002_S527_E740_L338_T79_R706_B447,dpt,213,0.008476287126541138,7.11728644091636e-05,0.004993139766156673
YuLSfLZ9apM,YuLSfLZ9apM_0002_S527_E740_L338_T79_R706_B447,artalk,213,0.007639984134584665,-6.63421451463364e-05,0.004588406533002853
YuLSfLZ9apM,YuLSfLZ9apM_0002_S527_E740_L338_T79_R706_B447,multitalk,212,0.008730215951800346,5.051714470027946e-05,0.006886031478643417
YuLSfLZ9apM,YuLSfLZ9apM_0002_S527_E740_L338_T79_R706_B447,codetalker,213,0.0083685964345932,7.744742470094934e-05,0.004355667158961296
YvRRXziXpMY,YvRRXziXpMY_0001_S802_E1287_L489_T138_R969_B618,dpt,506,0.011557039804756641,0.0002897691447287798,0.007026045583188534
YvRRXziXpMY,YvRRXziXpMY_0001_S802_E1287_L489_T138_R969_B618,artalk,507,0.008295373059809208,0.00019599556981120259,0.005261021666228771
YvRRXziXpMY,YvRRXziXpMY_0001_S802_E1287_L489_T138_R969_B618,multitalk,506,0.009795980527997017,0.0002985766623169184,0.00628606928512454
YvRRXziXpMY,YvRRXziXpMY_0001_S802_E1287_L489_T138_R969_B618,codetalker,507,0.00949060544371605,0.00036006452864967287,0.003162354463711381
Z12xymgfH9k,Z12xymgfH9k_0004_S982_E1235_L214_T0_R710_B464,dpt,264,0.007814405485987663,0.00021009235933888704,0.00407819589599967
Z12xymgfH9k,Z12xymgfH9k_0004_S982_E1235_L214_T0_R710_B464,artalk,265,0.0069963401183485985,0.00010342878522351384,0.003981335554271936
Z12xymgfH9k,Z12xymgfH9k_0004_S982_E1235_L214_T0_R710_B464,multitalk,264,0.014785601757466793,0.00016370552475564182,0.004569909069687128
Z12xymgfH9k,Z12xymgfH9k_0004_S982_E1235_L214_T0_R710_B464,codetalker,265,0.009365830570459366,0.00025138052296824753,0.006463041063398123
Z5SpCVtoOdw,Z5SpCVtoOdw_0002_S0_E480_L479_T171_R911_B603,dpt,400,0.010342922061681747,0.00011818433267762884,0.006216825917363167
Z5SpCVtoOdw,Z5SpCVtoOdw_0002_S0_E480_L479_T171_R911_B603,artalk,401,0.00780258234590292,-2.383601531619206e-05,0.004405085928738117
Z5SpCVtoOdw,Z5SpCVtoOdw_0002_S0_E480_L479_T171_R911_B603,multitalk,400,0.011292841285467148,0.0001032334184856154,0.010767975822091103
Z5SpCVtoOdw,Z5SpCVtoOdw_0002_S0_E480_L479_T171_R911_B603,codetalker,402,0.01040595956146717,0.00018087825446855277,0.0038809480611234903
Z8iLMnTX6OQ,Z8iLMnTX6OQ_0003_S768_E1097_L247_T140_R503_B396,dpt,329,0.013238279148936272,0.00014127448957879096,0.008892414160072803
Z8iLMnTX6OQ,Z8iLMnTX6OQ_0003_S768_E1097_L247_T140_R503_B396,artalk,329,0.013726716861128807,4.045239620609209e-05,0.008427292108535767
Z8iLMnTX6OQ,Z8iLMnTX6OQ_0003_S768_E1097_L247_T140_R503_B396,multitalk,329,0.013585777953267097,0.00012974735000170767,0.008997752331197262
Z8iLMnTX6OQ,Z8iLMnTX6OQ_0003_S768_E1097_L247_T140_R503_B396,codetalker,329,0.011028268374502659,0.00017349503468722105,0.005521694663912058
ZAX4LKUeAVE,ZAX4LKUeAVE_0005_S1093_E1451_L424_T28_R840_B444,dpt,298,0.007964753545820713,0.00015032559167593718,0.003615344176068902
ZAX4LKUeAVE,ZAX4LKUeAVE_0005_S1093_E1451_L424_T28_R840_B444,artalk,299,0.007131706457585096,1.6860003597685136e-05,0.003309660591185093
ZAX4LKUeAVE,ZAX4LKUeAVE_0005_S1093_E1451_L424_T28_R840_B444,multitalk,298,0.00846757460385561,0.0001390537217957899,0.0035007318947464228
ZAX4LKUeAVE,ZAX4LKUeAVE_0005_S1093_E1451_L424_T28_R840_B444,codetalker,300,0.007529797498136759,0.00017797025793697685,0.003452923381701112
ZAYK9cMiSbE,ZAYK9cMiSbE_0020_S1412_E1799_L395_T17_R955_B577,dpt,254,0.010569030418992043,0.0001541199890198186,0.00307586882263422
ZAYK9cMiSbE,ZAYK9cMiSbE_0020_S1412_E1799_L395_T17_R955_B577,artalk,255,0.012092236429452896,6.36905460851267e-05,0.0027689088601619005
ZAYK9cMiSbE,ZAYK9cMiSbE_0020_S1412_E1799_L395_T17_R955_B577,multitalk,254,0.011517449282109737,0.00011862262181239203,0.0038882449734956026
ZAYK9cMiSbE,ZAYK9cMiSbE_0020_S1412_E1799_L395_T17_R955_B577,codetalker,258,0.014448652043938637,0.00017198680143337697,0.005259936675429344
ZBcOyv8LZ8s,ZBcOyv8LZ8s_0002_S749_E1148_L497_T20_R929_B452,dpt,333,0.008128744550049305,0.00010333315731259063,0.0028119152411818504
ZBcOyv8LZ8s,ZBcOyv8LZ8s_0002_S749_E1148_L497_T20_R929_B452,artalk,334,0.005714006256312132,-5.0113547331420705e-05,0.0017981297569349408
ZBcOyv8LZ8s,ZBcOyv8LZ8s_0002_S749_E1148_L497_T20_R929_B452,multitalk,333,0.012261451222002506,0.00012280611554160714,0.0024789138697087765
ZBcOyv8LZ8s,ZBcOyv8LZ8s_0002_S749_E1148_L497_T20_R929_B452,codetalker,335,0.008457032963633537,0.00015192404680419713,0.005432337988168001
ZDfRJiIODMs,ZDfRJiIODMs_0000_S0_E281_L513_T83_R833_B403,dpt,293,0.009498653002083302,0.00012327237345743924,0.0028112803120166063
ZDfRJiIODMs,ZDfRJiIODMs_0000_S0_E281_L513_T83_R833_B403,artalk,293,0.00535969203338027,2.8330643544904888e-05,0.0028803148306906223
ZDfRJiIODMs,ZDfRJiIODMs_0000_S0_E281_L513_T83_R833_B403,multitalk,293,0.013025154359638691,0.00012106656504329294,0.003119018627330661
ZDfRJiIODMs,ZDfRJiIODMs_0000_S0_E281_L513_T83_R833_B403,codetalker,293,0.01044620480388403,0.00015880886348895729,0.0070372074842453
ZEHCzjk0Hrk,ZEHCzjk0Hrk_0007_S315_E555_L385_T0_R961_B560,dpt,200,0.009414220228791237,0.00018228210683446378,0.0037975460290908813
ZEHCzjk0Hrk,ZEHCzjk0Hrk_0007_S315_E555_L385_T0_R961_B560,artalk,201,0.006901092827320099,0.00012222920486237854,0.0035656322725117207
ZEHCzjk0Hrk,ZEHCzjk0Hrk_0007_S315_E555_L385_T0_R961_B560,multitalk,200,0.016840459778904915,0.00020366936223581433,0.004208806902170181
ZEHCzjk0Hrk,ZEHCzjk0Hrk_0007_S315_E555_L385_T0_R961_B560,codetalker,202,0.010110082104802132,0.00018790789181366563,0.003916099667549133
ZH6357PHRCc,ZH6357PHRCc_0017_S636_E940_L496_T51_R752_B307,dpt,253,0.015276232734322548,0.0003706965653691441,0.005268373992294073
ZH6357PHRCc,ZH6357PHRCc_0017_S636_E940_L496_T51_R752_B307,artalk,254,0.011769254691898823,0.00032723828917369246,0.0047987583093345165
ZH6357PHRCc,ZH6357PHRCc_0017_S636_E940_L496_T51_R752_B307,multitalk,253,0.012454155832529068,0.00033910293132066727,0.00432478915899992
ZH6357PHRCc,ZH6357PHRCc_0017_S636_E940_L496_T51_R752_B307,codetalker,256,0.01904040016233921,0.00039663989446125925,0.010356486774981022
ZHLsDRxEMGs,ZHLsDRxEMGs_0000_S313_E519_L568_T0_R1048_B480,dpt,206,0.010808838531374931,0.0003235963231418282,0.0035074607003480196
ZHLsDRxEMGs,ZHLsDRxEMGs_0000_S313_E519_L568_T0_R1048_B480,artalk,206,0.00888847466558218,0.0001863196084741503,0.0034283006098121405
ZHLsDRxEMGs,ZHLsDRxEMGs_0000_S313_E519_L568_T0_R1048_B480,multitalk,205,0.011869380250573158,0.00031432550167664886,0.005660109221935272
ZHLsDRxEMGs,ZHLsDRxEMGs_0000_S313_E519_L568_T0_R1048_B480,codetalker,206,0.013077574782073498,0.0003951831313315779,0.008037681691348553
ZQPrD6cbqHQ,ZQPrD6cbqHQ_0009_S831_E1222_L630_T0_R1174_B336,dpt,326,0.010980624705553055,9.851711365627125e-05,0.003599658375605941
ZQPrD6cbqHQ,ZQPrD6cbqHQ_0009_S831_E1222_L630_T0_R1174_B336,artalk,327,0.010717209428548813,-1.4706128240504768e-05,0.0024663314688950777
ZQPrD6cbqHQ,ZQPrD6cbqHQ_0009_S831_E1222_L630_T0_R1174_B336,multitalk,326,0.009143783710896969,9.957356087397784e-05,0.0022553063463419676
ZQPrD6cbqHQ,ZQPrD6cbqHQ_0009_S831_E1222_L630_T0_R1174_B336,codetalker,328,0.010086026042699814,0.00013496133033186197,0.006828732788562775
ZQQwgYaQh1w,ZQQwgYaQh1w_0003_S849_E1051_L358_T0_R902_B528,dpt,210,0.009776188060641289,0.00012105757195968181,0.010052219964563847
ZQQwgYaQh1w,ZQQwgYaQh1w_0003_S849_E1051_L358_T0_R902_B528,artalk,211,0.010032988153398037,-1.7448763173888437e-05,0.011167528107762337
ZQQwgYaQh1w,ZQQwgYaQh1w_0003_S849_E1051_L358_T0_R902_B528,multitalk,210,0.01333056204020977,0.00011238190927542746,0.01557865273207426
ZQQwgYaQh1w,ZQQwgYaQh1w_0003_S849_E1051_L358_T0_R902_B528,codetalker,211,0.009330538101494312,0.00011007772263837978,0.006588276941329241
ZSEV1ivNUWY,ZSEV1ivNUWY_0000_S1008_E1295_L656_T31_R1088_B463,dpt,299,0.013207023963332176,2.0459136067074724e-05,0.003782446961849928
ZSEV1ivNUWY,ZSEV1ivNUWY_0000_S1008_E1295_L656_T31_R1088_B463,artalk,299,0.008672664873301983,-8.39386266306974e-05,0.004671099130064249
ZSEV1ivNUWY,ZSEV1ivNUWY_0000_S1008_E1295_L656_T31_R1088_B463,multitalk,299,0.016295241191983223,2.3070128008839674e-05,0.003306930884718895
ZSEV1ivNUWY,ZSEV1ivNUWY_0000_S1008_E1295_L656_T31_R1088_B463,codetalker,299,0.013506538234651089,6.53508905088529e-05,0.008411720395088196
ZUlkRGgSLfI,ZUlkRGgSLfI_0002_S752_E1051_L327_T9_R951_B633,dpt,249,0.008493427187204361,6.165829108795151e-05,0.0036911582574248314
ZUlkRGgSLfI,ZUlkRGgSLfI_0002_S752_E1051_L327_T9_R951_B633,artalk,250,0.0067544360645115376,1.0635079888743348e-05,0.0022223005071282387
ZUlkRGgSLfI,ZUlkRGgSLfI_0002_S752_E1051_L327_T9_R951_B633,multitalk,249,0.012050459161400795,4.60854935226962e-05,0.003679429879412055
ZUlkRGgSLfI,ZUlkRGgSLfI_0002_S752_E1051_L327_T9_R951_B633,codetalker,252,0.008902144618332386,0.00013186463911551982,0.005706688389182091
ZYSjPZUqLdk,ZYSjPZUqLdk_0000_S268_E473_L151_T1_R823_B673,dpt,214,0.010590620338916779,6.0140482673887163e-05,0.0028145085088908672
ZYSjPZUqLdk,ZYSjPZUqLdk_0000_S268_E473_L151_T1_R823_B673,artalk,214,0.007333457935601473,5.078095637145452e-05,0.0033936211839318275
ZYSjPZUqLdk,ZYSjPZUqLdk_0000_S268_E473_L151_T1_R823_B673,multitalk,214,0.017285849899053574,5.650295861414634e-05,0.004908689763396978
ZYSjPZUqLdk,ZYSjPZUqLdk_0000_S268_E473_L151_T1_R823_B673,codetalker,214,0.011096648871898651,9.770618635229766e-05,0.004047403112053871
ZZIjgZYnP6Q,ZZIjgZYnP6Q_0000_S145_E606_L497_T10_R769_B282,dpt,384,0.009453351609408855,6.524572381749749e-05,0.004726783838123083
ZZIjgZYnP6Q,ZZIjgZYnP6Q_0000_S145_E606_L497_T10_R769_B282,artalk,385,0.004887426272034645,-1.4862091120448895e-05,0.0026814790908247232
ZZIjgZYnP6Q,ZZIjgZYnP6Q_0000_S145_E606_L497_T10_R769_B282,multitalk,384,0.012032886035740376,0.00012161224003648385,0.0065918234176933765
ZZIjgZYnP6Q,ZZIjgZYnP6Q_0000_S145_E606_L497_T10_R769_B282,codetalker,386,0.008720055222511292,0.00014122191350907087,0.005035259760916233
Z_TNQsWm8SM,Z_TNQsWm8SM_0000_S323_E528_L331_T0_R715_B352,dpt,214,0.014995764009654522,0.00018143524357583374,0.006110892165452242
Z_TNQsWm8SM,Z_TNQsWm8SM_0000_S323_E528_L331_T0_R715_B352,artalk,214,0.015983588993549347,0.00012636970495805144,0.008394628763198853
Z_TNQsWm8SM,Z_TNQsWm8SM_0000_S323_E528_L331_T0_R715_B352,multitalk,214,0.01626213639974594,0.00017904676496982574,0.00932907871901989
Z_TNQsWm8SM,Z_TNQsWm8SM_0000_S323_E528_L331_T0_R715_B352,codetalker,214,0.017314346507191658,0.00021403876598924398,0.01231811661273241
Zg4zFxyeLMQ,Zg4zFxyeLMQ_0001_S76_E496_L434_T9_R786_B361,dpt,350,0.013219504617154598,0.00020979192049708217,0.005856468807905912
Zg4zFxyeLMQ,Zg4zFxyeLMQ_0001_S76_E496_L434_T9_R786_B361,artalk,351,0.015121318399906158,0.00011139899288536981,0.006033229175955057
Zg4zFxyeLMQ,Zg4zFxyeLMQ_0001_S76_E496_L434_T9_R786_B361,multitalk,350,0.01475351583212614,9.313362534157932e-05,0.00784324947744608
Zg4zFxyeLMQ,Zg4zFxyeLMQ_0001_S76_E496_L434_T9_R786_B361,codetalker,352,0.015698257833719254,2.3095240067050327e-06,0.006730896420776844
Zi2RoikofDs,Zi2RoikofDs_0000_S1010_E1366_L466_T149_R866_B549,dpt,297,0.00908626802265644,0.0002009862510021776,0.0033871582709252834
Zi2RoikofDs,Zi2RoikofDs_0000_S1010_E1366_L466_T149_R866_B549,artalk,298,0.006706506945192814,0.0001197502642753534,0.00424438901245594
Zi2RoikofDs,Zi2RoikofDs_0000_S1010_E1366_L466_T149_R866_B549,multitalk,297,0.017947163432836533,-0.0007575229974463582,0.006514811422675848
Zi2RoikofDs,Zi2RoikofDs_0000_S1010_E1366_L466_T149_R866_B549,codetalker,299,0.011419628746807575,0.0002302049979334697,0.00784548744559288
Zj7U7R-2fcs,Zj7U7R-2fcs_0000_S1014_E1535_L89_T0_R889_B704,dpt,452,0.01195607427507639,0.0005182618042454123,0.005288094747811556
Zj7U7R-2fcs,Zj7U7R-2fcs_0000_S1014_E1535_L89_T0_R889_B704,artalk,452,0.012860380113124847,0.0003853898379020393,0.00566508062183857
Zj7U7R-2fcs,Zj7U7R-2fcs_0000_S1014_E1535_L89_T0_R889_B704,multitalk,452,0.013318819925189018,0.0004770299419760704,0.009606314823031425
Zj7U7R-2fcs,Zj7U7R-2fcs_0000_S1014_E1535_L89_T0_R889_B704,codetalker,452,0.01501705776900053,0.0005094617954455316,0.004358659498393536
ZjmynEwugnk,ZjmynEwugnk_0000_S57_E347_L282_T0_R1050_B592,dpt,242,0.01742282323539257,0.00024347647558897734,0.0073787132278084755
ZjmynEwugnk,ZjmynEwugnk_0000_S57_E347_L282_T0_R1050_B592,artalk,243,0.015504165552556515,0.00011096716480096802,0.008938964456319809
ZjmynEwugnk,ZjmynEwugnk_0000_S57_E347_L282_T0_R1050_B592,multitalk,241,0.013726284727454185,0.00011539840488694608,0.0035003013908863068
ZjmynEwugnk,ZjmynEwugnk_0000_S57_E347_L282_T0_R1050_B592,codetalker,244,0.02021866850554943,0.00026202629669569433,0.012397472746670246
Zn8iU3-RNL0,Zn8iU3-RNL0_0015_S206_E687_L361_T310_R665_B614,dpt,501,0.011087299324572086,2.9786375307594426e-05,0.007600785233080387
Zn8iU3-RNL0,Zn8iU3-RNL0_0015_S206_E687_L361_T310_R665_B614,artalk,502,0.010501198470592499,-6.38884594081901e-05,0.007388942409306765
Zn8iU3-RNL0,Zn8iU3-RNL0_0015_S206_E687_L361_T310_R665_B614,multitalk,501,0.012943092733621597,7.526034460170195e-05,0.010047964751720428
Zn8iU3-RNL0,Zn8iU3-RNL0_0015_S206_E687_L361_T310_R665_B614,codetalker,502,0.00912970770150423,8.969470945885405e-05,0.003921021241694689
ZpNQS6CX7FA,ZpNQS6CX7FA_0000_S1320_E1919_L522_T122_R874_B474,dpt,403,0.009167414158582687,5.4697586165275425e-05,0.00426538335159421
ZpNQS6CX7FA,ZpNQS6CX7FA_0000_S1320_E1919_L522_T122_R874_B474,artalk,404,0.008430929854512215,-3.060671588173136e-05,0.004229904618114233
ZpNQS6CX7FA,ZpNQS6CX7FA_0000_S1320_E1919_L522_T122_R874_B474,multitalk,403,0.008578210137784481,0.0001154650017269887,0.007146949879825115
ZpNQS6CX7FA,ZpNQS6CX7FA_0000_S1320_E1919_L522_T122_R874_B474,codetalker,405,0.007811842020601034,0.00011630803783191368,0.0031739904079586267
ZptziXSxpx0,ZptziXSxpx0_0001_S1102_E1535_L598_T48_R934_B384,dpt,433,0.007911771535873413,8.048373274505138e-05,0.002534251194447279
ZptziXSxpx0,ZptziXSxpx0_0001_S1102_E1535_L598_T48_R934_B384,artalk,433,0.005830579902976751,-3.635285611380823e-05,0.0024241108912974596
ZptziXSxpx0,ZptziXSxpx0_0001_S1102_E1535_L598_T48_R934_B384,multitalk,432,0.012136423960328102,8.76631893333979e-05,0.003478331957012415
ZptziXSxpx0,ZptziXSxpx0_0001_S1102_E1535_L598_T48_R934_B384,codetalker,433,0.008197180926799774,0.0001420978514943272,0.004564850125461817
ZsY6kAHzdwM,ZsY6kAHzdwM_0003_S1043_E1322_L373_T39_R837_B503,dpt,232,0.011908698827028275,9.70725086517632e-05,0.003966970834881067
ZsY6kAHzdwM,ZsY6kAHzdwM_0003_S1043_E1322_L373_T39_R837_B503,artalk,233,0.008211825974285603,4.890928539680317e-05,0.002950284630060196
ZsY6kAHzdwM,ZsY6kAHzdwM_0003_S1043_E1322_L373_T39_R837_B503,multitalk,232,0.010491577908396721,0.00012007336044916883,0.005683505441993475
ZsY6kAHzdwM,ZsY6kAHzdwM_0003_S1043_E1322_L373_T39_R837_B503,codetalker,234,0.01177906896919012,0.0001757240534061566,0.006826549302786589
ZtXr7bckLyc,ZtXr7bckLyc_0000_S1388_E1688_L0_T0_R1264_B704,dpt,250,0.014650678262114525,0.0001741354790283367,0.009072940796613693
ZtXr7bckLyc,ZtXr7bckLyc_0000_S1388_E1688_L0_T0_R1264_B704,artalk,251,0.014616306871175766,5.327449252945371e-05,0.009429076686501503
ZtXr7bckLyc,ZtXr7bckLyc_0000_S1388_E1688_L0_T0_R1264_B704,multitalk,250,0.013085721991956234,0.00014490964531432837,0.005088445730507374
ZtXr7bckLyc,ZtXr7bckLyc_0000_S1388_E1688_L0_T0_R1264_B704,codetalker,252,0.01818167231976986,0.00021644806838594377,0.013692452572286129
ZyOqaUFxojc,ZyOqaUFxojc_0001_S775_E1100_L334_T2_R974_B642,dpt,271,0.011154675856232643,0.0002478845417499542,0.004907866008579731
ZyOqaUFxojc,ZyOqaUFxojc_0001_S775_E1100_L334_T2_R974_B642,artalk,272,0.00982870813459158,0.00014458780060522258,0.004095481242984533
ZyOqaUFxojc,ZyOqaUFxojc_0001_S775_E1100_L334_T2_R974_B642,multitalk,270,0.014448820613324642,0.00022249791072681546,0.006371219642460346
ZyOqaUFxojc,ZyOqaUFxojc_0001_S775_E1100_L334_T2_R974_B642,codetalker,273,0.012034451588988304,0.0003004581085406244,0.006157197058200836
ZyUCcfMcmyE,ZyUCcfMcmyE_0002_S180_E425_L246_T0_R934_B592,dpt,245,0.007650687359273434,0.00022062283824197948,0.0028718968387693167
ZyUCcfMcmyE,ZyUCcfMcmyE_0002_S180_E425_L246_T0_R934_B592,artalk,245,0.007045051082968712,0.00017993777873925865,0.003630779916420579
ZyUCcfMcmyE,ZyUCcfMcmyE_0002_S180_E425_L246_T0_R934_B592,multitalk,245,0.008419050835072994,0.0001976216008188203,0.002223198302090168
ZyUCcfMcmyE,ZyUCcfMcmyE_0002_S180_E425_L246_T0_R934_B592,codetalker,245,0.010013850405812263,0.00025378772988915443,0.006805353332310915
ZzVhwsetzDk,ZzVhwsetzDk_0001_S562_E881_L417_T7_R929_B519,dpt,266,0.01597031019628048,0.0002628325601108372,0.004894902929663658
ZzVhwsetzDk,ZzVhwsetzDk_0001_S562_E881_L417_T7_R929_B519,artalk,267,0.012607545591890812,0.00010957667109323665,0.004221713170409203
ZzVhwsetzDk,ZzVhwsetzDk_0001_S562_E881_L417_T7_R929_B519,multitalk,266,0.01652294211089611,0.0002519951085560024,0.004762947093695402
ZzVhwsetzDk,ZzVhwsetzDk_0001_S562_E881_L417_T7_R929_B519,codetalker,268,0.017401333898305893,0.000300346699077636,0.005241749342530966
_1B60L4m60M,_1B60L4m60M_0002_S1359_E1623_L499_T79_R819_B399,dpt,220,0.016328856348991394,0.00011190697841811925,0.006836520042270422
_1B60L4m60M,_1B60L4m60M_0002_S1359_E1623_L499_T79_R819_B399,artalk,221,0.014633511193096638,8.649317169329152e-05,0.008075016550719738
_1B60L4m60M,_1B60L4m60M_0002_S1359_E1623_L499_T79_R819_B399,multitalk,220,0.01990225911140442,0.00013131006562616676,0.006019588094204664
_1B60L4m60M,_1B60L4m60M_0002_S1359_E1623_L499_T79_R819_B399,codetalker,222,0.018171772360801697,0.00017881592793855816,0.01285136491060257
_4bzRoRn260,_4bzRoRn260_0002_S0_E513_L448_T69_R784_B405,dpt,428,0.009233469143509865,0.0002771337458398193,0.0037560074124485254
_4bzRoRn260,_4bzRoRn260_0002_S0_E513_L448_T69_R784_B405,artalk,429,0.010564961470663548,0.0001751149829942733,0.005136139690876007
_4bzRoRn260,_4bzRoRn260_0002_S0_E513_L448_T69_R784_B405,multitalk,428,0.030397683382034302,-0.001076849177479744,0.019062157720327377
_4bzRoRn260,_4bzRoRn260_0002_S0_E513_L448_T69_R784_B405,codetalker,430,0.009143545292317867,0.00028694162028841674,0.003426173236221075
_4r4LIX84TM,_4r4LIX84TM_0001_S961_E1518_L533_T39_R901_B407,dpt,557,0.007499611005187035,8.774780144449323e-05,0.0025876720901578665
_4r4LIX84TM,_4r4LIX84TM_0001_S961_E1518_L533_T39_R901_B407,artalk,557,0.00870511680841446,3.2566817935730796e-06,0.0036279945634305477
_4r4LIX84TM,_4r4LIX84TM_0001_S961_E1518_L533_T39_R901_B407,multitalk,557,0.007668217644095421,0.00010316530824638903,0.003607981139793992
_4r4LIX84TM,_4r4LIX84TM_0001_S961_E1518_L533_T39_R901_B407,codetalker,557,0.009933419525623322,0.00012247587437741458,0.006034251768141985
_5O0_4kkKSg,_5O0_4kkKSg_0001_S154_E434_L466_T61_R834_B429,dpt,280,0.010335276834666729,9.657399641582742e-05,0.0034355283714830875
_5O0_4kkKSg,_5O0_4kkKSg_0001_S154_E434_L466_T61_R834_B429,artalk,280,0.008369999006390572,8.768337283981964e-05,0.004133675247430801
_5O0_4kkKSg,_5O0_4kkKSg_0001_S154_E434_L466_T61_R834_B429,multitalk,280,0.0108238710090518,9.958842565538362e-05,0.004835295025259256
_5O0_4kkKSg,_5O0_4kkKSg_0001_S154_E434_L466_T61_R834_B429,codetalker,280,0.010138646699488163,0.00015566489310003817,0.006854958366602659
_5r3yqpaNuM,_5r3yqpaNuM_0004_S538_E1262_L413_T0_R941_B496,dpt,604,0.008494533598423004,0.00022128618729766458,0.0028780477587133646
_5r3yqpaNuM,_5r3yqpaNuM_0004_S538_E1262_L413_T0_R941_B496,artalk,605,0.006245417986065149,7.821623876225203e-05,0.002012606244534254
_5r3yqpaNuM,_5r3yqpaNuM_0004_S538_E1262_L413_T0_R941_B496,multitalk,604,0.009090099483728409,0.00021474463574122638,0.002536491025239229
_5r3yqpaNuM,_5r3yqpaNuM_0004_S538_E1262_L413_T0_R941_B496,codetalker,606,0.0077530620619654655,0.00018936207925435156,0.005454464349895716
_6ck3EDlssw,_6ck3EDlssw_0000_S1542_E1903_L430_T0_R958_B480,dpt,301,0.012926597148180008,0.00019720167620107532,0.00392724247649312
_6ck3EDlssw,_6ck3EDlssw_0000_S1542_E1903_L430_T0_R958_B480,artalk,302,0.009894761256873608,0.00011498347885208204,0.004550336394459009
_6ck3EDlssw,_6ck3EDlssw_0000_S1542_E1903_L430_T0_R958_B480,multitalk,301,0.010659095831215382,0.00010267816833220422,0.0028555889148265123
_6ck3EDlssw,_6ck3EDlssw_0000_S1542_E1903_L430_T0_R958_B480,codetalker,303,0.016068175435066223,0.0001923661766340956,0.009700586088001728
_7RMd0g9FtQ,_7RMd0g9FtQ_0002_S0_E246_L448_T36_R736_B324,dpt,246,0.007110878825187683,0.0001340643357252702,0.0030348547734320164
_7RMd0g9FtQ,_7RMd0g9FtQ_0002_S0_E246_L448_T36_R736_B324,artalk,246,0.00768898893147707,7.079849456204101e-05,0.003441409207880497
_7RMd0g9FtQ,_7RMd0g9FtQ_0002_S0_E246_L448_T36_R736_B324,multitalk,246,0.006398446392267942,0.00013760045112576336,0.003064987948164344
_7RMd0g9FtQ,_7RMd0g9FtQ_0002_S0_E246_L448_T36_R736_B324,codetalker,246,0.010498601011931896,0.00014069471217226237,0.007404303643852472
_AvNT3vyzr0,_AvNT3vyzr0_0000_S1125_E1391_L219_T25_R747_B553,dpt,266,0.009644822217524052,0.00014665669004898518,0.008144109509885311
_AvNT3vyzr0,_AvNT3vyzr0_0000_S1125_E1391_L219_T25_R747_B553,artalk,266,0.008873104117810726,2.6264963253197493e-06,0.007429622579365969
_AvNT3vyzr0,_AvNT3vyzr0_0000_S1125_E1391_L219_T25_R747_B553,multitalk,266,0.01384124718606472,0.00016615987988188863,0.007668680045753717
_AvNT3vyzr0,_AvNT3vyzr0_0000_S1125_E1391_L219_T25_R747_B553,codetalker,266,0.00976637750864029,0.000171336141647771,0.005130682606250048
_BxhdmIGNys,_BxhdmIGNys_0001_S729_E1007_L556_T255_R876_B575,dpt,232,0.009282211773097515,3.6117628042120486e-05,0.00492610689252615
_BxhdmIGNys,_BxhdmIGNys_0001_S729_E1007_L556_T255_R876_B575,artalk,233,0.0059815687127411366,-6.01042338530533e-05,0.004057134035974741
_BxhdmIGNys,_BxhdmIGNys_0001_S729_E1007_L556_T255_R876_B575,multitalk,232,0.015967292711138725,-0.0001819373428588733,0.01135215163230896
_BxhdmIGNys,_BxhdmIGNys_0001_S729_E1007_L556_T255_R876_B575,codetalker,234,0.008004105649888515,4.95130370836705e-06,0.0036640276666730642
_CKFycGHzLo,_CKFycGHzLo_0012_S1379_E1799_L283_T0_R1051_B672,dpt,350,0.014168603345751762,0.00011913439084310085,0.0037633636966347694
_CKFycGHzLo,_CKFycGHzLo_0012_S1379_E1799_L283_T0_R1051_B672,artalk,351,0.008560914546251297,6.800242408644408e-05,0.0023381414357572794
_CKFycGHzLo,_CKFycGHzLo_0012_S1379_E1799_L283_T0_R1051_B672,multitalk,350,0.014653579331934452,8.822255040286109e-05,0.00573160033673048
_CKFycGHzLo,_CKFycGHzLo_0012_S1379_E1799_L283_T0_R1051_B672,codetalker,352,0.014000014401972294,0.0001116981657105498,0.005808830726891756
_F6bq0l18Ng,_F6bq0l18Ng_0001_S838_E1204_L87_T0_R471_B368,dpt,366,0.008638001047074795,9.026668703882024e-05,0.0031381885055452585
_F6bq0l18Ng,_F6bq0l18Ng_0001_S838_E1204_L87_T0_R471_B368,artalk,366,0.005908737890422344,1.2089102710888255e-05,0.002932020230218768
_F6bq0l18Ng,_F6bq0l18Ng_0001_S838_E1204_L87_T0_R471_B368,multitalk,366,0.009722745977342129,0.0001278384734177962,0.0037449041847139597
_F6bq0l18Ng,_F6bq0l18Ng_0001_S838_E1204_L87_T0_R471_B368,codetalker,366,0.010749062523245811,0.00012966983194928616,0.005775372963398695
_FcVS3nf3Qs,_FcVS3nf3Qs_0055_S459_E978_L596_T171_R868_B443,dpt,433,0.00929947104305029,6.582050264114514e-05,0.0028588895220309496
_FcVS3nf3Qs,_FcVS3nf3Qs_0055_S459_E978_L596_T171_R868_B443,artalk,434,0.007598306518048048,-6.713168113492429e-05,0.0035891439765691757
_FcVS3nf3Qs,_FcVS3nf3Qs_0055_S459_E978_L596_T171_R868_B443,multitalk,432,0.011992613784968853,0.00011054686910938472,0.0035391589626669884
_FcVS3nf3Qs,_FcVS3nf3Qs_0055_S459_E978_L596_T171_R868_B443,codetalker,434,0.009328826330602169,0.00011733324936358258,0.0057478961534798145
_H71S7ar21o,_H71S7ar21o_0001_S1073_E1320_L534_T206_R806_B478,dpt,247,0.010554458014667034,7.336463750107214e-05,0.006129999179393053
_H71S7ar21o,_H71S7ar21o_0001_S1073_E1320_L534_T206_R806_B478,artalk,247,0.009275700896978378,-4.1674382373457775e-05,0.00498911552131176
_H71S7ar21o,_H71S7ar21o_0001_S1073_E1320_L534_T206_R806_B478,multitalk,247,0.009743555448949337,3.291281973361038e-05,0.0076687573455274105
_H71S7ar21o,_H71S7ar21o_0001_S1073_E1320_L534_T206_R806_B478,codetalker,247,0.007041092962026596,6.123982893768698e-05,0.003143507754430175
_ITluulB74Q,_ITluulB74Q_0000_S1330_E1923_L867_T0_R1235_B320,dpt,392,0.013592873699963093,0.00032231208751909435,0.010042062029242516
_ITluulB74Q,_ITluulB74Q_0000_S1330_E1923_L867_T0_R1235_B320,artalk,393,0.01142025925219059,0.00026535801589488983,0.010058361105620861
_ITluulB74Q,_ITluulB74Q_0000_S1330_E1923_L867_T0_R1235_B320,multitalk,392,0.018894582986831665,0.0003672161838039756,0.008464302867650986
_ITluulB74Q,_ITluulB74Q_0000_S1330_E1923_L867_T0_R1235_B320,codetalker,394,0.010763533413410187,0.0003778030222747475,0.00633639981970191
_K-JEM9RNeA,_K-JEM9RNeA_0006_S1025_E1269_L380_T106_R764_B490,dpt,203,0.010573729872703552,9.964673517970368e-05,0.004512824583798647
_K-JEM9RNeA,_K-JEM9RNeA_0006_S1025_E1269_L380_T106_R764_B490,artalk,204,0.007697550114244223,-3.503324478515424e-05,0.0024569148663431406
_K-JEM9RNeA,_K-JEM9RNeA_0006_S1025_E1269_L380_T106_R764_B490,multitalk,203,0.009502767585217953,9.886149200610816e-05,0.004770997911691666
_K-JEM9RNeA,_K-JEM9RNeA_0006_S1025_E1269_L380_T106_R764_B490,codetalker,206,0.011920862831175327,0.00013806388597004116,0.004994695540517569
_OhqC6w4C28,_OhqC6w4C28_0003_S993_E1309_L551_T0_R1015_B448,dpt,316,0.008279678411781788,0.00012262888776604086,0.0044594332575798035
_OhqC6w4C28,_OhqC6w4C28_0003_S993_E1309_L551_T0_R1015_B448,artalk,316,0.008102748543024063,5.701718691852875e-05,0.004199139773845673
_OhqC6w4C28,_OhqC6w4C28_0003_S993_E1309_L551_T0_R1015_B448,multitalk,316,0.008753214031457901,0.00013327389024198055,0.004345651715993881
_OhqC6w4C28,_OhqC6w4C28_0003_S993_E1309_L551_T0_R1015_B448,codetalker,316,0.0077997418120503426,0.00018018682021647692,0.003529276931658387
_QRahNSxQfc,_QRahNSxQfc_0002_S18_E271_L445_T79_R701_B335,dpt,211,0.009893336333334446,0.0001398072490701452,0.004186731297522783
_QRahNSxQfc,_QRahNSxQfc_0002_S18_E271_L445_T79_R701_B335,artalk,212,0.0067581795156002045,3.6634653952205554e-05,0.0033307471312582493
_QRahNSxQfc,_QRahNSxQfc_0002_S18_E271_L445_T79_R701_B335,multitalk,211,0.011934795416891575,0.000132107175886631,0.006063241045922041
_QRahNSxQfc,_QRahNSxQfc_0002_S18_E271_L445_T79_R701_B335,codetalker,214,0.009689584374427795,0.00018487204215489328,0.004683367442339659
_UVuXcclWM8,_UVuXcclWM8_0004_S0_E399_L522_T0_R922_B352,dpt,416,0.009952004067599773,0.0002004491543630138,0.004938600584864616
_UVuXcclWM8,_UVuXcclWM8_0004_S0_E399_L522_T0_R922_B352,artalk,416,0.009908786043524742,9.72806301433593e-05,0.0049627069383859634
_UVuXcclWM8,_UVuXcclWM8_0004_S0_E399_L522_T0_R922_B352,multitalk,416,0.012971990741789341,0.00012487165804486722,0.005198411177843809
_UVuXcclWM8,_UVuXcclWM8_0004_S0_E399_L522_T0_R922_B352,codetalker,416,0.013247007504105568,0.00021554618433583528,0.009024398401379585
_WN-6t58HdM,_WN-6t58HdM_0000_S36_E409_L280_T9_R1032_B713,dpt,388,0.015904633328318596,0.0001849598193075508,0.0033210902474820614
_WN-6t58HdM,_WN-6t58HdM_0000_S36_E409_L280_T9_R1032_B713,artalk,389,0.014113577082753181,9.286963904742151e-05,0.006155815906822681
_WN-6t58HdM,_WN-6t58HdM_0000_S36_E409_L280_T9_R1032_B713,multitalk,388,0.016470691189169884,0.00017218248103745282,0.004215626511722803
_WN-6t58HdM,_WN-6t58HdM_0000_S36_E409_L280_T9_R1032_B713,codetalker,389,0.0183136947453022,0.00019129573774989694,0.00848051905632019
_ZZVgjbePRI,_ZZVgjbePRI_0006_S402_E687_L496_T84_R768_B356,dpt,285,0.00886884517967701,0.00023308764502871782,0.005344695411622524
_ZZVgjbePRI,_ZZVgjbePRI_0006_S402_E687_L496_T84_R768_B356,artalk,285,0.007345442194491625,7.455718150595203e-05,0.004586380440741777
_ZZVgjbePRI,_ZZVgjbePRI_0006_S402_E687_L496_T84_R768_B356,multitalk,284,0.010073176585137844,0.0001811273250496015,0.004587676841765642
_ZZVgjbePRI,_ZZVgjbePRI_0006_S402_E687_L496_T84_R768_B356,codetalker,285,0.009705339558422565,0.0002520886773709208,0.004830868914723396
_ak7BooJlnk,_ak7BooJlnk_0007_S352_E653_L262_T0_R934_B656,dpt,251,0.009060644544661045,0.0002357670309720561,0.003812854178249836
_ak7BooJlnk,_ak7BooJlnk_0007_S352_E653_L262_T0_R934_B656,artalk,252,0.008359570056200027,0.00013928486441727728,0.0022894975263625383
_ak7BooJlnk,_ak7BooJlnk_0007_S352_E653_L262_T0_R934_B656,multitalk,251,0.01915988326072693,0.00022101355716586113,0.0047156792134046555
_ak7BooJlnk,_ak7BooJlnk_0007_S352_E653_L262_T0_R934_B656,codetalker,253,0.010865667834877968,0.0002646399079822004,0.006810853723436594
_czQyx6JYgc,_czQyx6JYgc_0000_S1239_E1485_L130_T0_R594_B400,dpt,246,0.012979761697351933,0.00028504981310106814,0.010335279628634453
_czQyx6JYgc,_czQyx6JYgc_0000_S1239_E1485_L130_T0_R594_B400,artalk,246,0.014016266912221909,0.000225856521865353,0.007689223159104586
_czQyx6JYgc,_czQyx6JYgc_0000_S1239_E1485_L130_T0_R594_B400,multitalk,246,0.012394233606755733,0.00030553952092304826,0.008510190062224865
_czQyx6JYgc,_czQyx6JYgc_0000_S1239_E1485_L130_T0_R594_B400,codetalker,246,0.01224024873226881,0.00032032080343924463,0.005936543457210064
_f2hDpHsQlg,_f2hDpHsQlg_0000_S602_E912_L227_T17_R707_B497,dpt,310,0.010393519885838032,4.1560848330846056e-05,0.0020685908384621143
_f2hDpHsQlg,_f2hDpHsQlg_0000_S602_E912_L227_T17_R707_B497,artalk,310,0.009450089186429977,-4.8325469833798707e-05,0.0035094106569886208
_f2hDpHsQlg,_f2hDpHsQlg_0000_S602_E912_L227_T17_R707_B497,multitalk,310,0.011655937880277634,7.901723438408226e-05,0.003285651793703437
_f2hDpHsQlg,_f2hDpHsQlg_0000_S602_E912_L227_T17_R707_B497,codetalker,310,0.011035444214940071,8.679638267494738e-05,0.006448518484830856
_gJN7I0a9XU,_gJN7I0a9XU_0048_S0_E229_L539_T72_R811_B344,dpt,229,0.007755275350064039,0.00012516156130004674,0.003135745180770755
_gJN7I0a9XU,_gJN7I0a9XU_0048_S0_E229_L539_T72_R811_B344,artalk,229,0.006011350080370903,1.457176222174894e-05,0.0027471783105283976
_gJN7I0a9XU,_gJN7I0a9XU_0048_S0_E229_L539_T72_R811_B344,multitalk,229,0.009349847212433815,0.00014729314716532826,0.002335564000532031
_gJN7I0a9XU,_gJN7I0a9XU_0048_S0_E229_L539_T72_R811_B344,codetalker,229,0.00665935268625617,0.00013582569954451174,0.004874225240200758
_gR3p72XEMg,_gR3p72XEMg_0000_S1181_E1433_L920_T117_R1176_B373,dpt,210,0.009620370343327522,0.00036767730489373207,0.002523382194340229
_gR3p72XEMg,_gR3p72XEMg_0000_S1181_E1433_L920_T117_R1176_B373,artalk,211,0.005889148451387882,0.0002661729813553393,0.002036448335275054
_gR3p72XEMg,_gR3p72XEMg_0000_S1181_E1433_L920_T117_R1176_B373,multitalk,210,0.011192898266017437,0.00023290436365641654,0.006170427892357111
_gR3p72XEMg,_gR3p72XEMg_0000_S1181_E1433_L920_T117_R1176_B373,codetalker,212,0.00795651227235794,0.00037872151006013155,0.004274989012628794
_gm8Jp_4a5E,_gm8Jp_4a5E_0003_S481_E780_L499_T5_R1107_B613,dpt,249,0.009436255320906639,0.00029033832834102213,0.004173912573605776
_gm8Jp_4a5E,_gm8Jp_4a5E_0003_S481_E780_L499_T5_R1107_B613,artalk,250,0.007435169070959091,0.00013990748266223818,0.005353049375116825
_gm8Jp_4a5E,_gm8Jp_4a5E_0003_S481_E780_L499_T5_R1107_B613,multitalk,249,0.01655854843556881,0.00022160826483741403,0.004625261761248112
_gm8Jp_4a5E,_gm8Jp_4a5E_0003_S481_E780_L499_T5_R1107_B613,codetalker,251,0.012455041520297527,0.0003301989345345646,0.009323365986347198
_nwF3zYpfQ4,_nwF3zYpfQ4_0003_S1149_E1759_L271_T43_R655_B427,dpt,509,0.013987823389470577,0.0002999716380145401,0.0043808878399431705
_nwF3zYpfQ4,_nwF3zYpfQ4_0003_S1149_E1759_L271_T43_R655_B427,artalk,510,0.009809696115553379,0.0001375374849885702,0.00442870007827878
_nwF3zYpfQ4,_nwF3zYpfQ4_0003_S1149_E1759_L271_T43_R655_B427,multitalk,508,0.023630158975720406,0.0002831755846273154,0.0040363441221416
_nwF3zYpfQ4,_nwF3zYpfQ4_0003_S1149_E1759_L271_T43_R655_B427,codetalker,511,0.013266596011817455,0.0003298020747024566,0.003193737706169486
_rWxLXmPdc0,_rWxLXmPdc0_0001_S778_E1291_L518_T20_R806_B308,dpt,428,0.011713188141584396,0.00014525579172186553,0.006982013583183289
_rWxLXmPdc0,_rWxLXmPdc0_0001_S778_E1291_L518_T20_R806_B308,artalk,429,0.012024437077343464,1.4562901014869567e-05,0.0054387920536100864
_rWxLXmPdc0,_rWxLXmPdc0_0001_S778_E1291_L518_T20_R806_B308,multitalk,428,0.008965810760855675,0.00016171789320651442,0.00614389032125473
_rWxLXmPdc0,_rWxLXmPdc0_0001_S778_E1291_L518_T20_R806_B308,codetalker,430,0.010061560198664665,0.00012821631389670074,0.0033592653926461935
_sWO1yvsmmo,_sWO1yvsmmo_0000_S1551_E1886_L405_T27_R821_B443,dpt,279,0.009190427139401436,0.00016257830429822206,0.003515152260661125
_sWO1yvsmmo,_sWO1yvsmmo_0000_S1551_E1886_L405_T27_R821_B443,artalk,280,0.008576956577599049,-7.552729948656633e-05,0.003645967924967408
_sWO1yvsmmo,_sWO1yvsmmo_0000_S1551_E1886_L405_T27_R821_B443,multitalk,279,0.01408002246171236,0.00011625896877376363,0.008463055826723576
_sWO1yvsmmo,_sWO1yvsmmo_0000_S1551_E1886_L405_T27_R821_B443,codetalker,281,0.008646384812891483,0.00019234223873354495,0.005072672385722399
_t61OZ5dN9Q,_t61OZ5dN9Q_0000_S1048_E1421_L426_T36_R842_B452,dpt,311,0.011158760637044907,0.00018950265075545758,0.0055055441334843636
_t61OZ5dN9Q,_t61OZ5dN9Q_0000_S1048_E1421_L426_T36_R842_B452,artalk,312,0.00800369679927826,8.180885924957693e-05,0.006360865663737059
_t61OZ5dN9Q,_t61OZ5dN9Q_0000_S1048_E1421_L426_T36_R842_B452,multitalk,311,0.00915532372891903,0.0001834746217355132,0.0035687496419996023
_t61OZ5dN9Q,_t61OZ5dN9Q_0000_S1048_E1421_L426_T36_R842_B452,codetalker,313,0.013900483027100563,0.00022301568242255598,0.011596602387726307
_uV1LuL6yDQ,_uV1LuL6yDQ_0003_S517_E886_L561_T62_R897_B398,dpt,308,0.013994270004332066,0.00021788997401017696,0.00543684046715498
_uV1LuL6yDQ,_uV1LuL6yDQ_0003_S517_E886_L561_T62_R897_B398,artalk,309,0.009728042408823967,8.928548777475953e-05,0.004386974964290857
_uV1LuL6yDQ,_uV1LuL6yDQ_0003_S517_E886_L561_T62_R897_B398,multitalk,308,0.010297962464392185,8.205561607610434e-05,0.0027030776254832745
_uV1LuL6yDQ,_uV1LuL6yDQ_0003_S517_E886_L561_T62_R897_B398,codetalker,310,0.01471261028200388,0.00020380355999805033,0.009001750499010086
_y9aHEd08LM,_y9aHEd08LM_0007_S795_E990_L330_T0_R890_B544,dpt,293,0.011892370879650116,0.00017500467947684228,0.005452049896121025
_y9aHEd08LM,_y9aHEd08LM_0007_S795_E990_L330_T0_R890_B544,artalk,294,0.011771738529205322,9.452713857172057e-05,0.008950038813054562
_y9aHEd08LM,_y9aHEd08LM_0007_S795_E990_L330_T0_R890_B544,multitalk,293,0.009882736019790173,0.00015831210475880653,0.0037146920803934336
_y9aHEd08LM,_y9aHEd08LM_0007_S795_E990_L330_T0_R890_B544,codetalker,294,0.016376527026295662,0.00022930034901946783,0.013157157227396965
_yKGZu_8gyI,_yKGZu_8gyI_0000_S1185_E1667_L0_T0_R1168_B704,dpt,401,0.011254298500716686,0.00018019677372649312,0.004634157754480839
_yKGZu_8gyI,_yKGZu_8gyI_0000_S1185_E1667_L0_T0_R1168_B704,artalk,402,0.009745663963258266,0.00010299711721017957,0.004039314109832048
_yKGZu_8gyI,_yKGZu_8gyI_0000_S1185_E1667_L0_T0_R1168_B704,multitalk,401,0.012376388534903526,0.00021283344540279359,0.004279936198145151
_yKGZu_8gyI,_yKGZu_8gyI_0000_S1185_E1667_L0_T0_R1168_B704,codetalker,403,0.011601267382502556,0.00026169102056883276,0.006278057117015123
_zYWKwpARf0,_zYWKwpARf0_0004_S449_E882_L436_T56_R836_B456,dpt,361,0.012152967974543571,8.202674507629126e-05,0.007026675157248974
_zYWKwpARf0,_zYWKwpARf0_0004_S449_E882_L436_T56_R836_B456,artalk,362,0.0105998320505023,1.9954959498136304e-05,0.005781192798167467
_zYWKwpARf0,_zYWKwpARf0_0004_S449_E882_L436_T56_R836_B456,multitalk,361,0.012711935676634312,9.894009417621419e-05,0.0088888481259346
_zYWKwpARf0,_zYWKwpARf0_0004_S449_E882_L436_T56_R836_B456,codetalker,364,0.007785659749060869,0.0001449165283702314,0.0040810806676745415
a3Ah-REb5vc,a3Ah-REb5vc_0000_S977_E1537_L299_T15_R763_B479,dpt,467,0.0115957111120224,0.0002742492943070829,0.0025077222380787134
a3Ah-REb5vc,a3Ah-REb5vc_0000_S977_E1537_L299_T15_R763_B479,artalk,468,0.008568145334720612,0.00017959767137654126,0.0023091796319931746
a3Ah-REb5vc,a3Ah-REb5vc_0000_S977_E1537_L299_T15_R763_B479,multitalk,467,0.011353918351233006,0.0002663852064870298,0.002951598260551691
a3Ah-REb5vc,a3Ah-REb5vc_0000_S977_E1537_L299_T15_R763_B479,codetalker,469,0.010406114161014557,0.0003079082234762609,0.005670926999300718
a5CAVvzL2GA,a5CAVvzL2GA_0000_S1602_E1869_L426_T39_R938_B551,dpt,222,0.007550572045147419,0.0001325749617535621,0.0037462147884070873
a5CAVvzL2GA,a5CAVvzL2GA_0000_S1602_E1869_L426_T39_R938_B551,artalk,223,0.006809199694544077,2.7642503482638858e-05,0.004156890325248241
a5CAVvzL2GA,a5CAVvzL2GA_0000_S1602_E1869_L426_T39_R938_B551,multitalk,222,0.007976843044161797,9.066867642104626e-05,0.0033225291408598423
a5CAVvzL2GA,a5CAVvzL2GA_0000_S1602_E1869_L426_T39_R938_B551,codetalker,224,0.009442927315831184,0.00014185022155288607,0.007045380771160126
a5lUNW9wlpY,a5lUNW9wlpY_0002_S1167_E1536_L286_T0_R1038_B688,dpt,307,0.014097867533564568,0.0003787755558732897,0.0041496530175209045
a5lUNW9wlpY,a5lUNW9wlpY_0002_S1167_E1536_L286_T0_R1038_B688,artalk,308,0.01059161126613617,0.0003381009737495333,0.003024012316018343
a5lUNW9wlpY,a5lUNW9wlpY_0002_S1167_E1536_L286_T0_R1038_B688,multitalk,307,0.011947903782129288,0.0004012805293314159,0.0038324680645018816
a5lUNW9wlpY,a5lUNW9wlpY_0002_S1167_E1536_L286_T0_R1038_B688,codetalker,309,0.016401642933487892,0.00046271979226730764,0.009303373284637928
aA1H4iLap44,aA1H4iLap44_0001_S159_E470_L636_T31_R972_B367,dpt,311,0.011862081475555897,0.00020619775750674307,0.005525038577616215
aA1H4iLap44,aA1H4iLap44_0001_S159_E470_L636_T31_R972_B367,artalk,311,0.012133938260376453,7.006473606452346e-05,0.005283752456307411
aA1H4iLap44,aA1H4iLap44_0001_S159_E470_L636_T31_R972_B367,multitalk,311,0.009509420953691006,0.00022337980044540018,0.0030854218639433384
aA1H4iLap44,aA1H4iLap44_0001_S159_E470_L636_T31_R972_B367,codetalker,311,0.01031741313636303,0.00022505137894768268,0.003249488538131118
aB0Ku9J6jHg,aB0Ku9J6jHg_0002_S300_E632_L365_T149_R669_B453,dpt,277,0.010623913258314133,0.0002884245477616787,0.005228430964052677
aB0Ku9J6jHg,aB0Ku9J6jHg_0002_S300_E632_L365_T149_R669_B453,artalk,278,0.008845887146890163,0.000214389045140706,0.0031025968492031097
aB0Ku9J6jHg,aB0Ku9J6jHg_0002_S300_E632_L365_T149_R669_B453,multitalk,277,0.012844125740230083,0.0002566373732406646,0.0077534024603664875
aB0Ku9J6jHg,aB0Ku9J6jHg_0002_S300_E632_L365_T149_R669_B453,codetalker,279,0.011272549629211426,0.00037493923446163535,0.005171708296984434
aGPO0OB2_Ak,aGPO0OB2_Ak_0000_S1087_E1448_L283_T0_R939_B576,dpt,361,0.0094637805595994,0.00011346792598487809,0.0022480462212115526
aGPO0OB2_Ak,aGPO0OB2_Ak_0000_S1087_E1448_L283_T0_R939_B576,artalk,361,0.00899962242692709,5.2530936955008656e-05,0.0028469583485275507
aGPO0OB2_Ak,aGPO0OB2_Ak_0000_S1087_E1448_L283_T0_R939_B576,multitalk,360,0.010194091126322746,0.00012292378232814372,0.0029597943648695946
aGPO0OB2_Ak,aGPO0OB2_Ak_0000_S1087_E1448_L283_T0_R939_B576,codetalker,361,0.01001303642988205,0.00011833329335786402,0.006291643250733614
aJAQVletzdY,aJAQVletzdY_0010_S343_E552_L630_T40_R934_B344,dpt,209,0.010024696588516235,0.00021214238950051367,0.003100633854046464
aJAQVletzdY,aJAQVletzdY_0010_S343_E552_L630_T40_R934_B344,artalk,209,0.009592507034540176,0.00010698859114199877,0.0033390128519386053
aJAQVletzdY,aJAQVletzdY_0010_S343_E552_L630_T40_R934_B344,multitalk,209,0.012917833402752876,0.0001609031023690477,0.0037999178748577833
aJAQVletzdY,aJAQVletzdY_0010_S343_E552_L630_T40_R934_B344,codetalker,209,0.008925319649279118,0.00024039096024353057,0.004199879243969917
aLPYGw9HubM,aLPYGw9HubM_0014_S982_E1252_L452_T36_R804_B388,dpt,225,0.008183171041309834,0.0003572419809643179,0.003693697741255164
aLPYGw9HubM,aLPYGw9HubM_0014_S982_E1252_L452_T36_R804_B388,artalk,226,0.006807482801377773,0.00034052395494654775,0.0035813115537166595
aLPYGw9HubM,aLPYGw9HubM_0014_S982_E1252_L452_T36_R804_B388,multitalk,225,0.010086951777338982,0.00038251563091762364,0.0042541311122477055
aLPYGw9HubM,aLPYGw9HubM_0014_S982_E1252_L452_T36_R804_B388,codetalker,227,0.008144679479300976,0.00036607313086278737,0.006583169102668762
aSDRWUh7nqQ,aSDRWUh7nqQ_0000_S925_E1214_L467_T63_R915_B511,dpt,289,0.008969608694314957,0.00019380194135010242,0.002086383756250143
aSDRWUh7nqQ,aSDRWUh7nqQ_0000_S925_E1214_L467_T63_R915_B511,artalk,289,0.008981569670140743,0.00010382175969425589,0.003347512101754546
aSDRWUh7nqQ,aSDRWUh7nqQ_0000_S925_E1214_L467_T63_R915_B511,multitalk,288,0.010646731592714787,0.00017091765766963363,0.00449634063988924
aSDRWUh7nqQ,aSDRWUh7nqQ_0000_S925_E1214_L467_T63_R915_B511,codetalker,289,0.010213513858616352,0.00021781738905701786,0.005260143894702196
aSF8LfYNlSM,aSF8LfYNlSM_0005_S342_E583_L723_T62_R1027_B366,dpt,201,0.009450549259781837,0.00028636158094741404,0.003243093378841877
aSF8LfYNlSM,aSF8LfYNlSM_0005_S342_E583_L723_T62_R1027_B366,artalk,202,0.009141800925135612,0.00022268254542723298,0.0037322319112718105
aSF8LfYNlSM,aSF8LfYNlSM_0005_S342_E583_L723_T62_R1027_B366,multitalk,201,0.010114583186805248,0.000306694651953876,0.0049957651644945145
aSF8LfYNlSM,aSF8LfYNlSM_0005_S342_E583_L723_T62_R1027_B366,codetalker,204,0.007708667311817408,0.00035555518115870655,0.0049142721109092236
aSp8Pf6zXvg,aSp8Pf6zXvg_0004_S532_E895_L736_T47_R1024_B335,dpt,303,0.008749071508646011,0.000211511374800466,0.0038424914237111807
aSp8Pf6zXvg,aSp8Pf6zXvg_0004_S532_E895_L736_T47_R1024_B335,artalk,304,0.007516206707805395,0.00011168485798407346,0.0029979038517922163
aSp8Pf6zXvg,aSp8Pf6zXvg_0004_S532_E895_L736_T47_R1024_B335,multitalk,302,0.010131588205695152,0.00023251085076481104,0.00377758895047009
aSp8Pf6zXvg,aSp8Pf6zXvg_0004_S532_E895_L736_T47_R1024_B335,codetalker,305,0.007968864403665066,0.00024296061019413173,0.00446451548486948
aTigt0mmyiM,aTigt0mmyiM_0002_S1031_E1535_L298_T81_R650_B433,dpt,504,0.00807272456586361,0.00027896498795598745,0.002716893795877695
aTigt0mmyiM,aTigt0mmyiM_0002_S1031_E1535_L298_T81_R650_B433,artalk,504,0.007930528372526169,0.0001370803511235863,0.003573628608137369
aTigt0mmyiM,aTigt0mmyiM_0002_S1031_E1535_L298_T81_R650_B433,multitalk,504,0.012396796606481075,0.00027155090356245637,0.008372994139790535
aTigt0mmyiM,aTigt0mmyiM_0002_S1031_E1535_L298_T81_R650_B433,codetalker,504,0.008064222522079945,0.00031455321004614234,0.0042948173359036446
aValNp9ADko,aValNp9ADko_0000_S1078_E1299_L369_T54_R865_B534,dpt,221,0.007112020626664162,0.00033035114756785333,0.001623817952349782
aValNp9ADko,aValNp9ADko_0000_S1078_E1299_L369_T54_R865_B534,artalk,221,0.008212139829993248,0.00018349099264014512,0.002984238788485527
aValNp9ADko,aValNp9ADko_0000_S1078_E1299_L369_T54_R865_B534,multitalk,221,0.008270839229226112,0.00025775880203582346,0.001702646492049098
aValNp9ADko,aValNp9ADko_0000_S1078_E1299_L369_T54_R865_B534,codetalker,221,0.009219569154083729,0.00034812421654351056,0.005906251259148121
aVstEGR5jt0,aVstEGR5jt0_0000_S450_E696_L629_T113_R933_B417,dpt,205,0.007372498046606779,0.0001771928946254775,0.002278608037158847
aVstEGR5jt0,aVstEGR5jt0_0000_S450_E696_L629_T113_R933_B417,artalk,206,0.00614526029676199,7.339055446209386e-05,0.001834206748753786
aVstEGR5jt0,aVstEGR5jt0_0000_S450_E696_L629_T113_R933_B417,multitalk,205,0.010162432678043842,-3.503575862850994e-05,0.003589753760024905
aVstEGR5jt0,aVstEGR5jt0_0000_S450_E696_L629_T113_R933_B417,codetalker,207,0.008458520285785198,0.00017910388123709708,0.0052854446694254875
aVtOmrULE2w,aVtOmrULE2w_0011_S413_E762_L315_T97_R683_B465,dpt,290,0.008159421384334564,0.00025497243041172624,0.0025256634689867496
aVtOmrULE2w,aVtOmrULE2w_0011_S413_E762_L315_T97_R683_B465,artalk,291,0.007561409845948219,9.9816286819987e-05,0.002167655387893319
aVtOmrULE2w,aVtOmrULE2w_0011_S413_E762_L315_T97_R683_B465,multitalk,290,0.008238022215664387,0.00022905966034159064,0.0031560335773974657
aVtOmrULE2w,aVtOmrULE2w_0011_S413_E762_L315_T97_R683_B465,codetalker,293,0.008716628886759281,0.00028582438244484365,0.005526446737349033
aZn-H9uoYk8,aZn-H9uoYk8_0000_S1066_E1451_L430_T0_R1102_B480,dpt,321,0.012106846086680889,0.00015263630484696478,0.00509654451161623
aZn-H9uoYk8,aZn-H9uoYk8_0000_S1066_E1451_L430_T0_R1102_B480,artalk,322,0.008389225229620934,6.45398540655151e-05,0.004877289291471243
aZn-H9uoYk8,aZn-H9uoYk8_0000_S1066_E1451_L430_T0_R1102_B480,multitalk,320,0.01307473611086607,0.00013779902656096965,0.009381299838423729
aZn-H9uoYk8,aZn-H9uoYk8_0000_S1066_E1451_L430_T0_R1102_B480,codetalker,323,0.009126363322138786,0.00013529200805351138,0.003312651999294758
acWlXpQu83s,acWlXpQu83s_0002_S217_E468_L467_T4_R899_B436,dpt,209,0.01318027451634407,0.00018927357450593263,0.00334068201482296
acWlXpQu83s,acWlXpQu83s_0002_S217_E468_L467_T4_R899_B436,artalk,210,0.010463554412126541,0.0001284256431972608,0.002805971773341298
acWlXpQu83s,acWlXpQu83s_0002_S217_E468_L467_T4_R899_B436,multitalk,209,0.010866185650229454,0.00021107567590661347,0.0038426006212830544
acWlXpQu83s,acWlXpQu83s_0002_S217_E468_L467_T4_R899_B436,codetalker,211,0.015597715973854065,0.00023083208361640573,0.007462895475327969
ad7p5nSZbBg,ad7p5nSZbBg_0000_S666_E1073_L214_T15_R486_B287,dpt,407,0.00974359456449747,0.00023580154811497778,0.0021609340328723192
ad7p5nSZbBg,ad7p5nSZbBg_0000_S666_E1073_L214_T15_R486_B287,artalk,407,0.0053529758006334305,0.00011992775398539379,0.002747697988525033
ad7p5nSZbBg,ad7p5nSZbBg_0000_S666_E1073_L214_T15_R486_B287,multitalk,407,0.013844972476363182,0.0002311782882316038,0.002944149309769273
ad7p5nSZbBg,ad7p5nSZbBg_0000_S666_E1073_L214_T15_R486_B287,codetalker,407,0.00947308074682951,0.0002560473221819848,0.0051989261992275715
adXUEwBrrl0,adXUEwBrrl0_0004_S1076_E1359_L854_T149_R1158_B453,dpt,236,0.011407921090722084,0.00028837035642936826,0.0074187032878398895
adXUEwBrrl0,adXUEwBrrl0_0004_S1076_E1359_L854_T149_R1158_B453,artalk,237,0.011603755876421928,0.0002413743786746636,0.006307546049356461
adXUEwBrrl0,adXUEwBrrl0_0004_S1076_E1359_L854_T149_R1158_B453,multitalk,236,0.012782839126884937,0.0003020810254383832,0.009428838267922401
adXUEwBrrl0,adXUEwBrrl0_0004_S1076_E1359_L854_T149_R1158_B453,codetalker,238,0.011074534617364407,0.0003327627491671592,0.004136551637202501
ae527aiePIg,ae527aiePIg_0014_S754_E1318_L433_T70_R817_B454,dpt,470,0.008486337959766388,0.00010550536535447463,0.0023630375508219004
ae527aiePIg,ae527aiePIg_0014_S754_E1318_L433_T70_R817_B454,artalk,471,0.007548175286501646,5.1833885663654655e-05,0.0032274494878947735
ae527aiePIg,ae527aiePIg_0014_S754_E1318_L433_T70_R817_B454,multitalk,470,0.018930187448859215,-4.400776742841117e-05,0.009983500465750694
ae527aiePIg,ae527aiePIg_0014_S754_E1318_L433_T70_R817_B454,codetalker,472,0.007942414842545986,9.915433474816382e-05,0.00387433054856956
afqjRWOtCzM,afqjRWOtCzM_0003_S712_E1050_L549_T95_R837_B383,dpt,338,0.008832389488816261,7.156890933401883e-05,0.0034369071945548058
afqjRWOtCzM,afqjRWOtCzM_0003_S712_E1050_L549_T95_R837_B383,artalk,338,0.005598435644060373,8.643039109301753e-06,0.0021690186113119125
afqjRWOtCzM,afqjRWOtCzM_0003_S712_E1050_L549_T95_R837_B383,multitalk,338,0.011967130936682224,8.788164268480614e-05,0.0028638881631195545
afqjRWOtCzM,afqjRWOtCzM_0003_S712_E1050_L549_T95_R837_B383,codetalker,338,0.008407466113567352,9.213570592692122e-05,0.004804103169590235
atd0dgRkl2k,atd0dgRkl2k_0005_S587_E841_L545_T85_R961_B501,dpt,211,0.01233783271163702,0.0002019396924879402,0.006207834463566542
atd0dgRkl2k,atd0dgRkl2k_0005_S587_E841_L545_T85_R961_B501,artalk,212,0.010953761637210846,0.00010568305879132822,0.004952454473823309
atd0dgRkl2k,atd0dgRkl2k_0005_S587_E841_L545_T85_R961_B501,multitalk,211,0.018314184620976448,0.0001569200394442305,0.009149049408733845
atd0dgRkl2k,atd0dgRkl2k_0005_S587_E841_L545_T85_R961_B501,codetalker,214,0.012317459098994732,0.00027611159021034837,0.004380970727652311
azPa3uccg2I,azPa3uccg2I_0010_S1044_E1283_L272_T140_R608_B476,dpt,239,0.006699367426335812,0.00017965980805456638,0.0020190798677504063
azPa3uccg2I,azPa3uccg2I_0010_S1044_E1283_L272_T140_R608_B476,artalk,239,0.006386995781213045,0.00013772438978776336,0.0029265424236655235
azPa3uccg2I,azPa3uccg2I_0010_S1044_E1283_L272_T140_R608_B476,multitalk,239,0.008283363655209541,0.00010460839257575572,0.00380250858142972
azPa3uccg2I,azPa3uccg2I_0010_S1044_E1283_L272_T140_R608_B476,codetalker,239,0.008489328436553478,0.0001918370253406465,0.0041439104825258255
b-lZA6gHWg8,b-lZA6gHWg8_0031_S0_E314_L464_T34_R880_B450,dpt,261,0.011115603148937225,0.00016677941312082112,0.004198022652417421
b-lZA6gHWg8,b-lZA6gHWg8_0031_S0_E314_L464_T34_R880_B450,artalk,262,0.006840872578322887,0.00018796678341459483,0.0026096447836607695
b-lZA6gHWg8,b-lZA6gHWg8_0031_S0_E314_L464_T34_R880_B450,multitalk,261,0.007548695895820856,0.00020543640130199492,0.0036410202737897635
b-lZA6gHWg8,b-lZA6gHWg8_0031_S0_E314_L464_T34_R880_B450,codetalker,264,0.008387484587728977,0.00026278066798113286,0.006080174818634987
b3wy7s_QvOY,b3wy7s_QvOY_0000_S1510_E1872_L485_T82_R773_B370,dpt,302,0.009889945387840271,0.00013928054249845445,0.006360241211950779
b3wy7s_QvOY,b3wy7s_QvOY_0000_S1510_E1872_L485_T82_R773_B370,artalk,303,0.009206023998558521,5.5014399549691007e-05,0.008411617018282413
b3wy7s_QvOY,b3wy7s_QvOY_0000_S1510_E1872_L485_T82_R773_B370,multitalk,302,0.010636700317263603,0.00015345867723226547,0.006260416936129332
b3wy7s_QvOY,b3wy7s_QvOY_0000_S1510_E1872_L485_T82_R773_B370,codetalker,304,0.014149557799100876,0.00016453437274321914,0.01200728490948677
b44IhiCuNw4,b44IhiCuNw4_0003_S338_E979_L454_T34_R774_B354,dpt,534,0.012466205283999443,0.0002747168764472008,0.0070251356810331345
b44IhiCuNw4,b44IhiCuNw4_0003_S338_E979_L454_T34_R774_B354,artalk,535,0.012897987850010395,0.000269891694188118,0.007097205147147179
b44IhiCuNw4,b44IhiCuNw4_0003_S338_E979_L454_T34_R774_B354,multitalk,534,0.011236414313316345,0.00029672743403352797,0.006799427792429924
b44IhiCuNw4,b44IhiCuNw4_0003_S338_E979_L454_T34_R774_B354,codetalker,536,0.00907556340098381,0.0003482318134047091,0.003507038578391075
b4jlwhPxTpo,b4jlwhPxTpo_0000_S316_E649_L263_T0_R1031_B704,dpt,333,0.012431478127837181,0.0005062557174824178,0.0022566604893654585
b4jlwhPxTpo,b4jlwhPxTpo_0000_S316_E649_L263_T0_R1031_B704,artalk,333,0.012028315104544163,0.0004230786580592394,0.0027288373094052076
b4jlwhPxTpo,b4jlwhPxTpo_0000_S316_E649_L263_T0_R1031_B704,multitalk,333,0.012329732067883015,0.0005305829690769315,0.003208150388672948
b4jlwhPxTpo,b4jlwhPxTpo_0000_S316_E649_L263_T0_R1031_B704,codetalker,333,0.01263374462723732,0.0005044281715527177,0.0043316674418747425
b552H9Gclo0,b552H9Gclo0_0000_S1482_E1770_L621_T23_R1261_B663,dpt,240,0.009549534879624844,4.9688052968122065e-05,0.010720906779170036
b552H9Gclo0,b552H9Gclo0_0000_S1482_E1770_L621_T23_R1261_B663,artalk,241,0.009531112387776375,-8.424562838627025e-05,0.009202957153320312
b552H9Gclo0,b552H9Gclo0_0000_S1482_E1770_L621_T23_R1261_B663,multitalk,240,0.012600048445165157,2.1623363863909617e-05,0.013358775526285172
b552H9Gclo0,b552H9Gclo0_0000_S1482_E1770_L621_T23_R1261_B663,codetalker,242,0.01047317311167717,5.071650230092928e-05,0.0064625730738043785
bCbKYU8D2QA,bCbKYU8D2QA_0002_S1484_E1774_L477_T5_R797_B325,dpt,242,0.009519827552139759,0.0002421540702925995,0.006287514232099056
bCbKYU8D2QA,bCbKYU8D2QA_0002_S1484_E1774_L477_T5_R797_B325,artalk,243,0.009108836762607098,0.0001865496305981651,0.003868155414238572
bCbKYU8D2QA,bCbKYU8D2QA_0002_S1484_E1774_L477_T5_R797_B325,multitalk,241,0.01148398220539093,0.00023090277682058513,0.009542387910187244
bCbKYU8D2QA,bCbKYU8D2QA_0002_S1484_E1774_L477_T5_R797_B325,codetalker,245,0.009571387432515621,0.00030808019801042974,0.0046365889720618725
bDjCnFvz11A,bDjCnFvz11A_0003_S1155_E1407_L518_T0_R1126_B592,dpt,231,0.007836498320102692,4.495957909966819e-05,0.005252692382782698
bDjCnFvz11A,bDjCnFvz11A_0003_S1155_E1407_L518_T0_R1126_B592,artalk,232,0.007154938764870167,-6.693707109661773e-05,0.005187137983739376
bDjCnFvz11A,bDjCnFvz11A_0003_S1155_E1407_L518_T0_R1126_B592,multitalk,231,0.01004260964691639,5.207600042922422e-05,0.004518944304436445
bDjCnFvz11A,bDjCnFvz11A_0003_S1155_E1407_L518_T0_R1126_B592,codetalker,232,0.007042784243822098,6.796441448386759e-05,0.004670262336730957
bKqwRavOIVY,bKqwRavOIVY_0045_S1225_E1481_L425_T41_R1001_B617,dpt,256,0.009847559034824371,0.00021360845130402595,0.003001667559146881
bKqwRavOIVY,bKqwRavOIVY_0045_S1225_E1481_L425_T41_R1001_B617,artalk,256,0.007904909551143646,0.00012206081737531349,0.002651897957548499
bKqwRavOIVY,bKqwRavOIVY_0045_S1225_E1481_L425_T41_R1001_B617,multitalk,255,0.008844422176480293,0.00018870210624299943,0.005105411168187857
bKqwRavOIVY,bKqwRavOIVY_0045_S1225_E1481_L425_T41_R1001_B617,codetalker,256,0.010899214074015617,0.00021844641014467925,0.0036537102423608303
bMtTAQHLc6A,bMtTAQHLc6A_0000_S1165_E1442_L479_T0_R1007_B496,dpt,289,0.014167478308081627,4.95098065584898e-05,0.007088067010045052
bMtTAQHLc6A,bMtTAQHLc6A_0000_S1165_E1442_L479_T0_R1007_B496,artalk,289,0.015352028422057629,-0.00011585842003114522,0.007168719545006752
bMtTAQHLc6A,bMtTAQHLc6A_0000_S1165_E1442_L479_T0_R1007_B496,multitalk,288,0.012589078396558762,4.907362017547712e-05,0.009122759103775024
bMtTAQHLc6A,bMtTAQHLc6A_0000_S1165_E1442_L479_T0_R1007_B496,codetalker,289,0.01778082549571991,6.622318323934451e-05,0.004454514477401972
bQ5gacQY7y8,bQ5gacQY7y8_0000_S1173_E1594_L274_T0_R882_B576,dpt,351,0.011684722267091274,0.00021879520500078797,0.006444152444601059
bQ5gacQY7y8,bQ5gacQY7y8_0000_S1173_E1594_L274_T0_R882_B576,artalk,352,0.010816366411745548,0.00011554039519978687,0.00915667787194252
bQ5gacQY7y8,bQ5gacQY7y8_0000_S1173_E1594_L274_T0_R882_B576,multitalk,351,0.012861473485827446,0.00017368546104989946,0.004286159295588732
bQ5gacQY7y8,bQ5gacQY7y8_0000_S1173_E1594_L274_T0_R882_B576,codetalker,353,0.016796089708805084,0.0002600323932711035,0.015380265191197395
bRh_KJ6yyGU,bRh_KJ6yyGU_0005_S122_E603_L425_T0_R1017_B544,dpt,401,0.012320144101977348,0.00020564669102896005,0.005605389829725027
bRh_KJ6yyGU,bRh_KJ6yyGU_0005_S122_E603_L425_T0_R1017_B544,artalk,402,0.011021661572158337,0.00011977742542512715,0.003935480955988169
bRh_KJ6yyGU,bRh_KJ6yyGU_0005_S122_E603_L425_T0_R1017_B544,multitalk,401,0.01366639044135809,0.00021762769029010087,0.006978623569011688
bRh_KJ6yyGU,bRh_KJ6yyGU_0005_S122_E603_L425_T0_R1017_B544,codetalker,403,0.014953835867345333,0.00023685819178353995,0.004233031999319792
bSySiLIcnzs,bSySiLIcnzs_0001_S1075_E1324_L478_T0_R1102_B560,dpt,207,0.01633565127849579,0.0003841590660158545,0.007731171790510416
bSySiLIcnzs,bSySiLIcnzs_0001_S1075_E1324_L478_T0_R1102_B560,artalk,208,0.011803588829934597,0.00034725433215498924,0.007346693892031908
bSySiLIcnzs,bSySiLIcnzs_0001_S1075_E1324_L478_T0_R1102_B560,multitalk,207,0.013750293292105198,0.0003983273636549711,0.005477973725646734
bSySiLIcnzs,bSySiLIcnzs_0001_S1075_E1324_L478_T0_R1102_B560,codetalker,209,0.017156440764665604,0.00044138883822597563,0.011873740702867508
babTVMWIosM,babTVMWIosM_0009_S1218_E1426_L536_T54_R856_B374,dpt,208,0.01138487458229065,0.0001216401215060614,0.007982944138348103
babTVMWIosM,babTVMWIosM_0009_S1218_E1426_L536_T54_R856_B374,artalk,208,0.009906945750117302,-2.7881744244950823e-05,0.005294764414429665
babTVMWIosM,babTVMWIosM_0009_S1218_E1426_L536_T54_R856_B374,multitalk,208,0.012885482981801033,7.727809133939445e-05,0.008109940215945244
babTVMWIosM,babTVMWIosM_0009_S1218_E1426_L536_T54_R856_B374,codetalker,208,0.008743834681808949,0.00014843291137367487,0.0029834629967808723
be0sJh-pxOg,be0sJh-pxOg_0004_S191_E408_L459_T0_R955_B496,dpt,217,0.008529232814908028,0.00023802190844435245,0.002369773108512163
be0sJh-pxOg,be0sJh-pxOg_0004_S191_E408_L459_T0_R955_B496,artalk,217,0.007104509510099888,0.0001875000016298145,0.0029582686256617308
be0sJh-pxOg,be0sJh-pxOg_0004_S191_E408_L459_T0_R955_B496,multitalk,216,0.011813521385192871,0.00021007444593124092,0.0034662424586713314
be0sJh-pxOg,be0sJh-pxOg_0004_S191_E408_L459_T0_R955_B496,codetalker,217,0.010478239506483078,0.0002910757903009653,0.005541278515011072
bebrJ-o4d2E,bebrJ-o4d2E_0000_S1293_E1596_L365_T48_R893_B576,dpt,253,0.012189303524792194,0.00033260617055930197,0.004484131932258606
bebrJ-o4d2E,bebrJ-o4d2E_0000_S1293_E1596_L365_T48_R893_B576,artalk,254,0.00791674293577671,0.0002062725106952712,0.004570902790874243
bebrJ-o4d2E,bebrJ-o4d2E_0000_S1293_E1596_L365_T48_R893_B576,multitalk,252,0.010478010401129723,0.00033738435013219714,0.0048343525268137455
bebrJ-o4d2E,bebrJ-o4d2E_0000_S1293_E1596_L365_T48_R893_B576,codetalker,255,0.011881481856107712,0.0003531206166371703,0.007887824438512325
bj77Ljq7kbA,bj77Ljq7kbA_0000_S81_E316_L381_T23_R861_B503,dpt,246,0.011543795466423035,5.225377026363276e-05,0.006311945617198944
bj77Ljq7kbA,bj77Ljq7kbA_0000_S81_E316_L381_T23_R861_B503,artalk,246,0.010353931225836277,1.84003911272157e-05,0.0038223150186240673
bj77Ljq7kbA,bj77Ljq7kbA_0000_S81_E316_L381_T23_R861_B503,multitalk,246,0.013699395582079887,-0.00022172703756950796,0.009550045244395733
bj77Ljq7kbA,bj77Ljq7kbA_0000_S81_E316_L381_T23_R861_B503,codetalker,246,0.014731908217072487,6.216506153577939e-05,0.003471740521490574
bjNvrJwE9Dc,bjNvrJwE9Dc_0000_S1556_E1811_L432_T110_R848_B526,dpt,213,0.009614615701138973,0.00021369638852775097,0.00578237185254693
bjNvrJwE9Dc,bjNvrJwE9Dc_0000_S1556_E1811_L432_T110_R848_B526,artalk,214,0.00920720212161541,0.00025413199909962714,0.005130906589329243
bjNvrJwE9Dc,bjNvrJwE9Dc_0000_S1556_E1811_L432_T110_R848_B526,multitalk,212,0.011072034947574139,0.00023785106895957142,0.004446366336196661
bjNvrJwE9Dc,bjNvrJwE9Dc_0000_S1556_E1811_L432_T110_R848_B526,codetalker,214,0.012309676967561245,0.0002781354123726487,0.009547578170895576
bk4b1P_IHZ8,bk4b1P_IHZ8_0000_S0_E299_L128_T179_R608_B659,dpt,249,0.010234876535832882,0.00012134428834542632,0.004452893976122141
bk4b1P_IHZ8,bk4b1P_IHZ8_0000_S0_E299_L128_T179_R608_B659,artalk,250,0.008753894828259945,-5.981825233902782e-05,0.0036118116695433855
bk4b1P_IHZ8,bk4b1P_IHZ8_0000_S0_E299_L128_T179_R608_B659,multitalk,249,0.009497479535639286,0.0001232244831044227,0.004238272551447153
bk4b1P_IHZ8,bk4b1P_IHZ8_0000_S0_E299_L128_T179_R608_B659,codetalker,251,0.012658469378948212,0.0001625388686079532,0.00893979612737894
bkUDUnE6aP8,bkUDUnE6aP8_0013_S70_E301_L718_T35_R1006_B323,dpt,240,0.014772784896194935,0.00028549417038448155,0.005323228891938925
bkUDUnE6aP8,bkUDUnE6aP8_0013_S70_E301_L718_T35_R1006_B323,artalk,241,0.016797687858343124,0.00014905392890796065,0.0051839640364050865
bkUDUnE6aP8,bkUDUnE6aP8_0013_S70_E301_L718_T35_R1006_B323,multitalk,240,0.011736033484339714,0.0002531101927161217,0.0056032040156424046
bkUDUnE6aP8,bkUDUnE6aP8_0013_S70_E301_L718_T35_R1006_B323,codetalker,241,0.014856509864330292,0.00029933516634628177,0.005530778784304857
bkZBYQ7mnrQ,bkZBYQ7mnrQ_0000_S1147_E1393_L375_T0_R823_B416,dpt,246,0.010574819520115852,0.00026671591331250966,0.00471993675455451
bkZBYQ7mnrQ,bkZBYQ7mnrQ_0000_S1147_E1393_L375_T0_R823_B416,artalk,246,0.010709185153245926,0.0002838735526893288,0.0059814415872097015
bkZBYQ7mnrQ,bkZBYQ7mnrQ_0000_S1147_E1393_L375_T0_R823_B416,multitalk,246,0.010571853257715702,0.0003389974881429225,0.00528086768463254
bkZBYQ7mnrQ,bkZBYQ7mnrQ_0000_S1147_E1393_L375_T0_R823_B416,codetalker,246,0.01372645702213049,0.0003256674681324512,0.010120461694896221
bn5OSGM8oKc,bn5OSGM8oKc_0001_S0_E542_L404_T0_R900_B464,dpt,452,0.006839113309979439,0.0001241698337253183,0.002056700410321355
bn5OSGM8oKc,bn5OSGM8oKc_0001_S0_E542_L404_T0_R900_B464,artalk,453,0.00878080353140831,-8.567174518248066e-06,0.0017791460268199444
bn5OSGM8oKc,bn5OSGM8oKc_0001_S0_E542_L404_T0_R900_B464,multitalk,452,0.00921107642352581,0.00012530898675322533,0.0039980593137443066
bn5OSGM8oKc,bn5OSGM8oKc_0001_S0_E542_L404_T0_R900_B464,codetalker,454,0.009297397918999195,0.00015978855662979186,0.005486771930009127
bqfAc6X_uUY,bqfAc6X_uUY_0001_S1481_E1799_L273_T14_R865_B606,dpt,232,0.011230068281292915,0.00011284860374871641,0.0057221343740820885
bqfAc6X_uUY,bqfAc6X_uUY_0001_S1481_E1799_L273_T14_R865_B606,artalk,233,0.008305449970066547,3.036895395780448e-05,0.004504152573645115
bqfAc6X_uUY,bqfAc6X_uUY_0001_S1481_E1799_L273_T14_R865_B606,multitalk,232,0.015667423605918884,0.00015139290189836174,0.006626987364143133
bqfAc6X_uUY,bqfAc6X_uUY_0001_S1481_E1799_L273_T14_R865_B606,codetalker,235,0.010096869431436062,0.00018656713655218482,0.005596630275249481
bugT5lGfl9M,bugT5lGfl9M_0029_S627_E993_L571_T61_R1035_B525,dpt,307,0.011031904257833958,0.0003160526684951037,0.007590724155306816
bugT5lGfl9M,bugT5lGfl9M_0029_S627_E993_L571_T61_R1035_B525,artalk,308,0.011343616992235184,0.00017217853746842593,0.006344446912407875
bugT5lGfl9M,bugT5lGfl9M_0029_S627_E993_L571_T61_R1035_B525,multitalk,306,0.00956141110509634,0.00030911029898561537,0.007690254598855972
bugT5lGfl9M,bugT5lGfl9M_0029_S627_E993_L571_T61_R1035_B525,codetalker,309,0.0104328328743577,0.00030463997973129153,0.004756669048219919
bvCbqmHHQD8,bvCbqmHHQD8_0000_S0_E463_L413_T51_R813_B451,dpt,386,0.015582148917019367,0.00010279324487783015,0.005930755287408829
bvCbqmHHQD8,bvCbqmHHQD8_0000_S0_E463_L413_T51_R813_B451,artalk,387,0.010954692959785461,2.6868183340411633e-05,0.005541484337300062
bvCbqmHHQD8,bvCbqmHHQD8_0000_S0_E463_L413_T51_R813_B451,multitalk,386,0.012811430729925632,0.00011107169120805338,0.0024347444996237755
bvCbqmHHQD8,bvCbqmHHQD8_0000_S0_E463_L413_T51_R813_B451,codetalker,388,0.01801881194114685,0.00014784121594857424,0.011346337385475636
bzDZY35Vacw,bzDZY35Vacw_0002_S1020_E1267_L167_T0_R647_B400,dpt,257,0.009831712581217289,0.0001543314865557477,0.0021388151217252016
bzDZY35Vacw,bzDZY35Vacw_0002_S1020_E1267_L167_T0_R647_B400,artalk,258,0.011206486262381077,-1.2019801943097264e-05,0.003591052955016494
bzDZY35Vacw,bzDZY35Vacw_0002_S1020_E1267_L167_T0_R647_B400,multitalk,257,0.016578614711761475,0.0001603562559466809,0.004692332819104195
bzDZY35Vacw,bzDZY35Vacw_0002_S1020_E1267_L167_T0_R647_B400,codetalker,258,0.011817517690360546,0.0001454338344046846,0.006735994480550289
c0XSC8b_9hU,c0XSC8b_9hU_0003_S1063_E1531_L474_T117_R730_B373,dpt,390,0.008154886774718761,0.00010600317909847945,0.003511842805892229
c0XSC8b_9hU,c0XSC8b_9hU_0003_S1063_E1531_L474_T117_R730_B373,artalk,391,0.006906629074364901,-7.432540314766811e-06,0.003096924163401127
c0XSC8b_9hU,c0XSC8b_9hU_0003_S1063_E1531_L474_T117_R730_B373,multitalk,390,0.012138007208704948,8.054952195379883e-05,0.004519830457866192
c0XSC8b_9hU,c0XSC8b_9hU_0003_S1063_E1531_L474_T117_R730_B373,codetalker,392,0.009136779233813286,0.00011846461711684242,0.006480477284640074
c1H__IGGs8E,c1H__IGGs8E_0000_S1450_E1839_L509_T19_R893_B403,dpt,324,0.010321005247533321,0.00034652239992283285,0.003238292643800378
c1H__IGGs8E,c1H__IGGs8E_0000_S1450_E1839_L509_T19_R893_B403,artalk,325,0.006857907399535179,0.00027817714726552367,0.0038095612544566393
c1H__IGGs8E,c1H__IGGs8E_0000_S1450_E1839_L509_T19_R893_B403,multitalk,324,0.01375200878828764,0.00037258502561599016,0.004185869824141264
c1H__IGGs8E,c1H__IGGs8E_0000_S1450_E1839_L509_T19_R893_B403,codetalker,326,0.011173928156495094,0.00041622272692620754,0.007827266119420528
c41Mm_I_pBc,c41Mm_I_pBc_0005_S0_E513_L243_T11_R643_B411,dpt,513,0.009796708822250366,0.00014750366972293705,0.0028413760010153055
c41Mm_I_pBc,c41Mm_I_pBc_0005_S0_E513_L243_T11_R643_B411,artalk,513,0.00658571720123291,2.137026058335323e-05,0.003069494850933552
c41Mm_I_pBc,c41Mm_I_pBc_0005_S0_E513_L243_T11_R643_B411,multitalk,513,0.01583866775035858,0.00019032412092201412,0.0022884143982082605
c41Mm_I_pBc,c41Mm_I_pBc_0005_S0_E513_L243_T11_R643_B411,codetalker,513,0.010953241027891636,0.00016204432176891714,0.005059335380792618
c62KFa9jY8E,c62KFa9jY8E_0003_S1308_E1633_L488_T67_R808_B387,dpt,271,0.009045610204339027,0.00019310023344587535,0.005217011086642742
c62KFa9jY8E,c62KFa9jY8E_0003_S1308_E1633_L488_T67_R808_B387,artalk,272,0.006153474096208811,5.102429713588208e-05,0.004139270633459091
c62KFa9jY8E,c62KFa9jY8E_0003_S1308_E1633_L488_T67_R808_B387,multitalk,271,0.008874351158738136,0.00021924696920905262,0.0052897934801876545
c62KFa9jY8E,c62KFa9jY8E_0003_S1308_E1633_L488_T67_R808_B387,codetalker,274,0.009295986033976078,0.00025231699692085385,0.0033560115844011307
c6gVQ2e1zEs,c6gVQ2e1zEs_0003_S729_E1100_L194_T0_R1026_B704,dpt,309,0.023735469207167625,0.00030443607829511166,0.0031401708256453276
c6gVQ2e1zEs,c6gVQ2e1zEs_0003_S729_E1100_L194_T0_R1026_B704,artalk,310,0.01686823181807995,0.00023830698046367615,0.002903006039559841
c6gVQ2e1zEs,c6gVQ2e1zEs_0003_S729_E1100_L194_T0_R1026_B704,multitalk,309,0.026090998202562332,0.0003632384177763015,0.004533242899924517
c6gVQ2e1zEs,c6gVQ2e1zEs_0003_S729_E1100_L194_T0_R1026_B704,codetalker,311,0.02235850878059864,0.000389974273275584,0.004702078178524971
c7baTdyHv8g,c7baTdyHv8g_0021_S522_E764_L315_T50_R763_B498,dpt,202,0.006800640840083361,0.00022984940733294934,0.0033309152349829674
c7baTdyHv8g,c7baTdyHv8g_0021_S522_E764_L315_T50_R763_B498,artalk,203,0.0073601012118160725,0.0001584975398145616,0.004352934658527374
c7baTdyHv8g,c7baTdyHv8g_0021_S522_E764_L315_T50_R763_B498,multitalk,201,0.009094903245568275,0.0002227185614174232,0.004660801962018013
c7baTdyHv8g,c7baTdyHv8g_0021_S522_E764_L315_T50_R763_B498,codetalker,204,0.007379751652479172,0.00022562991944141686,0.003753328463062644
cFhONVldyE0,cFhONVldyE0_0000_S347_E556_L385_T81_R785_B481,dpt,209,0.008885449729859829,0.00015388619794975966,0.0030536879785358906
cFhONVldyE0,cFhONVldyE0_0000_S347_E556_L385_T81_R785_B481,artalk,209,0.006951901130378246,5.1142811571480706e-05,0.003789010224863887
cFhONVldyE0,cFhONVldyE0_0000_S347_E556_L385_T81_R785_B481,multitalk,209,0.009041490964591503,0.0001582328841323033,0.002964722691103816
cFhONVldyE0,cFhONVldyE0_0000_S347_E556_L385_T81_R785_B481,codetalker,209,0.011892329901456833,0.00022510148119181395,0.00881180725991726
cG_MFoGh_EM,cG_MFoGh_EM_0064_S1086_E1373_L238_T51_R718_B531,dpt,239,0.01840886101126671,0.00011341692152200267,0.003527412423864007
cG_MFoGh_EM,cG_MFoGh_EM_0064_S1086_E1373_L238_T51_R718_B531,artalk,240,0.015010442584753036,3.5356406442588195e-05,0.002909859176725149
cG_MFoGh_EM,cG_MFoGh_EM_0064_S1086_E1373_L238_T51_R718_B531,multitalk,239,0.0145632429048419,0.00012898718705400825,0.0030222951900213957
cG_MFoGh_EM,cG_MFoGh_EM_0064_S1086_E1373_L238_T51_R718_B531,codetalker,242,0.01480235904455185,0.00011035240459023044,0.005358686204999685
cH3DOOXFE24,cH3DOOXFE24_0003_S961_E1214_L433_T14_R785_B366,dpt,211,0.01230847742408514,0.0002563237212598324,0.002324342494830489
cH3DOOXFE24,cH3DOOXFE24_0003_S961_E1214_L433_T14_R785_B366,artalk,212,0.007869533263146877,0.00023566558957099915,0.0035785662475973368
cH3DOOXFE24,cH3DOOXFE24_0003_S961_E1214_L433_T14_R785_B366,multitalk,211,0.009171735495328903,0.00019403063924983144,0.0020404071547091007
cH3DOOXFE24,cH3DOOXFE24_0003_S961_E1214_L433_T14_R785_B366,codetalker,213,0.012531068176031113,0.0002583990280982107,0.008273576386272907
cIpXNRmZtVc,cIpXNRmZtVc_0000_S0_E640_L728_T0_R1272_B512,dpt,533,0.01262848824262619,0.0001499416248407215,0.010774095542728901
cIpXNRmZtVc,cIpXNRmZtVc_0000_S0_E640_L728_T0_R1272_B512,artalk,534,0.013000007718801498,6.0448375734267756e-05,0.011041853576898575
cIpXNRmZtVc,cIpXNRmZtVc_0000_S0_E640_L728_T0_R1272_B512,multitalk,533,0.01346820779144764,4.167616134509444e-05,0.009727202355861664
cIpXNRmZtVc,cIpXNRmZtVc_0000_S0_E640_L728_T0_R1272_B512,codetalker,535,0.014703241176903248,0.000160918541951105,0.013017240911722183
cLMUQZr0TOg,cLMUQZr0TOg_0001_S1191_E1759_L514_T220_R818_B524,dpt,474,0.009143337607383728,6.892220699228346e-05,0.006405606400221586
cLMUQZr0TOg,cLMUQZr0TOg_0001_S1191_E1759_L514_T220_R818_B524,artalk,475,0.009309210814535618,-4.7817695303820074e-05,0.006215102504938841
cLMUQZr0TOg,cLMUQZr0TOg_0001_S1191_E1759_L514_T220_R818_B524,multitalk,474,0.008244986645877361,0.0001012900029309094,0.009138048626482487
cLMUQZr0TOg,cLMUQZr0TOg_0001_S1191_E1759_L514_T220_R818_B524,codetalker,476,0.007900968194007874,8.364477980649099e-05,0.0027737938798964024
cLcmBWC4FBI,cLcmBWC4FBI_0000_S397_E780_L228_T57_R564_B393,dpt,319,0.009742489084601402,0.00021531507081817836,0.005018286406993866
cLcmBWC4FBI,cLcmBWC4FBI_0000_S397_E780_L228_T57_R564_B393,artalk,320,0.010453468188643456,0.00011420867667766288,0.005456293933093548
cLcmBWC4FBI,cLcmBWC4FBI_0000_S397_E780_L228_T57_R564_B393,multitalk,319,0.013581392355263233,0.0001484283566242084,0.004813085310161114
cLcmBWC4FBI,cLcmBWC4FBI_0000_S397_E780_L228_T57_R564_B393,codetalker,321,0.012193611823022366,0.0002492310886736959,0.008661823347210884
cUkZLttONGM,cUkZLttONGM_0001_S1314_E1519_L515_T44_R803_B332,dpt,205,0.009425459429621696,8.866607095114887e-05,0.003270139452069998
cUkZLttONGM,cUkZLttONGM_0001_S1314_E1519_L515_T44_R803_B332,artalk,205,0.005518913734704256,-3.8768212107243016e-05,0.0024589451495558023
cUkZLttONGM,cUkZLttONGM_0001_S1314_E1519_L515_T44_R803_B332,multitalk,205,0.007209611590951681,9.808489994611591e-05,0.004016149789094925
cUkZLttONGM,cUkZLttONGM_0001_S1314_E1519_L515_T44_R803_B332,codetalker,205,0.00869150273501873,0.00011434764019213617,0.005362057127058506
c_Ok8VutSbw,c_Ok8VutSbw_0000_S692_E959_L156_T39_R764_B647,dpt,222,0.008686480112373829,0.0002213741681771353,0.0030307546257972717
c_Ok8VutSbw,c_Ok8VutSbw_0000_S692_E959_L156_T39_R764_B647,artalk,223,0.00613483227789402,0.00010546289558988065,0.0026110163889825344
c_Ok8VutSbw,c_Ok8VutSbw_0000_S692_E959_L156_T39_R764_B647,multitalk,222,0.009769244119524956,0.0002088264882331714,0.004065475892275572
c_Ok8VutSbw,c_Ok8VutSbw_0000_S692_E959_L156_T39_R764_B647,codetalker,224,0.008534442633390427,0.0002526511962059885,0.0044601974077522755
ca_kO_J5rWg,ca_kO_J5rWg_0000_S1283_E1799_L38_T43_R390_B395,dpt,430,0.013459484092891216,0.00026584439910948277,0.0033640721812844276
ca_kO_J5rWg,ca_kO_J5rWg_0000_S1283_E1799_L38_T43_R390_B395,artalk,431,0.012209374457597733,0.0001722534216241911,0.003141073975712061
ca_kO_J5rWg,ca_kO_J5rWg_0000_S1283_E1799_L38_T43_R390_B395,multitalk,430,0.014564456418156624,0.00018916102999355644,0.0055300407111644745
ca_kO_J5rWg,ca_kO_J5rWg_0000_S1283_E1799_L38_T43_R390_B395,codetalker,432,0.012796644121408463,0.0002754878660198301,0.0036148219369351864
cafMvJshI1c,cafMvJshI1c_0030_S0_E378_L469_T94_R741_B366,dpt,315,0.009239968843758106,8.592863741796464e-05,0.002965944819152355
cafMvJshI1c,cafMvJshI1c_0030_S0_E378_L469_T94_R741_B366,artalk,316,0.007378916721791029,-5.38979766133707e-05,0.003524582600221038
cafMvJshI1c,cafMvJshI1c_0030_S0_E378_L469_T94_R741_B366,multitalk,315,0.010885782539844513,3.3404601708753034e-05,0.004563204478472471
cafMvJshI1c,cafMvJshI1c_0030_S0_E378_L469_T94_R741_B366,codetalker,317,0.010140121914446354,0.00011501755943754688,0.007623607758432627
cbqshch5yAA,cbqshch5yAA_0002_S119_E490_L711_T214_R983_B486,dpt,387,0.011331888847053051,0.00019966928812209517,0.0049186768010258675
cbqshch5yAA,cbqshch5yAA_0002_S119_E490_L711_T214_R983_B486,artalk,387,0.009936649352312088,0.00014589210331905633,0.006410425063222647
cbqshch5yAA,cbqshch5yAA_0002_S119_E490_L711_T214_R983_B486,multitalk,387,0.011808780021965504,6.206643593031913e-05,0.00520285265520215
cbqshch5yAA,cbqshch5yAA_0002_S119_E490_L711_T214_R983_B486,codetalker,387,0.011820399202406406,0.00022371657541953027,0.00884461309760809
ciV5Vi-3Adw,ciV5Vi-3Adw_0003_S0_E362_L414_T81_R702_B369,dpt,362,0.014001499861478806,0.00012798275565728545,0.005870428401976824
ciV5Vi-3Adw,ciV5Vi-3Adw_0003_S0_E362_L414_T81_R702_B369,artalk,362,0.013145605102181435,2.9172058930271305e-05,0.006681407336145639
ciV5Vi-3Adw,ciV5Vi-3Adw_0003_S0_E362_L414_T81_R702_B369,multitalk,362,0.018990809097886086,0.0001346913632005453,0.006246658973395824
ciV5Vi-3Adw,ciV5Vi-3Adw_0003_S0_E362_L414_T81_R702_B369,codetalker,362,0.017808252945542336,0.0001914860331453383,0.010919373482465744
cmA7Ze4KPd8,cmA7Ze4KPd8_0002_S1058_E1362_L254_T45_R526_B317,dpt,304,0.009926524944603443,0.00021434367226902395,0.004422920756042004
cmA7Ze4KPd8,cmA7Ze4KPd8_0002_S1058_E1362_L254_T45_R526_B317,artalk,304,0.0073666926473379135,7.394716521957889e-05,0.004326355643570423
cmA7Ze4KPd8,cmA7Ze4KPd8_0002_S1058_E1362_L254_T45_R526_B317,multitalk,304,0.00946221873164177,0.0001897813199320808,0.0066208927892148495
cmA7Ze4KPd8,cmA7Ze4KPd8_0002_S1058_E1362_L254_T45_R526_B317,codetalker,304,0.010641554370522499,0.0002106759638991207,0.00695992773398757
cngWph0hiVo,cngWph0hiVo_0004_S402_E682_L440_T65_R696_B321,dpt,233,0.008138169534504414,8.402179082622752e-05,0.004949558526277542
cngWph0hiVo,cngWph0hiVo_0004_S402_E682_L440_T65_R696_B321,artalk,234,0.006928577087819576,-1.490316670071934e-08,0.00561314495280385
cngWph0hiVo,cngWph0hiVo_0004_S402_E682_L440_T65_R696_B321,multitalk,233,0.008321571163833141,0.00013254441728349775,0.0037683232221752405
cngWph0hiVo,cngWph0hiVo_0004_S402_E682_L440_T65_R696_B321,codetalker,236,0.013028347864747047,0.00012137849989812821,0.011004159227013588
cpAUXdNPnQs,cpAUXdNPnQs_0000_S243_E578_L376_T0_R888_B512,dpt,279,0.011300290934741497,0.0001703414600342512,0.0028929789550602436
cpAUXdNPnQs,cpAUXdNPnQs_0000_S243_E578_L376_T0_R888_B512,artalk,280,0.011634093709290028,3.6403420381248e-05,0.0031082218047231436
cpAUXdNPnQs,cpAUXdNPnQs_0000_S243_E578_L376_T0_R888_B512,multitalk,279,0.01272865291684866,0.0002077277167700231,0.00251120887696743
cpAUXdNPnQs,cpAUXdNPnQs_0000_S243_E578_L376_T0_R888_B512,codetalker,281,0.015693869441747665,0.00022639779490418732,0.007998316548764706
cvlLKmzsEBc,cvlLKmzsEBc_0000_S1641_E1923_L98_T54_R978_B710,dpt,235,0.011157235130667686,0.0002985934552270919,0.002890409668907523
cvlLKmzsEBc,cvlLKmzsEBc_0000_S1641_E1923_L98_T54_R978_B710,artalk,236,0.008490960113704205,0.00015499764413107187,0.0019609478767961264
cvlLKmzsEBc,cvlLKmzsEBc_0000_S1641_E1923_L98_T54_R978_B710,multitalk,235,0.017974914982914925,0.0003178302140440792,0.003547549480572343
cvlLKmzsEBc,cvlLKmzsEBc_0000_S1641_E1923_L98_T54_R978_B710,codetalker,237,0.012592614628374577,0.000286248920019716,0.0054662032052874565
cy9rx19dujU,cy9rx19dujU_0004_S602_E812_L289_T0_R657_B368,dpt,210,0.008556529879570007,4.215302396914922e-05,0.0019696541130542755
cy9rx19dujU,cy9rx19dujU_0004_S602_E812_L289_T0_R657_B368,artalk,210,0.0056604016572237015,-1.3552959899243433e-05,0.002750110113993287
cy9rx19dujU,cy9rx19dujU_0004_S602_E812_L289_T0_R657_B368,multitalk,210,0.012454988434910774,-1.319936927757226e-05,0.0031900061294436455
cy9rx19dujU,cy9rx19dujU_0004_S602_E812_L289_T0_R657_B368,codetalker,210,0.010678119026124477,5.454220445244573e-05,0.005203594919294119
d0npGPi3UPw,d0npGPi3UPw_0000_S0_E359_L196_T57_R580_B441,dpt,299,0.010467858985066414,0.00010415899305371568,0.004068651236593723
d0npGPi3UPw,d0npGPi3UPw_0000_S0_E359_L196_T57_R580_B441,artalk,300,0.006109557114541531,4.301178705645725e-06,0.003700458211824298
d0npGPi3UPw,d0npGPi3UPw_0000_S0_E359_L196_T57_R580_B441,multitalk,299,0.014327730052173138,0.00013133756874594837,0.0027213343419134617
d0npGPi3UPw,d0npGPi3UPw_0000_S0_E359_L196_T57_R580_B441,codetalker,301,0.012094993144273758,0.00012518430594354868,0.007929027080535889
d2b921R6Q7U,d2b921R6Q7U_0005_S1511_E1759_L625_T29_R897_B301,dpt,207,0.01211099699139595,5.3274128731573e-05,0.00994911789894104
d2b921R6Q7U,d2b921R6Q7U_0005_S1511_E1759_L625_T29_R897_B301,artalk,208,0.009819692932069302,-8.419856385444291e-06,0.007817497476935387
d2b921R6Q7U,d2b921R6Q7U_0005_S1511_E1759_L625_T29_R897_B301,multitalk,207,0.01316085085272789,4.138521762797609e-05,0.012443899177014828
d2b921R6Q7U,d2b921R6Q7U_0005_S1511_E1759_L625_T29_R897_B301,codetalker,209,0.00824227649718523,0.00014043267583474517,0.004137360956519842
d9ShdxJRArw,d9ShdxJRArw_0018_S1432_E1677_L283_T158_R923_B718,dpt,204,0.0115690678358078,0.00030081369914114475,0.005479841958731413
d9ShdxJRArw,d9ShdxJRArw_0018_S1432_E1677_L283_T158_R923_B718,artalk,205,0.009848486632108688,0.000232088437769562,0.0055007608607411385
d9ShdxJRArw,d9ShdxJRArw_0018_S1432_E1677_L283_T158_R923_B718,multitalk,204,0.009773402474820614,0.0003178801853209734,0.005003119818866253
d9ShdxJRArw,d9ShdxJRArw_0018_S1432_E1677_L283_T158_R923_B718,codetalker,206,0.01211348082870245,0.00030835741199553013,0.008320961147546768
dFxMzUUWLeM,dFxMzUUWLeM_0001_S1280_E1531_L440_T1_R856_B417,dpt,251,0.009681477211415768,6.357103848131374e-05,0.002113373251631856
dFxMzUUWLeM,dFxMzUUWLeM_0001_S1280_E1531_L440_T1_R856_B417,artalk,251,0.006750339642167091,-2.268488060508389e-05,0.003521237289533019
dFxMzUUWLeM,dFxMzUUWLeM_0001_S1280_E1531_L440_T1_R856_B417,multitalk,251,0.011436809785664082,7.549673318862915e-05,0.004576398525387049
dFxMzUUWLeM,dFxMzUUWLeM_0001_S1280_E1531_L440_T1_R856_B417,codetalker,251,0.01040668971836567,0.00013116058835294098,0.006204994395375252
dKfNJ2umK4o,dKfNJ2umK4o_0000_S196_E419_L282_T15_R618_B351,dpt,223,0.009682727977633476,0.000284540350548923,0.003688059514388442
dKfNJ2umK4o,dKfNJ2umK4o_0000_S196_E419_L282_T15_R618_B351,artalk,223,0.007411031052470207,0.00013542200031224638,0.003388103563338518
dKfNJ2umK4o,dKfNJ2umK4o_0000_S196_E419_L282_T15_R618_B351,multitalk,223,0.01015335600823164,0.00026408175472170115,0.003875505877658725
dKfNJ2umK4o,dKfNJ2umK4o_0000_S196_E419_L282_T15_R618_B351,codetalker,223,0.01123085431754589,0.0002728350809775293,0.008169302716851234
dMN2CeulM6o,dMN2CeulM6o_0000_S1215_E1483_L426_T30_R842_B446,dpt,268,0.012574268504977226,0.000173478591023013,0.0031057223677635193
dMN2CeulM6o,dMN2CeulM6o_0000_S1215_E1483_L426_T30_R842_B446,artalk,268,0.007719750516116619,8.284795330837369e-05,0.0046331435441970825
dMN2CeulM6o,dMN2CeulM6o_0000_S1215_E1483_L426_T30_R842_B446,multitalk,268,0.009089420549571514,0.000188911086297594,0.0022866022773087025
dMN2CeulM6o,dMN2CeulM6o_0000_S1215_E1483_L426_T30_R842_B446,codetalker,268,0.013178912922739983,0.00023935151693876833,0.008832638151943684
dMjan7yZ4gU,dMjan7yZ4gU_0001_S332_E583_L360_T87_R680_B407,dpt,251,0.011379241943359375,0.00023481075186282396,0.005759872030466795
dMjan7yZ4gU,dMjan7yZ4gU_0001_S332_E583_L360_T87_R680_B407,artalk,251,0.009797189384698868,9.26237044041045e-05,0.004819286521524191
dMjan7yZ4gU,dMjan7yZ4gU_0001_S332_E583_L360_T87_R680_B407,multitalk,251,0.012875810265541077,0.00022808555513620377,0.008623365312814713
dMjan7yZ4gU,dMjan7yZ4gU_0001_S332_E583_L360_T87_R680_B407,codetalker,251,0.009743657894432545,0.00026667758356779814,0.004782775416970253
dMxd2IrTF7w,dMxd2IrTF7w_0000_S0_E272_L84_T19_R596_B531,dpt,453,0.010974938049912453,0.00011368319246685132,0.006577926687896252
dMxd2IrTF7w,dMxd2IrTF7w_0000_S0_E272_L84_T19_R596_B531,artalk,454,0.009129870682954788,-1.853041430877056e-05,0.00907503254711628
dMxd2IrTF7w,dMxd2IrTF7w_0000_S0_E272_L84_T19_R596_B531,multitalk,453,0.013507090508937836,2.653003321029246e-05,0.0072067477740347385
dMxd2IrTF7w,dMxd2IrTF7w_0000_S0_E272_L84_T19_R596_B531,codetalker,454,0.010602680034935474,8.29507625894621e-05,0.011199709959328175
dMyTRV4x50w,dMyTRV4x50w_0012_S370_E595_L0_T41_R240_B425,dpt,235,0.007856471464037895,3.1448427762370557e-05,0.003108876058831811
dMyTRV4x50w,dMyTRV4x50w_0012_S370_E595_L0_T41_R240_B425,artalk,235,0.005669726058840752,-3.3614778658375144e-05,0.0023516914807260036
dMyTRV4x50w,dMyTRV4x50w_0012_S370_E595_L0_T41_R240_B425,multitalk,234,0.009715826250612736,-1.3590577509603463e-05,0.005482677835971117
dMyTRV4x50w,dMyTRV4x50w_0012_S370_E595_L0_T41_R240_B425,codetalker,235,0.008574731647968292,3.5493103496264666e-05,0.004731552675366402
dUKtnNKWV44,dUKtnNKWV44_0000_S0_E465_L421_T0_R885_B464,dpt,388,0.013494975864887238,0.00012393180804792792,0.007800969760864973
dUKtnNKWV44,dUKtnNKWV44_0000_S0_E465_L421_T0_R885_B464,artalk,389,0.012954970821738243,3.4710377804003656e-05,0.010886002331972122
dUKtnNKWV44,dUKtnNKWV44_0000_S0_E465_L421_T0_R885_B464,multitalk,388,0.013261067681014538,0.00012028279161313549,0.005098690744489431
dUKtnNKWV44,dUKtnNKWV44_0000_S0_E465_L421_T0_R885_B464,codetalker,390,0.01855151169002056,0.00016583886463195086,0.01568671502172947
d_oCEre1NJ0,d_oCEre1NJ0_0000_S2_E260_L485_T34_R821_B370,dpt,215,0.008757836185395718,0.00023619858257006854,0.0037106568925082684
d_oCEre1NJ0,d_oCEre1NJ0_0000_S2_E260_L485_T34_R821_B370,artalk,216,0.009418671019375324,0.00013434843276627362,0.004942757077515125
d_oCEre1NJ0,d_oCEre1NJ0_0000_S2_E260_L485_T34_R821_B370,multitalk,215,0.010121121071279049,0.00024536147247999907,0.003153284778818488
d_oCEre1NJ0,d_oCEre1NJ0_0000_S2_E260_L485_T34_R821_B370,codetalker,217,0.012002374976873398,0.00027950096409767866,0.009055434726178646
daTulcsI2RU,daTulcsI2RU_0003_S1243_E1773_L530_T31_R930_B431,dpt,442,0.009357159025967121,0.00014939633547328413,0.0031994511373341084
daTulcsI2RU,daTulcsI2RU_0003_S1243_E1773_L530_T31_R930_B431,artalk,443,0.005780293606221676,3.0134126063785516e-05,0.0024758665822446346
daTulcsI2RU,daTulcsI2RU_0003_S1243_E1773_L530_T31_R930_B431,multitalk,442,0.011556990444660187,9.842518920777366e-05,0.0028827202040702105
daTulcsI2RU,daTulcsI2RU_0003_S1243_E1773_L530_T31_R930_B431,codetalker,444,0.008272084407508373,0.0001588908489793539,0.004387524910271168
dd9EimkKEZw,dd9EimkKEZw_0002_S0_E414_L807_T225_R1063_B481,dpt,431,0.007788822986185551,9.888660133583471e-05,0.0039489599876105785
dd9EimkKEZw,dd9EimkKEZw_0002_S0_E414_L807_T225_R1063_B481,artalk,432,0.007835734635591507,-7.033479960227851e-06,0.003885701298713684
dd9EimkKEZw,dd9EimkKEZw_0002_S0_E414_L807_T225_R1063_B481,multitalk,431,0.01141840498894453,0.0001196647499455139,0.0065054986625909805
dd9EimkKEZw,dd9EimkKEZw_0002_S0_E414_L807_T225_R1063_B481,codetalker,432,0.009464570321142673,0.0001019962874124758,0.004119164310395718
dk2FVz_B5ls,dk2FVz_B5ls_0000_S504_E787_L493_T19_R797_B323,dpt,236,0.011167801916599274,0.0001220696431118995,0.004355818498879671
dk2FVz_B5ls,dk2FVz_B5ls_0000_S504_E787_L493_T19_R797_B323,artalk,237,0.009860844351351261,1.2030374819005374e-05,0.004298005718737841
dk2FVz_B5ls,dk2FVz_B5ls_0000_S504_E787_L493_T19_R797_B323,multitalk,236,0.011055169627070427,0.00013685780868399888,0.004288180265575647
dk2FVz_B5ls,dk2FVz_B5ls_0000_S504_E787_L493_T19_R797_B323,codetalker,238,0.012707262299954891,0.00017928068700712174,0.008424523286521435
dnQnF9apUF8,dnQnF9apUF8_0052_S0_E711_L0_T166_R304_B470,dpt,592,0.01378354337066412,0.000229743862291798,0.00481300288811326
dnQnF9apUF8,dnQnF9apUF8_0052_S0_E711_L0_T166_R304_B470,artalk,593,0.01621549017727375,9.522510663373396e-05,0.005522314924746752
dnQnF9apUF8,dnQnF9apUF8_0052_S0_E711_L0_T166_R304_B470,multitalk,592,0.01657121814787388,0.00021504031610675156,0.009158221073448658
dnQnF9apUF8,dnQnF9apUF8_0052_S0_E711_L0_T166_R304_B470,codetalker,594,0.01227014884352684,0.00025022646877914667,0.004013052675873041
dt9To7mMjl0,dt9To7mMjl0_0003_S351_E575_L389_T78_R821_B510,dpt,233,0.009737661108374596,6.121413025539368e-05,0.0030351243913173676
dt9To7mMjl0,dt9To7mMjl0_0003_S351_E575_L389_T78_R821_B510,artalk,234,0.005387870129197836,-0.00010845845099538565,0.001988176256418228
dt9To7mMjl0,dt9To7mMjl0_0003_S351_E575_L389_T78_R821_B510,multitalk,233,0.011894673109054565,3.674858089652844e-05,0.003564550308510661
dt9To7mMjl0,dt9To7mMjl0_0003_S351_E575_L389_T78_R821_B510,codetalker,235,0.008765993639826775,0.00010135478078154847,0.00462175440043211
dt9tqCG8neM,dt9tqCG8neM_0002_S371_E667_L315_T0_R1083_B704,dpt,247,0.016068896278738976,0.00017785413365345448,0.006247134413570166
dt9tqCG8neM,dt9tqCG8neM_0002_S371_E667_L315_T0_R1083_B704,artalk,248,0.012905276380479336,0.0002226956421509385,0.006643424276262522
dt9tqCG8neM,dt9tqCG8neM_0002_S371_E667_L315_T0_R1083_B704,multitalk,247,0.01866646483540535,0.00010813822882482782,0.008542971685528755
dt9tqCG8neM,dt9tqCG8neM_0002_S371_E667_L315_T0_R1083_B704,codetalker,249,0.015730811282992363,0.00017775289597921073,0.008411646820604801
dwd_Z917XGI,dwd_Z917XGI_0000_S974_E1330_L489_T35_R889_B435,dpt,356,0.008246291428804398,9.290335583500564e-05,0.0022923434153199196
dwd_Z917XGI,dwd_Z917XGI_0000_S974_E1330_L489_T35_R889_B435,artalk,356,0.006198088638484478,-5.229617090662941e-05,0.0027246444951742887
dwd_Z917XGI,dwd_Z917XGI_0000_S974_E1330_L489_T35_R889_B435,multitalk,356,0.009266260080039501,0.00011106565216323361,0.002665378386154771
dwd_Z917XGI,dwd_Z917XGI_0000_S974_E1330_L489_T35_R889_B435,codetalker,356,0.007700127083808184,0.00013063840742688626,0.0053686886094510555
dxWIZ0ODlZE,dxWIZ0ODlZE_0003_S1082_E1389_L767_T0_R1103_B304,dpt,319,0.008617888204753399,0.00022627730504609644,0.004607140086591244
dxWIZ0ODlZE,dxWIZ0ODlZE_0003_S1082_E1389_L767_T0_R1103_B304,artalk,320,0.009839627891778946,6.813696381868795e-05,0.005046717822551727
dxWIZ0ODlZE,dxWIZ0ODlZE_0003_S1082_E1389_L767_T0_R1103_B304,multitalk,319,0.010754733346402645,0.0002518129476811737,0.007890014909207821
dxWIZ0ODlZE,dxWIZ0ODlZE_0003_S1082_E1389_L767_T0_R1103_B304,codetalker,321,0.009348379448056221,0.00027221860364079475,0.0037503016646951437
e0Q9GzQzBhE,e0Q9GzQzBhE_0002_S1344_E1759_L445_T40_R749_B344,dpt,346,0.009586402215063572,0.00019931266433559358,0.0048499987460672855
e0Q9GzQzBhE,e0Q9GzQzBhE_0002_S1344_E1759_L445_T40_R749_B344,artalk,347,0.006063050590455532,0.0001392361446050927,0.002793748863041401
e0Q9GzQzBhE,e0Q9GzQzBhE_0002_S1344_E1759_L445_T40_R749_B344,multitalk,346,0.01135466992855072,0.00022053300926927477,0.006249458994716406
e0Q9GzQzBhE,e0Q9GzQzBhE_0002_S1344_E1759_L445_T40_R749_B344,codetalker,349,0.009642116725444794,0.00026796385645866394,0.007095500361174345
e3rjGvtVXeo,e3rjGvtVXeo_0000_S1095_E1290_L162_T0_R962_B688,dpt,203,0.010760718025267124,0.0004817524750251323,0.0066514285281300545
e3rjGvtVXeo,e3rjGvtVXeo_0000_S1095_E1290_L162_T0_R962_B688,artalk,203,0.012255251407623291,0.0002977667027153075,0.006650595460087061
e3rjGvtVXeo,e3rjGvtVXeo_0000_S1095_E1290_L162_T0_R962_B688,multitalk,203,0.015669221058487892,0.00021751165331806988,0.010223576799035072
e3rjGvtVXeo,e3rjGvtVXeo_0000_S1095_E1290_L162_T0_R962_B688,codetalker,203,0.013376572169363499,0.0004897871986031532,0.004283353220671415
eAQBVytibCc,eAQBVytibCc_0000_S445_E747_L406_T10_R886_B490,dpt,271,0.013359623961150646,0.00019069229892920703,0.0030267774127423763
eAQBVytibCc,eAQBVytibCc_0000_S445_E747_L406_T10_R886_B490,artalk,272,0.009864723309874535,0.0001598310482222587,0.002344763372093439
eAQBVytibCc,eAQBVytibCc_0000_S445_E747_L406_T10_R886_B490,multitalk,270,0.016119802370667458,6.782190757803619e-05,0.0038170036859810352
eAQBVytibCc,eAQBVytibCc_0000_S445_E747_L406_T10_R886_B490,codetalker,273,0.013676855713129044,0.00021893501980230212,0.006087735295295715
eCKD8fP2aao,eCKD8fP2aao_0000_S1204_E1535_L157_T24_R653_B520,dpt,345,0.0104312589392066,0.0002878824598155916,0.0041230893693864346
eCKD8fP2aao,eCKD8fP2aao_0000_S1204_E1535_L157_T24_R653_B520,artalk,345,0.01041957177221775,0.00022884158533997834,0.004992632195353508
eCKD8fP2aao,eCKD8fP2aao_0000_S1204_E1535_L157_T24_R653_B520,multitalk,345,0.009290200658142567,0.00024661424686200917,0.0037287031300365925
eCKD8fP2aao,eCKD8fP2aao_0000_S1204_E1535_L157_T24_R653_B520,codetalker,345,0.010591184720396996,0.0003216834447812289,0.008337130770087242
eF7TdzaX_Jc,eF7TdzaX_Jc_0007_S747_E1053_L295_T0_R775_B432,dpt,255,0.013893600553274155,0.00011559527774807066,0.004911360796540976
eF7TdzaX_Jc,eF7TdzaX_Jc_0007_S747_E1053_L295_T0_R775_B432,artalk,256,0.010635155253112316,0.0001317817805102095,0.0053684827871620655
eF7TdzaX_Jc,eF7TdzaX_Jc_0007_S747_E1053_L295_T0_R775_B432,multitalk,255,0.009368335828185081,0.00011176323459949344,0.0033260483760386705
eF7TdzaX_Jc,eF7TdzaX_Jc_0007_S747_E1053_L295_T0_R775_B432,codetalker,257,0.014104207046329975,0.00015930317749734968,0.009012462571263313
eFUL4yP0vqo,eFUL4yP0vqo_0001_S1312_E1595_L572_T28_R972_B428,dpt,236,0.010442646220326424,0.00014841290249023587,0.002466720761731267
eFUL4yP0vqo,eFUL4yP0vqo_0001_S1312_E1595_L572_T28_R972_B428,artalk,237,0.007313708774745464,7.274755625985563e-05,0.002408062806352973
eFUL4yP0vqo,eFUL4yP0vqo_0001_S1312_E1595_L572_T28_R972_B428,multitalk,236,0.01629154570400715,0.00015842424181755632,0.004809278063476086
eFUL4yP0vqo,eFUL4yP0vqo_0001_S1312_E1595_L572_T28_R972_B428,codetalker,238,0.012759236618876457,0.00022090159473009408,0.006856507621705532
eFdjgis1E5I,eFdjgis1E5I_0000_S1259_E1799_L302_T23_R926_B647,dpt,450,0.01172750722616911,0.00017843714158516377,0.005188868846744299
eFdjgis1E5I,eFdjgis1E5I_0000_S1259_E1799_L302_T23_R926_B647,artalk,451,0.006929175462573767,4.222568895784207e-05,0.004148601088672876
eFdjgis1E5I,eFdjgis1E5I_0000_S1259_E1799_L302_T23_R926_B647,multitalk,450,0.018307963386178017,0.00014951494813431054,0.0062263114377856255
eFdjgis1E5I,eFdjgis1E5I_0000_S1259_E1799_L302_T23_R926_B647,codetalker,452,0.010568923316895962,0.0001987215073313564,0.007313634268939495
eGYkD0e411I,eGYkD0e411I_0008_S272_E550_L685_T131_R957_B403,dpt,232,0.013042181730270386,9.961010073311627e-05,0.012675457634031773
eGYkD0e411I,eGYkD0e411I_0008_S272_E550_L685_T131_R957_B403,artalk,233,0.011753919534385204,-4.536255801212974e-05,0.010735992342233658
eGYkD0e411I,eGYkD0e411I_0008_S272_E550_L685_T131_R957_B403,multitalk,232,0.012957223691046238,0.00011998754780506715,0.011421575210988522
eGYkD0e411I,eGYkD0e411I_0008_S272_E550_L685_T131_R957_B403,codetalker,233,0.011349493637681007,7.774114783387631e-05,0.006591810379177332
eIXNlBbw54g,eIXNlBbw54g_0022_S286_E517_L494_T43_R830_B379,dpt,231,0.010069104842841625,7.381875911960378e-05,0.007163878995925188
eIXNlBbw54g,eIXNlBbw54g_0022_S286_E517_L494_T43_R830_B379,artalk,231,0.007288747001439333,-5.8837966207647696e-05,0.004384779836982489
eIXNlBbw54g,eIXNlBbw54g_0022_S286_E517_L494_T43_R830_B379,multitalk,230,0.009171449579298496,6.564726936630905e-05,0.005183430388569832
eIXNlBbw54g,eIXNlBbw54g_0022_S286_E517_L494_T43_R830_B379,codetalker,231,0.006680105347186327,8.755536691751331e-05,0.0033894183579832315
eLX1KG3FnBg,eLX1KG3FnBg_0000_S1170_E1535_L248_T37_R728_B517,dpt,380,0.00812695361673832,0.00038051026058383286,0.0035509818699210882
eLX1KG3FnBg,eLX1KG3FnBg_0000_S1170_E1535_L248_T37_R728_B517,artalk,381,0.006493224296718836,0.00027275519096292555,0.003030141582712531
eLX1KG3FnBg,eLX1KG3FnBg_0000_S1170_E1535_L248_T37_R728_B517,multitalk,380,0.008642611093819141,0.00018532807007431984,0.003760977415367961
eLX1KG3FnBg,eLX1KG3FnBg_0000_S1170_E1535_L248_T37_R728_B517,codetalker,381,0.00828725378960371,0.0003808712644968182,0.0047776284627616405
eNtpsXBrhk4,eNtpsXBrhk4_0009_S316_E602_L340_T144_R596_B400,dpt,286,0.00873574335128069,0.00021952374663669616,0.003462925786152482
eNtpsXBrhk4,eNtpsXBrhk4_0009_S316_E602_L340_T144_R596_B400,artalk,286,0.007040843367576599,0.00010853049752768129,0.0031541280914098024
eNtpsXBrhk4,eNtpsXBrhk4_0009_S316_E602_L340_T144_R596_B400,multitalk,286,0.007890856824815273,0.00022767408518120646,0.0030296752229332924
eNtpsXBrhk4,eNtpsXBrhk4_0009_S316_E602_L340_T144_R596_B400,codetalker,286,0.00877293013036251,0.00022878281015437096,0.0038036166224628687
eO8hhdMv7P4,eO8hhdMv7P4_0000_S146_E422_L613_T86_R917_B390,dpt,230,0.00885776150971651,-2.8934355214005336e-05,0.003917251247912645
eO8hhdMv7P4,eO8hhdMv7P4_0000_S146_E422_L613_T86_R917_B390,artalk,231,0.005320928990840912,-0.00012090709060430527,0.0032015524338930845
eO8hhdMv7P4,eO8hhdMv7P4_0000_S146_E422_L613_T86_R917_B390,multitalk,230,0.007275500800460577,-2.1277279302012175e-05,0.00440027192234993
eO8hhdMv7P4,eO8hhdMv7P4_0000_S146_E422_L613_T86_R917_B390,codetalker,232,0.011243908666074276,1.9230565158068202e-05,0.008761139586567879
eOJ7XVQlnB8,eOJ7XVQlnB8_0000_S572_E817_L583_T85_R999_B517,dpt,204,0.010033387690782547,0.00026325075305067003,0.004872895777225494
eOJ7XVQlnB8,eOJ7XVQlnB8_0000_S572_E817_L583_T85_R999_B517,artalk,205,0.010537254624068737,0.00018651770369615406,0.004912522155791521
eOJ7XVQlnB8,eOJ7XVQlnB8_0000_S572_E817_L583_T85_R999_B517,multitalk,204,0.011448018252849579,0.0002608172071631998,0.006145025137811899
eOJ7XVQlnB8,eOJ7XVQlnB8_0000_S572_E817_L583_T85_R999_B517,codetalker,206,0.01177469827234745,0.0002503368887118995,0.005213437136262655
eQcmzGIKrzg,eQcmzGIKrzg_0025_S0_E210_L641_T40_R897_B296,dpt,219,0.00951123982667923,-2.1709432985517196e-05,0.0031616503838449717
eQcmzGIKrzg,eQcmzGIKrzg_0025_S0_E210_L641_T40_R897_B296,artalk,219,0.006552994716912508,-8.951464405981824e-05,0.003410420147702098
eQcmzGIKrzg,eQcmzGIKrzg_0025_S0_E210_L641_T40_R897_B296,multitalk,219,0.014064394868910313,-9.982667506847065e-06,0.0027700478676706553
eQcmzGIKrzg,eQcmzGIKrzg_0025_S0_E210_L641_T40_R897_B296,codetalker,219,0.012311126105487347,3.532276605255902e-05,0.0077841924503445625
eRU1XIwXCAE,eRU1XIwXCAE_0000_S242_E664_L287_T0_R623_B336,dpt,440,0.011497259140014648,0.00021078136342111975,0.0037409078795462847
eRU1XIwXCAE,eRU1XIwXCAE_0000_S242_E664_L287_T0_R623_B336,artalk,440,0.010888859629631042,0.00010876353189814836,0.005639716517180204
eRU1XIwXCAE,eRU1XIwXCAE_0000_S242_E664_L287_T0_R623_B336,multitalk,440,0.011130738072097301,0.00021060951985418797,0.00398360937833786
eRU1XIwXCAE,eRU1XIwXCAE_0000_S242_E664_L287_T0_R623_B336,codetalker,440,0.012083129025995731,0.00029541889671236277,0.010712803341448307
eRvOQ8MsyV0,eRvOQ8MsyV0_0000_S924_E1367_L76_T0_R860_B640,dpt,461,0.010711719281971455,6.849127385066822e-05,0.004596508573740721
eRvOQ8MsyV0,eRvOQ8MsyV0_0000_S924_E1367_L76_T0_R860_B640,artalk,461,0.00931466557085514,2.399394361418672e-05,0.0045306081883609295
eRvOQ8MsyV0,eRvOQ8MsyV0_0000_S924_E1367_L76_T0_R860_B640,multitalk,461,0.008132979273796082,-4.6510966058121994e-05,0.0029700370505452156
eRvOQ8MsyV0,eRvOQ8MsyV0_0000_S924_E1367_L76_T0_R860_B640,codetalker,461,0.01263051014393568,7.57123198127374e-05,0.008268562145531178
eSR9swuM61I,eSR9swuM61I_0000_S81_E420_L424_T65_R936_B593,dpt,282,0.012045216746628284,0.00013057139585725963,0.0026258493307977915
eSR9swuM61I,eSR9swuM61I_0000_S81_E420_L424_T65_R936_B593,artalk,283,0.011382738128304482,6.131599366199225e-05,0.0031416481360793114
eSR9swuM61I,eSR9swuM61I_0000_S81_E420_L424_T65_R936_B593,multitalk,282,0.01169117446988821,5.533853982342407e-05,0.003300319891422987
eSR9swuM61I,eSR9swuM61I_0000_S81_E420_L424_T65_R936_B593,codetalker,284,0.014160340651869774,0.00013344944454729557,0.004470736254006624
eT5IGtWmQ-M,eT5IGtWmQ-M_0001_S1317_E1759_L348_T0_R972_B592,dpt,369,0.011276951991021633,0.00013760080037172884,0.0043665082193911076
eT5IGtWmQ-M,eT5IGtWmQ-M_0001_S1317_E1759_L348_T0_R972_B592,artalk,370,0.007923359051346779,-4.350454400992021e-05,0.0037069167010486126
eT5IGtWmQ-M,eT5IGtWmQ-M_0001_S1317_E1759_L348_T0_R972_B592,multitalk,369,0.014192932285368443,0.00018236046889796853,0.0100170923396945
eT5IGtWmQ-M,eT5IGtWmQ-M_0001_S1317_E1759_L348_T0_R972_B592,codetalker,371,0.009637929499149323,0.00022373210231307894,0.004632751923054457
eVXJaSgEf74,eVXJaSgEf74_0004_S1049_E1421_L441_T15_R953_B527,dpt,310,0.009982610121369362,0.00022589374566450715,0.0038838570471853018
eVXJaSgEf74,eVXJaSgEf74_0004_S1049_E1421_L441_T15_R953_B527,artalk,311,0.008485017344355583,0.0001563190162414685,0.004193187691271305
eVXJaSgEf74,eVXJaSgEf74_0004_S1049_E1421_L441_T15_R953_B527,multitalk,310,0.01608150824904442,0.0002700320037547499,0.0029189863707870245
eVXJaSgEf74,eVXJaSgEf74_0004_S1049_E1421_L441_T15_R953_B527,codetalker,313,0.0136395413428545,0.00026698815054260194,0.008358280174434185
eVz41Qm-5aU,eVz41Qm-5aU_0000_S435_E745_L376_T49_R808_B481,dpt,258,0.01108388602733612,7.344817277044058e-05,0.0026249955408275127
eVz41Qm-5aU,eVz41Qm-5aU_0000_S435_E745_L376_T49_R808_B481,artalk,259,0.01150510460138321,-8.242811600212008e-05,0.002942151390016079
eVz41Qm-5aU,eVz41Qm-5aU_0000_S435_E745_L376_T49_R808_B481,multitalk,258,0.01086606364697218,4.9763621063902974e-05,0.002748573198914528
eVz41Qm-5aU,eVz41Qm-5aU_0000_S435_E745_L376_T49_R808_B481,codetalker,260,0.014683272689580917,6.138972094049677e-05,0.006195355206727982
eX3PtJN52g8,eX3PtJN52g8_0000_S558_E842_L391_T27_R967_B603,dpt,236,0.014837007038295269,0.00022662471747025847,0.003097278531640768
eX3PtJN52g8,eX3PtJN52g8_0000_S558_E842_L391_T27_R967_B603,artalk,237,0.010794190689921379,0.00011929884931305423,0.0026095586363226175
eX3PtJN52g8,eX3PtJN52g8_0000_S558_E842_L391_T27_R967_B603,multitalk,236,0.02448267675936222,-0.0002518252586014569,0.005546570755541325
eX3PtJN52g8,eX3PtJN52g8_0000_S558_E842_L391_T27_R967_B603,codetalker,238,0.015387853607535362,0.00027759611839428544,0.003145418828353286
eY5c3ce48Rs,eY5c3ce48Rs_0000_S1194_E1625_L0_T265_R352_B665,dpt,359,0.009717322885990143,0.00016053080616984516,0.006333853118121624
eY5c3ce48Rs,eY5c3ce48Rs_0000_S1194_E1625_L0_T265_R352_B665,artalk,360,0.008042646571993828,5.419117587734945e-05,0.006267576944082975
eY5c3ce48Rs,eY5c3ce48Rs_0000_S1194_E1625_L0_T265_R352_B665,multitalk,359,0.017888037487864494,0.00013169855810701847,0.011052221991121769
eY5c3ce48Rs,eY5c3ce48Rs_0000_S1194_E1625_L0_T265_R352_B665,codetalker,361,0.008055810816586018,0.00020018384384457022,0.0035875444300472736
eg0bYuuHzkI,eg0bYuuHzkI_0000_S1206_E1456_L300_T13_R796_B509,dpt,208,0.01227504014968872,7.898855255916715e-05,0.004267464857548475
eg0bYuuHzkI,eg0bYuuHzkI_0000_S1206_E1456_L300_T13_R796_B509,artalk,209,0.007861174643039703,2.9334440114325844e-05,0.0035619812551885843
eg0bYuuHzkI,eg0bYuuHzkI_0000_S1206_E1456_L300_T13_R796_B509,multitalk,208,0.01214656699448824,-9.937531285686418e-05,0.003667097771540284
eg0bYuuHzkI,eg0bYuuHzkI_0000_S1206_E1456_L300_T13_R796_B509,codetalker,210,0.012594295665621758,0.00015362353587988764,0.009315835312008858
ejrSSx2FMhQ,ejrSSx2FMhQ_0002_S0_E728_L479_T45_R767_B333,dpt,607,0.009645745158195496,0.00011774135055020452,0.003906880971044302
ejrSSx2FMhQ,ejrSSx2FMhQ_0002_S0_E728_L479_T45_R767_B333,artalk,608,0.01078225951641798,-1.043900010699872e-05,0.003939950373023748
ejrSSx2FMhQ,ejrSSx2FMhQ_0002_S0_E728_L479_T45_R767_B333,multitalk,607,0.008519642986357212,8.397013152716681e-05,0.003379329340532422
ejrSSx2FMhQ,ejrSSx2FMhQ_0002_S0_E728_L479_T45_R767_B333,codetalker,609,0.00897248461842537,0.00012716678611468524,0.002877208637073636
ekxjCWMq8Z0,ekxjCWMq8Z0_0000_S677_E1367_L735_T94_R1023_B382,dpt,575,0.015623296611011028,0.00013084871170576662,0.009512105025351048
ekxjCWMq8Z0,ekxjCWMq8Z0_0000_S677_E1367_L735_T94_R1023_B382,artalk,576,0.014141317456960678,3.383979856153019e-05,0.007852062582969666
ekxjCWMq8Z0,ekxjCWMq8Z0_0000_S677_E1367_L735_T94_R1023_B382,multitalk,575,0.014353367500007153,0.0001390449469909072,0.01162340585142374
ekxjCWMq8Z0,ekxjCWMq8Z0_0000_S677_E1367_L735_T94_R1023_B382,codetalker,577,0.011441373266279697,0.0001995335624087602,0.005026966333389282
emqCYr2xVGw,emqCYr2xVGw_0002_S1070_E1334_L377_T0_R985_B544,dpt,275,0.011670134030282497,0.0002807064156513661,0.003502908628433943
emqCYr2xVGw,emqCYr2xVGw_0002_S1070_E1334_L377_T0_R985_B544,artalk,275,0.008682901039719582,0.00022155883198138326,0.0041552879847586155
emqCYr2xVGw,emqCYr2xVGw_0002_S1070_E1334_L377_T0_R985_B544,multitalk,275,0.01227114349603653,0.00029221264412626624,0.0036026022862643003
emqCYr2xVGw,emqCYr2xVGw_0002_S1070_E1334_L377_T0_R985_B544,codetalker,275,0.012347412295639515,0.00035773892886936665,0.008950917050242424
eoHw0W_CzX8,eoHw0W_CzX8_0000_S1536_E1815_L235_T0_R763_B400,dpt,232,0.009759832173585892,0.00021728640422224998,0.0037944684736430645
eoHw0W_CzX8,eoHw0W_CzX8_0000_S1536_E1815_L235_T0_R763_B400,artalk,233,0.009697220288217068,0.00011493296915432438,0.0055622379295527935
eoHw0W_CzX8,eoHw0W_CzX8_0000_S1536_E1815_L235_T0_R763_B400,multitalk,232,0.01227439846843481,3.585624654078856e-05,0.006312331184744835
eoHw0W_CzX8,eoHw0W_CzX8_0000_S1536_E1815_L235_T0_R763_B400,codetalker,234,0.012071067467331886,0.000232922553550452,0.007304797880351543
eoN2Xrs6cxc,eoN2Xrs6cxc_0001_S112_E347_L414_T0_R990_B544,dpt,235,0.011587153188884258,0.00026445803814567626,0.003985711373388767
eoN2Xrs6cxc,eoN2Xrs6cxc_0001_S112_E347_L414_T0_R990_B544,artalk,235,0.0106640150770545,0.00025889649987220764,0.004659115336835384
eoN2Xrs6cxc,eoN2Xrs6cxc_0001_S112_E347_L414_T0_R990_B544,multitalk,234,0.01477766502648592,0.00026780000189319253,0.004961295053362846
eoN2Xrs6cxc,eoN2Xrs6cxc_0001_S112_E347_L414_T0_R990_B544,codetalker,235,0.014128080569207668,0.00028994044987484813,0.00861445814371109
eowka-cMoxM,eowka-cMoxM_0000_S1326_E1691_L359_T9_R839_B489,dpt,304,0.009737886488437653,0.00014558061957359314,0.004687851294875145
eowka-cMoxM,eowka-cMoxM_0000_S1326_E1691_L359_T9_R839_B489,artalk,305,0.008831987157464027,2.2313750378089026e-05,0.006459403317421675
eowka-cMoxM,eowka-cMoxM_0000_S1326_E1691_L359_T9_R839_B489,multitalk,304,0.008317836560308933,0.00012537634756881744,0.003680493449792266
eowka-cMoxM,eowka-cMoxM_0000_S1326_E1691_L359_T9_R839_B489,codetalker,306,0.01344195194542408,0.0001993326295632869,0.012136722914874554
err7vaMQ4z4,err7vaMQ4z4_0001_S0_E253_L151_T0_R791_B640,dpt,253,0.01059955358505249,0.00015129658277146518,0.0033302984666079283
err7vaMQ4z4,err7vaMQ4z4_0001_S0_E253_L151_T0_R791_B640,artalk,253,0.00800634827464819,9.745275747263804e-05,0.002310638315975666
err7vaMQ4z4,err7vaMQ4z4_0001_S0_E253_L151_T0_R791_B640,multitalk,252,0.012260434217751026,0.0001271244400413707,0.0032321056351065636
err7vaMQ4z4,err7vaMQ4z4_0001_S0_E253_L151_T0_R791_B640,codetalker,253,0.011880381032824516,0.00015234331658575684,0.006388306617736816
etnFlNJ-uys,etnFlNJ-uys_0001_S0_E318_L602_T1_R938_B337,dpt,265,0.011048994027078152,9.948711522156373e-05,0.00440122839063406
etnFlNJ-uys,etnFlNJ-uys_0001_S0_E318_L602_T1_R938_B337,artalk,266,0.010495699010789394,5.43681308045052e-05,0.0052324384450912476
etnFlNJ-uys,etnFlNJ-uys_0001_S0_E318_L602_T1_R938_B337,multitalk,265,0.017321225255727768,-0.001061615184880793,0.005352851934731007
etnFlNJ-uys,etnFlNJ-uys_0001_S0_E318_L602_T1_R938_B337,codetalker,267,0.012612320482730865,9.886103362077847e-05,0.006259609945118427
eub0JuAMSiI,eub0JuAMSiI_0001_S792_E1028_L539_T41_R843_B345,dpt,236,0.009923472069203854,0.00010866519733099267,0.005665163043886423
eub0JuAMSiI,eub0JuAMSiI_0001_S792_E1028_L539_T41_R843_B345,artalk,236,0.009474661201238632,6.898022547829896e-06,0.005051573272794485
eub0JuAMSiI,eub0JuAMSiI_0001_S792_E1028_L539_T41_R843_B345,multitalk,236,0.01039911899715662,0.00011870594607898965,0.006658483762294054
eub0JuAMSiI,eub0JuAMSiI_0001_S792_E1028_L539_T41_R843_B345,codetalker,236,0.009574300609529018,0.00011905619612662122,0.004360944032669067
evORVtwC0zk,evORVtwC0zk_0000_S1328_E1531_L700_T134_R1180_B614,dpt,211,0.007306639105081558,2.193803265981842e-05,0.003507276764139533
evORVtwC0zk,evORVtwC0zk_0000_S1328_E1531_L700_T134_R1180_B614,artalk,211,0.0058699799701571465,-6.15319877397269e-05,0.00319731910713017
evORVtwC0zk,evORVtwC0zk_0000_S1328_E1531_L700_T134_R1180_B614,multitalk,211,0.015246747061610222,3.871037915814668e-05,0.003280164208263159
evORVtwC0zk,evORVtwC0zk_0000_S1328_E1531_L700_T134_R1180_B614,codetalker,211,0.010485672391951084,5.804936881759204e-05,0.005743588320910931
ewQ3FI_u5nY,ewQ3FI_u5nY_0000_S0_E280_L142_T5_R478_B341,dpt,280,0.009636114351451397,0.0001308687060372904,0.005827116779983044
ewQ3FI_u5nY,ewQ3FI_u5nY_0000_S0_E280_L142_T5_R478_B341,artalk,280,0.01054040901362896,7.875996379880235e-05,0.006241254508495331
ewQ3FI_u5nY,ewQ3FI_u5nY_0000_S0_E280_L142_T5_R478_B341,multitalk,280,0.007944648154079914,8.729133696760982e-05,0.004340436775237322
ewQ3FI_u5nY,ewQ3FI_u5nY_0000_S0_E280_L142_T5_R478_B341,codetalker,280,0.014259019866585732,0.00017363954975735396,0.011461690999567509
exsaT4HrbhA,exsaT4HrbhA_0000_S597_E797_L675_T0_R1203_B528,dpt,208,0.012724430300295353,0.0002784151874948293,0.004568236880004406
exsaT4HrbhA,exsaT4HrbhA_0000_S597_E797_L675_T0_R1203_B528,artalk,208,0.011669804342091084,0.00018572121916804463,0.00573387648910284
exsaT4HrbhA,exsaT4HrbhA_0000_S597_E797_L675_T0_R1203_B528,multitalk,208,0.013905096799135208,0.00022232148330658674,0.005277770105749369
exsaT4HrbhA,exsaT4HrbhA_0000_S597_E797_L675_T0_R1203_B528,codetalker,208,0.012819748371839523,0.0003343683492857963,0.006144934333860874
exvJz3JPHuI,exvJz3JPHuI_0000_S1334_E1617_L387_T0_R979_B480,dpt,236,0.008161894977092743,0.00017803822993300855,0.003404448041692376
exvJz3JPHuI,exvJz3JPHuI_0000_S1334_E1617_L387_T0_R979_B480,artalk,237,0.007466803304851055,5.821782906423323e-05,0.003717245999723673
exvJz3JPHuI,exvJz3JPHuI_0000_S1334_E1617_L387_T0_R979_B480,multitalk,236,0.008425780571997166,0.00019851834804285318,0.0029009217396378517
exvJz3JPHuI,exvJz3JPHuI_0000_S1334_E1617_L387_T0_R979_B480,codetalker,238,0.009846809320151806,0.00019676084048114717,0.007646702229976654
ezQjNJUSraY,ezQjNJUSraY_0016_S284_E588_L487_T42_R807_B362,dpt,253,0.00811383780092001,4.6189157728804275e-05,0.00344882276840508
ezQjNJUSraY,ezQjNJUSraY_0016_S284_E588_L487_T42_R807_B362,artalk,254,0.006457354873418808,-9.056415728991851e-05,0.0019289028132334352
ezQjNJUSraY,ezQjNJUSraY_0016_S284_E588_L487_T42_R807_B362,multitalk,253,0.010148050263524055,3.473170363577083e-05,0.00515810027718544
ezQjNJUSraY,ezQjNJUSraY_0016_S284_E588_L487_T42_R807_B362,codetalker,256,0.010511461645364761,6.382522406056523e-05,0.0058737145736813545
f5kTVt7QnK4,f5kTVt7QnK4_0006_S465_E910_L271_T81_R655_B465,dpt,371,0.010057165287435055,-2.956084063043818e-05,0.006605203729122877
f5kTVt7QnK4,f5kTVt7QnK4_0006_S465_E910_L271_T81_R655_B465,artalk,372,0.006773915141820908,-5.083969153929502e-05,0.004125423263758421
f5kTVt7QnK4,f5kTVt7QnK4_0006_S465_E910_L271_T81_R655_B465,multitalk,371,0.009700755588710308,-7.282217120518908e-05,0.00803181529045105
f5kTVt7QnK4,f5kTVt7QnK4_0006_S465_E910_L271_T81_R655_B465,codetalker,373,0.007042698096483946,4.2402894905535504e-05,0.00327273178845644
f5mk7tpuEs4,f5mk7tpuEs4_0003_S0_E418_L218_T0_R1130_B624,dpt,418,0.01361845713108778,-2.9129612812539563e-05,0.005143239628523588
f5mk7tpuEs4,f5mk7tpuEs4_0003_S0_E418_L218_T0_R1130_B624,artalk,418,0.00977324042469263,-0.00018254367751069367,0.005453321151435375
f5mk7tpuEs4,f5mk7tpuEs4_0003_S0_E418_L218_T0_R1130_B624,multitalk,418,0.013437184505164623,-1.7055663192877546e-05,0.007646381389349699
f5mk7tpuEs4,f5mk7tpuEs4_0003_S0_E418_L218_T0_R1130_B624,codetalker,418,0.011447428725659847,-8.07995164109343e-08,0.0027710096910595894
f7HNmm8MHMI,f7HNmm8MHMI_0009_S1170_E1411_L436_T25_R772_B361,dpt,248,0.0139920674264431,0.00023718702141195536,0.008797697722911835
f7HNmm8MHMI,f7HNmm8MHMI_0009_S1170_E1411_L436_T25_R772_B361,artalk,249,0.01431841030716896,8.868203440215439e-05,0.009106169454753399
f7HNmm8MHMI,f7HNmm8MHMI_0009_S1170_E1411_L436_T25_R772_B361,multitalk,248,0.013641208410263062,0.00025246950099244714,0.010714449919760227
f7HNmm8MHMI,f7HNmm8MHMI_0009_S1170_E1411_L436_T25_R772_B361,codetalker,249,0.011920732446014881,0.00026702575269155204,0.004529762547463179
fAtWwadP6CY,fAtWwadP6CY_0002_S961_E1194_L535_T109_R807_B381,dpt,233,0.007441667839884758,0.00017101789126172662,0.003891010070219636
fAtWwadP6CY,fAtWwadP6CY_0002_S961_E1194_L535_T109_R807_B381,artalk,233,0.004741047043353319,0.0001232070935657248,0.0023036040365695953
fAtWwadP6CY,fAtWwadP6CY_0002_S961_E1194_L535_T109_R807_B381,multitalk,233,0.012244805693626404,0.00018106504285242409,0.0029706063214689493
fAtWwadP6CY,fAtWwadP6CY_0002_S961_E1194_L535_T109_R807_B381,codetalker,233,0.007317643146961927,0.00019687169697135687,0.003391830250620842
fDZ8fFOesDQ,fDZ8fFOesDQ_0003_S512_E780_L706_T133_R1090_B517,dpt,447,0.011887658387422562,0.00013419435708783567,0.006758901756256819
fDZ8fFOesDQ,fDZ8fFOesDQ_0003_S512_E780_L706_T133_R1090_B517,artalk,447,0.01465779822319746,-0.00012989937386009842,0.005959926638752222
fDZ8fFOesDQ,fDZ8fFOesDQ_0003_S512_E780_L706_T133_R1090_B517,multitalk,447,0.00984869059175253,8.192572568077594e-05,0.004885433707386255
fDZ8fFOesDQ,fDZ8fFOesDQ_0003_S512_E780_L706_T133_R1090_B517,codetalker,447,0.014974914491176605,0.00015412649372592568,0.004448670893907547
fSSzNXPVvYc,fSSzNXPVvYc_0000_S1466_E1728_L245_T48_R533_B336,dpt,218,0.012496298179030418,0.00016201345715671778,0.0065343305468559265
fSSzNXPVvYc,fSSzNXPVvYc_0000_S1466_E1728_L245_T48_R533_B336,artalk,219,0.01241704449057579,-7.850078691262752e-05,0.006649394519627094
fSSzNXPVvYc,fSSzNXPVvYc_0000_S1466_E1728_L245_T48_R533_B336,multitalk,218,0.017490940168499947,0.00012587499804794788,0.014450985006988049
fSSzNXPVvYc,fSSzNXPVvYc_0000_S1466_E1728_L245_T48_R533_B336,codetalker,220,0.011195052415132523,0.0001769029622664675,0.0029491004534065723
fUQ-OTqjp9c,fUQ-OTqjp9c_0042_S882_E1123_L349_T19_R845_B515,dpt,201,0.01257284265011549,6.644265522481874e-05,0.006387836299836636
fUQ-OTqjp9c,fUQ-OTqjp9c_0042_S882_E1123_L349_T19_R845_B515,artalk,202,0.010781630873680115,-1.9571089069359004e-05,0.004056876990944147
fUQ-OTqjp9c,fUQ-OTqjp9c_0042_S882_E1123_L349_T19_R845_B515,multitalk,201,0.014448517933487892,6.657341873506084e-05,0.005126400385051966
fUQ-OTqjp9c,fUQ-OTqjp9c_0042_S882_E1123_L349_T19_R845_B515,codetalker,204,0.009866142645478249,0.00010630152974044904,0.005061810370534658
fUzh2Hu4JoY,fUzh2Hu4JoY_0002_S292_E555_L207_T94_R495_B382,dpt,219,0.00931042805314064,0.00010450411355122924,0.0033874884247779846
fUzh2Hu4JoY,fUzh2Hu4JoY_0002_S292_E555_L207_T94_R495_B382,artalk,220,0.008135332725942135,-2.781842340482399e-05,0.002706188941374421
fUzh2Hu4JoY,fUzh2Hu4JoY_0002_S292_E555_L207_T94_R495_B382,multitalk,219,0.008384793996810913,8.648814400658011e-05,0.002727770945057273
fUzh2Hu4JoY,fUzh2Hu4JoY_0002_S292_E555_L207_T94_R495_B382,codetalker,221,0.008798115886747837,8.285418880404904e-05,0.003479019505903125
fV1xRX3XGKk,fV1xRX3XGKk_0000_S1269_E1919_L423_T35_R855_B467,dpt,542,0.011754090897738934,0.0002608280919957906,0.005967147648334503
fV1xRX3XGKk,fV1xRX3XGKk_0000_S1269_E1919_L423_T35_R855_B467,artalk,543,0.010524490848183632,0.00017488643061369658,0.006848107557743788
fV1xRX3XGKk,fV1xRX3XGKk_0000_S1269_E1919_L423_T35_R855_B467,multitalk,542,0.015245991759002209,0.00028125589597038925,0.005420743953436613
fV1xRX3XGKk,fV1xRX3XGKk_0000_S1269_E1919_L423_T35_R855_B467,codetalker,544,0.016007302328944206,0.000326678273268044,0.011428330093622208
fWnDlFMfOA0,fWnDlFMfOA0_0000_S1046_E1499_L48_T0_R928_B704,dpt,453,0.008386943489313126,0.00016737254918552935,0.003362267278134823
fWnDlFMfOA0,fWnDlFMfOA0_0000_S1046_E1499_L48_T0_R928_B704,artalk,453,0.008493159897625446,4.418979733600281e-05,0.005365537013858557
fWnDlFMfOA0,fWnDlFMfOA0_0000_S1046_E1499_L48_T0_R928_B704,multitalk,453,0.012419447302818298,0.00020603611483238637,0.002680065343156457
fWnDlFMfOA0,fWnDlFMfOA0_0000_S1046_E1499_L48_T0_R928_B704,codetalker,453,0.011088243685662746,0.00022677675588056445,0.007887762039899826
fXuqsnqsfGE,fXuqsnqsfGE_0000_S241_E522_L453_T59_R757_B363,dpt,281,0.007189241703599691,0.00012543379853013903,0.002846124116331339
fXuqsnqsfGE,fXuqsnqsfGE_0000_S241_E522_L453_T59_R757_B363,artalk,281,0.006728534586727619,1.7592093399798614e-06,0.0031067547388374805
fXuqsnqsfGE,fXuqsnqsfGE_0000_S241_E522_L453_T59_R757_B363,multitalk,281,0.008409910835325718,9.710297308629379e-05,0.0033221347257494926
fXuqsnqsfGE,fXuqsnqsfGE_0000_S241_E522_L453_T59_R757_B363,codetalker,281,0.009146194905042648,0.0001246933825314045,0.0062348428182303905
fYHqUK0tqH8,fYHqUK0tqH8_0000_S731_E1236_L607_T27_R1023_B443,dpt,505,0.0092625105753541,8.73030221555382e-05,0.003992703277617693
fYHqUK0tqH8,fYHqUK0tqH8_0000_S731_E1236_L607_T27_R1023_B443,artalk,505,0.0069349780678749084,-1.0318358363292646e-05,0.004441303201019764
fYHqUK0tqH8,fYHqUK0tqH8_0000_S731_E1236_L607_T27_R1023_B443,multitalk,504,0.007749469019472599,0.00010277084220433608,0.0032180098351091146
fYHqUK0tqH8,fYHqUK0tqH8_0000_S731_E1236_L607_T27_R1023_B443,codetalker,505,0.010019893757998943,0.00011566721514100209,0.0077576059848070145
fZ8S5N2akUE,fZ8S5N2akUE_0000_S109_E600_L517_T27_R789_B299,dpt,409,0.012448487803339958,0.00011074073700001463,0.00974800530821085
fZ8S5N2akUE,fZ8S5N2akUE_0000_S109_E600_L517_T27_R789_B299,artalk,410,0.012028880417346954,5.285321094561368e-05,0.008908084593713284
fZ8S5N2akUE,fZ8S5N2akUE_0000_S109_E600_L517_T27_R789_B299,multitalk,409,0.012946084141731262,0.00014602761075366288,0.010685354471206665
fZ8S5N2akUE,fZ8S5N2akUE_0000_S109_E600_L517_T27_R789_B299,codetalker,411,0.010535825975239277,0.0001436522143194452,0.006199466530233622
f_LHuvCZLf0,f_LHuvCZLf0_0006_S0_E617_L414_T71_R846_B503,dpt,514,0.014577817171812057,0.0001430492993677035,0.0035731929820030928
f_LHuvCZLf0,f_LHuvCZLf0_0006_S0_E617_L414_T71_R846_B503,artalk,515,0.013089033775031567,6.65819679852575e-05,0.004199773073196411
f_LHuvCZLf0,f_LHuvCZLf0_0006_S0_E617_L414_T71_R846_B503,multitalk,514,0.018583212047815323,0.00014596320397686213,0.006912388373166323
f_LHuvCZLf0,f_LHuvCZLf0_0006_S0_E617_L414_T71_R846_B503,codetalker,516,0.016207348555326462,0.0001797034783521667,0.006017675623297691
fceagC5I1Yk,fceagC5I1Yk_0001_S417_E1135_L337_T84_R641_B388,dpt,599,0.014396918937563896,0.00016457388119306415,0.004942453932017088
fceagC5I1Yk,fceagC5I1Yk_0001_S417_E1135_L337_T84_R641_B388,artalk,600,0.009443267248570919,6.841886352049187e-05,0.004544203169643879
fceagC5I1Yk,fceagC5I1Yk_0001_S417_E1135_L337_T84_R641_B388,multitalk,598,0.013791993260383606,0.0001944202376762405,0.006484069395810366
fceagC5I1Yk,fceagC5I1Yk_0001_S417_E1135_L337_T84_R641_B388,codetalker,602,0.013036551885306835,0.00023525362485088408,0.006617698352783918
fdANKfoxm6s,fdANKfoxm6s_0015_S361_E628_L81_T0_R1057_B656,dpt,222,0.01590733788907528,0.00036207158700563014,0.006705557461827993
fdANKfoxm6s,fdANKfoxm6s_0015_S361_E628_L81_T0_R1057_B656,artalk,223,0.014231433160603046,0.00028287622262723744,0.00894505437463522
fdANKfoxm6s,fdANKfoxm6s_0015_S361_E628_L81_T0_R1057_B656,multitalk,222,0.013788001611828804,0.00032765313517302275,0.003996757324784994
fdANKfoxm6s,fdANKfoxm6s_0015_S361_E628_L81_T0_R1057_B656,codetalker,224,0.020084764808416367,0.0003757071972358972,0.014548903331160545
ferxnIAT2Go,ferxnIAT2Go_0000_S603_E795_L461_T69_R765_B373,dpt,200,0.015247170813381672,6.411738286260515e-05,0.012688929215073586
ferxnIAT2Go,ferxnIAT2Go_0000_S603_E795_L461_T69_R765_B373,artalk,200,0.013655772432684898,-5.357421105145477e-05,0.009856631979346275
ferxnIAT2Go,ferxnIAT2Go_0000_S603_E795_L461_T69_R765_B373,multitalk,200,0.014690565876662731,1.9019809769815765e-05,0.010066838003695011
ferxnIAT2Go,ferxnIAT2Go_0000_S603_E795_L461_T69_R765_B373,codetalker,200,0.011389780789613724,0.00011669409286696464,0.006255447398871183
fgIfH_85nBw,fgIfH_85nBw_0000_S0_E145_L443_T114_R891_B562,dpt,362,0.01140187494456768,0.0003043619217351079,0.005062077660113573
fgIfH_85nBw,fgIfH_85nBw_0000_S0_E145_L443_T114_R891_B562,artalk,362,0.009455881081521511,0.00017238753207493573,0.003998249303549528
fgIfH_85nBw,fgIfH_85nBw_0000_S0_E145_L443_T114_R891_B562,multitalk,362,0.012664432637393475,0.00028782925801351666,0.007065865211188793
fgIfH_85nBw,fgIfH_85nBw_0000_S0_E145_L443_T114_R891_B562,codetalker,362,0.01074276678264141,0.0003476116107776761,0.004134021233767271
fhXPsdrWJiA,fhXPsdrWJiA_0004_S1077_E1535_L429_T81_R733_B385,dpt,458,0.008861467242240906,0.00023227737983688712,0.002347762929275632
fhXPsdrWJiA,fhXPsdrWJiA_0004_S1077_E1535_L429_T81_R733_B385,artalk,458,0.00895619299262762,0.00011459827510407194,0.0022324048914015293
fhXPsdrWJiA,fhXPsdrWJiA_0004_S1077_E1535_L429_T81_R733_B385,multitalk,457,0.010573546402156353,0.00022609268489759415,0.003837804077193141
fhXPsdrWJiA,fhXPsdrWJiA_0004_S1077_E1535_L429_T81_R733_B385,codetalker,458,0.008962471969425678,0.00023259472800418735,0.0029812916181981564
fk3Cq0mR6_4,fk3Cq0mR6_4_0000_S802_E1340_L170_T0_R1194_B704,dpt,561,0.011134629137814045,0.00024658074835315347,0.0029448142740875483
fk3Cq0mR6_4,fk3Cq0mR6_4_0000_S802_E1340_L170_T0_R1194_B704,artalk,561,0.006793720182031393,0.00012770369357895106,0.0026758210733532906
fk3Cq0mR6_4,fk3Cq0mR6_4_0000_S802_E1340_L170_T0_R1194_B704,multitalk,561,0.008592898026108742,0.0002361438237130642,0.003835459239780903
fk3Cq0mR6_4,fk3Cq0mR6_4_0000_S802_E1340_L170_T0_R1194_B704,codetalker,561,0.010492907837033272,0.00026488647563382983,0.005571859888732433
fk_RkZortw8,fk_RkZortw8_0009_S0_E205_L583_T59_R999_B475,dpt,214,0.008155766874551773,3.9737726183375344e-05,0.004056709818542004
fk_RkZortw8,fk_RkZortw8_0009_S0_E205_L583_T59_R999_B475,artalk,214,0.006230574566870928,6.130967813078314e-05,0.0021485656034201384
fk_RkZortw8,fk_RkZortw8_0009_S0_E205_L583_T59_R999_B475,multitalk,214,0.010911479592323303,5.5470765801146626e-05,0.0018535183044150472
fk_RkZortw8,fk_RkZortw8_0009_S0_E205_L583_T59_R999_B475,codetalker,214,0.006950703915208578,9.06599234440364e-05,0.0036012909840792418
fnW2Qy7uY9Y,fnW2Qy7uY9Y_0006_S0_E372_L358_T149_R886_B677,dpt,310,0.008713304065167904,0.00012262692325748503,0.003469819435849786
fnW2Qy7uY9Y,fnW2Qy7uY9Y_0006_S0_E372_L358_T149_R886_B677,artalk,311,0.007923870347440243,2.1255231331451796e-05,0.002283197594806552
fnW2Qy7uY9Y,fnW2Qy7uY9Y_0006_S0_E372_L358_T149_R886_B677,multitalk,310,0.008144166320562363,0.00012598780449479818,0.0041395132429897785
fnW2Qy7uY9Y,fnW2Qy7uY9Y_0006_S0_E372_L358_T149_R886_B677,codetalker,312,0.01155250333249569,0.00014875264605507255,0.005214187782257795
fo65xXZqfoA,fo65xXZqfoA_0001_S0_E266_L287_T0_R831_B480,dpt,222,0.009540033526718616,5.898595918552019e-05,0.004232949111610651
fo65xXZqfoA,fo65xXZqfoA_0001_S0_E266_L287_T0_R831_B480,artalk,223,0.00649660499766469,-1.1202128007425927e-05,0.0018496362026780844
fo65xXZqfoA,fo65xXZqfoA_0001_S0_E266_L287_T0_R831_B480,multitalk,222,0.009897548705339432,6.400407437467948e-05,0.008738512173295021
fo65xXZqfoA,fo65xXZqfoA_0001_S0_E266_L287_T0_R831_B480,codetalker,224,0.009543851017951965,0.00010667083552107215,0.0040920935571193695
fu1ZVnk2Gqk,fu1ZVnk2Gqk_0000_S1325_E1638_L302_T77_R734_B509,dpt,261,0.007907343097031116,0.00011462322436273098,0.003930861596018076
fu1ZVnk2Gqk,fu1ZVnk2Gqk_0000_S1325_E1638_L302_T77_R734_B509,artalk,262,0.006945547182112932,2.5895409635268152e-05,0.0035660152789205313
fu1ZVnk2Gqk,fu1ZVnk2Gqk_0000_S1325_E1638_L302_T77_R734_B509,multitalk,261,0.008668329566717148,9.814749500947073e-05,0.0070708696730434895
fu1ZVnk2Gqk,fu1ZVnk2Gqk_0000_S1325_E1638_L302_T77_R734_B509,codetalker,263,0.008737601339817047,0.00012732474715448916,0.003438550978899002
fuRU10ocuds,fuRU10ocuds_0005_S1140_E1535_L599_T48_R1175_B624,dpt,395,0.00804124865680933,0.00011528516915859655,0.0030061372090131044
fuRU10ocuds,fuRU10ocuds_0005_S1140_E1535_L599_T48_R1175_B624,artalk,395,0.008659472689032555,-6.831991868239129e-06,0.00223266938701272
fuRU10ocuds,fuRU10ocuds_0005_S1140_E1535_L599_T48_R1175_B624,multitalk,395,0.008583924733102322,0.00011559843551367521,0.002215748419985175
fuRU10ocuds,fuRU10ocuds_0005_S1140_E1535_L599_T48_R1175_B624,codetalker,395,0.009729626588523388,0.00011670395178953186,0.0035232834052294493
fuZ88PJ7Lsg,fuZ88PJ7Lsg_0001_S1308_E1566_L469_T43_R869_B443,dpt,215,0.010093653574585915,7.576500502182171e-05,0.004712248221039772
fuZ88PJ7Lsg,fuZ88PJ7Lsg_0001_S1308_E1566_L469_T43_R869_B443,artalk,216,0.007074369117617607,-4.354985503596254e-05,0.0046316650696098804
fuZ88PJ7Lsg,fuZ88PJ7Lsg_0001_S1308_E1566_L469_T43_R869_B443,multitalk,215,0.013351790606975555,0.00010413483687443659,0.007249951362609863
fuZ88PJ7Lsg,fuZ88PJ7Lsg_0001_S1308_E1566_L469_T43_R869_B443,codetalker,217,0.01018581073731184,0.00011278586316620931,0.005441845860332251
fvtbdq3WiyU,fvtbdq3WiyU_0003_S202_E404_L147_T0_R963_B704,dpt,210,0.011028685607016087,0.0001732205564621836,0.003933690953999758
fvtbdq3WiyU,fvtbdq3WiyU_0003_S202_E404_L147_T0_R963_B704,artalk,211,0.00898487213999033,0.00010355687845731154,0.004126641433686018
fvtbdq3WiyU,fvtbdq3WiyU_0003_S202_E404_L147_T0_R963_B704,multitalk,210,0.011795946396887302,0.00020274880807846785,0.004880957305431366
fvtbdq3WiyU,fvtbdq3WiyU_0003_S202_E404_L147_T0_R963_B704,codetalker,211,0.011099833063781261,0.00022876731236465275,0.00585708674043417
fyFOwJRr3I0,fyFOwJRr3I0_0002_S1366_E1759_L457_T24_R937_B504,dpt,327,0.00973172765225172,0.00021355980425141752,0.0025875431019812822
fyFOwJRr3I0,fyFOwJRr3I0_0002_S1366_E1759_L457_T24_R937_B504,artalk,328,0.0061532286927104,8.606380288256332e-05,0.0025340886786580086
fyFOwJRr3I0,fyFOwJRr3I0_0002_S1366_E1759_L457_T24_R937_B504,multitalk,327,0.00901390053331852,0.00025383345200680196,0.0031872557010501623
fyFOwJRr3I0,fyFOwJRr3I0_0002_S1366_E1759_L457_T24_R937_B504,codetalker,330,0.01087226253002882,0.00021589366951957345,0.00546948192641139
g0UDwv1vPgw,g0UDwv1vPgw_0017_S1038_E1328_L0_T15_R368_B447,dpt,242,0.01117798313498497,0.000170484883710742,0.008133962750434875
g0UDwv1vPgw,g0UDwv1vPgw_0017_S1038_E1328_L0_T15_R368_B447,artalk,243,0.009985709562897682,7.956585614010692e-05,0.006573788821697235
g0UDwv1vPgw,g0UDwv1vPgw_0017_S1038_E1328_L0_T15_R368_B447,multitalk,241,0.01638546958565712,0.000179839160409756,0.014699981547892094
g0UDwv1vPgw,g0UDwv1vPgw_0017_S1038_E1328_L0_T15_R368_B447,codetalker,244,0.007986996322870255,0.00022789070499129593,0.0035032150335609913
g8DbS9Ochow,g8DbS9Ochow_0050_S578_E943_L522_T5_R938_B421,dpt,380,0.011184584349393845,0.0002174211258534342,0.0032897861674427986
g8DbS9Ochow,g8DbS9Ochow_0050_S578_E943_L522_T5_R938_B421,artalk,381,0.00837468821555376,0.00012482375313993543,0.0034759719856083393
g8DbS9Ochow,g8DbS9Ochow_0050_S578_E943_L522_T5_R938_B421,multitalk,380,0.011772600933909416,0.00022477457241620868,0.004702867940068245
g8DbS9Ochow,g8DbS9Ochow_0050_S578_E943_L522_T5_R938_B421,codetalker,381,0.010786442086100578,0.00023633961973246187,0.006403413601219654
gAjMBetApiA,gAjMBetApiA_0000_S1114_E1417_L119_T92_R471_B444,dpt,253,0.009849615395069122,0.00016593141481280327,0.0061105284839868546
gAjMBetApiA,gAjMBetApiA_0000_S1114_E1417_L119_T92_R471_B444,artalk,254,0.010674145072698593,3.999007822130807e-05,0.007067598402500153
gAjMBetApiA,gAjMBetApiA_0000_S1114_E1417_L119_T92_R471_B444,multitalk,252,0.013328254222869873,0.00019838188018184155,0.008820445276796818
gAjMBetApiA,gAjMBetApiA_0000_S1114_E1417_L119_T92_R471_B444,codetalker,255,0.007606497034430504,0.00021179519535508007,0.0032816280145198107
gB-ZlM-aUTE,gB-ZlM-aUTE_0001_S200_E468_L402_T0_R978_B576,dpt,268,0.008763802237808704,0.00026989090838469565,0.004522563889622688
gB-ZlM-aUTE,gB-ZlM-aUTE_0001_S200_E468_L402_T0_R978_B576,artalk,268,0.007885007187724113,0.00015950495435390621,0.0034023835323750973
gB-ZlM-aUTE,gB-ZlM-aUTE_0001_S200_E468_L402_T0_R978_B576,multitalk,268,0.009606112726032734,0.00024289998691529036,0.005702412687242031
gB-ZlM-aUTE,gB-ZlM-aUTE_0001_S200_E468_L402_T0_R978_B576,codetalker,268,0.007732152007520199,0.0003065492492169142,0.00392474140971899
gB6vLAjfMdc,gB6vLAjfMdc_0000_S1572_E1919_L384_T0_R816_B432,dpt,289,0.012182318605482578,0.0003925010678358376,0.004639873281121254
gB6vLAjfMdc,gB6vLAjfMdc_0000_S1572_E1919_L384_T0_R816_B432,artalk,290,0.008744847029447556,0.0002934309304691851,0.003437130246311426
gB6vLAjfMdc,gB6vLAjfMdc_0000_S1572_E1919_L384_T0_R816_B432,multitalk,289,0.01530417613685131,0.0003678819630295038,0.0031254354398697615
gB6vLAjfMdc,gB6vLAjfMdc_0000_S1572_E1919_L384_T0_R816_B432,codetalker,291,0.013133920729160309,0.0004600138054229319,0.009380475617945194
gE9soy7r-Ms,gE9soy7r-Ms_0003_S1391_E1689_L221_T0_R1133_B592,dpt,249,0.017494527623057365,0.00044916209299117327,0.0037113972939550877
gE9soy7r-Ms,gE9soy7r-Ms_0003_S1391_E1689_L221_T0_R1133_B592,artalk,250,0.013253568671643734,0.00040118340984918177,0.004397438373416662
gE9soy7r-Ms,gE9soy7r-Ms_0003_S1391_E1689_L221_T0_R1133_B592,multitalk,248,0.017584610730409622,0.0004365030617918819,0.003470572642982006
gE9soy7r-Ms,gE9soy7r-Ms_0003_S1391_E1689_L221_T0_R1133_B592,codetalker,251,0.018429003655910492,0.00048276904271915555,0.00901352521032095
gFZj_2voVyA,gFZj_2voVyA_0003_S313_E646_L255_T0_R991_B464,dpt,278,0.008321933448314667,0.000188317455467768,0.003105761017650366
gFZj_2voVyA,gFZj_2voVyA_0003_S313_E646_L255_T0_R991_B464,artalk,279,0.0070261359214782715,0.00019536020408850163,0.002258661901578307
gFZj_2voVyA,gFZj_2voVyA_0003_S313_E646_L255_T0_R991_B464,multitalk,277,0.008974728174507618,0.00012204207450849935,0.003296608105301857
gFZj_2voVyA,gFZj_2voVyA_0003_S313_E646_L255_T0_R991_B464,codetalker,280,0.011011719703674316,0.0001620589755475521,0.006088784895837307
gMZp4NeJq5w,gMZp4NeJq5w_0000_S495_E782_L382_T57_R782_B457,dpt,239,0.008471625857055187,0.00036467151949182153,0.004157241899520159
gMZp4NeJq5w,gMZp4NeJq5w_0000_S495_E782_L382_T57_R782_B457,artalk,240,0.007131955120712519,0.0002620869199745357,0.002656158758327365
gMZp4NeJq5w,gMZp4NeJq5w_0000_S495_E782_L382_T57_R782_B457,multitalk,239,0.01115983072668314,0.0002905381843447685,0.0048961699940264225
gMZp4NeJq5w,gMZp4NeJq5w_0000_S495_E782_L382_T57_R782_B457,codetalker,241,0.010451107285916805,0.0003618660557549447,0.004601600114256144
gRO6JH35Cdc,gRO6JH35Cdc_0006_S89_E333_L271_T0_R943_B576,dpt,203,0.010413682088255882,0.0003217958437744528,0.0033409653697162867
gRO6JH35Cdc,gRO6JH35Cdc_0006_S89_E333_L271_T0_R943_B576,artalk,204,0.006792199332267046,0.000169791019288823,0.0045344945974648
gRO6JH35Cdc,gRO6JH35Cdc_0006_S89_E333_L271_T0_R943_B576,multitalk,203,0.011408500373363495,0.00028821444720961154,0.005320991855114698
gRO6JH35Cdc,gRO6JH35Cdc_0006_S89_E333_L271_T0_R943_B576,codetalker,206,0.013816824182868004,0.0003396673419047147,0.011475514620542526
gROnZPk4dnk,gROnZPk4dnk_0000_S622_E978_L718_T7_R1198_B487,dpt,297,0.009009597823023796,0.0001156845610239543,0.005640231538563967
gROnZPk4dnk,gROnZPk4dnk_0000_S622_E978_L718_T7_R1198_B487,artalk,298,0.00918296817690134,6.560139354405692e-06,0.0056421151384711266
gROnZPk4dnk,gROnZPk4dnk_0000_S622_E978_L718_T7_R1198_B487,multitalk,297,0.009950093924999237,8.697654993738979e-05,0.004548550583422184
gROnZPk4dnk,gROnZPk4dnk_0000_S622_E978_L718_T7_R1198_B487,codetalker,299,0.008913270197808743,7.272401126101613e-05,0.003199554281309247
gTDprJn164c,gTDprJn164c_0000_S1162_E1816_L427_T74_R795_B442,dpt,545,0.009713754989206791,6.0796101024607196e-05,0.0036726451944559813
gTDprJn164c,gTDprJn164c_0000_S1162_E1816_L427_T74_R795_B442,artalk,546,0.010091711767017841,-2.7260046408628114e-05,0.004465095233172178
gTDprJn164c,gTDprJn164c_0000_S1162_E1816_L427_T74_R795_B442,multitalk,545,0.008883905597031116,0.00011293490388197824,0.002437668154016137
gTDprJn164c,gTDprJn164c_0000_S1162_E1816_L427_T74_R795_B442,codetalker,547,0.010028219781816006,0.0001080870206351392,0.004153354559093714
gTmG636eAYY,gTmG636eAYY_0000_S532_E825_L139_T0_R811_B592,dpt,305,0.01106947846710682,0.0002538526023272425,0.0046190000139176846
gTmG636eAYY,gTmG636eAYY_0000_S532_E825_L139_T0_R811_B592,artalk,305,0.008838004432618618,0.00013169982412364334,0.003600437194108963
gTmG636eAYY,gTmG636eAYY_0000_S532_E825_L139_T0_R811_B592,multitalk,305,0.017240652814507484,0.0002654674171935767,0.004792535677552223
gTmG636eAYY,gTmG636eAYY_0000_S532_E825_L139_T0_R811_B592,codetalker,305,0.011772303842008114,0.0002751509309746325,0.0037117120809853077
gV8icTgcuyU,gV8icTgcuyU_0004_S807_E1101_L210_T0_R1042_B592,dpt,245,0.016770288348197937,0.00020282689365558326,0.005392922554165125
gV8icTgcuyU,gV8icTgcuyU_0004_S807_E1101_L210_T0_R1042_B592,artalk,246,0.012321793474256992,4.7564135456923395e-05,0.0049389987252652645
gV8icTgcuyU,gV8icTgcuyU_0004_S807_E1101_L210_T0_R1042_B592,multitalk,245,0.015595415607094765,-4.476773028727621e-06,0.0044229766353964806
gV8icTgcuyU,gV8icTgcuyU_0004_S807_E1101_L210_T0_R1042_B592,codetalker,247,0.01728147827088833,0.00016755578690208495,0.00913143903017044
gZyG2_WKQvc,gZyG2_WKQvc_0001_S951_E1215_L177_T8_R657_B488,dpt,275,0.009815805591642857,0.0001384207425871864,0.005973195191472769
gZyG2_WKQvc,gZyG2_WKQvc_0001_S951_E1215_L177_T8_R657_B488,artalk,275,0.009090214036405087,4.455407542991452e-05,0.0042575653642416
gZyG2_WKQvc,gZyG2_WKQvc_0001_S951_E1215_L177_T8_R657_B488,multitalk,275,0.009538094513118267,0.00016643271374050528,0.004514593631029129
gZyG2_WKQvc,gZyG2_WKQvc_0001_S951_E1215_L177_T8_R657_B488,codetalker,275,0.009859336540102959,0.0001753569522406906,0.0028772815130650997
gaUt3gTwwzU,gaUt3gTwwzU_0002_S123_E373_L540_T120_R940_B520,dpt,250,0.009622564539313316,0.00023188642808236182,0.002971095498651266
gaUt3gTwwzU,gaUt3gTwwzU_0002_S123_E373_L540_T120_R940_B520,artalk,250,0.007266912143677473,0.00011878047371283174,0.0041980561800301075
gaUt3gTwwzU,gaUt3gTwwzU_0002_S123_E373_L540_T120_R940_B520,multitalk,250,0.00817902386188507,0.0002463252458255738,0.002947679255157709
gaUt3gTwwzU,gaUt3gTwwzU_0002_S123_E373_L540_T120_R940_B520,codetalker,250,0.010497679002583027,0.0002530674100853503,0.006160480435937643
gb13T2EYzvM,gb13T2EYzvM_0001_S1078_E1352_L468_T11_R1060_B603,dpt,228,0.0178481787443161,0.00016529072308912873,0.006834407802671194
gb13T2EYzvM,gb13T2EYzvM_0001_S1078_E1352_L468_T11_R1060_B603,artalk,229,0.018080376088619232,7.683337753405795e-05,0.007481181528419256
gb13T2EYzvM,gb13T2EYzvM_0001_S1078_E1352_L468_T11_R1060_B603,multitalk,228,0.01720389537513256,0.00012506794882938266,0.006710681598633528
gb13T2EYzvM,gb13T2EYzvM_0001_S1078_E1352_L468_T11_R1060_B603,codetalker,231,0.023823151364922523,0.00014172605006024241,0.013151004910469055
gdb3IbS2SGQ,gdb3IbS2SGQ_0000_S1298_E1501_L248_T130_R616_B498,dpt,203,0.009625224396586418,0.00019656724180094898,0.0034419107250869274
gdb3IbS2SGQ,gdb3IbS2SGQ_0000_S1298_E1501_L248_T130_R616_B498,artalk,203,0.006936580874025822,3.6209672543918714e-05,0.0028423743788152933
gdb3IbS2SGQ,gdb3IbS2SGQ_0000_S1298_E1501_L248_T130_R616_B498,multitalk,203,0.011048899032175541,0.00012210008571855724,0.0030543827451765537
gdb3IbS2SGQ,gdb3IbS2SGQ_0000_S1298_E1501_L248_T130_R616_B498,codetalker,203,0.010932584293186665,0.00020719453459605575,0.008541996590793133
gksr08xM7dc,gksr08xM7dc_0002_S773_E1115_L226_T0_R914_B672,dpt,285,0.011765108443796635,0.0001318764261668548,0.006433322560042143
gksr08xM7dc,gksr08xM7dc_0002_S773_E1115_L226_T0_R914_B672,artalk,286,0.010606094263494015,-7.742176421743352e-06,0.005576734431087971
gksr08xM7dc,gksr08xM7dc_0002_S773_E1115_L226_T0_R914_B672,multitalk,285,0.013648356311023235,0.0001185225264634937,0.00919873733073473
gksr08xM7dc,gksr08xM7dc_0002_S773_E1115_L226_T0_R914_B672,codetalker,287,0.00887804850935936,0.00017687278159428388,0.003474974539130926
gqxjTyxDC-Q,gqxjTyxDC-Q_0000_S1265_E1714_L390_T73_R902_B585,dpt,374,0.009753314778208733,0.00021210257546044886,0.004273971542716026
gqxjTyxDC-Q,gqxjTyxDC-Q_0000_S1265_E1714_L390_T73_R902_B585,artalk,375,0.00782725214958191,7.59259273763746e-05,0.002376517513766885
gqxjTyxDC-Q,gqxjTyxDC-Q_0000_S1265_E1714_L390_T73_R902_B585,multitalk,374,0.00929773785173893,0.00023712334223091602,0.0077658118680119514
gqxjTyxDC-Q,gqxjTyxDC-Q_0000_S1265_E1714_L390_T73_R902_B585,codetalker,376,0.009951090440154076,0.000271966855507344,0.0033155083656311035
gvYPX1ja9gU,gvYPX1ja9gU_0000_S1107_E1299_L235_T0_R1115_B704,dpt,200,0.013947163708508015,0.00019271353085059673,0.0025642842520028353
gvYPX1ja9gU,gvYPX1ja9gU_0000_S1107_E1299_L235_T0_R1115_B704,artalk,200,0.01090048998594284,0.0001403217320330441,0.004035587422549725
gvYPX1ja9gU,gvYPX1ja9gU_0000_S1107_E1299_L235_T0_R1115_B704,multitalk,200,0.013608970679342747,0.00023308223171625286,0.0038786998484283686
gvYPX1ja9gU,gvYPX1ja9gU_0000_S1107_E1299_L235_T0_R1115_B704,codetalker,200,0.014384257607161999,0.000267988711129874,0.008505476638674736
gwysz5CtZLg,gwysz5CtZLg_0000_S800_E1083_L399_T4_R767_B372,dpt,283,0.007741882465779781,0.00023969622270669788,0.0038450134452432394
gwysz5CtZLg,gwysz5CtZLg_0000_S800_E1083_L399_T4_R767_B372,artalk,283,0.00871652364730835,7.57679736125283e-05,0.004276778548955917
gwysz5CtZLg,gwysz5CtZLg_0000_S800_E1083_L399_T4_R767_B372,multitalk,283,0.009148256853222847,0.0002269784308737144,0.005220468156039715
gwysz5CtZLg,gwysz5CtZLg_0000_S800_E1083_L399_T4_R767_B372,codetalker,283,0.009045260958373547,0.00023966722073964775,0.003938441164791584
gxYTI3KmFk0,gxYTI3KmFk0_0000_S1085_E1535_L274_T0_R978_B672,dpt,450,0.016626151278614998,0.0002960489655379206,0.005893959663808346
gxYTI3KmFk0,gxYTI3KmFk0_0000_S1085_E1535_L274_T0_R978_B672,artalk,450,0.01327018067240715,0.00017942735576070845,0.005832745227962732
gxYTI3KmFk0,gxYTI3KmFk0_0000_S1085_E1535_L274_T0_R978_B672,multitalk,450,0.015286970883607864,0.00028511357959359884,0.003416886320337653
gxYTI3KmFk0,gxYTI3KmFk0_0000_S1085_E1535_L274_T0_R978_B672,codetalker,450,0.01922329142689705,0.00033706295653246343,0.010525495745241642
gzfKeagBy1k,gzfKeagBy1k_0002_S1354_E1611_L440_T122_R776_B458,dpt,214,0.010021555237472057,0.0003664681571535766,0.004375453107059002
gzfKeagBy1k,gzfKeagBy1k_0002_S1354_E1611_L440_T122_R776_B458,artalk,215,0.0068675619550049305,0.0002682402264326811,0.004494731314480305
gzfKeagBy1k,gzfKeagBy1k_0002_S1354_E1611_L440_T122_R776_B458,multitalk,214,0.012576769106090069,0.00034901179606094956,0.0040053618140518665
gzfKeagBy1k,gzfKeagBy1k_0002_S1354_E1611_L440_T122_R776_B458,codetalker,216,0.013004587031900883,0.0003715766069944948,0.010284211486577988
h-h1ceF9ToI,h-h1ceF9ToI_0003_S46_E368_L328_T0_R760_B416,dpt,268,0.007916668429970741,-6.023662535881158e-06,0.002690728986635804
h-h1ceF9ToI,h-h1ceF9ToI_0003_S46_E368_L328_T0_R760_B416,artalk,269,0.008101887069642544,-0.00011123990407213569,0.003162577748298645
h-h1ceF9ToI,h-h1ceF9ToI_0003_S46_E368_L328_T0_R760_B416,multitalk,268,0.012329979799687862,-4.423629434313625e-05,0.0041024088859558105
h-h1ceF9ToI,h-h1ceF9ToI_0003_S46_E368_L328_T0_R760_B416,codetalker,271,0.009335837326943874,3.242526508984156e-05,0.006373615935444832
h5ZU5xukqyE,h5ZU5xukqyE_0000_S1087_E1363_L381_T13_R1005_B637,dpt,230,0.009659715928137302,0.00014594326785299927,0.004752976819872856
h5ZU5xukqyE,h5ZU5xukqyE_0000_S1087_E1363_L381_T13_R1005_B637,artalk,231,0.0063512506894767284,7.778021245030686e-05,0.003315380308777094
h5ZU5xukqyE,h5ZU5xukqyE_0000_S1087_E1363_L381_T13_R1005_B637,multitalk,230,0.008108404465019703,0.0001176948135253042,0.00463530607521534
h5ZU5xukqyE,h5ZU5xukqyE_0000_S1087_E1363_L381_T13_R1005_B637,codetalker,232,0.006853179074823856,0.00015265512047335505,0.002791551873087883
h7HDtT_cOs4,h7HDtT_cOs4_0007_S1108_E1407_L273_T11_R705_B443,dpt,299,0.009318692609667778,0.00010237807873636484,0.005722292233258486
h7HDtT_cOs4,h7HDtT_cOs4_0007_S1108_E1407_L273_T11_R705_B443,artalk,299,0.006884509697556496,4.0935096876637544e-06,0.002408376196399331
h7HDtT_cOs4,h7HDtT_cOs4_0007_S1108_E1407_L273_T11_R705_B443,multitalk,299,0.011996511369943619,0.00012791143672075123,0.006815421395003796
h7HDtT_cOs4,h7HDtT_cOs4_0007_S1108_E1407_L273_T11_R705_B443,codetalker,299,0.010065706446766853,0.00011310926493024454,0.004543491639196873
hCc4qd-6h_Y,hCc4qd-6h_Y_0002_S1098_E1759_L959_T80_R1215_B336,dpt,551,0.010508147068321705,0.0001340143062407151,0.004510779865086079
hCc4qd-6h_Y,hCc4qd-6h_Y_0002_S1098_E1759_L959_T80_R1215_B336,artalk,552,0.011865290813148022,1.4820727301412262e-05,0.004211702849715948
hCc4qd-6h_Y,hCc4qd-6h_Y_0002_S1098_E1759_L959_T80_R1215_B336,multitalk,551,0.01098488550633192,0.0001269689091714099,0.006020849104970694
hCc4qd-6h_Y,hCc4qd-6h_Y_0002_S1098_E1759_L959_T80_R1215_B336,codetalker,554,0.01042981632053852,0.00017189505160786211,0.0037537373136729
hHHYqKqySy8,hHHYqKqySy8_0006_S1248_E1535_L625_T30_R945_B350,dpt,287,0.009586450643837452,0.0002510725462343544,0.0027773173060268164
hHHYqKqySy8,hHHYqKqySy8_0006_S1248_E1535_L625_T30_R945_B350,artalk,287,0.006279090419411659,0.0001255071983905509,0.0019504729425534606
hHHYqKqySy8,hHHYqKqySy8_0006_S1248_E1535_L625_T30_R945_B350,multitalk,287,0.013812899589538574,0.00024797022342681885,0.0032350949477404356
hHHYqKqySy8,hHHYqKqySy8_0006_S1248_E1535_L625_T30_R945_B350,codetalker,287,0.010527904145419598,0.00027443631552159786,0.005895709153264761
hIkJ1Q69eJI,hIkJ1Q69eJI_0000_S1189_E1436_L273_T0_R865_B560,dpt,206,0.009599967859685421,0.00010961721272906289,0.004235703498125076
hIkJ1Q69eJI,hIkJ1Q69eJI_0000_S1189_E1436_L273_T0_R865_B560,artalk,207,0.008455635979771614,0.00013801692693959922,0.003005781676620245
hIkJ1Q69eJI,hIkJ1Q69eJI_0000_S1189_E1436_L273_T0_R865_B560,multitalk,205,0.009006657637655735,0.0001330347004113719,0.003846147796139121
hIkJ1Q69eJI,hIkJ1Q69eJI_0000_S1189_E1436_L273_T0_R865_B560,codetalker,208,0.010724689811468124,0.00016331126971635967,0.006750890985131264
hMmYNZgItKc,hMmYNZgItKc_0001_S1102_E1719_L187_T0_R1115_B704,dpt,514,0.014101690612733364,0.00015058198187034577,0.0053437259048223495
hMmYNZgItKc,hMmYNZgItKc_0001_S1102_E1719_L187_T0_R1115_B704,artalk,515,0.011814946308732033,5.1439863455016166e-05,0.0062060607597231865
hMmYNZgItKc,hMmYNZgItKc_0001_S1102_E1719_L187_T0_R1115_B704,multitalk,514,0.016324972733855247,0.0001952339371200651,0.007483527064323425
hMmYNZgItKc,hMmYNZgItKc_0001_S1102_E1719_L187_T0_R1115_B704,codetalker,516,0.01575532741844654,0.00017748163372743875,0.010810614563524723
hN4A9M4qXy8,hN4A9M4qXy8_0003_S1195_E1442_L187_T0_R491_B304,dpt,206,0.01111549325287342,0.00014116064994595945,0.003852256340906024
hN4A9M4qXy8,hN4A9M4qXy8_0003_S1195_E1442_L187_T0_R491_B304,artalk,207,0.009632575325667858,3.340549665153958e-05,0.002516379114240408
hN4A9M4qXy8,hN4A9M4qXy8_0003_S1195_E1442_L187_T0_R491_B304,multitalk,205,0.012030783109366894,0.00013609687448479235,0.004549581091850996
hN4A9M4qXy8,hN4A9M4qXy8_0003_S1195_E1442_L187_T0_R491_B304,codetalker,208,0.01359024178236723,0.0001918836060212925,0.007388531230390072
hNhlfyoVlLQ,hNhlfyoVlLQ_0003_S1459_E1700_L388_T20_R884_B516,dpt,201,0.01218529511243105,0.00018588198872748762,0.005074423737823963
hNhlfyoVlLQ,hNhlfyoVlLQ_0003_S1459_E1700_L388_T20_R884_B516,artalk,202,0.008179202675819397,0.00012946425704285502,0.002814172999933362
hNhlfyoVlLQ,hNhlfyoVlLQ_0003_S1459_E1700_L388_T20_R884_B516,multitalk,201,0.013565722852945328,0.00015362136764451861,0.004474238492548466
hNhlfyoVlLQ,hNhlfyoVlLQ_0003_S1459_E1700_L388_T20_R884_B516,codetalker,203,0.014183459803462029,0.00021847862808499485,0.00961982924491167
hOloWe3oYR4,hOloWe3oYR4_0006_S995_E1224_L533_T49_R1109_B625,dpt,229,0.009810561314225197,0.00011491155601106584,0.0032574874348938465
hOloWe3oYR4,hOloWe3oYR4_0006_S995_E1224_L533_T49_R1109_B625,artalk,229,0.007411092519760132,-1.8302444004802965e-05,0.003973866812884808
hOloWe3oYR4,hOloWe3oYR4_0006_S995_E1224_L533_T49_R1109_B625,multitalk,229,0.0129620973020792,0.00014283873315434903,0.002998639829456806
hOloWe3oYR4,hOloWe3oYR4_0006_S995_E1224_L533_T49_R1109_B625,codetalker,229,0.009639949537813663,0.00015884038293734193,0.003665774827823043
hPUs3kB39sA,hPUs3kB39sA_0009_S471_E702_L316_T0_R812_B272,dpt,240,0.014641806483268738,0.0003634036111179739,0.00581457419320941
hPUs3kB39sA,hPUs3kB39sA_0009_S471_E702_L316_T0_R812_B272,artalk,241,0.018161648884415627,0.0003039682924281806,0.004604164510965347
hPUs3kB39sA,hPUs3kB39sA_0009_S471_E702_L316_T0_R812_B272,multitalk,240,0.011977104470133781,0.00037797048571519554,0.004893024452030659
hPUs3kB39sA,hPUs3kB39sA_0009_S471_E702_L316_T0_R812_B272,codetalker,241,0.016139155253767967,0.0004035214660689235,0.0034452443942427635
hPhJlvpNz2Y,hPhJlvpNz2Y_0004_S1096_E1535_L294_T0_R902_B608,dpt,439,0.013599973171949387,0.00011665090278256685,0.0045309364795684814
hPhJlvpNz2Y,hPhJlvpNz2Y_0004_S1096_E1535_L294_T0_R902_B608,artalk,439,0.009835588745772839,3.449376890785061e-05,0.002515933709219098
hPhJlvpNz2Y,hPhJlvpNz2Y_0004_S1096_E1535_L294_T0_R902_B608,multitalk,439,0.014595633372664452,0.00011508211173349991,0.0030871527269482613
hPhJlvpNz2Y,hPhJlvpNz2Y_0004_S1096_E1535_L294_T0_R902_B608,codetalker,439,0.015379305928945541,0.0001542980462545529,0.007446567993611097
hPt5JG9kGUc,hPt5JG9kGUc_0025_S407_E663_L317_T0_R1101_B704,dpt,213,0.012095610611140728,0.00021317528444342315,0.00411165039986372
hPt5JG9kGUc,hPt5JG9kGUc_0025_S407_E663_L317_T0_R1101_B704,artalk,214,0.012079658918082714,0.00017938303062692285,0.004176901653409004
hPt5JG9kGUc,hPt5JG9kGUc_0025_S407_E663_L317_T0_R1101_B704,multitalk,213,0.01732436567544937,0.00020419005886651576,0.004781057592481375
hPt5JG9kGUc,hPt5JG9kGUc_0025_S407_E663_L317_T0_R1101_B704,codetalker,215,0.015330146998167038,0.00024241798382718116,0.00994201935827732
hQyEUb5DS2o,hQyEUb5DS2o_0000_S1072_E1313_L487_T53_R855_B421,dpt,201,0.011043982580304146,0.000191371887922287,0.004766655154526234
hQyEUb5DS2o,hQyEUb5DS2o_0000_S1072_E1313_L487_T53_R855_B421,artalk,202,0.008620761334896088,0.00013051873247604817,0.0045290724374353886
hQyEUb5DS2o,hQyEUb5DS2o_0000_S1072_E1313_L487_T53_R855_B421,multitalk,201,0.010538430884480476,0.00020281538309063762,0.004598035477101803
hQyEUb5DS2o,hQyEUb5DS2o_0000_S1072_E1313_L487_T53_R855_B421,codetalker,203,0.011736653745174408,0.00025558346533216536,0.007238347083330154
hQzC6_3S6xg,hQzC6_3S6xg_0005_S1188_E1546_L164_T396_R516_B716,dpt,298,0.009944090619683266,0.0001243721490027383,0.005959545262157917
hQzC6_3S6xg,hQzC6_3S6xg_0005_S1188_E1546_L164_T396_R516_B716,artalk,299,0.010118819773197174,4.8294023144990206e-05,0.004741495009511709
hQzC6_3S6xg,hQzC6_3S6xg_0005_S1188_E1546_L164_T396_R516_B716,multitalk,298,0.013559876009821892,0.0001183344647870399,0.010762177407741547
hQzC6_3S6xg,hQzC6_3S6xg_0005_S1188_E1546_L164_T396_R516_B716,codetalker,301,0.008882162161171436,0.00016204097482841462,0.0045860810205340385
hS-re7JJ8ts,hS-re7JJ8ts_0001_S0_E297_L269_T77_R589_B397,dpt,247,0.01058974303305149,0.00018033738888334483,0.005735627841204405
hS-re7JJ8ts,hS-re7JJ8ts_0001_S0_E297_L269_T77_R589_B397,artalk,248,0.009012731723487377,-0.00010238369577564299,0.004732506815344095
hS-re7JJ8ts,hS-re7JJ8ts_0001_S0_E297_L269_T77_R589_B397,multitalk,247,0.0129340635612607,0.00014956163067836314,0.003083382500335574
hS-re7JJ8ts,hS-re7JJ8ts_0001_S0_E297_L269_T77_R589_B397,codetalker,250,0.014510877430438995,0.0001944519317476079,0.010227181948721409
hUKXRN4RzpA,hUKXRN4RzpA_0000_S0_E577_L402_T114_R690_B402,dpt,481,0.012430185452103615,7.06503342371434e-05,0.004778127186000347
hUKXRN4RzpA,hUKXRN4RzpA_0000_S0_E577_L402_T114_R690_B402,artalk,482,0.013664314523339272,-8.718024037079886e-05,0.003881518729031086
hUKXRN4RzpA,hUKXRN4RzpA_0000_S0_E577_L402_T114_R690_B402,multitalk,481,0.01739826239645481,2.1493397071026266e-05,0.00678064813837409
hUKXRN4RzpA,hUKXRN4RzpA_0000_S0_E577_L402_T114_R690_B402,codetalker,483,0.014771929010748863,7.667020690860227e-05,0.005537040065973997
halJEOj2RP4,halJEOj2RP4_0000_S772_E1057_L301_T0_R1053_B576,dpt,285,0.009989326819777489,4.122919199289754e-05,0.002892702119424939
halJEOj2RP4,halJEOj2RP4_0000_S772_E1057_L301_T0_R1053_B576,artalk,285,0.006770817097276449,-6.018240128469188e-06,0.003366064978763461
halJEOj2RP4,halJEOj2RP4_0000_S772_E1057_L301_T0_R1053_B576,multitalk,284,0.011814611032605171,9.960068382497411e-06,0.004662240855395794
halJEOj2RP4,halJEOj2RP4_0000_S772_E1057_L301_T0_R1053_B576,codetalker,285,0.009806578978896141,0.00012708408758044243,0.004948437679558992
hasaLmOLJ8k,hasaLmOLJ8k_0000_S243_E760_L0_T0_R272_B304,dpt,431,0.00953950546681881,5.7347217079950497e-05,0.002737622708082199
hasaLmOLJ8k,hasaLmOLJ8k_0000_S243_E760_L0_T0_R272_B304,artalk,432,0.0068726204335689545,-5.943120049778372e-05,0.0027212738059461117
hasaLmOLJ8k,hasaLmOLJ8k_0000_S243_E760_L0_T0_R272_B304,multitalk,431,0.011219157837331295,2.925145236076787e-05,0.003720145672559738
hasaLmOLJ8k,hasaLmOLJ8k_0000_S243_E760_L0_T0_R272_B304,codetalker,433,0.008213428780436516,6.911518721608445e-05,0.006113456562161446
hcl4vYMfvYQ,hcl4vYMfvYQ_0000_S64_E581_L683_T0_R1147_B464,dpt,431,0.010579228401184082,0.00015916679694782943,0.0043788389302790165
hcl4vYMfvYQ,hcl4vYMfvYQ_0000_S64_E581_L683_T0_R1147_B464,artalk,432,0.009182180278003216,0.00012458109995350242,0.0034608328714966774
hcl4vYMfvYQ,hcl4vYMfvYQ_0000_S64_E581_L683_T0_R1147_B464,multitalk,431,0.014222930185496807,0.00016735389363020658,0.005723023787140846
hcl4vYMfvYQ,hcl4vYMfvYQ_0000_S64_E581_L683_T0_R1147_B464,codetalker,433,0.009077182039618492,0.00023928972950670868,0.00392480194568634
hfMHcdPo7fk,hfMHcdPo7fk_0002_S222_E428_L377_T63_R745_B431,dpt,206,0.010054940357804298,0.0001992184406844899,0.008195879869163036
hfMHcdPo7fk,hfMHcdPo7fk_0002_S222_E428_L377_T63_R745_B431,artalk,206,0.009865918196737766,0.0001224989100592211,0.0071660857647657394
hfMHcdPo7fk,hfMHcdPo7fk_0002_S222_E428_L377_T63_R745_B431,multitalk,205,0.012871593236923218,6.059015868231654e-05,0.009021096862852573
hfMHcdPo7fk,hfMHcdPo7fk_0002_S222_E428_L377_T63_R745_B431,codetalker,206,0.011194420047104359,0.00021024969464633614,0.0048668780364096165
hihIrNRfnpQ,hihIrNRfnpQ_0002_S439_E835_L384_T61_R864_B541,dpt,330,0.011548788286745548,0.00038506792043335736,0.0025582488160580397
hihIrNRfnpQ,hihIrNRfnpQ_0002_S439_E835_L384_T61_R864_B541,artalk,331,0.011639815755188465,0.0002635726996231824,0.002338262740522623
hihIrNRfnpQ,hihIrNRfnpQ_0002_S439_E835_L384_T61_R864_B541,multitalk,330,0.007868597283959389,0.0004057054757140577,0.0025672167539596558
hihIrNRfnpQ,hihIrNRfnpQ_0002_S439_E835_L384_T61_R864_B541,codetalker,332,0.011300812475383282,0.00041312421672046185,0.0041236840188503265
hoAGRdA2Zpo,hoAGRdA2Zpo_0012_S593_E883_L433_T45_R785_B397,dpt,242,0.008850724436342716,0.00032658810960128903,0.004774853121489286
hoAGRdA2Zpo,hoAGRdA2Zpo_0012_S593_E883_L433_T45_R785_B397,artalk,243,0.007318031508475542,0.00017332957941107452,0.004486104939132929
hoAGRdA2Zpo,hoAGRdA2Zpo_0012_S593_E883_L433_T45_R785_B397,multitalk,241,0.007960356771945953,0.0003157841565553099,0.0036960775032639503
hoAGRdA2Zpo,hoAGRdA2Zpo_0012_S593_E883_L433_T45_R785_B397,codetalker,245,0.00970679521560669,0.0003443550958763808,0.007705609779804945
hr5Px8dD_iw,hr5Px8dD_iw_0000_S0_E427_L443_T0_R923_B464,dpt,427,0.009430479258298874,0.0002134968526661396,0.003509002272039652
hr5Px8dD_iw,hr5Px8dD_iw_0000_S0_E427_L443_T0_R923_B464,artalk,427,0.0077614570036530495,9.745080024003983e-05,0.002919223392382264
hr5Px8dD_iw,hr5Px8dD_iw_0000_S0_E427_L443_T0_R923_B464,multitalk,427,0.017652491107583046,0.00021229451522231102,0.005111824255436659
hr5Px8dD_iw,hr5Px8dD_iw_0000_S0_E427_L443_T0_R923_B464,codetalker,427,0.010832272469997406,0.00023681169841438532,0.007154741790145636
hrhBvOz8ius,hrhBvOz8ius_0000_S1251_E1496_L162_T114_R482_B434,dpt,204,0.01398044265806675,0.00017618093988858163,0.007153938990086317
hrhBvOz8ius,hrhBvOz8ius_0000_S1251_E1496_L162_T114_R482_B434,artalk,205,0.01456143707036972,0.00015798538515809923,0.006665254011750221
hrhBvOz8ius,hrhBvOz8ius_0000_S1251_E1496_L162_T114_R482_B434,multitalk,204,0.012730621732771397,0.00014377500338014215,0.007124301046133041
hrhBvOz8ius,hrhBvOz8ius_0000_S1251_E1496_L162_T114_R482_B434,codetalker,206,0.01033352967351675,0.0002002253313548863,0.0032413757871836424
hsfgj1OWX0Q,hsfgj1OWX0Q_0000_S837_E1088_L690_T197_R1010_B517,dpt,209,0.010018355213105679,0.0001944548566825688,0.005166869610548019
hsfgj1OWX0Q,hsfgj1OWX0Q_0000_S837_E1088_L690_T197_R1010_B517,artalk,210,0.006549977697432041,0.00010348988143960014,0.002902114065364003
hsfgj1OWX0Q,hsfgj1OWX0Q_0000_S837_E1088_L690_T197_R1010_B517,multitalk,209,0.00875050574541092,0.00014199534780345857,0.00406731478869915
hsfgj1OWX0Q,hsfgj1OWX0Q_0000_S837_E1088_L690_T197_R1010_B517,codetalker,211,0.010308756493031979,0.0002223900519311428,0.003982653375715017
htZAga_nSW8,htZAga_nSW8_0002_S170_E531_L429_T62_R829_B462,dpt,361,0.010592368431389332,0.00030976245761848986,0.002542066853493452
htZAga_nSW8,htZAga_nSW8_0002_S170_E531_L429_T62_R829_B462,artalk,361,0.006712580565363169,0.00018912713858298957,0.0024674786254763603
htZAga_nSW8,htZAga_nSW8_0002_S170_E531_L429_T62_R829_B462,multitalk,360,0.008968932554125786,0.0003107670054305345,0.0023956759832799435
htZAga_nSW8,htZAga_nSW8_0002_S170_E531_L429_T62_R829_B462,codetalker,361,0.011711993254721165,0.0003265162231400609,0.006252661347389221
hv4NNsPaL44,hv4NNsPaL44_0003_S687_E1301_L381_T35_R797_B451,dpt,512,0.010010501369833946,0.00020626971672754735,0.007367798127233982
hv4NNsPaL44,hv4NNsPaL44_0003_S687_E1301_L381_T35_R797_B451,artalk,513,0.010189840570092201,0.00011055776849389076,0.006259928923100233
hv4NNsPaL44,hv4NNsPaL44_0003_S687_E1301_L381_T35_R797_B451,multitalk,512,0.008252138271927834,0.00023966610024217516,0.0063491989858448505
hv4NNsPaL44,hv4NNsPaL44_0003_S687_E1301_L381_T35_R797_B451,codetalker,514,0.008486607111990452,0.00021035961981397122,0.00500951474532485
hw0VaaAhfjM,hw0VaaAhfjM_0001_S644_E1110_L47_T15_R431_B399,dpt,388,0.013518759049475193,8.845343836583197e-05,0.0079923365265131
hw0VaaAhfjM,hw0VaaAhfjM_0001_S644_E1110_L47_T15_R431_B399,artalk,389,0.01325173769146204,-1.370068957839976e-06,0.008079657331109047
hw0VaaAhfjM,hw0VaaAhfjM_0001_S644_E1110_L47_T15_R431_B399,multitalk,388,0.016378862783312798,8.96936035132967e-05,0.012200377881526947
hw0VaaAhfjM,hw0VaaAhfjM_0001_S644_E1110_L47_T15_R431_B399,codetalker,391,0.011152901686728,0.0001228124019689858,0.0038883707020431757
hxHjQZSANwI,hxHjQZSANwI_0000_S1136_E1474_L450_T0_R1202_B704,dpt,282,0.007063482888042927,0.00010074384772451594,0.003355962922796607
hxHjQZSANwI,hxHjQZSANwI_0000_S1136_E1474_L450_T0_R1202_B704,artalk,283,0.008513715118169785,-6.363772263284773e-05,0.00452124048024416
hxHjQZSANwI,hxHjQZSANwI_0000_S1136_E1474_L450_T0_R1202_B704,multitalk,281,0.009882760234177113,-7.253520743688568e-05,0.004334745928645134
hxHjQZSANwI,hxHjQZSANwI_0000_S1136_E1474_L450_T0_R1202_B704,codetalker,284,0.010411981493234634,0.00010183807899011299,0.00679573230445385
hxa7Kd8P-oM,hxa7Kd8P-oM_0001_S1172_E1453_L288_T94_R608_B414,dpt,268,0.007299414370208979,0.0001872001012088731,0.00328466878272593
hxa7Kd8P-oM,hxa7Kd8P-oM_0001_S1172_E1453_L288_T94_R608_B414,artalk,269,0.005125798285007477,0.00010375519923400134,0.002196041401475668
hxa7Kd8P-oM,hxa7Kd8P-oM_0001_S1172_E1453_L288_T94_R608_B414,multitalk,268,0.007781276013702154,0.00020341375784482807,0.0032248126808553934
hxa7Kd8P-oM,hxa7Kd8P-oM_0001_S1172_E1453_L288_T94_R608_B414,codetalker,269,0.009094948880374432,0.00023214540851768106,0.00603592861443758
hykLNP-Cpsc,hykLNP-Cpsc_0001_S122_E429_L187_T18_R491_B322,dpt,256,0.008279673755168915,0.0002630350645631552,0.0022921706549823284
hykLNP-Cpsc,hykLNP-Cpsc_0001_S122_E429_L187_T18_R491_B322,artalk,257,0.0062321024015545845,0.0001683919836068526,0.0025820042937994003
hykLNP-Cpsc,hykLNP-Cpsc_0001_S122_E429_L187_T18_R491_B322,multitalk,256,0.012767123058438301,0.0002740742638707161,0.0038182814605534077
hykLNP-Cpsc,hykLNP-Cpsc_0001_S122_E429_L187_T18_R491_B322,codetalker,259,0.009736824780702591,0.00032514604390598834,0.00572331203147769
i17JKd_eCAU,i17JKd_eCAU_0000_S1331_E1887_L0_T0_R624_B592,dpt,390,0.008781613782048225,0.00010486038809176534,0.004732752218842506
i17JKd_eCAU,i17JKd_eCAU_0000_S1331_E1887_L0_T0_R624_B592,artalk,391,0.00889360997825861,4.731921217171475e-05,0.006491373293101788
i17JKd_eCAU,i17JKd_eCAU_0000_S1331_E1887_L0_T0_R624_B592,multitalk,390,0.014021197333931923,1.4032199942448642e-05,0.004663399420678616
i17JKd_eCAU,i17JKd_eCAU_0000_S1331_E1887_L0_T0_R624_B592,codetalker,393,0.009556968696415424,5.988407428958453e-05,0.006598684936761856
i1srQA7ocZs,i1srQA7ocZs_0018_S511_E833_L456_T33_R824_B401,dpt,322,0.011498156934976578,3.6622454899770673e-06,0.00601980509236455
i1srQA7ocZs,i1srQA7ocZs_0018_S511_E833_L456_T33_R824_B401,artalk,322,0.012578374706208706,1.3181262659145432e-07,0.005589802749454975
i1srQA7ocZs,i1srQA7ocZs_0018_S511_E833_L456_T33_R824_B401,multitalk,322,0.012091959826648235,5.375511318561621e-05,0.00544238043949008
i1srQA7ocZs,i1srQA7ocZs_0018_S511_E833_L456_T33_R824_B401,codetalker,322,0.011415183544158936,9.898425923893228e-05,0.0033497188705950975
i3DQ9UOs8nY,i3DQ9UOs8nY_0003_S1161_E1475_L68_T0_R708_B448,dpt,242,0.009800179861485958,0.0002231207472505048,0.002385262632742524
i3DQ9UOs8nY,i3DQ9UOs8nY_0003_S1161_E1475_L68_T0_R708_B448,artalk,243,0.008098158054053783,0.00010596798529149964,0.0033911303617060184
i3DQ9UOs8nY,i3DQ9UOs8nY_0003_S1161_E1475_L68_T0_R708_B448,multitalk,241,0.008163713850080967,0.00022621543030254543,0.0025711015332490206
i3DQ9UOs8nY,i3DQ9UOs8nY_0003_S1161_E1475_L68_T0_R708_B448,codetalker,243,0.011591986753046513,0.0002769316779449582,0.007467845920473337
i4jX18-l9pI,i4jX18-l9pI_0000_S271_E600_L532_T92_R1204_B716,dpt,274,0.012739879079163074,0.00034343573497608304,0.0028230412863194942
i4jX18-l9pI,i4jX18-l9pI_0000_S271_E600_L532_T92_R1204_B716,artalk,275,0.014738448895514011,0.00018413556972518563,0.003283856902271509
i4jX18-l9pI,i4jX18-l9pI_0000_S271_E600_L532_T92_R1204_B716,multitalk,274,0.011503253132104874,0.0003232857270631939,0.0026021243538707495
i4jX18-l9pI,i4jX18-l9pI_0000_S271_E600_L532_T92_R1204_B716,codetalker,276,0.01656590774655342,0.0003803614526987076,0.007398929446935654
i4oLqHRxoZ8,i4oLqHRxoZ8_0026_S478_E786_L536_T58_R856_B378,dpt,257,0.010029016062617302,7.474725134670734e-05,0.005251418333500624
i4oLqHRxoZ8,i4oLqHRxoZ8_0026_S478_E786_L536_T58_R856_B378,artalk,258,0.00796247087419033,9.493031939200591e-06,0.003686949610710144
i4oLqHRxoZ8,i4oLqHRxoZ8_0026_S478_E786_L536_T58_R856_B378,multitalk,257,0.01118023507297039,5.2604289521696046e-05,0.005461886525154114
i4oLqHRxoZ8,i4oLqHRxoZ8_0026_S478_E786_L536_T58_R856_B378,codetalker,259,0.009064567275345325,0.00013566514826379716,0.003643426112830639
i5HYNnHtcdY,i5HYNnHtcdY_0000_S268_E672_L0_T20_R496_B548,dpt,337,0.012586411088705063,0.0003446397604420781,0.004795342683792114
i5HYNnHtcdY,i5HYNnHtcdY_0000_S268_E672_L0_T20_R496_B548,artalk,338,0.011876667849719524,0.0002423174591967836,0.006083263549953699
i5HYNnHtcdY,i5HYNnHtcdY_0000_S268_E672_L0_T20_R496_B548,multitalk,337,0.016243476420640945,0.00031003664480522275,0.010839836671948433
i5HYNnHtcdY,i5HYNnHtcdY_0000_S268_E672_L0_T20_R496_B548,codetalker,339,0.013169236481189728,0.000381917372578755,0.00743924779817462
iCd5W4gwJsI,iCd5W4gwJsI_0000_S1406_E1717_L260_T0_R1156_B704,dpt,259,0.009620876051485538,0.00017968227621167898,0.0027893311344087124
iCd5W4gwJsI,iCd5W4gwJsI_0000_S1406_E1717_L260_T0_R1156_B704,artalk,260,0.008492891676723957,0.0001274448586627841,0.003397890832275152
iCd5W4gwJsI,iCd5W4gwJsI_0000_S1406_E1717_L260_T0_R1156_B704,multitalk,259,0.012298846617341042,0.0002166787744499743,0.0030212835408747196
iCd5W4gwJsI,iCd5W4gwJsI_0000_S1406_E1717_L260_T0_R1156_B704,codetalker,261,0.011261964216828346,0.0002449261082801968,0.0060989283956587315
iDWMIMCMNiQ,iDWMIMCMNiQ_0002_S310_E576_L389_T67_R741_B419,dpt,222,0.009918694384396076,0.00021733819448854774,0.006215681787580252
iDWMIMCMNiQ,iDWMIMCMNiQ_0002_S310_E576_L389_T67_R741_B419,artalk,223,0.007792827673256397,0.00012869964120909572,0.007561123464256525
iDWMIMCMNiQ,iDWMIMCMNiQ_0002_S310_E576_L389_T67_R741_B419,multitalk,222,0.013198284432291985,0.0001598996896063909,0.007474932353943586
iDWMIMCMNiQ,iDWMIMCMNiQ_0002_S310_E576_L389_T67_R741_B419,codetalker,224,0.014656992629170418,0.0002608172653708607,0.01303048338741064
iFJ2pJph-Do,iFJ2pJph-Do_0000_S996_E1599_L287_T33_R927_B673,dpt,502,0.010646146722137928,0.00016939865599852055,0.004960251972079277
iFJ2pJph-Do,iFJ2pJph-Do_0000_S996_E1599_L287_T33_R927_B673,artalk,503,0.0070411735214293,7.728821219643578e-05,0.00448710797354579
iFJ2pJph-Do,iFJ2pJph-Do_0000_S996_E1599_L287_T33_R927_B673,multitalk,502,0.013656738214194775,0.00021998495503794402,0.005718288943171501
iFJ2pJph-Do,iFJ2pJph-Do_0000_S996_E1599_L287_T33_R927_B673,codetalker,504,0.008847232908010483,0.0002526576572563499,0.004951679613441229
iKAYJ-makHU,iKAYJ-makHU_0000_S776_E1006_L364_T16_R876_B544,dpt,240,0.015408591367304325,6.548685632878914e-05,0.004810855723917484
iKAYJ-makHU,iKAYJ-makHU_0000_S776_E1006_L364_T16_R876_B544,artalk,240,0.012323816306889057,-0.00011917373194592074,0.006578803062438965
iKAYJ-makHU,iKAYJ-makHU_0000_S776_E1006_L364_T16_R876_B544,multitalk,240,0.012587117962539196,7.755157275823876e-05,0.005598236341029406
iKAYJ-makHU,iKAYJ-makHU_0000_S776_E1006_L364_T16_R876_B544,codetalker,240,0.016655998304486275,0.00013961859804112464,0.009258498437702656
iNTSOGM5rCY,iNTSOGM5rCY_0000_S455_E778_L504_T9_R984_B489,dpt,269,0.008905871771275997,0.00011124090815428644,0.005210855044424534
iNTSOGM5rCY,iNTSOGM5rCY_0000_S455_E778_L504_T9_R984_B489,artalk,270,0.009803581982851028,2.7385036446503364e-05,0.005889929831027985
iNTSOGM5rCY,iNTSOGM5rCY_0000_S455_E778_L504_T9_R984_B489,multitalk,269,0.009158270433545113,0.00013298590783961117,0.0066544548608362675
iNTSOGM5rCY,iNTSOGM5rCY_0000_S455_E778_L504_T9_R984_B489,codetalker,271,0.008304944261908531,0.00014739885227754712,0.0032074840273708105
iNhHBJkMz58,iNhHBJkMz58_0001_S945_E1397_L703_T0_R975_B256,dpt,377,0.009947091341018677,0.00010114558972418308,0.006698760204017162
iNhHBJkMz58,iNhHBJkMz58_0001_S945_E1397_L703_T0_R975_B256,artalk,378,0.0072778319008648396,-1.241531776940974e-06,0.0037790960632264614
iNhHBJkMz58,iNhHBJkMz58_0001_S945_E1397_L703_T0_R975_B256,multitalk,377,0.008813673630356789,0.0001282217272091657,0.0056975469924509525
iNhHBJkMz58,iNhHBJkMz58_0001_S945_E1397_L703_T0_R975_B256,codetalker,379,0.007364212069660425,0.00012750017049256712,0.005035162437707186
iT5-jVpP_TQ,iT5-jVpP_TQ_0000_S1506_E1919_L386_T0_R898_B448,dpt,344,0.012229744344949722,0.00031506133382208645,0.004339410457760096
iT5-jVpP_TQ,iT5-jVpP_TQ_0000_S1506_E1919_L386_T0_R898_B448,artalk,345,0.008353183045983315,0.00030879239784553647,0.002852260833606124
iT5-jVpP_TQ,iT5-jVpP_TQ_0000_S1506_E1919_L386_T0_R898_B448,multitalk,344,0.010121002793312073,0.00033302203519269824,0.0036531707737594843
iT5-jVpP_TQ,iT5-jVpP_TQ_0000_S1506_E1919_L386_T0_R898_B448,codetalker,346,0.012610216625034809,0.00037582271033897996,0.007104747463017702
iWRrLD7H98s,iWRrLD7H98s_0003_S0_E239_L203_T10_R1019_B714,dpt,249,0.010374492034316063,0.0002536287356633693,0.0015755902277305722
iWRrLD7H98s,iWRrLD7H98s_0003_S0_E239_L203_T10_R1019_B714,artalk,249,0.007824661210179329,0.00014030620513949543,0.003227932844310999
iWRrLD7H98s,iWRrLD7H98s_0003_S0_E239_L203_T10_R1019_B714,multitalk,249,0.015653619542717934,0.00010216118243988603,0.0029293005354702473
iWRrLD7H98s,iWRrLD7H98s_0003_S0_E239_L203_T10_R1019_B714,codetalker,249,0.013305775821208954,0.0002631059323903173,0.006525339558720589
iXUwLs4kNvc,iXUwLs4kNvc_0001_S1147_E1681_L322_T69_R642_B389,dpt,445,0.012257460504770279,8.854747284203768e-05,0.0065474980510771275
iXUwLs4kNvc,iXUwLs4kNvc_0001_S1147_E1681_L322_T69_R642_B389,artalk,446,0.011775102466344833,5.418085493147373e-06,0.006484884303063154
iXUwLs4kNvc,iXUwLs4kNvc_0001_S1147_E1681_L322_T69_R642_B389,multitalk,445,0.009215569123625755,8.172159868991002e-05,0.00339125725440681
iXUwLs4kNvc,iXUwLs4kNvc_0001_S1147_E1681_L322_T69_R642_B389,codetalker,447,0.012295518070459366,9.931797831086442e-05,0.009207529947161674
iY2XmAG6Rl0,iY2XmAG6Rl0_0000_S1300_E1799_L387_T38_R899_B550,dpt,416,0.009422342292964458,0.0001297359704039991,0.0022378263529390097
iY2XmAG6Rl0,iY2XmAG6Rl0_0000_S1300_E1799_L387_T38_R899_B550,artalk,417,0.007977099157869816,-9.726532880449668e-06,0.002832739381119609
iY2XmAG6Rl0,iY2XmAG6Rl0_0000_S1300_E1799_L387_T38_R899_B550,multitalk,416,0.010206729173660278,0.00012383759894873947,0.003917877562344074
iY2XmAG6Rl0,iY2XmAG6Rl0_0000_S1300_E1799_L387_T38_R899_B550,codetalker,418,0.009884835220873356,0.00013850079267285764,0.004086995497345924
ib2KHcsUS18,ib2KHcsUS18_0000_S887_E1283_L461_T72_R893_B504,dpt,396,0.008564800955355167,0.00023863831302151084,0.0035527553409337997
ib2KHcsUS18,ib2KHcsUS18_0000_S887_E1283_L461_T72_R893_B504,artalk,396,0.0069262366741895676,0.00010848404053831473,0.00326110259629786
ib2KHcsUS18,ib2KHcsUS18_0000_S887_E1283_L461_T72_R893_B504,multitalk,396,0.010103440843522549,0.0002126415492966771,0.0040111537091434
ib2KHcsUS18,ib2KHcsUS18_0000_S887_E1283_L461_T72_R893_B504,codetalker,396,0.007846902124583721,0.00025966731482185423,0.005085954908281565
id1m2sLzwrE,id1m2sLzwrE_0001_S1514_E1759_L386_T0_R802_B368,dpt,204,0.015054957941174507,0.00016508414410054684,0.00957431085407734
id1m2sLzwrE,id1m2sLzwrE_0001_S1514_E1759_L386_T0_R802_B368,artalk,205,0.013707364909350872,0.0001587878941791132,0.007520320825278759
id1m2sLzwrE,id1m2sLzwrE_0001_S1514_E1759_L386_T0_R802_B368,multitalk,204,0.010414493270218372,0.0001595431676832959,0.007696410175412893
id1m2sLzwrE,id1m2sLzwrE_0001_S1514_E1759_L386_T0_R802_B368,codetalker,207,0.008881933987140656,0.00018067017663270235,0.004300955682992935
id8Uq_339xM,id8Uq_339xM_0000_S266_E688_L354_T53_R1010_B709,dpt,440,0.008774155750870705,0.00014020480739418417,0.004464315716177225
id8Uq_339xM,id8Uq_339xM_0000_S266_E688_L354_T53_R1010_B709,artalk,440,0.008718306198716164,2.8036196454195306e-05,0.003858079668134451
id8Uq_339xM,id8Uq_339xM_0000_S266_E688_L354_T53_R1010_B709,multitalk,440,0.011413419619202614,0.00015611150593031198,0.003358367830514908
id8Uq_339xM,id8Uq_339xM_0000_S266_E688_L354_T53_R1010_B709,codetalker,440,0.012663790956139565,0.00013332451635506004,0.008111181668937206
ihpS0LTtWjw,ihpS0LTtWjw_0002_S1144_E1439_L514_T0_R1074_B496,dpt,295,0.010834721848368645,0.00025401945458725095,0.0026940833777189255
ihpS0LTtWjw,ihpS0LTtWjw_0002_S1144_E1439_L514_T0_R1074_B496,artalk,295,0.011339494958519936,0.0001869822444859892,0.003651663428172469
ihpS0LTtWjw,ihpS0LTtWjw_0002_S1144_E1439_L514_T0_R1074_B496,multitalk,295,0.013819009065628052,0.00024392351042479277,0.004200891591608524
ihpS0LTtWjw,ihpS0LTtWjw_0002_S1144_E1439_L514_T0_R1074_B496,codetalker,295,0.009425964206457138,0.0003030433435924351,0.006826960947364569
io3xwOBD4f0,io3xwOBD4f0_0015_S1109_E1535_L593_T67_R897_B371,dpt,426,0.00943464320152998,0.0002151441149180755,0.0037998901680111885
io3xwOBD4f0,io3xwOBD4f0_0015_S1109_E1535_L593_T67_R897_B371,artalk,426,0.006561013869941235,9.76371084107086e-05,0.0029511249158531427
io3xwOBD4f0,io3xwOBD4f0_0015_S1109_E1535_L593_T67_R897_B371,multitalk,425,0.016297582536935806,0.0002346946275793016,0.0024769813753664494
io3xwOBD4f0,io3xwOBD4f0_0015_S1109_E1535_L593_T67_R897_B371,codetalker,426,0.009479588828980923,0.00022572344460058957,0.003190902527421713
ioFH4kyF0kY,ioFH4kyF0kY_0000_S1488_E1756_L497_T120_R753_B376,dpt,223,0.006551099009811878,0.0001515247713541612,0.0026146555319428444
ioFH4kyF0kY,ioFH4kyF0kY_0000_S1488_E1756_L497_T120_R753_B376,artalk,224,0.0068823546171188354,3.0277875339379534e-05,0.0024880103301256895
ioFH4kyF0kY,ioFH4kyF0kY_0000_S1488_E1756_L497_T120_R753_B376,multitalk,223,0.009185967035591602,0.00015337075456045568,0.003621308831498027
ioFH4kyF0kY,ioFH4kyF0kY_0000_S1488_E1756_L497_T120_R753_B376,codetalker,225,0.006959778256714344,0.0001814828865462914,0.0035316101275384426
iqm-XEqpayc,iqm-XEqpayc_0001_S0_E253_L536_T63_R792_B319,dpt,211,0.008587165735661983,0.0002620664599817246,0.003713302779942751
iqm-XEqpayc,iqm-XEqpayc_0001_S0_E253_L536_T63_R792_B319,artalk,212,0.008917014114558697,0.00010675472003640607,0.0036883291322737932
iqm-XEqpayc,iqm-XEqpayc_0001_S0_E253_L536_T63_R792_B319,multitalk,211,0.01151571236550808,0.00023874481848906726,0.004542393144220114
iqm-XEqpayc,iqm-XEqpayc_0001_S0_E253_L536_T63_R792_B319,codetalker,213,0.008871098980307579,0.00029890265432186425,0.006512464955449104
iqmkldsIxkI,iqmkldsIxkI_0004_S825_E1170_L419_T64_R723_B368,dpt,345,0.008893967606127262,0.0001467879192205146,0.005722405388951302
iqmkldsIxkI,iqmkldsIxkI_0004_S825_E1170_L419_T64_R723_B368,artalk,345,0.009660177864134312,-6.657424364675535e-06,0.004986780229955912
iqmkldsIxkI,iqmkldsIxkI_0004_S825_E1170_L419_T64_R723_B368,multitalk,345,0.01331883855164051,0.0001641595590626821,0.0036043934524059296
iqmkldsIxkI,iqmkldsIxkI_0004_S825_E1170_L419_T64_R723_B368,codetalker,345,0.010253769345581532,0.0001794446143321693,0.003242092439904809
it0EYBBl5LI,it0EYBBl5LI_0000_S385_E598_L130_T0_R914_B704,dpt,222,0.011574951000511646,0.00025173419271595776,0.004981104284524918
it0EYBBl5LI,it0EYBBl5LI_0000_S385_E598_L130_T0_R914_B704,artalk,222,0.009222558699548244,0.0002473777858540416,0.005020312499254942
it0EYBBl5LI,it0EYBBl5LI_0000_S385_E598_L130_T0_R914_B704,multitalk,222,0.0179157555103302,0.0002777047920972109,0.005263271275907755
it0EYBBl5LI,it0EYBBl5LI_0000_S385_E598_L130_T0_R914_B704,codetalker,222,0.012708346359431744,0.000295281846774742,0.004375222139060497
iuqe74uT7fw,iuqe74uT7fw_0001_S572_E989_L261_T138_R581_B458,dpt,348,0.012003093026578426,0.00012673187302425504,0.004221699200570583
iuqe74uT7fw,iuqe74uT7fw_0001_S572_E989_L261_T138_R581_B458,artalk,349,0.0105535127222538,-1.7209171346621588e-05,0.0036372218746691942
iuqe74uT7fw,iuqe74uT7fw_0001_S572_E989_L261_T138_R581_B458,multitalk,348,0.016401685774326324,9.911022061714903e-05,0.010273328050971031
iuqe74uT7fw,iuqe74uT7fw_0001_S572_E989_L261_T138_R581_B458,codetalker,350,0.011481862515211105,0.0001521313824923709,0.004579237662255764
iy-uKpGZmrQ,iy-uKpGZmrQ_0004_S9_E215_L446_T73_R766_B393,dpt,206,0.010662117972970009,0.0001901786308735609,0.0038856198079884052
iy-uKpGZmrQ,iy-uKpGZmrQ_0004_S9_E215_L446_T73_R766_B393,artalk,206,0.008883272297680378,9.631991997594014e-05,0.004795817658305168
iy-uKpGZmrQ,iy-uKpGZmrQ_0004_S9_E215_L446_T73_R766_B393,multitalk,205,0.01520331297069788,0.0002126294857589528,0.004338331986218691
iy-uKpGZmrQ,iy-uKpGZmrQ_0004_S9_E215_L446_T73_R766_B393,codetalker,206,0.010707479901611805,0.0002153147361241281,0.005708029493689537
j-0L20FH2Zc,j-0L20FH2Zc_0002_S948_E1166_L425_T84_R681_B340,dpt,218,0.009514182806015015,0.00018324491975363344,0.0026897548232227564
j-0L20FH2Zc,j-0L20FH2Zc_0002_S948_E1166_L425_T84_R681_B340,artalk,218,0.007160079199820757,-2.4188764655264094e-05,0.003713185666128993
j-0L20FH2Zc,j-0L20FH2Zc_0002_S948_E1166_L425_T84_R681_B340,multitalk,218,0.01189312245696783,6.888119241921231e-05,0.004014103673398495
j-0L20FH2Zc,j-0L20FH2Zc_0002_S948_E1166_L425_T84_R681_B340,codetalker,218,0.008824366144835949,0.00019801207236014307,0.003909955732524395
j-nCvuPZoWo,j-nCvuPZoWo_0002_S1329_E1616_L683_T130_R1067_B514,dpt,239,0.008428779430687428,0.00045526796020567417,0.002962794853374362
j-nCvuPZoWo,j-nCvuPZoWo_0002_S1329_E1616_L683_T130_R1067_B514,artalk,240,0.00656337384134531,0.00032572398777119815,0.0035007144324481487
j-nCvuPZoWo,j-nCvuPZoWo_0002_S1329_E1616_L683_T130_R1067_B514,multitalk,239,0.015040145255625248,0.00033942051231861115,0.010575024411082268
j-nCvuPZoWo,j-nCvuPZoWo_0002_S1329_E1616_L683_T130_R1067_B514,codetalker,241,0.011438288725912571,0.00042976351687684655,0.008360063657164574
j3BVnXHPjyw,j3BVnXHPjyw_0003_S864_E1261_L644_T36_R932_B324,dpt,414,0.008285397663712502,6.516817666124552e-05,0.0044920360669493675
j3BVnXHPjyw,j3BVnXHPjyw_0003_S864_E1261_L644_T36_R932_B324,artalk,414,0.009142664261162281,-2.4893173758755438e-05,0.004770553670823574
j3BVnXHPjyw,j3BVnXHPjyw_0003_S864_E1261_L644_T36_R932_B324,multitalk,414,0.009231684729456902,9.252091695088893e-05,0.004860777407884598
j3BVnXHPjyw,j3BVnXHPjyw_0003_S864_E1261_L644_T36_R932_B324,codetalker,414,0.0074561708606779575,0.00010446149826748297,0.0034332373179495335
jA4WY877mTk,jA4WY877mTk_0000_S0_E580_L449_T43_R913_B507,dpt,483,0.014613996259868145,0.00016735757526475936,0.005104588810354471
jA4WY877mTk,jA4WY877mTk_0000_S0_E580_L449_T43_R913_B507,artalk,484,0.010548793710768223,5.6935874454211444e-05,0.0051995920948684216
jA4WY877mTk,jA4WY877mTk_0000_S0_E580_L449_T43_R913_B507,multitalk,483,0.011187070049345493,0.00018607192032504827,0.004664989188313484
jA4WY877mTk,jA4WY877mTk_0000_S0_E580_L449_T43_R913_B507,codetalker,485,0.014360425993800163,0.00022521012579090893,0.008424925617873669
jHVnt6VROM8,jHVnt6VROM8_0001_S409_E733_L671_T100_R943_B372,dpt,324,0.007208649534732103,0.0003129278775304556,0.002865096554160118
jHVnt6VROM8,jHVnt6VROM8_0001_S409_E733_L671_T100_R943_B372,artalk,324,0.008461971767246723,0.00032452456071041524,0.0035039635840803385
jHVnt6VROM8,jHVnt6VROM8_0001_S409_E733_L671_T100_R943_B372,multitalk,324,0.00815272331237793,0.00032630833447910845,0.002535169944167137
jHVnt6VROM8,jHVnt6VROM8_0001_S409_E733_L671_T100_R943_B372,codetalker,324,0.008948037400841713,0.00033526145853102207,0.0038315490819513798
jLLVBH5ZZG0,jLLVBH5ZZG0_0002_S0_E287_L702_T59_R1006_B363,dpt,239,0.008321783505380154,0.0001653091167099774,0.004895326215773821
jLLVBH5ZZG0,jLLVBH5ZZG0_0002_S0_E287_L702_T59_R1006_B363,artalk,240,0.007351236883550882,7.009094406384975e-05,0.003056836547330022
jLLVBH5ZZG0,jLLVBH5ZZG0_0002_S0_E287_L702_T59_R1006_B363,multitalk,239,0.012038568034768105,0.0001478792546549812,0.003986051306128502
jLLVBH5ZZG0,jLLVBH5ZZG0_0002_S0_E287_L702_T59_R1006_B363,codetalker,241,0.008589604869484901,0.00022959147463552654,0.005215378012508154
jNyPJ1LQmiA,jNyPJ1LQmiA_0000_S122_E410_L216_T134_R1000_B710,dpt,242,0.011896935291588306,0.00019599786901380867,0.003321669530123472
jNyPJ1LQmiA,jNyPJ1LQmiA_0000_S122_E410_L216_T134_R1000_B710,artalk,243,0.009962775744497776,4.1785213397815824e-05,0.0036440405528992414
jNyPJ1LQmiA,jNyPJ1LQmiA_0000_S122_E410_L216_T134_R1000_B710,multitalk,241,0.019919466227293015,0.00019524255185388029,0.0038681449368596077
jNyPJ1LQmiA,jNyPJ1LQmiA_0000_S122_E410_L216_T134_R1000_B710,codetalker,243,0.01415185071527958,0.00021776702487841249,0.00789379421621561
jOj_NSDXMz0,jOj_NSDXMz0_0005_S0_E396_L886_T292_R1142_B548,dpt,396,0.011401819065213203,0.00013951525033917278,0.00974278710782528
jOj_NSDXMz0,jOj_NSDXMz0_0005_S0_E396_L886_T292_R1142_B548,artalk,396,0.010250303894281387,3.895605550496839e-05,0.00776089308783412
jOj_NSDXMz0,jOj_NSDXMz0_0005_S0_E396_L886_T292_R1142_B548,multitalk,396,0.014640174806118011,0.00016310904175043106,0.007292720954865217
jOj_NSDXMz0,jOj_NSDXMz0_0005_S0_E396_L886_T292_R1142_B548,codetalker,396,0.011295311152935028,0.00016234719078056514,0.0059255133382976055
jPxamG3f5TE,jPxamG3f5TE_0000_S1313_E1519_L558_T7_R1086_B535,dpt,206,0.008119622245430946,0.00014061498222872615,0.007763485889881849
jPxamG3f5TE,jPxamG3f5TE_0000_S1313_E1519_L558_T7_R1086_B535,artalk,206,0.00856456533074379,-3.177358667016961e-05,0.007149102631956339
jPxamG3f5TE,jPxamG3f5TE_0000_S1313_E1519_L558_T7_R1086_B535,multitalk,205,0.013636812567710876,0.00017401691002305597,0.0059581901878118515
jPxamG3f5TE,jPxamG3f5TE_0000_S1313_E1519_L558_T7_R1086_B535,codetalker,206,0.007683326490223408,0.00017571679200045764,0.004121719393879175
jYEIkpTjpwI,jYEIkpTjpwI_0006_S1061_E1305_L457_T34_R793_B370,dpt,203,0.008340934291481972,0.0001870370761025697,0.00243686162866652
jYEIkpTjpwI,jYEIkpTjpwI_0006_S1061_E1305_L457_T34_R793_B370,artalk,204,0.009471714496612549,8.12803118606098e-05,0.004368449095636606
jYEIkpTjpwI,jYEIkpTjpwI_0006_S1061_E1305_L457_T34_R793_B370,multitalk,203,0.010617148131132126,0.00019513726874720305,0.004950688220560551
jYEIkpTjpwI,jYEIkpTjpwI_0006_S1061_E1305_L457_T34_R793_B370,codetalker,205,0.010446688160300255,0.00017568274051882327,0.006895294412970543
jZa3FK_T_Z4,jZa3FK_T_Z4_0000_S887_E1138_L487_T44_R807_B364,dpt,251,0.006680347491055727,0.00010514749737922102,0.003961791750043631
jZa3FK_T_Z4,jZa3FK_T_Z4_0000_S887_E1138_L487_T44_R807_B364,artalk,251,0.005901513155549765,-3.241607191739604e-05,0.0030490863136947155
jZa3FK_T_Z4,jZa3FK_T_Z4_0000_S887_E1138_L487_T44_R807_B364,multitalk,251,0.009305275976657867,0.00010110391303896904,0.0029712559189647436
jZa3FK_T_Z4,jZa3FK_T_Z4_0000_S887_E1138_L487_T44_R807_B364,codetalker,251,0.009362599812448025,0.0001486730616306886,0.005055929534137249
j_k1TZLK2mQ,j_k1TZLK2mQ_0002_S1139_E1455_L499_T21_R867_B389,dpt,263,0.018549252301454544,0.00015029370842967182,0.016106165945529938
j_k1TZLK2mQ,j_k1TZLK2mQ_0002_S1139_E1455_L499_T21_R867_B389,artalk,264,0.016580289229750633,7.218308746814728e-05,0.012343303300440311
j_k1TZLK2mQ,j_k1TZLK2mQ_0002_S1139_E1455_L499_T21_R867_B389,multitalk,263,0.016786351799964905,0.00016279019473586231,0.01467395294457674
j_k1TZLK2mQ,j_k1TZLK2mQ_0002_S1139_E1455_L499_T21_R867_B389,codetalker,265,0.01119098998606205,0.00023651725496165454,0.007310665212571621
jbzpyRmU3YA,jbzpyRmU3YA_0000_S1068_E1357_L356_T0_R932_B544,dpt,241,0.008843713440001011,0.00015102160978130996,0.002914666198194027
jbzpyRmU3YA,jbzpyRmU3YA_0000_S1068_E1357_L356_T0_R932_B544,artalk,242,0.008259233087301254,5.110937127028592e-05,0.004516342654824257
jbzpyRmU3YA,jbzpyRmU3YA_0000_S1068_E1357_L356_T0_R932_B544,multitalk,241,0.013080710545182228,0.00012707429414149374,0.0037418745923787355
jbzpyRmU3YA,jbzpyRmU3YA_0000_S1068_E1357_L356_T0_R932_B544,codetalker,243,0.009950200095772743,0.00016786371998023242,0.007545707747340202
jcFgCdlsPjI,jcFgCdlsPjI_0000_S682_E966_L538_T150_R794_B406,dpt,236,0.007404543925076723,9.61039841058664e-05,0.002646055305376649
jcFgCdlsPjI,jcFgCdlsPjI_0000_S682_E966_L538_T150_R794_B406,artalk,237,0.006003172602504492,2.817134554788936e-05,0.0021007447503507137
jcFgCdlsPjI,jcFgCdlsPjI_0000_S682_E966_L538_T150_R794_B406,multitalk,236,0.008141936734318733,2.3190013962448575e-05,0.0040312581695616245
jcFgCdlsPjI,jcFgCdlsPjI_0000_S682_E966_L538_T150_R794_B406,codetalker,238,0.00769354123622179,0.00011383934906916693,0.005036140326410532
jgT5X37XW3w,jgT5X37XW3w_0002_S0_E314_L434_T0_R1090_B592,dpt,261,0.014071772806346416,0.00018273628666065633,0.0037771177012473345
jgT5X37XW3w,jgT5X37XW3w_0002_S0_E314_L434_T0_R1090_B592,artalk,262,0.010273922234773636,0.00011162141163367778,0.003392918035387993
jgT5X37XW3w,jgT5X37XW3w_0002_S0_E314_L434_T0_R1090_B592,multitalk,261,0.017539801076054573,0.000215793916140683,0.004183969926089048
jgT5X37XW3w,jgT5X37XW3w_0002_S0_E314_L434_T0_R1090_B592,codetalker,264,0.016713440418243408,0.00026030174922198057,0.009988551028072834
jhUnM7jekNo,jhUnM7jekNo_0000_S622_E1164_L478_T123_R782_B427,dpt,452,0.00956699252128601,0.00022775343677494675,0.005341984331607819
jhUnM7jekNo,jhUnM7jekNo_0000_S622_E1164_L478_T123_R782_B427,artalk,453,0.006114908028393984,0.00013855521683581173,0.0035445501562207937
jhUnM7jekNo,jhUnM7jekNo_0000_S622_E1164_L478_T123_R782_B427,multitalk,452,0.010804925113916397,0.00021103103063069284,0.0035629274789243937
jhUnM7jekNo,jhUnM7jekNo_0000_S622_E1164_L478_T123_R782_B427,codetalker,454,0.011709551326930523,0.0002450794563628733,0.009753805585205555
jhaa9bIPuOY,jhaa9bIPuOY_0000_S1125_E1534_L34_T0_R1266_B704,dpt,341,0.009332815185189247,0.0002221540198661387,0.004624060355126858
jhaa9bIPuOY,jhaa9bIPuOY_0000_S1125_E1534_L34_T0_R1266_B704,artalk,342,0.008048453368246555,0.00026674460968934,0.003402560483664274
jhaa9bIPuOY,jhaa9bIPuOY_0000_S1125_E1534_L34_T0_R1266_B704,multitalk,341,0.013571078889071941,-0.0002717111201491207,0.006815359462052584
jhaa9bIPuOY,jhaa9bIPuOY_0000_S1125_E1534_L34_T0_R1266_B704,codetalker,343,0.008927668444812298,9.20015518204309e-05,0.003637866349890828
jpAig_5u60Y,jpAig_5u60Y_0002_S1136_E1443_L392_T68_R776_B452,dpt,256,0.012860435992479324,6.135009607532993e-05,0.005661106668412685
jpAig_5u60Y,jpAig_5u60Y_0002_S1136_E1443_L392_T68_R776_B452,artalk,257,0.010651245713233948,1.7838177882367745e-05,0.005140080116689205
jpAig_5u60Y,jpAig_5u60Y_0002_S1136_E1443_L392_T68_R776_B452,multitalk,256,0.01029751542955637,0.0001375133142573759,0.003726222086697817
jpAig_5u60Y,jpAig_5u60Y_0002_S1136_E1443_L392_T68_R776_B452,codetalker,259,0.016379060223698616,0.00013878113531973213,0.011105972342193127
jvRleA3lWBw,jvRleA3lWBw_0012_S938_E1156_L582_T28_R902_B348,dpt,218,0.010028555989265442,0.00015570109826512635,0.00562440138310194
jvRleA3lWBw,jvRleA3lWBw_0012_S938_E1156_L582_T28_R902_B348,artalk,218,0.008797593414783478,4.46268059022259e-05,0.004557323642075062
jvRleA3lWBw,jvRleA3lWBw_0012_S938_E1156_L582_T28_R902_B348,multitalk,218,0.009519964456558228,0.00017979620315600187,0.006232955027371645
jvRleA3lWBw,jvRleA3lWBw_0012_S938_E1156_L582_T28_R902_B348,codetalker,218,0.00902795884758234,0.00021837238455191255,0.004483871161937714
jvr7UJI47UM,jvr7UJI47UM_0004_S754_E1092_L533_T147_R789_B403,dpt,338,0.009765120223164558,0.00016082746151369065,0.0025262683629989624
jvr7UJI47UM,jvr7UJI47UM_0004_S754_E1092_L533_T147_R789_B403,artalk,338,0.007026391569525003,5.696620064554736e-05,0.0028971268329769373
jvr7UJI47UM,jvr7UJI47UM_0004_S754_E1092_L533_T147_R789_B403,multitalk,338,0.010828684084117413,0.0002516381209716201,0.0036774654872715473
jvr7UJI47UM,jvr7UJI47UM_0004_S754_E1092_L533_T147_R789_B403,codetalker,338,0.01077672466635704,0.00023768456594552845,0.004475405439734459
jwBi_Q9ffys,jwBi_Q9ffys_0000_S765_E1410_L628_T0_R1092_B432,dpt,538,0.009044738486409187,0.0003251451416872442,0.00494756642729044
jwBi_Q9ffys,jwBi_Q9ffys_0000_S765_E1410_L628_T0_R1092_B432,artalk,539,0.00782578531652689,0.00016606766439508647,0.003984075039625168
jwBi_Q9ffys,jwBi_Q9ffys_0000_S765_E1410_L628_T0_R1092_B432,multitalk,537,0.011070508509874344,0.000311188428895548,0.007944520562887192
jwBi_Q9ffys,jwBi_Q9ffys_0000_S765_E1410_L628_T0_R1092_B432,codetalker,540,0.010487008839845657,0.00036470816121436656,0.006361968349665403
jwS75RtJJBc,jwS75RtJJBc_0000_S0_E261_L170_T15_R762_B607,dpt,261,0.008363784290850163,0.00018875341629609466,0.00367046264000237
jwS75RtJJBc,jwS75RtJJBc_0000_S0_E261_L170_T15_R762_B607,artalk,261,0.007917073555290699,0.00010432263661641628,0.0034125696402043104
jwS75RtJJBc,jwS75RtJJBc_0000_S0_E261_L170_T15_R762_B607,multitalk,261,0.0075699882581830025,0.0001860464399214834,0.0032089881133288145
jwS75RtJJBc,jwS75RtJJBc_0000_S0_E261_L170_T15_R762_B607,codetalker,261,0.007429755758494139,0.0001769048540154472,0.004117993637919426
jzbqbu-0bxc,jzbqbu-0bxc_0000_S1045_E1280_L304_T0_R1040_B704,dpt,244,0.015656571835279465,0.0003293730260338634,0.009947218000888824
jzbqbu-0bxc,jzbqbu-0bxc_0000_S1045_E1280_L304_T0_R1040_B704,artalk,245,0.013654973357915878,0.00022172278841026127,0.007283843122422695
jzbqbu-0bxc,jzbqbu-0bxc_0000_S1045_E1280_L304_T0_R1040_B704,multitalk,244,0.01776561513543129,0.0003144837683066726,0.006692519877105951
jzbqbu-0bxc,jzbqbu-0bxc_0000_S1045_E1280_L304_T0_R1040_B704,codetalker,245,0.016335712745785713,0.00035306281642988324,0.005337058566510677
k9Kb4Pwu3ok,k9Kb4Pwu3ok_0000_S2_E333_L478_T66_R830_B418,dpt,276,0.011355740018188953,9.474094258621335e-05,0.004475953057408333
k9Kb4Pwu3ok,k9Kb4Pwu3ok_0000_S2_E333_L478_T66_R830_B418,artalk,277,0.00725813303142786,-2.5025974537129514e-05,0.0025834895204752684
k9Kb4Pwu3ok,k9Kb4Pwu3ok_0000_S2_E333_L478_T66_R830_B418,multitalk,276,0.012363828718662262,3.72236427210737e-05,0.004070264287292957
k9Kb4Pwu3ok,k9Kb4Pwu3ok_0000_S2_E333_L478_T66_R830_B418,codetalker,278,0.011146108619868755,0.00011709223326761276,0.0073993452824652195
kBLs0CsEWEg,kBLs0CsEWEg_0013_S1462_E1707_L224_T0_R1184_B704,dpt,204,0.018152477219700813,0.00022686587180942297,0.006872957106679678
kBLs0CsEWEg,kBLs0CsEWEg_0013_S1462_E1707_L224_T0_R1184_B704,artalk,205,0.015989765524864197,5.3181920520728454e-05,0.006611702032387257
kBLs0CsEWEg,kBLs0CsEWEg_0013_S1462_E1707_L224_T0_R1184_B704,multitalk,204,0.02107282727956772,0.00021076823759358376,0.0063708177767694
kBLs0CsEWEg,kBLs0CsEWEg_0013_S1462_E1707_L224_T0_R1184_B704,codetalker,206,0.022380787879228592,0.0002652791445143521,0.012859262526035309
kEQyvL6El-M,kEQyvL6El-M_0002_S150_E380_L785_T169_R1057_B441,dpt,230,0.009283172897994518,0.00014463046682067215,0.002630271716043353
kEQyvL6El-M,kEQyvL6El-M_0002_S150_E380_L785_T169_R1057_B441,artalk,230,0.008825577795505524,0.00010788455256260931,0.0033226783853024244
kEQyvL6El-M,kEQyvL6El-M_0002_S150_E380_L785_T169_R1057_B441,multitalk,230,0.009664741344749928,0.00012552553380373865,0.0036352002061903477
kEQyvL6El-M,kEQyvL6El-M_0002_S150_E380_L785_T169_R1057_B441,codetalker,230,0.010256994515657425,0.0001625861768843606,0.006015033461153507
kLdPQfLv1g0,kLdPQfLv1g0_0000_S1430_E1919_L323_T0_R883_B528,dpt,383,0.015561073087155819,0.00018556985014583915,0.003445050213485956
kLdPQfLv1g0,kLdPQfLv1g0_0000_S1430_E1919_L323_T0_R883_B528,artalk,384,0.011137296445667744,6.961791223147884e-05,0.006235654931515455
kLdPQfLv1g0,kLdPQfLv1g0_0000_S1430_E1919_L323_T0_R883_B528,multitalk,383,0.014544147998094559,0.00018601903866510838,0.003836893243715167
kLdPQfLv1g0,kLdPQfLv1g0_0000_S1430_E1919_L323_T0_R883_B528,codetalker,385,0.018360059708356857,0.00021001059212721884,0.0120499012991786
kM8iZqP4GDk,kM8iZqP4GDk_0000_S245_E756_L335_T36_R895_B596,dpt,511,0.007064604666084051,0.00011007397552020848,0.0020101589616388083
kM8iZqP4GDk,kM8iZqP4GDk_0000_S245_E756_L335_T36_R895_B596,artalk,511,0.00866834819316864,-3.20857361657545e-05,0.002657615579664707
kM8iZqP4GDk,kM8iZqP4GDk_0000_S245_E756_L335_T36_R895_B596,multitalk,511,0.007112258579581976,8.396690827794373e-05,0.0025424796622246504
kM8iZqP4GDk,kM8iZqP4GDk_0000_S245_E756_L335_T36_R895_B596,codetalker,511,0.010260152630507946,0.00010828871018020436,0.005738128442317247
kQLhEtSx0NA,kQLhEtSx0NA_0023_S1503_E1821_L228_T0_R788_B544,dpt,265,0.010483354330062866,0.000365278625395149,0.005724089685827494
kQLhEtSx0NA,kQLhEtSx0NA_0023_S1503_E1821_L228_T0_R788_B544,artalk,266,0.011349414475262165,0.0003119265311397612,0.00721982354298234
kQLhEtSx0NA,kQLhEtSx0NA_0023_S1503_E1821_L228_T0_R788_B544,multitalk,265,0.009048818610608578,0.0003845454484689981,0.005636758636683226
kQLhEtSx0NA,kQLhEtSx0NA_0023_S1503_E1821_L228_T0_R788_B544,codetalker,267,0.014237132854759693,0.0004246761673130095,0.011150384321808815
kYVd_HIkGw4,kYVd_HIkGw4_0002_S1002_E1314_L150_T0_R1078_B672,dpt,260,0.015798572450876236,0.0002803297247737646,0.005536532029509544
kYVd_HIkGw4,kYVd_HIkGw4_0002_S1002_E1314_L150_T0_R1078_B672,artalk,261,0.011730939149856567,0.00013860021135769784,0.006279224529862404
kYVd_HIkGw4,kYVd_HIkGw4_0002_S1002_E1314_L150_T0_R1078_B672,multitalk,259,0.012200795114040375,0.00021323515102267265,0.00621770229190588
kYVd_HIkGw4,kYVd_HIkGw4_0002_S1002_E1314_L150_T0_R1078_B672,codetalker,262,0.016715431585907936,0.0003280037781223655,0.010673574171960354
kYXiegTXsEs,kYXiegTXsEs_0003_S1094_E1389_L457_T47_R745_B335,dpt,246,0.009568852372467518,9.1832313046325e-05,0.004919055849313736
kYXiegTXsEs,kYXiegTXsEs_0003_S1094_E1389_L457_T47_R745_B335,artalk,247,0.007487680297344923,4.0472553308745773e-08,0.002950465539470315
kYXiegTXsEs,kYXiegTXsEs_0003_S1094_E1389_L457_T47_R745_B335,multitalk,246,0.014203676953911781,9.504010085947812e-05,0.0032986365258693695
kYXiegTXsEs,kYXiegTXsEs_0003_S1094_E1389_L457_T47_R745_B335,codetalker,249,0.008375979959964752,0.00013938113988842815,0.004375259857624769
kdQPXCcV2K0,kdQPXCcV2K0_0001_S47_E483_L292_T11_R948_B667,dpt,454,0.007692389190196991,0.0001992254692595452,0.003479163395240903
kdQPXCcV2K0,kdQPXCcV2K0_0001_S47_E483_L292_T11_R948_B667,artalk,455,0.00883516762405634,0.00010141462553292513,0.004931111820042133
kdQPXCcV2K0,kdQPXCcV2K0_0001_S47_E483_L292_T11_R948_B667,multitalk,454,0.011283732950687408,0.0001513663592049852,0.007077945861965418
kdQPXCcV2K0,kdQPXCcV2K0_0001_S47_E483_L292_T11_R948_B667,codetalker,455,0.010040516033768654,0.00019192369654774666,0.0050679282285273075
khm7702744s,khm7702744s_0003_S450_E951_L466_T48_R770_B352,dpt,417,0.01107022538781166,6.926467176526785e-05,0.006070771720260382
khm7702744s,khm7702744s_0003_S450_E951_L466_T48_R770_B352,artalk,418,0.008459667675197124,-5.108735058456659e-05,0.00369081599637866
khm7702744s,khm7702744s_0003_S450_E951_L466_T48_R770_B352,multitalk,417,0.013564585708081722,2.821670932462439e-05,0.008569257333874702
khm7702744s,khm7702744s_0003_S450_E951_L466_T48_R770_B352,codetalker,420,0.010044589638710022,0.00012138055899413303,0.005611572880297899
kmTRmjeoKYA,kmTRmjeoKYA_0012_S402_E988_L0_T0_R416_B480,dpt,489,0.018975159153342247,-8.682422048877925e-05,0.002327693160623312
kmTRmjeoKYA,kmTRmjeoKYA_0012_S402_E988_L0_T0_R416_B480,artalk,490,0.017836611717939377,-0.0001023646691464819,0.002402670681476593
kmTRmjeoKYA,kmTRmjeoKYA_0012_S402_E988_L0_T0_R416_B480,multitalk,489,0.02723703905940056,-0.0013560046209022403,0.006251086015254259
kmTRmjeoKYA,kmTRmjeoKYA_0012_S402_E988_L0_T0_R416_B480,codetalker,491,0.018958110362291336,-0.000146309204865247,0.004511499311774969
kp33ZprO0Ck,kp33ZprO0Ck_0001_S671_E1177_L370_T142_R642_B414,dpt,422,0.008251851424574852,0.00013288858463056386,0.003127039410173893
kp33ZprO0Ck,kp33ZprO0Ck_0001_S671_E1177_L370_T142_R642_B414,artalk,423,0.0065852077677845955,4.353746408014558e-05,0.002636887598782778
kp33ZprO0Ck,kp33ZprO0Ck_0001_S671_E1177_L370_T142_R642_B414,multitalk,422,0.010751337744295597,0.00013136248162481934,0.004589999094605446
kp33ZprO0Ck,kp33ZprO0Ck_0001_S671_E1177_L370_T142_R642_B414,codetalker,425,0.009191228076815605,0.0001832988200476393,0.0069419085048139095
kqFzRSwX3Fs,kqFzRSwX3Fs_0004_S505_E716_L449_T33_R737_B321,dpt,211,0.01111822109669447,0.0002487924648448825,0.003930915147066116
kqFzRSwX3Fs,kqFzRSwX3Fs_0004_S505_E716_L449_T33_R737_B321,artalk,211,0.007905598729848862,0.0001957669883267954,0.002701683435589075
kqFzRSwX3Fs,kqFzRSwX3Fs_0004_S505_E716_L449_T33_R737_B321,multitalk,211,0.014610445126891136,0.00023468449944630265,0.0038623891305178404
kqFzRSwX3Fs,kqFzRSwX3Fs_0004_S505_E716_L449_T33_R737_B321,codetalker,211,0.010846901684999466,0.000281237909803167,0.004755223169922829
kr5Ot5x8mmc,kr5Ot5x8mmc_0007_S1048_E1297_L439_T140_R919_B620,dpt,260,0.013878989964723587,-4.836088191950694e-05,0.0024416374508291483
kr5Ot5x8mmc,kr5Ot5x8mmc_0007_S1048_E1297_L439_T140_R919_B620,artalk,260,0.010280182585120201,-0.00014841606025584042,0.0023116234224289656
kr5Ot5x8mmc,kr5Ot5x8mmc_0007_S1048_E1297_L439_T140_R919_B620,multitalk,259,0.014438549056649208,-0.00015484447067137808,0.002989843487739563
kr5Ot5x8mmc,kr5Ot5x8mmc_0007_S1048_E1297_L439_T140_R919_B620,codetalker,260,0.015223671682178974,-2.3087968656909652e-05,0.004522441886365414
kzgohxtf3hg,kzgohxtf3hg_0001_S184_E578_L479_T145_R799_B465,dpt,329,0.015255763195455074,0.000199138157768175,0.003155127400532365
kzgohxtf3hg,kzgohxtf3hg_0001_S184_E578_L479_T145_R799_B465,artalk,330,0.012255844660103321,0.00013874568685423583,0.0029231125954538584
kzgohxtf3hg,kzgohxtf3hg_0001_S184_E578_L479_T145_R799_B465,multitalk,329,0.012526890262961388,0.00016556901391595602,0.005579775664955378
kzgohxtf3hg,kzgohxtf3hg_0001_S184_E578_L479_T145_R799_B465,codetalker,330,0.017583763226866722,0.00023742472694721073,0.006980690639466047
l1wHRYkFhZg,l1wHRYkFhZg_0004_S1486_E1799_L826_T139_R1114_B427,dpt,261,0.009007217362523079,9.250787843484432e-05,0.0072087557055056095
l1wHRYkFhZg,l1wHRYkFhZg_0004_S1486_E1799_L826_T139_R1114_B427,artalk,262,0.006642067339271307,-3.530817411956377e-05,0.0066990177147090435
l1wHRYkFhZg,l1wHRYkFhZg_0004_S1486_E1799_L826_T139_R1114_B427,multitalk,261,0.011440719477832317,0.0001254057715414092,0.007646454498171806
l1wHRYkFhZg,l1wHRYkFhZg_0004_S1486_E1799_L826_T139_R1114_B427,codetalker,263,0.007980872876942158,0.00011270529648754746,0.002624367130920291
l5bkGI-CGFI,l5bkGI-CGFI_0034_S521_E911_L749_T146_R1021_B418,dpt,325,0.00862179696559906,5.437630898086354e-05,0.004337473306804895
l5bkGI-CGFI,l5bkGI-CGFI_0034_S521_E911_L749_T146_R1021_B418,artalk,326,0.007381848990917206,-2.1689491404686123e-05,0.004144735634326935
l5bkGI-CGFI,l5bkGI-CGFI_0034_S521_E911_L749_T146_R1021_B418,multitalk,325,0.01162869855761528,2.698505704756826e-05,0.004260119516402483
l5bkGI-CGFI,l5bkGI-CGFI_0034_S521_E911_L749_T146_R1021_B418,codetalker,327,0.01021208893507719,0.00011690343671943992,0.008352546021342278
l5tn1sJ0fKg,l5tn1sJ0fKg_0000_S525_E789_L558_T77_R894_B413,dpt,264,0.007943239994347095,0.00013621494872495532,0.0021169125102460384
l5tn1sJ0fKg,l5tn1sJ0fKg_0000_S525_E789_L558_T77_R894_B413,artalk,264,0.007985259406268597,3.602591823437251e-05,0.002214295556768775
l5tn1sJ0fKg,l5tn1sJ0fKg_0000_S525_E789_L558_T77_R894_B413,multitalk,264,0.006650515366345644,0.0001598300295881927,0.0026324368081986904
l5tn1sJ0fKg,l5tn1sJ0fKg_0000_S525_E789_L558_T77_R894_B413,codetalker,264,0.011382057331502438,0.00011634403199423105,0.0054229614324867725
l6iQSCD9UeI,l6iQSCD9UeI_0018_S262_E474_L496_T27_R768_B299,dpt,212,0.010629653930664062,8.31705765449442e-05,0.004865668714046478
l6iQSCD9UeI,l6iQSCD9UeI_0018_S262_E474_L496_T27_R768_B299,artalk,212,0.01027713157236576,-4.695299139712006e-05,0.004057205282151699
l6iQSCD9UeI,l6iQSCD9UeI_0018_S262_E474_L496_T27_R768_B299,multitalk,212,0.008815997280180454,9.598672477295622e-05,0.004911281168460846
l6iQSCD9UeI,l6iQSCD9UeI_0018_S262_E474_L496_T27_R768_B299,codetalker,212,0.008884252980351448,0.00010325052426196635,0.0034326587338000536
l7OIqpr56NY,l7OIqpr56NY_0003_S369_E805_L206_T38_R542_B374,dpt,454,0.0069411336444318295,0.00010296098480466753,0.0017373948357999325
l7OIqpr56NY,l7OIqpr56NY_0003_S369_E805_L206_T38_R542_B374,artalk,454,0.007313963957130909,-5.2962572226533666e-05,0.0033491933718323708
l7OIqpr56NY,l7OIqpr56NY_0003_S369_E805_L206_T38_R542_B374,multitalk,454,0.008912269957363605,9.283045073971152e-05,0.003007820574566722
l7OIqpr56NY,l7OIqpr56NY_0003_S369_E805_L206_T38_R542_B374,codetalker,454,0.010443738661706448,0.0001258204720215872,0.0064775533974170685
l82uiWKCgF0,l82uiWKCgF0_0000_S1413_E1871_L495_T102_R927_B534,dpt,382,0.008807885460555553,0.0002768136328086257,0.005568438209593296
l82uiWKCgF0,l82uiWKCgF0_0000_S1413_E1871_L495_T102_R927_B534,artalk,383,0.0076798973605036736,0.00013973352906759828,0.0052452548407018185
l82uiWKCgF0,l82uiWKCgF0_0000_S1413_E1871_L495_T102_R927_B534,multitalk,382,0.012447589077055454,0.00024351433967240155,0.008820569142699242
l82uiWKCgF0,l82uiWKCgF0_0000_S1413_E1871_L495_T102_R927_B534,codetalker,384,0.008745933882892132,0.00028903549537062645,0.004904888570308685
lAzL_47Wkbc,lAzL_47Wkbc_0003_S131_E394_L433_T33_R897_B497,dpt,263,0.009747641161084175,0.00023028165742289275,0.002480805153027177
lAzL_47Wkbc,lAzL_47Wkbc_0003_S131_E394_L433_T33_R897_B497,artalk,263,0.008711849339306355,0.00010457530152052641,0.003092305501922965
lAzL_47Wkbc,lAzL_47Wkbc_0003_S131_E394_L433_T33_R897_B497,multitalk,263,0.010495796799659729,0.0001921899092849344,0.005498762708157301
lAzL_47Wkbc,lAzL_47Wkbc_0003_S131_E394_L433_T33_R897_B497,codetalker,263,0.010348120704293251,0.00023050661548040807,0.0067394501529634
lClz0KqwrFU,lClz0KqwrFU_0000_S429_E722_L205_T0_R477_B272,dpt,254,0.010167484171688557,0.0002091477654175833,0.004603479988873005
lClz0KqwrFU,lClz0KqwrFU_0000_S429_E722_L205_T0_R477_B272,artalk,255,0.007358368486166,2.9622911824844778e-05,0.00457925396040082
lClz0KqwrFU,lClz0KqwrFU_0000_S429_E722_L205_T0_R477_B272,multitalk,254,0.012581420131027699,0.0001236530370078981,0.006835398729890585
lClz0KqwrFU,lClz0KqwrFU_0000_S429_E722_L205_T0_R477_B272,codetalker,256,0.010721296072006226,0.00024465908063575625,0.005370563827455044
lDJEC7OX6AE,lDJEC7OX6AE_0051_S551_E834_L532_T138_R1012_B618,dpt,242,0.00892289262264967,4.490293576964177e-05,0.005824935156852007
lDJEC7OX6AE,lDJEC7OX6AE_0051_S551_E834_L532_T138_R1012_B618,artalk,243,0.008880767971277237,-5.260355828795582e-05,0.00530981132760644
lDJEC7OX6AE,lDJEC7OX6AE_0051_S551_E834_L532_T138_R1012_B618,multitalk,242,0.015527093783020973,8.062935376074165e-05,0.0035418907646089792
lDJEC7OX6AE,lDJEC7OX6AE_0051_S551_E834_L532_T138_R1012_B618,codetalker,245,0.009836845099925995,3.700657543959096e-05,0.0031868345104157925
lHakoK0j9qA,lHakoK0j9qA_0000_S1655_E1919_L735_T67_R1055_B387,dpt,220,0.011008969508111477,0.0002473205095157027,0.007925053127110004
lHakoK0j9qA,lHakoK0j9qA_0000_S1655_E1919_L735_T67_R1055_B387,artalk,221,0.010055655613541603,0.00020591165230143815,0.006544749718159437
lHakoK0j9qA,lHakoK0j9qA_0000_S1655_E1919_L735_T67_R1055_B387,multitalk,219,0.01522359810769558,0.00025484917568974197,0.007923411205410957
lHakoK0j9qA,lHakoK0j9qA_0000_S1655_E1919_L735_T67_R1055_B387,codetalker,222,0.011415736749768257,0.00028028650558553636,0.0035401456989347935
lJYwN2X7IbI,lJYwN2X7IbI_0001_S0_E223_L439_T0_R1047_B576,dpt,223,0.009115651249885559,8.621918095741421e-05,0.005369950085878372
lJYwN2X7IbI,lJYwN2X7IbI_0001_S0_E223_L439_T0_R1047_B576,artalk,223,0.008469820022583008,-7.036292572593084e-06,0.0048903413116931915
lJYwN2X7IbI,lJYwN2X7IbI_0001_S0_E223_L439_T0_R1047_B576,multitalk,223,0.010901737958192825,2.6527732188696973e-05,0.004835679195821285
lJYwN2X7IbI,lJYwN2X7IbI_0001_S0_E223_L439_T0_R1047_B576,codetalker,223,0.0064845010638237,0.0001312496024183929,0.0028118796180933714
lM1Zmq0Lcd4,lM1Zmq0Lcd4_0000_S1308_E1849_L507_T17_R891_B401,dpt,451,0.009246338158845901,0.00016008665261324495,0.0043632518500089645
lM1Zmq0Lcd4,lM1Zmq0Lcd4_0000_S1308_E1849_L507_T17_R891_B401,artalk,452,0.006332178134471178,6.84726401232183e-05,0.003824376966804266
lM1Zmq0Lcd4,lM1Zmq0Lcd4_0000_S1308_E1849_L507_T17_R891_B401,multitalk,451,0.014302513562142849,0.0001437413739040494,0.009478019550442696
lM1Zmq0Lcd4,lM1Zmq0Lcd4_0000_S1308_E1849_L507_T17_R891_B401,codetalker,453,0.00817815214395523,0.00018638114852365106,0.004204371478408575
ldiJbsXZgvg,ldiJbsXZgvg_0004_S0_E251_L279_T61_R647_B429,dpt,251,0.010555041022598743,5.963030707789585e-05,0.005470471456646919
ldiJbsXZgvg,ldiJbsXZgvg_0004_S0_E251_L279_T61_R647_B429,artalk,251,0.009630005806684494,-3.691214806167409e-05,0.003760694758966565
ldiJbsXZgvg,ldiJbsXZgvg_0004_S0_E251_L279_T61_R647_B429,multitalk,251,0.010387548245489597,6.05805435043294e-05,0.005915151443332434
ldiJbsXZgvg,ldiJbsXZgvg_0004_S0_E251_L279_T61_R647_B429,codetalker,251,0.00861723255366087,0.00011140677816001698,0.004231497645378113
le3cBRlWSE8,le3cBRlWSE8_0002_S0_E264_L48_T0_R832_B704,dpt,220,0.008663083426654339,0.0001293541572522372,0.005471513606607914
le3cBRlWSE8,le3cBRlWSE8_0002_S0_E264_L48_T0_R832_B704,artalk,221,0.006213545333594084,4.310602162149735e-05,0.004176195710897446
le3cBRlWSE8,le3cBRlWSE8_0002_S0_E264_L48_T0_R832_B704,multitalk,220,0.012242781929671764,0.0001408134266966954,0.0033374731428921223
le3cBRlWSE8,le3cBRlWSE8_0002_S0_E264_L48_T0_R832_B704,codetalker,222,0.0076589579693973064,0.00013590810704044998,0.003947083372622728
lgWY-gjEYW0,lgWY-gjEYW0_0000_S115_E307_L430_T22_R926_B518,dpt,200,0.009180651046335697,0.00024324229161720723,0.0029766662046313286
lgWY-gjEYW0,lgWY-gjEYW0_0000_S115_E307_L430_T22_R926_B518,artalk,200,0.00729657057672739,0.00013167975703254342,0.002872997196391225
lgWY-gjEYW0,lgWY-gjEYW0_0000_S115_E307_L430_T22_R926_B518,multitalk,200,0.009122357703745365,0.000211231381399557,0.004931136500090361
lgWY-gjEYW0,lgWY-gjEYW0_0000_S115_E307_L430_T22_R926_B518,codetalker,200,0.010636944323778152,0.00029599969275295734,0.007502628490328789
lh_ZUt-O34Y,lh_ZUt-O34Y_0004_S881_E1127_L177_T17_R513_B353,dpt,246,0.01497264951467514,9.062878234544769e-05,0.005390126258134842
lh_ZUt-O34Y,lh_ZUt-O34Y_0004_S881_E1127_L177_T17_R513_B353,artalk,246,0.011172713711857796,1.0884779840125702e-05,0.005492951720952988
lh_ZUt-O34Y,lh_ZUt-O34Y_0004_S881_E1127_L177_T17_R513_B353,multitalk,246,0.013657789677381516,7.170448952820152e-05,0.0037323737051337957
lh_ZUt-O34Y,lh_ZUt-O34Y_0004_S881_E1127_L177_T17_R513_B353,codetalker,246,0.017133768647909164,0.0001957679633051157,0.011208664625883102
li7HdK2vIlw,li7HdK2vIlw_0000_S413_E692_L370_T0_R770_B400,dpt,291,0.010637453757226467,0.0002922066196333617,0.003039489034563303
li7HdK2vIlw,li7HdK2vIlw_0000_S413_E692_L370_T0_R770_B400,artalk,291,0.010944786481559277,0.0001779579761205241,0.005335389636456966
li7HdK2vIlw,li7HdK2vIlw_0000_S413_E692_L370_T0_R770_B400,multitalk,291,0.01177476067095995,0.00024298107018694282,0.003786832559853792
li7HdK2vIlw,li7HdK2vIlw_0000_S413_E692_L370_T0_R770_B400,codetalker,291,0.014391562901437283,0.0003199719940312207,0.009468771517276764
liKbDWr0RzI,liKbDWr0RzI_0000_S557_E867_L398_T41_R830_B473,dpt,310,0.0084768021479249,7.703908340772614e-05,0.0046222154051065445
liKbDWr0RzI,liKbDWr0RzI_0000_S557_E867_L398_T41_R830_B473,artalk,310,0.0065081072971224785,-7.293037924682721e-05,0.0036823730915784836
liKbDWr0RzI,liKbDWr0RzI_0000_S557_E867_L398_T41_R830_B473,multitalk,310,0.014611237682402134,6.06243520451244e-05,0.003626210382208228
liKbDWr0RzI,liKbDWr0RzI_0000_S557_E867_L398_T41_R830_B473,codetalker,310,0.0068479436449706554,0.00010477563046151772,0.003899178933352232
liVQZnSAv28,liVQZnSAv28_0001_S0_E419_L442_T0_R1050_B592,dpt,350,0.009253934025764465,0.0002567484916653484,0.002660860074684024
liVQZnSAv28,liVQZnSAv28_0001_S0_E419_L442_T0_R1050_B592,artalk,351,0.005487074609845877,9.984761709347367e-05,0.001870758831501007
liVQZnSAv28,liVQZnSAv28_0001_S0_E419_L442_T0_R1050_B592,multitalk,349,0.007039007265120745,0.00024226686218753457,0.004867791663855314
liVQZnSAv28,liVQZnSAv28_0001_S0_E419_L442_T0_R1050_B592,codetalker,351,0.009634684771299362,0.0002682693593669683,0.004185978788882494
ltPAsp71rmI,ltPAsp71rmI_0018_S607_E848_L360_T0_R968_B496,dpt,200,0.010710502043366432,0.0002513257786631584,0.002700470620766282
ltPAsp71rmI,ltPAsp71rmI_0018_S607_E848_L360_T0_R968_B496,artalk,201,0.008066798560321331,0.00017245305934920907,0.002560232998803258
ltPAsp71rmI,ltPAsp71rmI_0018_S607_E848_L360_T0_R968_B496,multitalk,200,0.013620789162814617,0.0002693266433198005,0.0032638665288686752
ltPAsp71rmI,ltPAsp71rmI_0018_S607_E848_L360_T0_R968_B496,codetalker,203,0.012626854702830315,0.00031037439475767314,0.005755377467721701
lxBYJOEbU_g,lxBYJOEbU_g_0001_S1192_E1448_L435_T0_R835_B368,dpt,213,0.01543650683015585,0.0008913932833820581,0.008619030006229877
lxBYJOEbU_g,lxBYJOEbU_g_0001_S1192_E1448_L435_T0_R835_B368,artalk,214,0.014020467177033424,0.000784178962931037,0.006532642524689436
lxBYJOEbU_g,lxBYJOEbU_g_0001_S1192_E1448_L435_T0_R835_B368,multitalk,213,0.011604728177189827,0.0008955816156230867,0.007477861829102039
lxBYJOEbU_g,lxBYJOEbU_g_0001_S1192_E1448_L435_T0_R835_B368,codetalker,215,0.010492107830941677,0.0009526886278763413,0.004548002500087023
lxE9lqRrcuo,lxE9lqRrcuo_0000_S1099_E1364_L220_T0_R940_B656,dpt,221,0.013802977278828621,8.045171125559136e-05,0.006878791376948357
lxE9lqRrcuo,lxE9lqRrcuo_0000_S1099_E1364_L220_T0_R940_B656,artalk,222,0.007156559266149998,0.00010343928443035111,0.004157496150583029
lxE9lqRrcuo,lxE9lqRrcuo_0000_S1099_E1364_L220_T0_R940_B656,multitalk,221,0.014794179238379002,8.946158777689561e-05,0.005866566207259893
lxE9lqRrcuo,lxE9lqRrcuo_0000_S1099_E1364_L220_T0_R940_B656,codetalker,223,0.010662343353033066,0.00013732610386796296,0.005738596431910992
lxQjwbUiM9w,lxQjwbUiM9w_0001_S0_E585_L112_T0_R1024_B704,dpt,610,0.00853653997182846,0.00017537207168061286,0.005158769898116589
lxQjwbUiM9w,lxQjwbUiM9w_0001_S0_E585_L112_T0_R1024_B704,artalk,610,0.008454658091068268,5.291542402119376e-05,0.005534715950489044
lxQjwbUiM9w,lxQjwbUiM9w_0001_S0_E585_L112_T0_R1024_B704,multitalk,609,0.012251235544681549,0.00017926756117958575,0.004673593677580357
lxQjwbUiM9w,lxQjwbUiM9w_0001_S0_E585_L112_T0_R1024_B704,codetalker,610,0.007294075563549995,0.0001663922012085095,0.003941091243177652
lz1RY_CNWeU,lz1RY_CNWeU_0047_S875_E1100_L566_T0_R1014_B448,dpt,234,0.009937485679984093,0.0005217675934545696,0.003933566156774759
lz1RY_CNWeU,lz1RY_CNWeU_0047_S875_E1100_L566_T0_R1014_B448,artalk,234,0.009253213182091713,0.0004570727760437876,0.0035260706208646297
lz1RY_CNWeU,lz1RY_CNWeU_0047_S875_E1100_L566_T0_R1014_B448,multitalk,234,0.02639051154255867,0.0004195786314085126,0.011083336547017097
lz1RY_CNWeU,lz1RY_CNWeU_0047_S875_E1100_L566_T0_R1014_B448,codetalker,234,0.010873092338442802,0.000496069376822561,0.003581390716135502
lzniYTLmFkc,lzniYTLmFkc_0002_S143_E452_L130_T109_R626_B605,dpt,258,0.011032400652766228,0.00016321553266607225,0.004597065970301628
lzniYTLmFkc,lzniYTLmFkc_0002_S143_E452_L130_T109_R626_B605,artalk,259,0.007951145991683006,0.0001140404274337925,0.004988999105989933
lzniYTLmFkc,lzniYTLmFkc_0002_S143_E452_L130_T109_R626_B605,multitalk,258,0.013211105018854141,0.00015166585217230022,0.0046237013302743435
lzniYTLmFkc,lzniYTLmFkc_0002_S143_E452_L130_T109_R626_B605,codetalker,260,0.013226011767983437,0.00018815045768860728,0.008386674337089062
m03Bn3jgP48,m03Bn3jgP48_0000_S628_E943_L452_T60_R884_B492,dpt,262,0.010610464960336685,-1.0789922271214891e-05,0.006548402830958366
m03Bn3jgP48,m03Bn3jgP48_0000_S628_E943_L452_T60_R884_B492,artalk,263,0.008595076389610767,-3.6441339034354314e-05,0.005488112103193998
m03Bn3jgP48,m03Bn3jgP48_0000_S628_E943_L452_T60_R884_B492,multitalk,262,0.011191808618605137,2.345912071177736e-05,0.00837230309844017
m03Bn3jgP48,m03Bn3jgP48_0000_S628_E943_L452_T60_R884_B492,codetalker,265,0.006814170628786087,-5.384479209169513e-06,0.0037278500385582447
m0EwquC6wBU,m0EwquC6wBU_0002_S0_E534_L220_T55_R812_B647,dpt,445,0.010893251746892929,0.00042361897067166865,0.004707759711891413
m0EwquC6wBU,m0EwquC6wBU_0002_S0_E534_L220_T55_R812_B647,artalk,446,0.007978705689311028,0.00033317075576633215,0.0020224526524543762
m0EwquC6wBU,m0EwquC6wBU_0002_S0_E534_L220_T55_R812_B647,multitalk,445,0.011827035807073116,0.0003474070690572262,0.0048150415532290936
m0EwquC6wBU,m0EwquC6wBU_0002_S0_E534_L220_T55_R812_B647,codetalker,447,0.009383108466863632,0.00044210630585439503,0.0051863291300833225
m0svbKxpLhI,m0svbKxpLhI_0000_S1152_E1495_L280_T0_R968_B688,dpt,358,0.011623428203165531,9.052677341969684e-05,0.0041667381301522255
m0svbKxpLhI,m0svbKxpLhI_0000_S1152_E1495_L280_T0_R968_B688,artalk,358,0.010099753737449646,-1.0693381227611098e-05,0.0036403327248990536
m0svbKxpLhI,m0svbKxpLhI_0000_S1152_E1495_L280_T0_R968_B688,multitalk,358,0.00950160063803196,0.00011195000115549192,0.00432355934754014
m0svbKxpLhI,m0svbKxpLhI_0000_S1152_E1495_L280_T0_R968_B688,codetalker,358,0.008441591635346413,0.00017441761156078428,0.0038476588670164347
m3ZogsjvmLA,m3ZogsjvmLA_0001_S277_E704_L364_T68_R684_B388,dpt,445,0.013909957371652126,0.00026352819986641407,0.004734262358397245
m3ZogsjvmLA,m3ZogsjvmLA_0001_S277_E704_L364_T68_R684_B388,artalk,445,0.010972653515636921,0.00013859655882697552,0.005158104933798313
m3ZogsjvmLA,m3ZogsjvmLA_0001_S277_E704_L364_T68_R684_B388,multitalk,445,0.01419724803417921,0.00014136497338768095,0.006233314052224159
m3ZogsjvmLA,m3ZogsjvmLA_0001_S277_E704_L364_T68_R684_B388,codetalker,445,0.014047215692698956,0.0003251026791986078,0.008509773761034012
m3q4bKFCkio,m3q4bKFCkio_0000_S1247_E1919_L445_T35_R893_B483,dpt,560,0.015341399237513542,0.00014736274897586554,0.0052686044946312904
m3q4bKFCkio,m3q4bKFCkio_0000_S1247_E1919_L445_T35_R893_B483,artalk,561,0.010481550358235836,-5.469745156005956e-05,0.005151521414518356
m3q4bKFCkio,m3q4bKFCkio_0000_S1247_E1919_L445_T35_R893_B483,multitalk,560,0.015247617848217487,0.00014307042874861509,0.004758327733725309
m3q4bKFCkio,m3q4bKFCkio_0000_S1247_E1919_L445_T35_R893_B483,codetalker,562,0.014794774353504181,0.0001895517489174381,0.008303347043693066
m3q7itlxq14,m3q7itlxq14_0000_S1012_E1252_L470_T88_R790_B408,dpt,200,0.011257488280534744,0.000157307498739101,0.004128847736865282
m3q7itlxq14,m3q7itlxq14_0000_S1012_E1252_L470_T88_R790_B408,artalk,201,0.007627875544130802,3.236253542127088e-05,0.001944589545018971
m3q7itlxq14,m3q7itlxq14_0000_S1012_E1252_L470_T88_R790_B408,multitalk,200,0.010725216940045357,0.00015308921865653247,0.004454728681594133
m3q7itlxq14,m3q7itlxq14_0000_S1012_E1252_L470_T88_R790_B408,codetalker,202,0.009279035963118076,0.00020558513642754406,0.007530898787081242
m5_41I_BLc8,m5_41I_BLc8_0001_S1000_E1519_L402_T0_R834_B416,dpt,519,0.010305133648216724,6.466492777690291e-05,0.005249340087175369
m5_41I_BLc8,m5_41I_BLc8_0001_S1000_E1519_L402_T0_R834_B416,artalk,519,0.01010199449956417,-6.405676685972139e-05,0.0054719168692827225
m5_41I_BLc8,m5_41I_BLc8_0001_S1000_E1519_L402_T0_R834_B416,multitalk,519,0.011500108987092972,3.943367119063623e-05,0.00619178730994463
m5_41I_BLc8,m5_41I_BLc8_0001_S1000_E1519_L402_T0_R834_B416,codetalker,519,0.013902137987315655,4.5836390199838206e-05,0.009239801205694675
m9qPsbp-l00,m9qPsbp-l00_0028_S903_E1135_L438_T28_R806_B396,dpt,299,0.010673103854060173,0.00011766183888539672,0.004729806445538998
m9qPsbp-l00,m9qPsbp-l00_0028_S903_E1135_L438_T28_R806_B396,artalk,299,0.010323354974389076,-3.6899931728839874e-05,0.006047413684427738
m9qPsbp-l00,m9qPsbp-l00_0028_S903_E1135_L438_T28_R806_B396,multitalk,299,0.011450337246060371,0.00011722694034688175,0.0043751876801252365
m9qPsbp-l00,m9qPsbp-l00_0028_S903_E1135_L438_T28_R806_B396,codetalker,299,0.012120489031076431,0.00014297246525529772,0.008295525796711445
m9y0Kt9UFYc,m9y0Kt9UFYc_0022_S981_E1255_L455_T63_R871_B479,dpt,286,0.010968034155666828,0.00022916434681974351,0.00802255142480135
m9y0Kt9UFYc,m9y0Kt9UFYc_0022_S981_E1255_L455_T63_R871_B479,artalk,286,0.010000606998801231,0.00013349826622288674,0.006869491655379534
m9y0Kt9UFYc,m9y0Kt9UFYc_0022_S981_E1255_L455_T63_R871_B479,multitalk,286,0.011946193873882294,0.00019103725207969546,0.010069682262837887
m9y0Kt9UFYc,m9y0Kt9UFYc_0022_S981_E1255_L455_T63_R871_B479,codetalker,286,0.009639929980039597,0.0002471882035024464,0.004437454044818878
mAUNqn8QAFU,mAUNqn8QAFU_0000_S1259_E1811_L280_T0_R856_B512,dpt,460,0.011993159539997578,0.00015175589942373335,0.006774537265300751
mAUNqn8QAFU,mAUNqn8QAFU_0000_S1259_E1811_L280_T0_R856_B512,artalk,461,0.011460637673735619,-2.4535647753509693e-06,0.006684492342174053
mAUNqn8QAFU,mAUNqn8QAFU_0000_S1259_E1811_L280_T0_R856_B512,multitalk,460,0.00991806946694851,0.00014077837113291025,0.005784828681498766
mAUNqn8QAFU,mAUNqn8QAFU_0000_S1259_E1811_L280_T0_R856_B512,codetalker,462,0.014871939085423946,0.00014789661508984864,0.011789334006607533
mCghaYzVDxw,mCghaYzVDxw_0000_S1336_E1535_L431_T0_R1087_B608,dpt,207,0.013404463417828083,0.00010463308717589825,0.00550483725965023
mCghaYzVDxw,mCghaYzVDxw_0000_S1336_E1535_L431_T0_R1087_B608,artalk,207,0.012621626257896423,-3.333571658004075e-05,0.0058539919555187225
mCghaYzVDxw,mCghaYzVDxw_0000_S1336_E1535_L431_T0_R1087_B608,multitalk,207,0.012929649092257023,6.402760482160375e-05,0.003721880493685603
mCghaYzVDxw,mCghaYzVDxw_0000_S1336_E1535_L431_T0_R1087_B608,codetalker,207,0.016710668802261353,0.0001186362060252577,0.010530682280659676
mD24h-bbdMU,mD24h-bbdMU_0002_S0_E416_L221_T46_R653_B478,dpt,434,0.0071604447439312935,0.0002935921074822545,0.0025150582659989595
mD24h-bbdMU,mD24h-bbdMU_0002_S0_E416_L221_T46_R653_B478,artalk,434,0.0061707706190645695,0.0001931895676534623,0.0015707878628745675
mD24h-bbdMU,mD24h-bbdMU_0002_S0_E416_L221_T46_R653_B478,multitalk,434,0.009523400105535984,0.00024300745280925184,0.004750438965857029
mD24h-bbdMU,mD24h-bbdMU_0002_S0_E416_L221_T46_R653_B478,codetalker,434,0.006654808763414621,0.0002830201992765069,0.004765772260725498
mEP7QCH2oYc,mEP7QCH2oYc_0000_S230_E595_L595_T0_R915_B304,dpt,380,0.015258337371051311,0.00029234428075142205,0.007746229879558086
mEP7QCH2oYc,mEP7QCH2oYc_0000_S230_E595_L595_T0_R915_B304,artalk,381,0.012113490141928196,0.00020663866598624736,0.006465094164013863
mEP7QCH2oYc,mEP7QCH2oYc_0000_S230_E595_L595_T0_R915_B304,multitalk,380,0.012954478152096272,0.00023174178204499185,0.004628709517419338
mEP7QCH2oYc,mEP7QCH2oYc_0000_S230_E595_L595_T0_R915_B304,codetalker,381,0.016169579699635506,0.00033458368852734566,0.011408349499106407
mETDq4gwIkU,mETDq4gwIkU_0001_S107_E688_L536_T48_R952_B464,dpt,484,0.010056605562567711,8.915166836231947e-05,0.007340137846767902
mETDq4gwIkU,mETDq4gwIkU_0001_S107_E688_L536_T48_R952_B464,artalk,485,0.008529656566679478,-1.8651459186003194e-06,0.007554254960268736
mETDq4gwIkU,mETDq4gwIkU_0001_S107_E688_L536_T48_R952_B464,multitalk,484,0.014363955706357956,6.576252781087533e-05,0.010493368841707706
mETDq4gwIkU,mETDq4gwIkU_0001_S107_E688_L536_T48_R952_B464,codetalker,487,0.008992644026875496,0.00011590675421757624,0.0036846993025392294
mFRkTyvuamE,mFRkTyvuamE_0007_S1600_E1919_L501_T67_R789_B355,dpt,266,0.011850975453853607,5.2770421461900696e-05,0.0052017150446772575
mFRkTyvuamE,mFRkTyvuamE_0007_S1600_E1919_L501_T67_R789_B355,artalk,267,0.006560945883393288,3.910505256499164e-05,0.004789113067090511
mFRkTyvuamE,mFRkTyvuamE_0007_S1600_E1919_L501_T67_R789_B355,multitalk,266,0.015860334038734436,4.761068703373894e-05,0.003884105244651437
mFRkTyvuamE,mFRkTyvuamE_0007_S1600_E1919_L501_T67_R789_B355,codetalker,268,0.01150693278759718,0.00012042614253005013,0.0089162178337574
mLTM_vEz1jU,mLTM_vEz1jU_0000_S1208_E1587_L465_T83_R737_B355,dpt,316,0.009575174190104008,0.00026657406124286354,0.0031897779554128647
mLTM_vEz1jU,mLTM_vEz1jU_0000_S1208_E1587_L465_T83_R737_B355,artalk,317,0.007160162087529898,0.00022696338419336826,0.0022609028965234756
mLTM_vEz1jU,mLTM_vEz1jU_0000_S1208_E1587_L465_T83_R737_B355,multitalk,316,0.012104072608053684,0.00027139068697579205,0.0031850787345319986
mLTM_vEz1jU,mLTM_vEz1jU_0000_S1208_E1587_L465_T83_R737_B355,codetalker,318,0.007428271230310202,0.000311640469590202,0.004528695717453957
m_D83abmA4Q,m_D83abmA4Q_0002_S86_E289_L472_T48_R872_B448,dpt,203,0.010061748325824738,7.790655217831954e-05,0.0019966131076216698
m_D83abmA4Q,m_D83abmA4Q_0002_S86_E289_L472_T48_R872_B448,artalk,203,0.010886670090258121,-7.648421888006851e-05,0.0022336693946272135
m_D83abmA4Q,m_D83abmA4Q_0002_S86_E289_L472_T48_R872_B448,multitalk,203,0.0077046421356499195,5.754234007326886e-05,0.0021492403466254473
m_D83abmA4Q,m_D83abmA4Q_0002_S86_E289_L472_T48_R872_B448,codetalker,203,0.010908353142440319,6.021324952598661e-05,0.004751828033477068
mcZfJHqf4KY,mcZfJHqf4KY_0000_S1248_E1811_L298_T0_R858_B544,dpt,470,0.009308833628892899,0.00013163400581106544,0.003997280728071928
mcZfJHqf4KY,mcZfJHqf4KY_0000_S1248_E1811_L298_T0_R858_B544,artalk,471,0.010394085198640823,2.5443656340939924e-05,0.005070923361927271
mcZfJHqf4KY,mcZfJHqf4KY_0000_S1248_E1811_L298_T0_R858_B544,multitalk,470,0.010909604839980602,0.00019451366097200662,0.005091730039566755
mcZfJHqf4KY,mcZfJHqf4KY_0000_S1248_E1811_L298_T0_R858_B544,codetalker,471,0.011827890761196613,0.00021035372628830373,0.008109727874398232
mf8vuUJoNaI,mf8vuUJoNaI_0008_S860_E1103_L909_T0_R1277_B320,dpt,243,0.00944790430366993,1.2256952686584555e-05,0.00823854561895132
mf8vuUJoNaI,mf8vuUJoNaI_0008_S860_E1103_L909_T0_R1277_B320,artalk,243,0.008936897851526737,-6.312232926575234e-06,0.0059702214784920216
mf8vuUJoNaI,mf8vuUJoNaI_0008_S860_E1103_L909_T0_R1277_B320,multitalk,243,0.015319017693400383,3.072686376981437e-05,0.013482242822647095
mf8vuUJoNaI,mf8vuUJoNaI_0008_S860_E1103_L909_T0_R1277_B320,codetalker,243,0.007154337130486965,2.357105586270336e-05,0.003113360144197941
mfzWMIEVrFk,mfzWMIEVrFk_0000_S120_E549_L470_T56_R790_B376,dpt,429,0.010769723914563656,0.00019401177996769547,0.0029625187162309885
mfzWMIEVrFk,mfzWMIEVrFk_0000_S120_E549_L470_T56_R790_B376,artalk,429,0.005809768568724394,8.566846372559667e-05,0.0035231979563832283
mfzWMIEVrFk,mfzWMIEVrFk_0000_S120_E549_L470_T56_R790_B376,multitalk,429,0.010251241736114025,0.00019944075029343367,0.0035859744530171156
mfzWMIEVrFk,mfzWMIEVrFk_0000_S120_E549_L470_T56_R790_B376,codetalker,429,0.010503148660063744,0.00022129497665446252,0.007090943865478039
mjI_IyzUye0,mjI_IyzUye0_0003_S0_E714_L395_T0_R939_B432,dpt,595,0.011715162545442581,0.0003024090256076306,0.005416304338723421
mjI_IyzUye0,mjI_IyzUye0_0003_S0_E714_L395_T0_R939_B432,artalk,596,0.008117364719510078,0.00020979042164981365,0.0032385720405727625
mjI_IyzUye0,mjI_IyzUye0_0003_S0_E714_L395_T0_R939_B432,multitalk,594,0.010845091193914413,0.00028774881502613425,0.0037442706525325775
mjI_IyzUye0,mjI_IyzUye0_0003_S0_E714_L395_T0_R939_B432,codetalker,597,0.012021017260849476,0.00031327674514614046,0.00858247373253107
mqSucLmIFeg,mqSucLmIFeg_0000_S0_E499_L396_T78_R764_B446,dpt,499,0.012959691695868969,0.00020834208407904953,0.006716734729707241
mqSucLmIFeg,mqSucLmIFeg_0000_S0_E499_L396_T78_R764_B446,artalk,499,0.01096977200359106,0.00012895834515802562,0.008440564386546612
mqSucLmIFeg,mqSucLmIFeg_0000_S0_E499_L396_T78_R764_B446,multitalk,499,0.017635207623243332,0.0002016756625380367,0.0069576711393892765
mqSucLmIFeg,mqSucLmIFeg_0000_S0_E499_L396_T78_R764_B446,codetalker,499,0.013966696336865425,0.00021754713088739663,0.010429207235574722
mtXfzd53wRQ,mtXfzd53wRQ_0002_S577_E972_L417_T0_R897_B480,dpt,395,0.008435831405222416,0.0002902265405282378,0.0026523678097873926
mtXfzd53wRQ,mtXfzd53wRQ_0002_S577_E972_L417_T0_R897_B480,artalk,395,0.006912271957844496,0.00015462299052160233,0.003109288401901722
mtXfzd53wRQ,mtXfzd53wRQ_0002_S577_E972_L417_T0_R897_B480,multitalk,395,0.00820870790630579,0.00029444514075294137,0.0034216144122183323
mtXfzd53wRQ,mtXfzd53wRQ_0002_S577_E972_L417_T0_R897_B480,codetalker,395,0.008309051394462585,0.0003204818640369922,0.006648603361099958
mu1XN7ABANM,mu1XN7ABANM_0004_S1302_E1535_L306_T0_R1090_B704,dpt,233,0.014018470421433449,0.0002984068123623729,0.004340650513768196
mu1XN7ABANM,mu1XN7ABANM_0004_S1302_E1535_L306_T0_R1090_B704,artalk,233,0.01102415006607771,0.0001744417386362329,0.004051142372190952
mu1XN7ABANM,mu1XN7ABANM_0004_S1302_E1535_L306_T0_R1090_B704,multitalk,233,0.016709445044398308,0.00032036405173130333,0.00295188813470304
mu1XN7ABANM,mu1XN7ABANM_0004_S1302_E1535_L306_T0_R1090_B704,codetalker,233,0.014234937727451324,0.0003364286385476589,0.00733895692974329
myDLLgryIs8,myDLLgryIs8_0002_S75_E332_L492_T48_R748_B304,dpt,214,0.010140305384993553,0.0001661870046518743,0.005723794922232628
myDLLgryIs8,myDLLgryIs8_0002_S75_E332_L492_T48_R748_B304,artalk,215,0.008050221018493176,5.7408498832955956e-05,0.003248851280659437
myDLLgryIs8,myDLLgryIs8_0002_S75_E332_L492_T48_R748_B304,multitalk,214,0.009910167194902897,0.00020203817985020578,0.007804685737937689
myDLLgryIs8,myDLLgryIs8_0002_S75_E332_L492_T48_R748_B304,codetalker,216,0.009346215054392815,0.000255695020314306,0.0040324074216187
myaOG-5N12M,myaOG-5N12M_0002_S0_E430_L320_T15_R704_B399,dpt,358,0.007142700254917145,0.00023350445553660393,0.002128579653799534
myaOG-5N12M,myaOG-5N12M_0002_S0_E430_L320_T15_R704_B399,artalk,359,0.0069284942001104355,0.00011374400492059067,0.003333623055368662
myaOG-5N12M,myaOG-5N12M_0002_S0_E430_L320_T15_R704_B399,multitalk,358,0.008677132427692413,0.00023457621864508837,0.0020744469948112965
myaOG-5N12M,myaOG-5N12M_0002_S0_E430_L320_T15_R704_B399,codetalker,361,0.007943624630570412,0.00027597855660133064,0.004496279172599316
n9Gl1hBgjIU,n9Gl1hBgjIU_0011_S357_E573_L323_T0_R1091_B688,dpt,225,0.009708590805530548,0.00019761177827604115,0.0038796928711235523
n9Gl1hBgjIU,n9Gl1hBgjIU_0011_S357_E573_L323_T0_R1091_B688,artalk,225,0.008321678265929222,0.00012306009011808783,0.004616488236933947
n9Gl1hBgjIU,n9Gl1hBgjIU_0011_S357_E573_L323_T0_R1091_B688,multitalk,225,0.010785269550979137,0.0001857682509580627,0.0051738908514380455
n9Gl1hBgjIU,n9Gl1hBgjIU_0011_S357_E573_L323_T0_R1091_B688,codetalker,225,0.011319955810904503,0.00018769774760585278,0.006953292991966009
nHU621TjCi0,nHU621TjCi0_0001_S1445_E1746_L314_T18_R1002_B706,dpt,251,0.013633495196700096,0.0002853409096132964,0.003873256966471672
nHU621TjCi0,nHU621TjCi0_0001_S1445_E1746_L314_T18_R1002_B706,artalk,252,0.011469649150967598,0.0002017267543124035,0.004103980027139187
nHU621TjCi0,nHU621TjCi0_0001_S1445_E1746_L314_T18_R1002_B706,multitalk,251,0.0170834232121706,0.00030223908834159374,0.004628689959645271
nHU621TjCi0,nHU621TjCi0_0001_S1445_E1746_L314_T18_R1002_B706,codetalker,253,0.016638847067952156,0.00035422868677414954,0.009382846765220165
nISa7ahsQVY,nISa7ahsQVY_0001_S0_E240_L293_T174_R661_B542,dpt,200,0.012906786985695362,9.27470246097073e-05,0.010979226790368557
nISa7ahsQVY,nISa7ahsQVY_0001_S0_E240_L293_T174_R661_B542,artalk,201,0.011774079874157906,-5.3439365728991106e-05,0.00946242269128561
nISa7ahsQVY,nISa7ahsQVY_0001_S0_E240_L293_T174_R661_B542,multitalk,200,0.012849012389779091,8.392692689085379e-05,0.012702126055955887
nISa7ahsQVY,nISa7ahsQVY_0001_S0_E240_L293_T174_R661_B542,codetalker,202,0.00842581782490015,0.0001040639981511049,0.004960181657224894
nN4fDhAcGTM,nN4fDhAcGTM_0000_S1287_E1535_L198_T41_R934_B713,dpt,235,0.010959357023239136,0.00010296211985405535,0.004131611902266741
nN4fDhAcGTM,nN4fDhAcGTM_0000_S1287_E1535_L198_T41_R934_B713,artalk,235,0.01004430279135704,-6.538212619489059e-05,0.005072691943496466
nN4fDhAcGTM,nN4fDhAcGTM_0000_S1287_E1535_L198_T41_R934_B713,multitalk,234,0.01025436818599701,6.273676990531385e-05,0.003998167812824249
nN4fDhAcGTM,nN4fDhAcGTM_0000_S1287_E1535_L198_T41_R934_B713,codetalker,235,0.012781783007085323,9.660701471148059e-05,0.008235572837293148
nNuk96Rw2Ks,nNuk96Rw2Ks_0000_S1087_E1424_L443_T63_R763_B383,dpt,281,0.00752217834815383,0.0002782279043458402,0.002964709885418415
nNuk96Rw2Ks,nNuk96Rw2Ks_0000_S1087_E1424_L443_T63_R763_B383,artalk,282,0.007301832549273968,0.00017438312352169305,0.005112861283123493
nNuk96Rw2Ks,nNuk96Rw2Ks_0000_S1087_E1424_L443_T63_R763_B383,multitalk,281,0.009956665337085724,0.0002647309156600386,0.00355514045804739
nNuk96Rw2Ks,nNuk96Rw2Ks_0000_S1087_E1424_L443_T63_R763_B383,codetalker,283,0.012019176967442036,0.00029034921317361295,0.008804797194898129
nQeMM3bqM1M,nQeMM3bqM1M_0002_S1083_E1364_L588_T45_R908_B365,dpt,281,0.011563505977392197,0.00014749245019629598,0.005821451544761658
nQeMM3bqM1M,nQeMM3bqM1M_0002_S1083_E1364_L588_T45_R908_B365,artalk,281,0.009734589606523514,1.510834954387974e-05,0.004164938349276781
nQeMM3bqM1M,nQeMM3bqM1M_0002_S1083_E1364_L588_T45_R908_B365,multitalk,281,0.012428832240402699,0.00018228402768727392,0.006569725926965475
nQeMM3bqM1M,nQeMM3bqM1M_0002_S1083_E1364_L588_T45_R908_B365,codetalker,281,0.007802284322679043,0.0001884299999801442,0.002619958482682705
nQgkkH-o-aE,nQgkkH-o-aE_0000_S1239_E1713_L514_T40_R850_B376,dpt,395,0.006194169633090496,0.00030348674044944346,0.0025638355873525143
nQgkkH-o-aE,nQgkkH-o-aE_0000_S1239_E1713_L514_T40_R850_B376,artalk,396,0.005361334886401892,0.0001860977354226634,0.002053547650575638
nQgkkH-o-aE,nQgkkH-o-aE_0000_S1239_E1713_L514_T40_R850_B376,multitalk,395,0.006667833775281906,0.0003094368730671704,0.0028818557038903236
nQgkkH-o-aE,nQgkkH-o-aE_0000_S1239_E1713_L514_T40_R850_B376,codetalker,397,0.007087906822562218,0.00030651851557195187,0.004451415967196226
nQmB8u7aBZs,nQmB8u7aBZs_0003_S0_E514_L331_T40_R907_B616,dpt,536,0.007610502652823925,0.0001333471154794097,0.0026695108972489834
nQmB8u7aBZs,nQmB8u7aBZs_0003_S0_E514_L331_T40_R907_B616,artalk,536,0.007627181243151426,3.1979536288417876e-05,0.0025201120879501104
nQmB8u7aBZs,nQmB8u7aBZs_0003_S0_E514_L331_T40_R907_B616,multitalk,536,0.006938497070223093,0.00015411479398608208,0.00219551264308393
nQmB8u7aBZs,nQmB8u7aBZs_0003_S0_E514_L331_T40_R907_B616,codetalker,536,0.010465459898114204,0.0001809614332159981,0.006584001239389181
nQpuGwWyFQ0,nQpuGwWyFQ0_0003_S69_E336_L569_T0_R1001_B400,dpt,222,0.010075822472572327,7.575553172500804e-05,0.005388569086790085
nQpuGwWyFQ0,nQpuGwWyFQ0_0003_S69_E336_L569_T0_R1001_B400,artalk,223,0.009312933310866356,-6.21764047536999e-05,0.006135343573987484
nQpuGwWyFQ0,nQpuGwWyFQ0_0003_S69_E336_L569_T0_R1001_B400,multitalk,222,0.008995591662824154,3.937608562409878e-05,0.005428433418273926
nQpuGwWyFQ0,nQpuGwWyFQ0_0003_S69_E336_L569_T0_R1001_B400,codetalker,224,0.010704760439693928,0.00011811806325567886,0.008285288698971272
nSsQFG8QzcE,nSsQFG8QzcE_0000_S1655_E1919_L267_T0_R827_B496,dpt,220,0.01141691766679287,0.00014175391697790474,0.00600550277158618
nSsQFG8QzcE,nSsQFG8QzcE_0000_S1655_E1919_L267_T0_R827_B496,artalk,221,0.009098952636122704,5.617077476927079e-05,0.006082065403461456
nSsQFG8QzcE,nSsQFG8QzcE_0000_S1655_E1919_L267_T0_R827_B496,multitalk,220,0.014203806407749653,0.00010866935917874798,0.008682139217853546
nSsQFG8QzcE,nSsQFG8QzcE_0000_S1655_E1919_L267_T0_R827_B496,codetalker,222,0.010078152641654015,0.00020398742344696075,0.005108787678182125
nZQ_jnOVFeU,nZQ_jnOVFeU_0003_S230_E549_L574_T5_R974_B405,dpt,319,0.010218781419098377,0.00011841870582429692,0.009212450124323368
nZQ_jnOVFeU,nZQ_jnOVFeU_0003_S230_E549_L574_T5_R974_B405,artalk,319,0.012217288836836815,1.633236934139859e-05,0.008636624552309513
nZQ_jnOVFeU,nZQ_jnOVFeU_0003_S230_E549_L574_T5_R974_B405,multitalk,319,0.010936254635453224,0.00017753787687979639,0.007302036043256521
nZQ_jnOVFeU,nZQ_jnOVFeU_0003_S230_E549_L574_T5_R974_B405,codetalker,319,0.010927285067737103,0.00014863906835671514,0.00671914080157876
n__HtO28X8M,n__HtO28X8M_0007_S1191_E1759_L616_T9_R1064_B457,dpt,473,0.011114655062556267,0.0002071888739010319,0.003637563204392791
n__HtO28X8M,n__HtO28X8M_0007_S1191_E1759_L616_T9_R1064_B457,artalk,474,0.006552698090672493,0.00012078772124368697,0.002033679746091366
n__HtO28X8M,n__HtO28X8M_0007_S1191_E1759_L616_T9_R1064_B457,multitalk,473,0.017387913540005684,0.0002069716720143333,0.005064024124294519
n__HtO28X8M,n__HtO28X8M_0007_S1191_E1759_L616_T9_R1064_B457,codetalker,475,0.010845672339200974,0.00026805026573129,0.005811507347971201
ngdwHwnLCt8,ngdwHwnLCt8_0012_S471_E705_L300_T92_R716_B508,dpt,234,0.008689641952514648,0.00021697393094655126,0.0024112723767757416
ngdwHwnLCt8,ngdwHwnLCt8_0012_S471_E705_L300_T92_R716_B508,artalk,234,0.00832210574299097,0.00014583885786123574,0.003821990918368101
ngdwHwnLCt8,ngdwHwnLCt8_0012_S471_E705_L300_T92_R716_B508,multitalk,234,0.01147353183478117,0.0002170567458961159,0.0034674913622438908
ngdwHwnLCt8,ngdwHwnLCt8_0012_S471_E705_L300_T92_R716_B508,codetalker,234,0.010233044624328613,0.00026926002465188503,0.005432567093521357
nkCgvEXj7FQ,nkCgvEXj7FQ_0000_S1095_E1368_L278_T4_R582_B308,dpt,228,0.010754858143627644,6.707227294100448e-05,0.006935417652130127
nkCgvEXj7FQ,nkCgvEXj7FQ_0000_S1095_E1368_L278_T4_R582_B308,artalk,229,0.008095843717455864,-3.8253569073276594e-05,0.004781706258654594
nkCgvEXj7FQ,nkCgvEXj7FQ_0000_S1095_E1368_L278_T4_R582_B308,multitalk,228,0.008657829836010933,7.099089270923287e-05,0.006091425195336342
nkCgvEXj7FQ,nkCgvEXj7FQ_0000_S1095_E1368_L278_T4_R582_B308,codetalker,229,0.008724167943000793,0.00010789246152853593,0.004347614012658596
noYQhtNG-RA,noYQhtNG-RA_0000_S1115_E1450_L470_T14_R838_B382,dpt,279,0.010208928026258945,0.00022546244144905359,0.003116136882454157
noYQhtNG-RA,noYQhtNG-RA_0000_S1115_E1450_L470_T14_R838_B382,artalk,280,0.007301919627934694,0.0001792243856471032,0.0032221879810094833
noYQhtNG-RA,noYQhtNG-RA_0000_S1115_E1450_L470_T14_R838_B382,multitalk,279,0.014006403274834156,0.00022314919624477625,0.0050845458172261715
noYQhtNG-RA,noYQhtNG-RA_0000_S1115_E1450_L470_T14_R838_B382,codetalker,281,0.011272440664470196,0.0002936114033218473,0.007149596232920885
nor0P6jwoeg,nor0P6jwoeg_0002_S777_E1083_L781_T29_R1165_B413,dpt,319,0.016294419765472412,0.0001093129176297225,0.01515356358140707
nor0P6jwoeg,nor0P6jwoeg_0002_S777_E1083_L781_T29_R1165_B413,artalk,319,0.016510147601366043,-3.927622674382292e-05,0.014417815953493118
nor0P6jwoeg,nor0P6jwoeg_0002_S777_E1083_L781_T29_R1165_B413,multitalk,319,0.0140351802110672,0.00014430996088776737,0.014485045336186886
nor0P6jwoeg,nor0P6jwoeg_0002_S777_E1083_L781_T29_R1165_B413,codetalker,319,0.011521453969180584,0.0001457788748666644,0.008022869005799294
nsqOggafySQ,nsqOggafySQ_0000_S90_E505_L18_T0_R546_B512,dpt,345,0.00791100226342678,2.644143023644574e-05,0.00462727528065443
nsqOggafySQ,nsqOggafySQ_0000_S90_E505_L18_T0_R546_B512,artalk,346,0.009070961736142635,-8.210975647671148e-05,0.004823123104870319
nsqOggafySQ,nsqOggafySQ_0000_S90_E505_L18_T0_R546_B512,multitalk,345,0.009481839835643768,4.0165494283428416e-05,0.006077777594327927
nsqOggafySQ,nsqOggafySQ_0000_S90_E505_L18_T0_R546_B512,codetalker,348,0.009205701760947704,7.599577656947076e-05,0.003954996820539236
nu3p9JQ4ykM,nu3p9JQ4ykM_0002_S79_E281_L297_T2_R841_B546,dpt,202,0.00791682954877615,0.00012901263835374266,0.0022724324371665716
nu3p9JQ4ykM,nu3p9JQ4ykM_0002_S79_E281_L297_T2_R841_B546,artalk,202,0.008791059255599976,8.399486432608683e-06,0.004199329763650894
nu3p9JQ4ykM,nu3p9JQ4ykM_0002_S79_E281_L297_T2_R841_B546,multitalk,201,0.007790995296090841,0.00013601945829577744,0.0034704646095633507
nu3p9JQ4ykM,nu3p9JQ4ykM_0002_S79_E281_L297_T2_R841_B546,codetalker,202,0.008319143205881119,0.00018756075587589294,0.004835369065403938
nujU66hnemE,nujU66hnemE_0022_S1058_E1310_L522_T63_R842_B383,dpt,210,0.008711403235793114,0.00023300621251109987,0.00311895995400846
nujU66hnemE,nujU66hnemE_0022_S1058_E1310_L522_T63_R842_B383,artalk,211,0.00799043383449316,0.00012245096149854362,0.002176241483539343
nujU66hnemE,nujU66hnemE_0022_S1058_E1310_L522_T63_R842_B383,multitalk,210,0.015719592571258545,-0.0005721258348785341,0.006072347983717918
nujU66hnemE,nujU66hnemE_0022_S1058_E1310_L522_T63_R842_B383,codetalker,212,0.009714726358652115,0.00027768235304392874,0.005766007117927074
nvGGjCIIrm0,nvGGjCIIrm0_0000_S1264_E1535_L377_T96_R713_B432,dpt,271,0.007609046995639801,0.00013230244803708047,0.001794849755242467
nvGGjCIIrm0,nvGGjCIIrm0_0000_S1264_E1535_L377_T96_R713_B432,artalk,271,0.00618934677913785,2.278816100442782e-05,0.003117159940302372
nvGGjCIIrm0,nvGGjCIIrm0_0000_S1264_E1535_L377_T96_R713_B432,multitalk,270,0.00798068381845951,0.0001610232429811731,0.0018512068782001734
nvGGjCIIrm0,nvGGjCIIrm0_0000_S1264_E1535_L377_T96_R713_B432,codetalker,271,0.010248175822198391,0.00019019620958715677,0.007161720190197229
nyes4M2CbtI,nyes4M2CbtI_0000_S692_E1010_L368_T36_R704_B372,dpt,265,0.010190973989665508,0.00023735620197840035,0.003264487022534013
nyes4M2CbtI,nyes4M2CbtI_0000_S692_E1010_L368_T36_R704_B372,artalk,266,0.007843468338251114,9.225272515323013e-05,0.00409722700715065
nyes4M2CbtI,nyes4M2CbtI_0000_S692_E1010_L368_T36_R704_B372,multitalk,265,0.013923726975917816,0.00018875491514336318,0.004190742038190365
nyes4M2CbtI,nyes4M2CbtI_0000_S692_E1010_L368_T36_R704_B372,codetalker,267,0.010635691694915295,0.00026076353969983757,0.006874085403978825
nyxYzQVqo20,nyxYzQVqo20_0009_S270_E667_L259_T0_R851_B464,dpt,331,0.014134488068521023,0.0002412162284599617,0.0029599987901747227
nyxYzQVqo20,nyxYzQVqo20_0009_S270_E667_L259_T0_R851_B464,artalk,332,0.010041661560535431,0.0001426019734935835,0.002256262581795454
nyxYzQVqo20,nyxYzQVqo20_0009_S270_E667_L259_T0_R851_B464,multitalk,331,0.013173270039260387,0.00020773721917066723,0.0032393690198659897
nyxYzQVqo20,nyxYzQVqo20_0009_S270_E667_L259_T0_R851_B464,codetalker,334,0.012109128758311272,0.00024969351943582296,0.0037407868076115847
o0lvhDX6DXc,o0lvhDX6DXc_0000_S47_E612_L525_T13_R1037_B525,dpt,589,0.012334021739661694,6.505105557153001e-05,0.006335177458822727
o0lvhDX6DXc,o0lvhDX6DXc_0000_S47_E612_L525_T13_R1037_B525,artalk,590,0.011369862593710423,-5.632120883092284e-05,0.006375822238624096
o0lvhDX6DXc,o0lvhDX6DXc_0000_S47_E612_L525_T13_R1037_B525,multitalk,589,0.014262703247368336,0.00010507541446713731,0.008496913127601147
o0lvhDX6DXc,o0lvhDX6DXc_0000_S47_E612_L525_T13_R1037_B525,codetalker,590,0.013031674548983574,0.00011431490565882996,0.003642797004431486
o3z2CwnY_5M,o3z2CwnY_5M_0006_S1362_E1756_L491_T77_R763_B349,dpt,329,0.00798268336802721,0.0002778831694740802,0.003388890065252781
o3z2CwnY_5M,o3z2CwnY_5M_0006_S1362_E1756_L491_T77_R763_B349,artalk,330,0.00515185110270977,0.00018985946371685714,0.002171138534322381
o3z2CwnY_5M,o3z2CwnY_5M_0006_S1362_E1756_L491_T77_R763_B349,multitalk,329,0.014416496269404888,0.0002635137061588466,0.004116034600883722
o3z2CwnY_5M,o3z2CwnY_5M_0006_S1362_E1756_L491_T77_R763_B349,codetalker,331,0.009320748969912529,0.0003181225329171866,0.004385631065815687
o5ufkJMr24c,o5ufkJMr24c_0007_S1100_E1313_L375_T52_R919_B596,dpt,213,0.010649719275534153,0.00036629836540669203,0.007830417715013027
o5ufkJMr24c,o5ufkJMr24c_0007_S1100_E1313_L375_T52_R919_B596,artalk,213,0.007875612005591393,0.0002074495714623481,0.0061553348787128925
o5ufkJMr24c,o5ufkJMr24c_0007_S1100_E1313_L375_T52_R919_B596,multitalk,212,0.012448353692889214,0.00036044284934177995,0.00333584425970912
o5ufkJMr24c,o5ufkJMr24c_0007_S1100_E1313_L375_T52_R919_B596,codetalker,213,0.011799401603639126,0.00036911029019393027,0.0040912204422056675
oBRZ8sD-OjE,oBRZ8sD-OjE_0000_S0_E415_L526_T62_R878_B414,dpt,415,0.007893087342381477,4.790475941263139e-05,0.003110715188086033
oBRZ8sD-OjE,oBRZ8sD-OjE_0000_S0_E415_L526_T62_R878_B414,artalk,415,0.005768660455942154,-4.230367630952969e-05,0.0023653877433389425
oBRZ8sD-OjE,oBRZ8sD-OjE_0000_S0_E415_L526_T62_R878_B414,multitalk,414,0.011956917122006416,5.430897726910189e-05,0.002507757628336549
oBRZ8sD-OjE,oBRZ8sD-OjE_0000_S0_E415_L526_T62_R878_B414,codetalker,415,0.010194271802902222,0.00012383871944621205,0.005303423851728439
oCM304tbwcM,oCM304tbwcM_0006_S272_E690_L677_T179_R1029_B531,dpt,435,0.011162993498146534,0.00016260601114481688,0.0033963657915592194
oCM304tbwcM,oCM304tbwcM_0006_S272_E690_L677_T179_R1029_B531,artalk,436,0.010896285995841026,4.4481777877081186e-05,0.003644170006737113
oCM304tbwcM,oCM304tbwcM_0006_S272_E690_L677_T179_R1029_B531,multitalk,435,0.014400593936443329,0.00020505722204688936,0.005690735299140215
oCM304tbwcM,oCM304tbwcM_0006_S272_E690_L677_T179_R1029_B531,codetalker,436,0.008234151639044285,0.00019354121468495578,0.003412011079490185
oKC8ikzEFIA,oKC8ikzEFIA_0000_S1390_E1722_L510_T48_R862_B400,dpt,277,0.011025184765458107,0.00017144475714303553,0.004240250680595636
oKC8ikzEFIA,oKC8ikzEFIA_0000_S1390_E1722_L510_T48_R862_B400,artalk,278,0.010122844949364662,2.1315310732461512e-05,0.0027332135941833258
oKC8ikzEFIA,oKC8ikzEFIA_0000_S1390_E1722_L510_T48_R862_B400,multitalk,277,0.009928864426910877,0.00018622339121066034,0.00534712104126811
oKC8ikzEFIA,oKC8ikzEFIA_0000_S1390_E1722_L510_T48_R862_B400,codetalker,279,0.013707799836993217,0.000235440005781129,0.004832676146179438
oMbvC_siQyc,oMbvC_siQyc_0000_S2_E461_L66_T0_R1026_B704,dpt,478,0.010165032930672169,0.0002219751913798973,0.0020205394830554724
oMbvC_siQyc,oMbvC_siQyc_0000_S2_E461_L66_T0_R1026_B704,artalk,479,0.009096559137105942,9.127419616561383e-05,0.0032848133705556393
oMbvC_siQyc,oMbvC_siQyc_0000_S2_E461_L66_T0_R1026_B704,multitalk,478,0.017980849370360374,0.00021696108160540462,0.004299676511436701
oMbvC_siQyc,oMbvC_siQyc_0000_S2_E461_L66_T0_R1026_B704,codetalker,479,0.011608247645199299,0.00020026633865199983,0.004256665240973234
oNGKZrLIO0U,oNGKZrLIO0U_0000_S1013_E1422_L473_T38_R729_B294,dpt,341,0.007785876281559467,0.0001939377107191831,0.001694964710623026
oNGKZrLIO0U,oNGKZrLIO0U_0000_S1013_E1422_L473_T38_R729_B294,artalk,342,0.006852755788713694,7.91722850408405e-05,0.002442333148792386
oNGKZrLIO0U,oNGKZrLIO0U_0000_S1013_E1422_L473_T38_R729_B294,multitalk,341,0.008484029211103916,0.00016102453810162842,0.004384041763842106
oNGKZrLIO0U,oNGKZrLIO0U_0000_S1013_E1422_L473_T38_R729_B294,codetalker,343,0.00800436083227396,0.00017203963943757117,0.004964432679116726
oOdNHtF_s5o,oOdNHtF_s5o_0002_S599_E817_L438_T75_R934_B571,dpt,247,0.01070653647184372,6.350762123474851e-05,0.004823359195142984
oOdNHtF_s5o,oOdNHtF_s5o_0002_S599_E817_L438_T75_R934_B571,artalk,248,0.007540348917245865,-5.097058237879537e-05,0.003369655692949891
oOdNHtF_s5o,oOdNHtF_s5o_0002_S599_E817_L438_T75_R934_B571,multitalk,247,0.013613409362733364,2.871130345738493e-05,0.006497000344097614
oOdNHtF_s5o,oOdNHtF_s5o_0002_S599_E817_L438_T75_R934_B571,codetalker,248,0.011753661558032036,0.00010195594950346276,0.005395360756665468
oSBD9lej7oA,oSBD9lej7oA_0001_S0_E295_L264_T0_R1000_B672,dpt,307,0.011731375008821487,0.00029033879400230944,0.007799444254487753
oSBD9lej7oA,oSBD9lej7oA_0001_S0_E295_L264_T0_R1000_B672,artalk,308,0.012632801197469234,0.00020862367819063365,0.006173986010253429
oSBD9lej7oA,oSBD9lej7oA_0001_S0_E295_L264_T0_R1000_B672,multitalk,307,0.010579562745988369,0.0002939951082225889,0.010429098270833492
oSBD9lej7oA,oSBD9lej7oA_0001_S0_E295_L264_T0_R1000_B672,codetalker,308,0.013675615191459656,0.0003172121068928391,0.003805732587352395
oWVfSS5m5LY,oWVfSS5m5LY_0001_S811_E1407_L365_T0_R1005_B576,dpt,621,0.009500904008746147,0.0002968435001093894,0.004958985839039087
oWVfSS5m5LY,oWVfSS5m5LY_0001_S811_E1407_L365_T0_R1005_B576,artalk,622,0.00792685616761446,0.00019451316620688885,0.003736328100785613
oWVfSS5m5LY,oWVfSS5m5LY_0001_S811_E1407_L365_T0_R1005_B576,multitalk,621,0.010786841623485088,0.00027222183416597545,0.0067199100740253925
oWVfSS5m5LY,oWVfSS5m5LY_0001_S811_E1407_L365_T0_R1005_B576,codetalker,622,0.010751345194876194,0.0003368319303262979,0.004722080659121275
oWqLRywhozk,oWqLRywhozk_0003_S678_E989_L442_T76_R698_B332,dpt,259,0.015493291430175304,1.5862355212448165e-05,0.01296239160001278
oWqLRywhozk,oWqLRywhozk_0003_S678_E989_L442_T76_R698_B332,artalk,260,0.015165558084845543,-5.836341006215662e-05,0.011070771142840385
oWqLRywhozk,oWqLRywhozk_0003_S678_E989_L442_T76_R698_B332,multitalk,259,0.014223668724298477,2.3560452973470092e-05,0.011980386450886726
oWqLRywhozk,oWqLRywhozk_0003_S678_E989_L442_T76_R698_B332,codetalker,261,0.009532439522445202,6.473818211816251e-05,0.004565397743135691
oYKlQPSZr9A,oYKlQPSZr9A_0001_S524_E899_L598_T80_R886_B368,dpt,391,0.006610279902815819,0.00014222992467693985,0.002091312315315008
oYKlQPSZr9A,oYKlQPSZr9A_0001_S524_E899_L598_T80_R886_B368,artalk,391,0.00588613748550415,1.632740895729512e-05,0.0030133239924907684
oYKlQPSZr9A,oYKlQPSZr9A_0001_S524_E899_L598_T80_R886_B368,multitalk,391,0.007945074699819088,0.00013869181566406041,0.0031263267155736685
oYKlQPSZr9A,oYKlQPSZr9A_0001_S524_E899_L598_T80_R886_B368,codetalker,391,0.008045745082199574,0.00018649605044629425,0.0049958243034780025
oarLQY6VJzs,oarLQY6VJzs_0000_S262_E568_L460_T59_R812_B411,dpt,255,0.007315909489989281,0.00022408299264498055,0.0020998904947191477
oarLQY6VJzs,oarLQY6VJzs_0000_S262_E568_L460_T59_R812_B411,artalk,256,0.0064391870982944965,0.00014436223136726767,0.002748198574408889
oarLQY6VJzs,oarLQY6VJzs_0000_S262_E568_L460_T59_R812_B411,multitalk,255,0.007642306387424469,0.00022051033738534898,0.0029069436714053154
oarLQY6VJzs,oarLQY6VJzs_0000_S262_E568_L460_T59_R812_B411,codetalker,257,0.009835859760642052,0.0002509843616280705,0.006799052003771067
oe4VZ1YDL9Y,oe4VZ1YDL9Y_0000_S1153_E1440_L889_T272_R1273_B672,dpt,239,0.009451581165194511,5.0982296670554206e-05,0.005511036608368158
oe4VZ1YDL9Y,oe4VZ1YDL9Y_0000_S1153_E1440_L889_T272_R1273_B672,artalk,240,0.006238745059818029,-5.114946179674007e-05,0.0038401528727263212
oe4VZ1YDL9Y,oe4VZ1YDL9Y_0000_S1153_E1440_L889_T272_R1273_B672,multitalk,239,0.014253496192395687,7.471733988495544e-05,0.003562893019989133
oe4VZ1YDL9Y,oe4VZ1YDL9Y_0000_S1153_E1440_L889_T272_R1273_B672,codetalker,241,0.009086869657039642,0.00010809197556227446,0.0038604694418609142
ofWA7ERRwzs,ofWA7ERRwzs_0000_S3_E481_L405_T84_R933_B612,dpt,398,0.010347466915845871,0.00022796267876401544,0.0026898265350610018
ofWA7ERRwzs,ofWA7ERRwzs_0000_S3_E481_L405_T84_R933_B612,artalk,399,0.0073863607831299305,0.0001226454769494012,0.0020327239762991667
ofWA7ERRwzs,ofWA7ERRwzs_0000_S3_E481_L405_T84_R933_B612,multitalk,398,0.010700738988816738,0.0002302117645740509,0.0029762249905616045
ofWA7ERRwzs,ofWA7ERRwzs_0000_S3_E481_L405_T84_R933_B612,codetalker,400,0.012007499113678932,0.0002322975778952241,0.0042168148793280125
om1FNUWg4yo,om1FNUWg4yo_0002_S863_E1193_L0_T199_R400_B615,dpt,275,0.01249947864562273,5.62367495149374e-05,0.005294014699757099
om1FNUWg4yo,om1FNUWg4yo_0002_S863_E1193_L0_T199_R400_B615,artalk,276,0.013236488215625286,-1.2615018022188451e-05,0.004053398501127958
om1FNUWg4yo,om1FNUWg4yo_0002_S863_E1193_L0_T199_R400_B615,multitalk,275,0.011348564177751541,5.363269883673638e-05,0.006458934862166643
om1FNUWg4yo,om1FNUWg4yo_0002_S863_E1193_L0_T199_R400_B615,codetalker,277,0.010275769978761673,0.00012784937280230224,0.00482991524040699
oonc4u-Adbc,oonc4u-Adbc_0000_S1083_E1436_L251_T78_R715_B542,dpt,294,0.009400076232850552,0.0001058006237144582,0.0030577373690903187
oonc4u-Adbc,oonc4u-Adbc_0000_S1083_E1436_L251_T78_R715_B542,artalk,295,0.007366010919213295,4.755824920721352e-05,0.003906234633177519
oonc4u-Adbc,oonc4u-Adbc_0000_S1083_E1436_L251_T78_R715_B542,multitalk,294,0.008533524349331856,0.00011532992357388139,0.003429838689044118
oonc4u-Adbc,oonc4u-Adbc_0000_S1083_E1436_L251_T78_R715_B542,codetalker,296,0.01251443475484848,0.0001766073692124337,0.009665192104876041
p2tdlkmZ8D4,p2tdlkmZ8D4_0001_S421_E661_L428_T0_R924_B480,dpt,240,0.008565985597670078,0.00034297091769985855,0.0024391196202486753
p2tdlkmZ8D4,p2tdlkmZ8D4_0001_S421_E661_L428_T0_R924_B480,artalk,240,0.008574315346777439,0.0002970850619021803,0.0027357705403119326
p2tdlkmZ8D4,p2tdlkmZ8D4_0001_S421_E661_L428_T0_R924_B480,multitalk,240,0.010175596922636032,0.0002936614619102329,0.0026829608250409365
p2tdlkmZ8D4,p2tdlkmZ8D4_0001_S421_E661_L428_T0_R924_B480,codetalker,240,0.011549747548997402,0.00036259254557080567,0.006891687400639057
p9ijo4bNOJI,p9ijo4bNOJI_0003_S877_E1173_L286_T0_R990_B656,dpt,247,0.015107670798897743,0.00010366526839789003,0.00843434501439333
p9ijo4bNOJI,p9ijo4bNOJI_0003_S877_E1173_L286_T0_R990_B656,artalk,248,0.01163151953369379,0.00011287519737379625,0.008136722259223461
p9ijo4bNOJI,p9ijo4bNOJI_0003_S877_E1173_L286_T0_R990_B656,multitalk,247,0.016750745475292206,5.330876956577413e-05,0.010334436781704426
p9ijo4bNOJI,p9ijo4bNOJI_0003_S877_E1173_L286_T0_R990_B656,codetalker,249,0.017138080671429634,0.00014153143274597824,0.012223726138472557
pBoDJqyONC4,pBoDJqyONC4_0002_S842_E1159_L522_T49_R810_B337,dpt,264,0.017505589872598648,0.00013752873928751796,0.01073688268661499
pBoDJqyONC4,pBoDJqyONC4_0002_S842_E1159_L522_T49_R810_B337,artalk,265,0.017949555069208145,0.00010878083412535489,0.009982950985431671
pBoDJqyONC4,pBoDJqyONC4_0002_S842_E1159_L522_T49_R810_B337,multitalk,264,0.01221608929336071,0.00016666440933477134,0.008128823712468147
pBoDJqyONC4,pBoDJqyONC4_0002_S842_E1159_L522_T49_R810_B337,codetalker,267,0.01195483934134245,0.00017444902914576232,0.004876132123172283
pD9cAOBZDj4,pD9cAOBZDj4_0002_S544_E859_L307_T0_R1011_B672,dpt,328,0.015558524988591671,0.0001710828801151365,0.004741980694234371
pD9cAOBZDj4,pD9cAOBZDj4_0002_S544_E859_L307_T0_R1011_B672,artalk,328,0.008416593074798584,5.4594413086306304e-05,0.0033554232213646173
pD9cAOBZDj4,pD9cAOBZDj4_0002_S544_E859_L307_T0_R1011_B672,multitalk,328,0.014662732370197773,0.00017146585742011666,0.005736573599278927
pD9cAOBZDj4,pD9cAOBZDj4_0002_S544_E859_L307_T0_R1011_B672,codetalker,328,0.01287543773651123,0.00019919713668059558,0.006114525720477104
pDySXCjwXJg,pDySXCjwXJg_0000_S1532_E1938_L214_T0_R1110_B704,dpt,339,0.01767520047724247,0.00033053665538318455,0.006875128019601107
pDySXCjwXJg,pDySXCjwXJg_0000_S1532_E1938_L214_T0_R1110_B704,artalk,340,0.013697437942028046,0.00025527115212753415,0.008225362747907639
pDySXCjwXJg,pDySXCjwXJg_0000_S1532_E1938_L214_T0_R1110_B704,multitalk,338,0.01400388590991497,0.00033626638469286263,0.004128806758671999
pDySXCjwXJg,pDySXCjwXJg_0000_S1532_E1938_L214_T0_R1110_B704,codetalker,340,0.018894052132964134,0.0003941845498047769,0.011463888920843601
pI1feWHeUq4,pI1feWHeUq4_0000_S3_E551_L408_T94_R808_B494,dpt,457,0.012283232063055038,0.00021684469538740814,0.0033686694223433733
pI1feWHeUq4,pI1feWHeUq4_0000_S3_E551_L408_T94_R808_B494,artalk,458,0.008241042494773865,4.555036503006704e-05,0.002733047353103757
pI1feWHeUq4,pI1feWHeUq4_0000_S3_E551_L408_T94_R808_B494,multitalk,457,0.010691463015973568,2.8909556931466796e-05,0.0033017159439623356
pI1feWHeUq4,pI1feWHeUq4_0000_S3_E551_L408_T94_R808_B494,codetalker,459,0.01361370924860239,0.00022651920153293759,0.007179565727710724
pJznoC1fZ_U,pJznoC1fZ_U_0001_S924_E1205_L587_T178_R859_B450,dpt,281,0.008407835848629475,0.0002141747099813074,0.003739116480574012
pJznoC1fZ_U,pJznoC1fZ_U_0001_S924_E1205_L587_T178_R859_B450,artalk,281,0.008642071858048439,7.566042040707543e-05,0.0036513223312795162
pJznoC1fZ_U,pJznoC1fZ_U_0001_S924_E1205_L587_T178_R859_B450,multitalk,281,0.015724830329418182,-0.0002543468726798892,0.006772471126168966
pJznoC1fZ_U,pJznoC1fZ_U_0001_S924_E1205_L587_T178_R859_B450,codetalker,281,0.007911297492682934,0.00022766868642065674,0.0038145440630614758
pKu6GJdrKOM,pKu6GJdrKOM_0003_S1074_E1475_L276_T85_R580_B389,dpt,333,0.00824971403926611,9.829580085352063e-05,0.003990550525486469
pKu6GJdrKOM,pKu6GJdrKOM_0003_S1074_E1475_L276_T85_R580_B389,artalk,334,0.005334687419235706,-1.3821463653584942e-05,0.002342942403629422
pKu6GJdrKOM,pKu6GJdrKOM_0003_S1074_E1475_L276_T85_R580_B389,multitalk,333,0.010770579800009727,0.0001497193006798625,0.004660054109990597
pKu6GJdrKOM,pKu6GJdrKOM_0003_S1074_E1475_L276_T85_R580_B389,codetalker,335,0.007927687838673592,0.00016254899674095213,0.003906661178916693
pL3u5ztU9kA,pL3u5ztU9kA_0003_S506_E808_L349_T69_R797_B517,dpt,251,0.007853807881474495,0.0001732082018861547,0.0038688972126692533
pL3u5ztU9kA,pL3u5ztU9kA_0003_S506_E808_L349_T69_R797_B517,artalk,252,0.006636225152760744,3.0183655326254666e-05,0.0035991922486573458
pL3u5ztU9kA,pL3u5ztU9kA_0003_S506_E808_L349_T69_R797_B517,multitalk,251,0.009043882600963116,0.00019283230358269066,0.006753228139132261
pL3u5ztU9kA,pL3u5ztU9kA_0003_S506_E808_L349_T69_R797_B517,codetalker,255,0.007538843899965286,0.00021279546490404755,0.00423167971894145
pQMiwYP8mq0,pQMiwYP8mq0_0071_S1143_E1398_L532_T96_R820_B384,dpt,213,0.01407869067043066,0.0001340808958048001,0.009881376288831234
pQMiwYP8mq0,pQMiwYP8mq0_0071_S1143_E1398_L532_T96_R820_B384,artalk,214,0.013473358936607838,-8.298467946588062e-06,0.010139859281480312
pQMiwYP8mq0,pQMiwYP8mq0_0071_S1143_E1398_L532_T96_R820_B384,multitalk,212,0.01425154134631157,0.00011340713535901159,0.008210461586713791
pQMiwYP8mq0,pQMiwYP8mq0_0071_S1143_E1398_L532_T96_R820_B384,codetalker,214,0.015401951968669891,0.00019487047393340617,0.013128730468451977
pSeYDrDjV48,pSeYDrDjV48_0000_S725_E1067_L196_T4_R804_B612,dpt,357,0.007696426939219236,0.0003173166187480092,0.002101015066727996
pSeYDrDjV48,pSeYDrDjV48_0000_S725_E1067_L196_T4_R804_B612,artalk,357,0.007747981231659651,0.00023464170226361603,0.003201366402208805
pSeYDrDjV48,pSeYDrDjV48_0000_S725_E1067_L196_T4_R804_B612,multitalk,356,0.011590365320444107,0.0002983231097459793,0.003012001281604171
pSeYDrDjV48,pSeYDrDjV48_0000_S725_E1067_L196_T4_R804_B612,codetalker,357,0.007704845629632473,0.0003225866530556232,0.005365850869566202
pXg1P_wX79Q,pXg1P_wX79Q_0000_S1000_E1511_L494_T2_R958_B466,dpt,511,0.009058603085577488,0.00019361168961040676,0.0016031842678785324
pXg1P_wX79Q,pXg1P_wX79Q_0000_S1000_E1511_L494_T2_R958_B466,artalk,511,0.0051852744072675705,7.170339813455939e-05,0.001984371803700924
pXg1P_wX79Q,pXg1P_wX79Q_0000_S1000_E1511_L494_T2_R958_B466,multitalk,511,0.010420981794595718,8.932345372159034e-05,0.0021393452771008015
pXg1P_wX79Q,pXg1P_wX79Q_0000_S1000_E1511_L494_T2_R958_B466,codetalker,511,0.007053078152239323,0.00020926399156451225,0.004330468829721212
pZ3OMf01xJs,pZ3OMf01xJs_0000_S1195_E1406_L263_T0_R1015_B704,dpt,220,0.0123736672103405,0.00023756844166200608,0.0038260628934949636
pZ3OMf01xJs,pZ3OMf01xJs_0000_S1195_E1406_L263_T0_R1015_B704,artalk,220,0.010551968589425087,0.0001763172767823562,0.005151374731212854
pZ3OMf01xJs,pZ3OMf01xJs_0000_S1195_E1406_L263_T0_R1015_B704,multitalk,219,0.015809668228030205,0.0002778700436465442,0.007208672817796469
pZ3OMf01xJs,pZ3OMf01xJs_0000_S1195_E1406_L263_T0_R1015_B704,codetalker,220,0.01490977592766285,0.00034436644637025893,0.0071396538987755775
pb85Bw9sHY0,pb85Bw9sHY0_0000_S1221_E1530_L0_T0_R656_B624,dpt,296,0.011483779177069664,0.0002478560490999371,0.00295690237544477
pb85Bw9sHY0,pb85Bw9sHY0_0000_S1221_E1530_L0_T0_R656_B624,artalk,297,0.007309681735932827,0.00017461756942793727,0.0023592656943947077
pb85Bw9sHY0,pb85Bw9sHY0_0000_S1221_E1530_L0_T0_R656_B624,multitalk,296,0.009530603885650635,0.0002641319006215781,0.002523191971704364
pb85Bw9sHY0,pb85Bw9sHY0_0000_S1221_E1530_L0_T0_R656_B624,codetalker,297,0.011908252723515034,0.00027280120411887765,0.0064354208298027515
peYcx-xDiwg,peYcx-xDiwg_0000_S1201_E1484_L515_T18_R915_B418,dpt,294,0.007647016551345587,0.0001714137033559382,0.002624752465635538
peYcx-xDiwg,peYcx-xDiwg_0000_S1201_E1484_L515_T18_R915_B418,artalk,295,0.008287981152534485,7.47370722820051e-05,0.004130457062274218
peYcx-xDiwg,peYcx-xDiwg_0000_S1201_E1484_L515_T18_R915_B418,multitalk,294,0.010941335000097752,0.00014863780234009027,0.004188238643109798
peYcx-xDiwg,peYcx-xDiwg_0000_S1201_E1484_L515_T18_R915_B418,codetalker,295,0.009974546730518341,0.00019732036162167788,0.006647845264524221
phnXyHYku8k,phnXyHYku8k_0000_S1172_E1466_L366_T112_R686_B432,dpt,245,0.011282850056886673,0.0002941761049441993,0.004291248507797718
phnXyHYku8k,phnXyHYku8k_0000_S1172_E1466_L366_T112_R686_B432,artalk,246,0.008736000396311283,0.00019348521891515702,0.0037854029797017574
phnXyHYku8k,phnXyHYku8k_0000_S1172_E1466_L366_T112_R686_B432,multitalk,245,0.01317613571882248,0.00029779793112538755,0.005242752376943827
phnXyHYku8k,phnXyHYku8k_0000_S1172_E1466_L366_T112_R686_B432,codetalker,247,0.013360735960304737,0.0003319096576888114,0.007801920175552368
pidRKmq2iGI,pidRKmq2iGI_0000_S276_E731_L77_T2_R461_B386,dpt,455,0.008011246100068092,0.00014788327098358423,0.003153272671625018
pidRKmq2iGI,pidRKmq2iGI_0000_S276_E731_L77_T2_R461_B386,artalk,455,0.006121115759015083,5.961184433544986e-05,0.0025445029605180025
pidRKmq2iGI,pidRKmq2iGI_0000_S276_E731_L77_T2_R461_B386,multitalk,454,0.010682852007448673,0.00015439389972016215,0.0025151639711111784
pidRKmq2iGI,pidRKmq2iGI_0000_S276_E731_L77_T2_R461_B386,codetalker,455,0.009436948224902153,0.00021192172425799072,0.006723460741341114
pk5WuA39qzc,pk5WuA39qzc_0000_S789_E1090_L238_T18_R830_B610,dpt,251,0.009867867454886436,0.00018220714991912246,0.004254323896020651
pk5WuA39qzc,pk5WuA39qzc_0000_S789_E1090_L238_T18_R830_B610,artalk,252,0.00935250986367464,6.355873483698815e-05,0.003039813367649913
pk5WuA39qzc,pk5WuA39qzc_0000_S789_E1090_L238_T18_R830_B610,multitalk,251,0.010538015514612198,0.00021889383788220584,0.00395249342545867
pk5WuA39qzc,pk5WuA39qzc_0000_S789_E1090_L238_T18_R830_B610,codetalker,253,0.009672052226960659,0.00021317526989150792,0.005292836576700211
pkSnKgRHjU8,pkSnKgRHjU8_0000_S1497_E1811_L672_T175_R1024_B527,dpt,261,0.010129250586032867,7.110392743925331e-06,0.0057679940946400166
pkSnKgRHjU8,pkSnKgRHjU8_0000_S1497_E1811_L672_T175_R1024_B527,artalk,262,0.007595493458211422,-0.0001289138599531725,0.006155132316052914
pkSnKgRHjU8,pkSnKgRHjU8_0000_S1497_E1811_L672_T175_R1024_B527,multitalk,261,0.01504399161785841,-5.233790579950437e-05,0.0026473684702068567
pkSnKgRHjU8,pkSnKgRHjU8_0000_S1497_E1811_L672_T175_R1024_B527,codetalker,263,0.013585638254880905,3.8060643419157714e-05,0.011022829450666904
pnmOhTbhKhc,pnmOhTbhKhc_0011_S45_E410_L832_T31_R1136_B335,dpt,304,0.007064469624310732,6.850362115073949e-05,0.003072268795222044
pnmOhTbhKhc,pnmOhTbhKhc_0011_S45_E410_L832_T31_R1136_B335,artalk,305,0.006222967058420181,-5.5419466661987826e-05,0.0032345016952604055
pnmOhTbhKhc,pnmOhTbhKhc_0011_S45_E410_L832_T31_R1136_B335,multitalk,304,0.015161645598709583,6.740971002727747e-05,0.0021203183569014072
pnmOhTbhKhc,pnmOhTbhKhc_0011_S45_E410_L832_T31_R1136_B335,codetalker,307,0.008415472693741322,9.460196451982483e-05,0.00533820316195488
pru-95YczT4,pru-95YczT4_0000_S1151_E1535_L257_T0_R1041_B656,dpt,313,0.008306443691253662,0.00020352739375084639,0.0029050917364656925
pru-95YczT4,pru-95YczT4_0000_S1151_E1535_L257_T0_R1041_B656,artalk,313,0.006656109821051359,0.00010629757889546454,0.0027847823221236467
pru-95YczT4,pru-95YczT4_0000_S1151_E1535_L257_T0_R1041_B656,multitalk,313,0.010003075934946537,0.0001431467680959031,0.0056670731864869595
pru-95YczT4,pru-95YczT4_0000_S1151_E1535_L257_T0_R1041_B656,codetalker,313,0.00790149811655283,0.00019853173580486327,0.006324463523924351
psfAc33Ok94,psfAc33Ok94_0005_S1273_E1795_L578_T0_R898_B288,dpt,406,0.008671985007822514,0.00033438694663345814,0.004589844960719347
psfAc33Ok94,psfAc33Ok94_0005_S1273_E1795_L578_T0_R898_B288,artalk,407,0.008197438903152943,0.00022990537399891764,0.0035338038578629494
psfAc33Ok94,psfAc33Ok94_0005_S1273_E1795_L578_T0_R898_B288,multitalk,406,0.007716349791735411,0.00036043967702426016,0.006490541622042656
psfAc33Ok94,psfAc33Ok94_0005_S1273_E1795_L578_T0_R898_B288,codetalker,409,0.0070734042674303055,0.00034415104892104864,0.0035979067906737328
puZZoKkv2Nk,puZZoKkv2Nk_0001_S0_E229_L589_T49_R1021_B481,dpt,229,0.009891459718346596,7.860515324864537e-05,0.010105649009346962
puZZoKkv2Nk,puZZoKkv2Nk_0001_S0_E229_L589_T49_R1021_B481,artalk,229,0.00886367354542017,-4.8462179620401e-06,0.00873195007443428
puZZoKkv2Nk,puZZoKkv2Nk_0001_S0_E229_L589_T49_R1021_B481,multitalk,229,0.010127135552465916,4.790529783349484e-05,0.00963315088301897
puZZoKkv2Nk,puZZoKkv2Nk_0001_S0_E229_L589_T49_R1021_B481,codetalker,229,0.007958423346281052,9.113319538300857e-05,0.0067052380181849
pzev9CB3vuM,pzev9CB3vuM_0017_S819_E1079_L644_T124_R948_B428,dpt,217,0.010479236952960491,9.088954539038241e-05,0.005944530945271254
pzev9CB3vuM,pzev9CB3vuM_0017_S819_E1079_L644_T124_R948_B428,artalk,218,0.007462266366928816,4.361572428024374e-05,0.005952212028205395
pzev9CB3vuM,pzev9CB3vuM_0017_S819_E1079_L644_T124_R948_B428,multitalk,216,0.014559291303157806,7.94108709669672e-05,0.008369095623493195
pzev9CB3vuM,pzev9CB3vuM_0017_S819_E1079_L644_T124_R948_B428,codetalker,219,0.007852846756577492,0.00014661328168585896,0.004136605188250542
q1NTjsXYpK0,q1NTjsXYpK0_0005_S952_E1348_L156_T149_R444_B437,dpt,330,0.010482684709131718,0.00015125928621273488,0.004819417838007212
q1NTjsXYpK0,q1NTjsXYpK0_0005_S952_E1348_L156_T149_R444_B437,artalk,331,0.010293754749000072,0.00011558256665011868,0.004282064735889435
q1NTjsXYpK0,q1NTjsXYpK0_0005_S952_E1348_L156_T149_R444_B437,multitalk,330,0.0104628074914217,0.00019451184198260307,0.0047924756072461605
q1NTjsXYpK0,q1NTjsXYpK0_0005_S952_E1348_L156_T149_R444_B437,codetalker,332,0.008343665860593319,0.00020690335077233613,0.00364849716424942
q3kU8MyAHhE,q3kU8MyAHhE_0000_S968_E1169_L31_T0_R655_B608,dpt,201,0.007324041333049536,0.00022250509937293828,0.0014323435025289655
q3kU8MyAHhE,q3kU8MyAHhE_0000_S968_E1169_L31_T0_R655_B608,artalk,201,0.007622424513101578,0.00011186776828253642,0.0026948268059641123
q3kU8MyAHhE,q3kU8MyAHhE_0000_S968_E1169_L31_T0_R655_B608,multitalk,201,0.010101128369569778,0.0002531211357563734,0.0026322840712964535
q3kU8MyAHhE,q3kU8MyAHhE_0000_S968_E1169_L31_T0_R655_B608,codetalker,201,0.009411204606294632,0.00025194004410877824,0.006133534945547581
q5uELNh_Fro,q5uELNh_Fro_0007_S1049_E1311_L0_T0_R896_B704,dpt,273,0.009546753950417042,0.0001703918824205175,0.004802681040018797
q5uELNh_Fro,q5uELNh_Fro_0007_S1049_E1311_L0_T0_R896_B704,artalk,273,0.006612952332943678,1.5172125131357461e-05,0.002302473643794656
q5uELNh_Fro,q5uELNh_Fro_0007_S1049_E1311_L0_T0_R896_B704,multitalk,273,0.0131456283852458,1.5957941286615096e-05,0.009213900193572044
q5uELNh_Fro,q5uELNh_Fro_0007_S1049_E1311_L0_T0_R896_B704,codetalker,273,0.008502083830535412,0.00016934139421209693,0.005379317793995142
q6irtmJxniE,q6irtmJxniE_0001_S877_E1108_L497_T26_R753_B282,dpt,240,0.00855060201138258,0.00018366014410275966,0.005011279601603746
q6irtmJxniE,q6irtmJxniE_0001_S877_E1108_L497_T26_R753_B282,artalk,241,0.009502314031124115,7.610345346620306e-05,0.004144720733165741
q6irtmJxniE,q6irtmJxniE_0001_S877_E1108_L497_T26_R753_B282,multitalk,240,0.01111668162047863,0.00019039273320231587,0.010473784990608692
q6irtmJxniE,q6irtmJxniE_0001_S877_E1108_L497_T26_R753_B282,codetalker,241,0.011463628150522709,0.00023456389317288995,0.004997935611754656
q7Pfap5IRMc,q7Pfap5IRMc_0006_S1133_E1404_L580_T15_R1124_B559,dpt,271,0.008812597952783108,8.165375766111538e-05,0.005354620981961489
q7Pfap5IRMc,q7Pfap5IRMc_0006_S1133_E1404_L580_T15_R1124_B559,artalk,271,0.0066220927983522415,-5.83968976570759e-05,0.004643167834728956
q7Pfap5IRMc,q7Pfap5IRMc_0006_S1133_E1404_L580_T15_R1124_B559,multitalk,270,0.011057024821639061,6.630894495174289e-05,0.0067576090805232525
q7Pfap5IRMc,q7Pfap5IRMc_0006_S1133_E1404_L580_T15_R1124_B559,codetalker,271,0.008649551309645176,0.00010282604489475489,0.004487649537622929
q7qZd-5PQec,q7qZd-5PQec_0000_S1499_E1799_L310_T0_R998_B672,dpt,250,0.010399281047284603,0.00015888313646428287,0.00531161529943347
q7qZd-5PQec,q7qZd-5PQec_0000_S1499_E1799_L310_T0_R998_B672,artalk,251,0.008952327072620392,-0.00010213594941888005,0.0036615256685763597
q7qZd-5PQec,q7qZd-5PQec_0000_S1499_E1799_L310_T0_R998_B672,multitalk,250,0.0175529345870018,0.00011303654173389077,0.004202523268759251
q7qZd-5PQec,q7qZd-5PQec_0000_S1499_E1799_L310_T0_R998_B672,codetalker,252,0.010250149294734001,0.00018331962928641587,0.00496981106698513
qEHexC4KaLA,qEHexC4KaLA_0002_S128_E450_L538_T0_R810_B176,dpt,322,0.01850663125514984,1.3101811418891884e-05,0.006666813511401415
qEHexC4KaLA,qEHexC4KaLA_0002_S128_E450_L538_T0_R810_B176,artalk,322,0.019838426262140274,-9.700767986942083e-05,0.00556579465046525
qEHexC4KaLA,qEHexC4KaLA_0002_S128_E450_L538_T0_R810_B176,multitalk,322,0.024871280416846275,-7.929440471343696e-05,0.004050041548907757
qEHexC4KaLA,qEHexC4KaLA_0002_S128_E450_L538_T0_R810_B176,codetalker,322,0.020387092605233192,-6.18702542851679e-05,0.010391856543719769
qGl8JMXmwL0,qGl8JMXmwL0_0000_S1256_E1504_L408_T48_R936_B576,dpt,258,0.012162096798419952,0.00025799789000302553,0.0036909817717969418
qGl8JMXmwL0,qGl8JMXmwL0_0000_S1256_E1504_L408_T48_R936_B576,artalk,259,0.008115159347653389,0.00020914165361318737,0.003943063318729401
qGl8JMXmwL0,qGl8JMXmwL0_0000_S1256_E1504_L408_T48_R936_B576,multitalk,258,0.014467520639300346,0.00018955726409330964,0.0022487265523523092
qGl8JMXmwL0,qGl8JMXmwL0_0000_S1256_E1504_L408_T48_R936_B576,codetalker,259,0.01273939199745655,0.00028109672712162137,0.008319687098264694
qKnrUrYLlj0,qKnrUrYLlj0_0001_S241_E490_L458_T2_R858_B402,dpt,249,0.010084557346999645,0.00018829006876330823,0.004483452066779137
qKnrUrYLlj0,qKnrUrYLlj0_0001_S241_E490_L458_T2_R858_B402,artalk,249,0.011236177757382393,7.706181349931285e-05,0.004168261773884296
qKnrUrYLlj0,qKnrUrYLlj0_0001_S241_E490_L458_T2_R858_B402,multitalk,248,0.010926499031484127,0.00021049851784482598,0.005305405706167221
qKnrUrYLlj0,qKnrUrYLlj0_0001_S241_E490_L458_T2_R858_B402,codetalker,249,0.013089939020574093,0.000235890198382549,0.0042534382082521915
qMroyKN05zQ,qMroyKN05zQ_0031_S1315_E1713_L638_T38_R1022_B422,dpt,332,0.01419098675251007,0.00021568650845438242,0.009500468149781227
qMroyKN05zQ,qMroyKN05zQ_0031_S1315_E1713_L638_T38_R1022_B422,artalk,333,0.01297543104737997,0.00012919331493321806,0.010079930536448956
qMroyKN05zQ,qMroyKN05zQ_0031_S1315_E1713_L638_T38_R1022_B422,multitalk,331,0.014516729861497879,0.00022109186102170497,0.009922423399984837
qMroyKN05zQ,qMroyKN05zQ_0031_S1315_E1713_L638_T38_R1022_B422,codetalker,333,0.017451036721467972,0.00028063179343007505,0.015209062956273556
qWd6VN9sseU,qWd6VN9sseU_0002_S483_E770_L356_T72_R756_B472,dpt,287,0.01103808730840683,9.12052855710499e-05,0.008012082427740097
qWd6VN9sseU,qWd6VN9sseU_0002_S483_E770_L356_T72_R756_B472,artalk,287,0.01329825073480606,-3.0006773954482924e-07,0.008443141356110573
qWd6VN9sseU,qWd6VN9sseU_0002_S483_E770_L356_T72_R756_B472,multitalk,287,0.011071874760091305,0.00013053033035248518,0.008474825881421566
qWd6VN9sseU,qWd6VN9sseU_0002_S483_E770_L356_T72_R756_B472,codetalker,287,0.00874094944447279,0.00012506732309702784,0.004308441653847694
qXBgNj7d2aI,qXBgNj7d2aI_0019_S528_E1149_L141_T0_R733_B448,dpt,518,0.014756121672689915,8.722735947230831e-05,0.005934135057032108
qXBgNj7d2aI,qXBgNj7d2aI_0019_S528_E1149_L141_T0_R733_B448,artalk,519,0.014319718815386295,2.3366570530924946e-05,0.004772604443132877
qXBgNj7d2aI,qXBgNj7d2aI_0019_S528_E1149_L141_T0_R733_B448,multitalk,518,0.0163433738052845,0.00010889635450439528,0.009873111732304096
qXBgNj7d2aI,qXBgNj7d2aI_0019_S528_E1149_L141_T0_R733_B448,codetalker,520,0.011087270453572273,0.00014668864605482668,0.0031996043398976326
qYW_VBZoTsM,qYW_VBZoTsM_0001_S1174_E1420_L836_T119_R1092_B375,dpt,205,0.012033376842737198,8.699311729287729e-05,0.004039192106574774
qYW_VBZoTsM,qYW_VBZoTsM_0001_S1174_E1420_L836_T119_R1092_B375,artalk,206,0.009176725521683693,5.425670315162279e-05,0.00578807108104229
qYW_VBZoTsM,qYW_VBZoTsM_0001_S1174_E1420_L836_T119_R1092_B375,multitalk,205,0.013151482678949833,-8.897682710085064e-05,0.0050756619311869144
qYW_VBZoTsM,qYW_VBZoTsM_0001_S1174_E1420_L836_T119_R1092_B375,codetalker,207,0.011762136593461037,4.789212835021317e-05,0.008069694973528385
q_EJdzfnPSg,q_EJdzfnPSg_0000_S3_E236_L315_T0_R955_B608,dpt,233,0.009406025521457195,0.00012232954031787813,0.003748398507013917
q_EJdzfnPSg,q_EJdzfnPSg_0000_S3_E236_L315_T0_R955_B608,artalk,233,0.00845581665635109,-7.1455301622336265e-06,0.004948622081428766
q_EJdzfnPSg,q_EJdzfnPSg_0000_S3_E236_L315_T0_R955_B608,multitalk,233,0.009857635013759136,7.690251368330792e-05,0.002135839778929949
q_EJdzfnPSg,q_EJdzfnPSg_0000_S3_E236_L315_T0_R955_B608,codetalker,233,0.013152245432138443,0.00013253952783998102,0.010348981246352196
qatNSkb_O3Y,qatNSkb_O3Y_0003_S1169_E1392_L393_T46_R841_B494,dpt,223,0.009157503955066204,0.00021080840087961406,0.0032681168522685766
qatNSkb_O3Y,qatNSkb_O3Y_0003_S1169_E1392_L393_T46_R841_B494,artalk,223,0.006398856174200773,2.8107286198064685e-05,0.0032781725749373436
qatNSkb_O3Y,qatNSkb_O3Y_0003_S1169_E1392_L393_T46_R841_B494,multitalk,223,0.011670209467411041,0.00019015316502191126,0.0023713179398328066
qatNSkb_O3Y,qatNSkb_O3Y_0003_S1169_E1392_L393_T46_R841_B494,codetalker,223,0.008368331007659435,0.00021921152074355632,0.004687557462602854
qav1y7G15JQ,qav1y7G15JQ_0002_S58_E321_L226_T10_R690_B474,dpt,263,0.007902691140770912,0.0002390238514635712,0.0026352121494710445
qav1y7G15JQ,qav1y7G15JQ_0002_S58_E321_L226_T10_R690_B474,artalk,263,0.0064007071778178215,0.00011095442459918559,0.0036019880790263414
qav1y7G15JQ,qav1y7G15JQ_0002_S58_E321_L226_T10_R690_B474,multitalk,263,0.010350069962441921,0.00021465524332597852,0.0031938189640641212
qav1y7G15JQ,qav1y7G15JQ_0002_S58_E321_L226_T10_R690_B474,codetalker,263,0.01016953308135271,0.00028815914993174374,0.008517071604728699
qj63Fyah8Jw,qj63Fyah8Jw_0000_S1239_E1616_L473_T35_R809_B371,dpt,314,0.011529858224093914,0.0002775801403913647,0.0050029633566737175
qj63Fyah8Jw,qj63Fyah8Jw_0000_S1239_E1616_L473_T35_R809_B371,artalk,315,0.009722046554088593,0.00017354745068587363,0.004229939542710781
qj63Fyah8Jw,qj63Fyah8Jw_0000_S1239_E1616_L473_T35_R809_B371,multitalk,314,0.017579510807991028,0.00025499402545392513,0.006911417469382286
qj63Fyah8Jw,qj63Fyah8Jw_0000_S1239_E1616_L473_T35_R809_B371,codetalker,316,0.01125634741038084,0.0002523521543480456,0.006613621022552252
qmwgjonregk,qmwgjonregk_0028_S110_E566_L522_T120_R778_B376,dpt,380,0.012956302613019943,0.00019026074733119458,0.005042749922722578
qmwgjonregk,qmwgjonregk_0028_S110_E566_L522_T120_R778_B376,artalk,381,0.009554198011755943,7.223288412205875e-05,0.0034181426744908094
qmwgjonregk,qmwgjonregk_0028_S110_E566_L522_T120_R778_B376,multitalk,380,0.01617671363055706,0.00017403738456778228,0.003728227224200964
qmwgjonregk,qmwgjonregk_0028_S110_E566_L522_T120_R778_B376,codetalker,382,0.0133615517988801,0.00020293534907978028,0.007790028117597103
qnboyP15mi8,qnboyP15mi8_0003_S565_E758_L203_T0_R939_B688,dpt,201,0.012113065458834171,0.00026547000743448734,0.002624587854370475
qnboyP15mi8,qnboyP15mi8_0003_S565_E758_L203_T0_R939_B688,artalk,201,0.01013228390365839,0.00020240664889570326,0.004036912694573402
qnboyP15mi8,qnboyP15mi8_0003_S565_E758_L203_T0_R939_B688,multitalk,201,0.012139390222728252,0.0002510668709874153,0.004216241650283337
qnboyP15mi8,qnboyP15mi8_0003_S565_E758_L203_T0_R939_B688,codetalker,201,0.014294728636741638,0.0003116281586699188,0.006947840563952923
qo_ZzjhbWLk,qo_ZzjhbWLk_0004_S1405_E1919_L274_T14_R818_B558,dpt,428,0.007843006402254105,0.00018503438332118094,0.0033767211716622114
qo_ZzjhbWLk,qo_ZzjhbWLk_0004_S1405_E1919_L274_T14_R818_B558,artalk,429,0.008014671504497528,6.639589264523238e-05,0.00401528412476182
qo_ZzjhbWLk,qo_ZzjhbWLk_0004_S1405_E1919_L274_T14_R818_B558,multitalk,428,0.010945787653326988,0.0002165153855457902,0.003931689541786909
qo_ZzjhbWLk,qo_ZzjhbWLk_0004_S1405_E1919_L274_T14_R818_B558,codetalker,431,0.0075095645152032375,0.00020518156816251576,0.004486162681132555
qrmmPQC6o4I,qrmmPQC6o4I_0000_S100_E303_L446_T104_R958_B616,dpt,211,0.013540806248784065,0.0003883824683725834,0.004868685733526945
qrmmPQC6o4I,qrmmPQC6o4I_0000_S100_E303_L446_T104_R958_B616,artalk,212,0.012076049111783504,0.0002969665511045605,0.007970583625137806
qrmmPQC6o4I,qrmmPQC6o4I_0000_S100_E303_L446_T104_R958_B616,multitalk,211,0.013090870343148708,0.0004007773532066494,0.006491594947874546
qrmmPQC6o4I,qrmmPQC6o4I_0000_S100_E303_L446_T104_R958_B616,codetalker,212,0.017331792041659355,0.0004397392040118575,0.011497847735881805
r28QlaYxRDY,r28QlaYxRDY_0001_S193_E461_L390_T0_R790_B400,dpt,223,0.00882201362401247,0.00058835803065449,0.005549524910748005
r28QlaYxRDY,r28QlaYxRDY_0001_S193_E461_L390_T0_R790_B400,artalk,224,0.009077890776097775,0.0004529613070189953,0.004191207699477673
r28QlaYxRDY,r28QlaYxRDY_0001_S193_E461_L390_T0_R790_B400,multitalk,223,0.008351837284862995,0.0005797691992484033,0.004531088285148144
r28QlaYxRDY,r28QlaYxRDY_0001_S193_E461_L390_T0_R790_B400,codetalker,225,0.009877406992018223,0.0005812793970108032,0.004423432517796755
r2vFxIWtQ-E,r2vFxIWtQ-E_0002_S1131_E1592_L505_T79_R777_B351,dpt,384,0.012865056283771992,0.00023517214867752045,0.005570594221353531
r2vFxIWtQ-E,r2vFxIWtQ-E_0002_S1131_E1592_L505_T79_R777_B351,artalk,385,0.01158982329070568,-3.397547516215127e-06,0.005587495397776365
r2vFxIWtQ-E,r2vFxIWtQ-E_0002_S1131_E1592_L505_T79_R777_B351,multitalk,384,0.015903634950518608,0.00020803790539503098,0.004421051125973463
r2vFxIWtQ-E,r2vFxIWtQ-E_0002_S1131_E1592_L505_T79_R777_B351,codetalker,386,0.015984924510121346,0.000274400896159932,0.010653230361640453
r40wnEAEozQ,r40wnEAEozQ_0000_S660_E1060_L206_T37_R718_B549,dpt,400,0.00828886404633522,5.334768502507359e-05,0.0027327826246619225
r40wnEAEozQ,r40wnEAEozQ_0000_S660_E1060_L206_T37_R718_B549,artalk,400,0.008002429269254208,-5.0874870794359595e-05,0.0028936557937413454
r40wnEAEozQ,r40wnEAEozQ_0000_S660_E1060_L206_T37_R718_B549,multitalk,400,0.007446791045367718,8.501671254634857e-05,0.003011442720890045
r40wnEAEozQ,r40wnEAEozQ_0000_S660_E1060_L206_T37_R718_B549,codetalker,400,0.007613763213157654,6.801872950745746e-05,0.004611037205904722
r6xt8HZy1-k,r6xt8HZy1-k_0000_S974_E1439_L340_T0_R836_B384,dpt,485,0.010788850486278534,0.00028301592101342976,0.00471858773380518
r6xt8HZy1-k,r6xt8HZy1-k_0000_S974_E1439_L340_T0_R836_B384,artalk,485,0.009447175078094006,0.0001249869674211368,0.00620316993445158
r6xt8HZy1-k,r6xt8HZy1-k_0000_S974_E1439_L340_T0_R836_B384,multitalk,485,0.013292377814650536,0.0002941805578302592,0.005768529139459133
r6xt8HZy1-k,r6xt8HZy1-k_0000_S974_E1439_L340_T0_R836_B384,codetalker,485,0.012693247757852077,0.00031876107095740736,0.00852880533784628
rA2g4mWai58,rA2g4mWai58_0000_S1325_E1532_L380_T81_R892_B593,dpt,215,0.013780470937490463,0.00017808795382734388,0.004234409425407648
rA2g4mWai58,rA2g4mWai58_0000_S1325_E1532_L380_T81_R892_B593,artalk,216,0.010869800113141537,4.645746957976371e-05,0.005060759838670492
rA2g4mWai58,rA2g4mWai58_0000_S1325_E1532_L380_T81_R892_B593,multitalk,215,0.014567884616553783,0.000194824009668082,0.0049178823828697205
rA2g4mWai58,rA2g4mWai58_0000_S1325_E1532_L380_T81_R892_B593,codetalker,216,0.014939899556338787,0.0002444451383780688,0.009631536900997162
rA4jmcefefQ,rA4jmcefefQ_0215_S0_E642_L269_T0_R813_B512,dpt,535,0.009989580139517784,5.19428176630754e-05,0.004249834921211004
rA4jmcefefQ,rA4jmcefefQ_0215_S0_E642_L269_T0_R813_B512,artalk,536,0.007961999624967575,-7.604358688695356e-05,0.005508954171091318
rA4jmcefefQ,rA4jmcefefQ_0215_S0_E642_L269_T0_R813_B512,multitalk,535,0.019617566838860512,5.6504086387576535e-05,0.0052376980893313885
rA4jmcefefQ,rA4jmcefefQ_0215_S0_E642_L269_T0_R813_B512,codetalker,537,0.011487236246466637,0.00011081995035056025,0.007164366543292999
rAnvXFlvV3M,rAnvXFlvV3M_0000_S1023_E1374_L313_T0_R889_B560,dpt,366,0.013613221235573292,0.00020513242634478956,0.0045117903500795364
rAnvXFlvV3M,rAnvXFlvV3M_0000_S1023_E1374_L313_T0_R889_B560,artalk,366,0.010632472112774849,4.6114480937831104e-05,0.0050338879227638245
rAnvXFlvV3M,rAnvXFlvV3M_0000_S1023_E1374_L313_T0_R889_B560,multitalk,366,0.01811017096042633,0.00015359336975961924,0.00729935010895133
rAnvXFlvV3M,rAnvXFlvV3M_0000_S1023_E1374_L313_T0_R889_B560,codetalker,366,0.015545741654932499,0.0001967685529962182,0.009657447226345539
rEJBmcJlEy0,rEJBmcJlEy0_0000_S1576_E1839_L411_T37_R795_B421,dpt,219,0.01040811650454998,0.00019138402421958745,0.003117113374173641
rEJBmcJlEy0,rEJBmcJlEy0_0000_S1576_E1839_L411_T37_R795_B421,artalk,220,0.01051526702940464,0.00017657215357758105,0.0035867143888026476
rEJBmcJlEy0,rEJBmcJlEy0_0000_S1576_E1839_L411_T37_R795_B421,multitalk,219,0.012882505543529987,0.00023737609444651753,0.00482241902500391
rEJBmcJlEy0,rEJBmcJlEy0_0000_S1576_E1839_L411_T37_R795_B421,codetalker,221,0.012615641579031944,0.00027236322057433426,0.008014829829335213
rFEg1iwdHBM,rFEg1iwdHBM_0000_S1050_E1527_L288_T0_R960_B640,dpt,398,0.00876871682703495,0.00014014943735674024,0.0029090039897710085
rFEg1iwdHBM,rFEg1iwdHBM_0000_S1050_E1527_L288_T0_R960_B640,artalk,399,0.007621666416525841,-2.8443473638617434e-06,0.0025338311679661274
rFEg1iwdHBM,rFEg1iwdHBM_0000_S1050_E1527_L288_T0_R960_B640,multitalk,398,0.012081515043973923,0.00016533756570424885,0.003442788263782859
rFEg1iwdHBM,rFEg1iwdHBM_0000_S1050_E1527_L288_T0_R960_B640,codetalker,400,0.010796189308166504,0.0001555990456836298,0.0038928273133933544
rFOs4b_WTYY,rFOs4b_WTYY_0006_S1140_E1437_L765_T92_R1053_B380,dpt,297,0.011065629310905933,0.000341131875757128,0.003871419932693243
rFOs4b_WTYY,rFOs4b_WTYY_0006_S1140_E1437_L765_T92_R1053_B380,artalk,297,0.007535198237746954,0.0002258322638226673,0.003881879150867462
rFOs4b_WTYY,rFOs4b_WTYY_0006_S1140_E1437_L765_T92_R1053_B380,multitalk,297,0.013708926737308502,6.273134204093367e-05,0.0058865174651145935
rFOs4b_WTYY,rFOs4b_WTYY_0006_S1140_E1437_L765_T92_R1053_B380,codetalker,297,0.011630767956376076,0.00034081071498803794,0.007325415033847094
rGqAwF16IOk,rGqAwF16IOk_0000_S1233_E1814_L339_T92_R611_B364,dpt,484,0.010371897369623184,8.920180698623881e-05,0.005311422981321812
rGqAwF16IOk,rGqAwF16IOk_0000_S1233_E1814_L339_T92_R611_B364,artalk,485,0.010284806601703167,-4.131388777750544e-05,0.005062452983111143
rGqAwF16IOk,rGqAwF16IOk_0000_S1233_E1814_L339_T92_R611_B364,multitalk,484,0.009629960171878338,8.088414324447513e-05,0.004963635466992855
rGqAwF16IOk,rGqAwF16IOk_0000_S1233_E1814_L339_T92_R611_B364,codetalker,486,0.007946031168103218,9.375932131661102e-05,0.003590446198359132
rHZlSM-m_Xo,rHZlSM-m_Xo_0010_S1089_E1341_L371_T89_R739_B457,dpt,252,0.013897961936891079,0.00013642579142469913,0.008112610317766666
rHZlSM-m_Xo,rHZlSM-m_Xo_0010_S1089_E1341_L371_T89_R739_B457,artalk,252,0.013644972816109657,6.202021177159622e-05,0.00896155834197998
rHZlSM-m_Xo,rHZlSM-m_Xo_0010_S1089_E1341_L371_T89_R739_B457,multitalk,252,0.013458115048706532,6.949113594600931e-05,0.007028217427432537
rHZlSM-m_Xo,rHZlSM-m_Xo_0010_S1089_E1341_L371_T89_R739_B457,codetalker,252,0.018491731956601143,0.00018618979083839804,0.013357813470065594
rHgcNbOwnas,rHgcNbOwnas_0000_S134_E857_L391_T37_R967_B613,dpt,602,0.010295760817825794,0.0003222868253942579,0.0038057267665863037
rHgcNbOwnas,rHgcNbOwnas_0000_S134_E857_L391_T37_R967_B613,artalk,603,0.007928990758955479,0.0001640650152694434,0.0046301959082484245
rHgcNbOwnas,rHgcNbOwnas_0000_S134_E857_L391_T37_R967_B613,multitalk,602,0.012526461854577065,0.00033317646011710167,0.004424308892339468
rHgcNbOwnas,rHgcNbOwnas_0000_S134_E857_L391_T37_R967_B613,codetalker,604,0.010387125425040722,0.0003224099345970899,0.006156374700367451
rI8ccs3k0kE,rI8ccs3k0kE_0011_S166_E538_L198_T66_R534_B402,dpt,310,0.006660343147814274,0.00011460272071417421,0.004366037901490927
rI8ccs3k0kE,rI8ccs3k0kE_0011_S166_E538_L198_T66_R534_B402,artalk,311,0.004613741301000118,3.3540504773554858e-06,0.0036996875423938036
rI8ccs3k0kE,rI8ccs3k0kE_0011_S166_E538_L198_T66_R534_B402,multitalk,310,0.007490461226552725,8.592455560574308e-05,0.004460010211914778
rI8ccs3k0kE,rI8ccs3k0kE_0011_S166_E538_L198_T66_R534_B402,codetalker,312,0.006239545065909624,0.00013629699242301285,0.0026754492428153753
rJXB9VhK1eM,rJXB9VhK1eM_0000_S341_E744_L403_T59_R947_B603,dpt,403,0.008344080299139023,0.00023146707098931074,0.003915351815521717
rJXB9VhK1eM,rJXB9VhK1eM_0000_S341_E744_L403_T59_R947_B603,artalk,403,0.007324680220335722,7.379736780421808e-05,0.0039977082051336765
rJXB9VhK1eM,rJXB9VhK1eM_0000_S341_E744_L403_T59_R947_B603,multitalk,403,0.01596010848879814,0.00019087179680354893,0.011555511504411697
rJXB9VhK1eM,rJXB9VhK1eM_0000_S341_E744_L403_T59_R947_B603,codetalker,403,0.00818359199911356,0.00022992340382188559,0.004948739893734455
rJc0Pf2B7Mg,rJc0Pf2B7Mg_0000_S62_E441_L437_T16_R837_B416,dpt,379,0.0071293083019554615,3.887476850650273e-05,0.0022009299136698246
rJc0Pf2B7Mg,rJc0Pf2B7Mg_0000_S62_E441_L437_T16_R837_B416,artalk,379,0.0076314848847687244,-7.284097227966413e-05,0.002967302920296788
rJc0Pf2B7Mg,rJc0Pf2B7Mg_0000_S62_E441_L437_T16_R837_B416,multitalk,378,0.007398517802357674,8.746462117414922e-05,0.004797419998794794
rJc0Pf2B7Mg,rJc0Pf2B7Mg_0000_S62_E441_L437_T16_R837_B416,codetalker,379,0.00852418877184391,7.53102867747657e-05,0.005594717338681221
rKvnvavLhKg,rKvnvavLhKg_0006_S459_E755_L508_T9_R860_B361,dpt,247,0.010884379036724567,6.597900210181251e-05,0.004436759743839502
rKvnvavLhKg,rKvnvavLhKg_0006_S459_E755_L508_T9_R860_B361,artalk,248,0.010393108241260052,-5.8574155445967335e-06,0.0020313304848968983
rKvnvavLhKg,rKvnvavLhKg_0006_S459_E755_L508_T9_R860_B361,multitalk,247,0.007769968826323748,9.70855398918502e-05,0.003410778008401394
rKvnvavLhKg,rKvnvavLhKg_0006_S459_E755_L508_T9_R860_B361,codetalker,249,0.009677394293248653,0.0001407621311955154,0.004448325838893652
rLUoN3LY6Fk,rLUoN3LY6Fk_0000_S4_E399_L556_T0_R940_B352,dpt,395,0.008572299033403397,5.3086514526512474e-05,0.003359799040481448
rLUoN3LY6Fk,rLUoN3LY6Fk_0000_S4_E399_L556_T0_R940_B352,artalk,395,0.005084504373371601,-9.855604002950713e-05,0.001873008324764669
rLUoN3LY6Fk,rLUoN3LY6Fk_0000_S4_E399_L556_T0_R940_B352,multitalk,395,0.008186494000256062,8.242695184890181e-05,0.003361807204782963
rLUoN3LY6Fk,rLUoN3LY6Fk_0000_S4_E399_L556_T0_R940_B352,codetalker,395,0.009711595252156258,5.8538789744488895e-05,0.007762067019939423
rLnNaewOAbY,rLnNaewOAbY_0000_S1546_E1910_L499_T30_R787_B318,dpt,304,0.012009662576019764,0.00031286926241591573,0.0027214272413402796
rLnNaewOAbY,rLnNaewOAbY_0000_S1546_E1910_L499_T30_R787_B318,artalk,305,0.006750849541276693,0.00025089154951274395,0.003221925813704729
rLnNaewOAbY,rLnNaewOAbY_0000_S1546_E1910_L499_T30_R787_B318,multitalk,304,0.017920469865202904,0.00014690979151055217,0.004922634921967983
rLnNaewOAbY,rLnNaewOAbY_0000_S1546_E1910_L499_T30_R787_B318,codetalker,305,0.010839113034307957,0.00034745907760225236,0.006522356998175383
rNqiDGKZiZE,rNqiDGKZiZE_0000_S1073_E1434_L482_T87_R962_B567,dpt,301,0.011744585819542408,0.00029283433104865253,0.006891878787428141
rNqiDGKZiZE,rNqiDGKZiZE_0000_S1073_E1434_L482_T87_R962_B567,artalk,302,0.011436709202826023,0.00027384929126128554,0.008700856938958168
rNqiDGKZiZE,rNqiDGKZiZE_0000_S1073_E1434_L482_T87_R962_B567,multitalk,301,0.014135424047708511,0.00026990092010237277,0.008143450133502483
rNqiDGKZiZE,rNqiDGKZiZE_0000_S1073_E1434_L482_T87_R962_B567,codetalker,303,0.01646694913506508,0.0003073233237955719,0.01249746885150671
rPa_Q-v7iPU,rPa_Q-v7iPU_0000_S1099_E1466_L407_T38_R855_B486,dpt,306,0.009287147782742977,0.0003897224960383028,0.0040060472674667835
rPa_Q-v7iPU,rPa_Q-v7iPU_0000_S1099_E1466_L407_T38_R855_B486,artalk,307,0.006346095819026232,0.00031194419716484845,0.0036086756736040115
rPa_Q-v7iPU,rPa_Q-v7iPU_0000_S1099_E1466_L407_T38_R855_B486,multitalk,306,0.013189688324928284,0.0003781014238484204,0.005455655045807362
rPa_Q-v7iPU,rPa_Q-v7iPU_0000_S1099_E1466_L407_T38_R855_B486,codetalker,309,0.012039841152727604,0.0004570985329337418,0.010658469051122665
rRexKBeW-LY,rRexKBeW-LY_0002_S745_E1016_L410_T56_R762_B408,dpt,271,0.007148278411477804,0.00013697512622456998,0.00301470048725605
rRexKBeW-LY,rRexKBeW-LY_0002_S745_E1016_L410_T56_R762_B408,artalk,271,0.00668285321444273,4.053371594636701e-05,0.0032578445971012115
rRexKBeW-LY,rRexKBeW-LY_0002_S745_E1016_L410_T56_R762_B408,multitalk,270,0.007470237091183662,0.00012512550165411085,0.00481037562713027
rRexKBeW-LY,rRexKBeW-LY_0002_S745_E1016_L410_T56_R762_B408,codetalker,271,0.007591679692268372,0.00012067722855135798,0.0038520621601492167
rS8oFARouuA,rS8oFARouuA_0003_S928_E1407_L385_T10_R881_B506,dpt,479,0.011971795000135899,0.00025732044014148414,0.007024493534117937
rS8oFARouuA,rS8oFARouuA_0003_S928_E1407_L385_T10_R881_B506,artalk,479,0.01068083569407463,0.00014292902778834105,0.007138698361814022
rS8oFARouuA,rS8oFARouuA_0003_S928_E1407_L385_T10_R881_B506,multitalk,479,0.01447042915970087,0.0002168505307054147,0.005427910480648279
rS8oFARouuA,rS8oFARouuA_0003_S928_E1407_L385_T10_R881_B506,codetalker,479,0.017123494297266006,0.00030014460207894444,0.012362313456833363
rTgVxBHEKJY,rTgVxBHEKJY_0001_S832_E1167_L477_T0_R1101_B592,dpt,335,0.014214246533811092,0.0003093667037319392,0.0038714571855962276
rTgVxBHEKJY,rTgVxBHEKJY_0001_S832_E1167_L477_T0_R1101_B592,artalk,335,0.013120794668793678,0.00025468930834904313,0.004187728278338909
rTgVxBHEKJY,rTgVxBHEKJY_0001_S832_E1167_L477_T0_R1101_B592,multitalk,335,0.01306564174592495,0.00035125575959682465,0.004000928718596697
rTgVxBHEKJY,rTgVxBHEKJY_0001_S832_E1167_L477_T0_R1101_B592,codetalker,335,0.013380368240177631,0.0003457858692854643,0.005649917293339968
rWMEyWjaDug,rWMEyWjaDug_0003_S1428_E1846_L111_T178_R367_B434,dpt,217,0.008153058588504791,0.00034889410017058253,0.0035327738150954247
rWMEyWjaDug,rWMEyWjaDug_0003_S1428_E1846_L111_T178_R367_B434,artalk,218,0.010087034665048122,0.0002459001843817532,0.004027479328215122
rWMEyWjaDug,rWMEyWjaDug_0003_S1428_E1846_L111_T178_R367_B434,multitalk,217,0.014188296161592007,0.0002556302060838789,0.004157086834311485
rWMEyWjaDug,rWMEyWjaDug_0003_S1428_E1846_L111_T178_R367_B434,codetalker,220,0.009533572942018509,0.0003694901242852211,0.006266646087169647
rfzHohoFoZc,rfzHohoFoZc_0008_S437_E978_L520_T84_R776_B340,dpt,451,0.011912298388779163,4.649490074370988e-05,0.005164669826626778
rfzHohoFoZc,rfzHohoFoZc_0008_S437_E978_L520_T84_R776_B340,artalk,452,0.012626281939446926,-1.3183578630560078e-05,0.004744734615087509
rfzHohoFoZc,rfzHohoFoZc_0008_S437_E978_L520_T84_R776_B340,multitalk,451,0.012705853208899498,6.368719186866656e-05,0.007351510692387819
rfzHohoFoZc,rfzHohoFoZc_0008_S437_E978_L520_T84_R776_B340,codetalker,453,0.009452754631638527,0.00014089950127527118,0.004054306540638208
rhFDM4YtAjM,rhFDM4YtAjM_0004_S0_E270_L358_T0_R822_B432,dpt,281,0.012782514095306396,0.00011983392323600128,0.004110618960112333
rhFDM4YtAjM,rhFDM4YtAjM_0004_S0_E270_L358_T0_R822_B432,artalk,281,0.009726693853735924,8.413653267780319e-05,0.005656304769217968
rhFDM4YtAjM,rhFDM4YtAjM_0004_S0_E270_L358_T0_R822_B432,multitalk,281,0.01328988466411829,0.00011193646059837192,0.005624875891953707
rhFDM4YtAjM,rhFDM4YtAjM_0004_S0_E270_L358_T0_R822_B432,codetalker,281,0.013941280543804169,0.00017115494119934738,0.008665122091770172
rjjFQ6onAJM,rjjFQ6onAJM_0002_S89_E309_L600_T67_R936_B403,dpt,220,0.008188333362340927,0.00037635822081938386,0.001812597387470305
rjjFQ6onAJM,rjjFQ6onAJM_0002_S89_E309_L600_T67_R936_B403,artalk,220,0.007779292296618223,0.0002339890052098781,0.0028031521942466497
rjjFQ6onAJM,rjjFQ6onAJM_0002_S89_E309_L600_T67_R936_B403,multitalk,219,0.014370636083185673,0.0003127270611003041,0.0028641524259001017
rjjFQ6onAJM,rjjFQ6onAJM_0002_S89_E309_L600_T67_R936_B403,codetalker,220,0.01031369250267744,0.00036823871778324246,0.005135111976414919
rjlNd5leBDY,rjlNd5leBDY_0001_S480_E751_L304_T6_R864_B566,dpt,271,0.007814014330506325,0.000210046986467205,0.0040022642351686954
rjlNd5leBDY,rjlNd5leBDY_0001_S480_E751_L304_T6_R864_B566,artalk,271,0.00794406607747078,9.263362153433263e-05,0.004353387746959925
rjlNd5leBDY,rjlNd5leBDY_0001_S480_E751_L304_T6_R864_B566,multitalk,270,0.008062482811510563,0.00020268451771698892,0.004875348415225744
rjlNd5leBDY,rjlNd5leBDY_0001_S480_E751_L304_T6_R864_B566,codetalker,271,0.008087913505733013,0.00018943323811981827,0.0039042599964886904
rl4qZtDSLCs,rl4qZtDSLCs_0000_S1461_E1855_L625_T12_R945_B332,dpt,329,0.00791407935321331,5.850695015396923e-05,0.002575937658548355
rl4qZtDSLCs,rl4qZtDSLCs_0000_S1461_E1855_L625_T12_R945_B332,artalk,330,0.006636463571339846,-1.8848197669285582e-06,0.002022920874878764
rl4qZtDSLCs,rl4qZtDSLCs_0000_S1461_E1855_L625_T12_R945_B332,multitalk,329,0.011621574871242046,9.402698196936399e-05,0.002882396336644888
rl4qZtDSLCs,rl4qZtDSLCs_0000_S1461_E1855_L625_T12_R945_B332,codetalker,330,0.007190288044512272,9.66362640610896e-05,0.00489228218793869
rl6K4-2q4JI,rl6K4-2q4JI_0002_S108_E351_L631_T21_R1079_B469,dpt,203,0.013799046166241169,8.491509652230889e-05,0.004189657978713512
rl6K4-2q4JI,rl6K4-2q4JI_0002_S108_E351_L631_T21_R1079_B469,artalk,204,0.007980657741427422,-1.3620767731481465e-06,0.003339237067848444
rl6K4-2q4JI,rl6K4-2q4JI_0002_S108_E351_L631_T21_R1079_B469,multitalk,203,0.013030950911343098,0.00010785282211145386,0.005972262006253004
rl6K4-2q4JI,rl6K4-2q4JI_0002_S108_E351_L631_T21_R1079_B469,codetalker,204,0.013489767909049988,9.443149610888213e-05,0.007929724641144276
rnzWJv_L13Y,rnzWJv_L13Y_0014_S995_E1407_L267_T141_R651_B525,dpt,412,0.009496049024164677,0.00014070243923924863,0.004871828481554985
rnzWJv_L13Y,rnzWJv_L13Y_0014_S995_E1407_L267_T141_R651_B525,artalk,412,0.010572444647550583,6.261098315007985e-05,0.004452466033399105
rnzWJv_L13Y,rnzWJv_L13Y_0014_S995_E1407_L267_T141_R651_B525,multitalk,412,0.010956970043480396,0.00014146542525850236,0.005925857927650213
rnzWJv_L13Y,rnzWJv_L13Y_0014_S995_E1407_L267_T141_R651_B525,codetalker,412,0.011341880075633526,0.0001955130574060604,0.004701872356235981
rqqgH8fMsOs,rqqgH8fMsOs_0000_S1176_E1919_L416_T30_R848_B462,dpt,619,0.010061877779662609,0.0003039925650227815,0.003771305549889803
rqqgH8fMsOs,rqqgH8fMsOs_0000_S1176_E1919_L416_T30_R848_B462,artalk,620,0.007177036255598068,0.00023067297297529876,0.005712144076824188
rqqgH8fMsOs,rqqgH8fMsOs_0000_S1176_E1919_L416_T30_R848_B462,multitalk,619,0.011216264218091965,0.0003112435224466026,0.004205040633678436
rqqgH8fMsOs,rqqgH8fMsOs_0000_S1176_E1919_L416_T30_R848_B462,codetalker,621,0.013153748586773872,0.00037921880721114576,0.010693862102925777
ruAnF4N_8y4,ruAnF4N_8y4_0000_S932_E1439_L394_T17_R842_B465,dpt,423,0.009667351841926575,0.00011996245302725583,0.002404005266726017
ruAnF4N_8y4,ruAnF4N_8y4_0000_S932_E1439_L394_T17_R842_B465,artalk,424,0.007949424907565117,3.805465530604124e-05,0.0018618791364133358
ruAnF4N_8y4,ruAnF4N_8y4_0000_S932_E1439_L394_T17_R842_B465,multitalk,423,0.007600015494972467,0.00016070943092927337,0.002311804797500372
ruAnF4N_8y4,ruAnF4N_8y4_0000_S932_E1439_L394_T17_R842_B465,codetalker,425,0.008898400701582432,0.0001682784641161561,0.004824805539101362
rw0AUfItOss,rw0AUfItOss_0008_S626_E893_L291_T9_R627_B345,dpt,267,0.009128949604928493,0.00026048519066534936,0.0052040982991456985
rw0AUfItOss,rw0AUfItOss_0008_S626_E893_L291_T9_R627_B345,artalk,267,0.007744081784039736,0.00019333757518325,0.0041732182726264
rw0AUfItOss,rw0AUfItOss_0008_S626_E893_L291_T9_R627_B345,multitalk,266,0.010936654172837734,0.0002661753969732672,0.005630469880998135
rw0AUfItOss,rw0AUfItOss_0008_S626_E893_L291_T9_R627_B345,codetalker,267,0.009647008962929249,0.0002599641738925129,0.0049437833949923515
ryJxN-ZRAGk,ryJxN-ZRAGk_0015_S1252_E1478_L367_T1_R815_B449,dpt,226,0.007718665525317192,0.00028937787283211946,0.002078593010082841
ryJxN-ZRAGk,ryJxN-ZRAGk_0015_S1252_E1478_L367_T1_R815_B449,artalk,226,0.008781622163951397,0.00021399726392701268,0.0025482233613729477
ryJxN-ZRAGk,ryJxN-ZRAGk_0015_S1252_E1478_L367_T1_R815_B449,multitalk,226,0.011872329749166965,0.00013619103992823511,0.005281171761453152
ryJxN-ZRAGk,ryJxN-ZRAGk_0015_S1252_E1478_L367_T1_R815_B449,codetalker,226,0.008520178496837616,0.0002801503869704902,0.0047193365171551704
rztwo4iUnqo,rztwo4iUnqo_0010_S469_E663_L160_T13_R592_B445,dpt,202,0.01264338567852974,8.368067210540175e-05,0.0030485978350043297
rztwo4iUnqo,rztwo4iUnqo_0010_S469_E663_L160_T13_R592_B445,artalk,203,0.00929021555930376,-4.700062345364131e-05,0.0037141568027436733
rztwo4iUnqo,rztwo4iUnqo_0010_S469_E663_L160_T13_R592_B445,multitalk,202,0.016726920381188393,6.755671347491443e-05,0.0032018644269555807
rztwo4iUnqo,rztwo4iUnqo_0010_S469_E663_L160_T13_R592_B445,codetalker,203,0.012966454029083252,0.0001325421326328069,0.006994789000600576
s1QCigF6JOg,s1QCigF6JOg_0005_S315_E806_L368_T0_R928_B512,dpt,491,0.009599601849913597,0.00024184738867916167,0.005537811666727066
s1QCigF6JOg,s1QCigF6JOg_0005_S315_E806_L368_T0_R928_B512,artalk,491,0.009490564465522766,0.00018765998538583517,0.0050729974173009396
s1QCigF6JOg,s1QCigF6JOg_0005_S315_E806_L368_T0_R928_B512,multitalk,490,0.0104617765173316,0.00026797837927006185,0.006819181609898806
s1QCigF6JOg,s1QCigF6JOg_0005_S315_E806_L368_T0_R928_B512,codetalker,491,0.008089975453913212,0.0003103855415247381,0.003977397456765175
s4b9dN-X32Q,s4b9dN-X32Q_0002_S0_E309_L626_T2_R994_B370,dpt,309,0.007207430899143219,0.00019304781744722277,0.002209172584116459
s4b9dN-X32Q,s4b9dN-X32Q_0002_S0_E309_L626_T2_R994_B370,artalk,309,0.006277920678257942,0.00012949013034813106,0.002928998786956072
s4b9dN-X32Q,s4b9dN-X32Q_0002_S0_E309_L626_T2_R994_B370,multitalk,309,0.008574825711548328,0.00021737790666520596,0.002247400349006057
s4b9dN-X32Q,s4b9dN-X32Q_0002_S0_E309_L626_T2_R994_B370,codetalker,309,0.009578975848853588,0.00019273349607829005,0.006289906334131956
s5eZtpsX2Uw,s5eZtpsX2Uw_0000_S737_E1035_L470_T10_R822_B362,dpt,248,0.007645981386303902,9.289003355661407e-05,0.006492481101304293
s5eZtpsX2Uw,s5eZtpsX2Uw_0000_S737_E1035_L470_T10_R822_B362,artalk,249,0.0070755137130618095,-6.678701174678281e-05,0.004426071885973215
s5eZtpsX2Uw,s5eZtpsX2Uw_0000_S737_E1035_L470_T10_R822_B362,multitalk,248,0.009822836145758629,9.604918886907399e-05,0.004155896138399839
s5eZtpsX2Uw,s5eZtpsX2Uw_0000_S737_E1035_L470_T10_R822_B362,codetalker,250,0.009469257667660713,0.00011295928561594337,0.003421938978135586
s6LlkCsQSq0,s6LlkCsQSq0_0000_S1323_E1535_L463_T21_R1039_B597,dpt,212,0.00819072313606739,5.83457040193025e-05,0.006142224185168743
s6LlkCsQSq0,s6LlkCsQSq0_0000_S1323_E1535_L463_T21_R1039_B597,artalk,212,0.006648841314017773,-2.809004217851907e-05,0.004293888341635466
s6LlkCsQSq0,s6LlkCsQSq0_0000_S1323_E1535_L463_T21_R1039_B597,multitalk,212,0.008853716775774956,4.3405092583270743e-05,0.007229171693325043
s6LlkCsQSq0,s6LlkCsQSq0_0000_S1323_E1535_L463_T21_R1039_B597,codetalker,212,0.0072413161396980286,0.00010531966108828783,0.003479365259408951
s9aNVQP9Bi8,s9aNVQP9Bi8_0000_S0_E194_L304_T46_R656_B398,dpt,202,0.0110255042091012,0.0001751095987856388,0.0026933783665299416
s9aNVQP9Bi8,s9aNVQP9Bi8_0000_S0_E194_L304_T46_R656_B398,artalk,202,0.007134664803743362,3.9908660255605355e-05,0.003412234364077449
s9aNVQP9Bi8,s9aNVQP9Bi8_0000_S0_E194_L304_T46_R656_B398,multitalk,202,0.010277283377945423,0.00018982055189553648,0.003023359924554825
s9aNVQP9Bi8,s9aNVQP9Bi8_0000_S0_E194_L304_T46_R656_B398,codetalker,202,0.0129011832177639,0.00020177665282972157,0.008233411237597466
sCk_3RNWdZI,sCk_3RNWdZI_0000_S284_E747_L348_T0_R1068_B688,dpt,463,0.010043015703558922,0.00015259895008057356,0.002262973925098777
sCk_3RNWdZI,sCk_3RNWdZI_0000_S284_E747_L348_T0_R1068_B688,artalk,463,0.010037139058113098,5.455991777125746e-05,0.0025442540645599365
sCk_3RNWdZI,sCk_3RNWdZI_0000_S284_E747_L348_T0_R1068_B688,multitalk,463,0.012062596157193184,0.00015071195957716554,0.0022634679917246103
sCk_3RNWdZI,sCk_3RNWdZI_0000_S284_E747_L348_T0_R1068_B688,codetalker,463,0.012277990579605103,0.00015817803796380758,0.006142603233456612
sEnf_XAMuso,sEnf_XAMuso_0001_S1366_E1704_L773_T0_R1269_B560,dpt,282,0.008953009732067585,0.00025801651645451784,0.00250465190038085
sEnf_XAMuso,sEnf_XAMuso_0001_S1366_E1704_L773_T0_R1269_B560,artalk,283,0.009232987649738789,4.570925375446677e-05,0.0017763631185516715
sEnf_XAMuso,sEnf_XAMuso_0001_S1366_E1704_L773_T0_R1269_B560,multitalk,281,0.011002741754055023,0.00027628691168501973,0.002307715592905879
sEnf_XAMuso,sEnf_XAMuso_0001_S1366_E1704_L773_T0_R1269_B560,codetalker,284,0.011333356611430645,0.00023421394871547818,0.004705128725618124
sGvmS07G46I,sGvmS07G46I_0000_S869_E1125_L810_T72_R1274_B536,dpt,213,0.00810836162418127,0.00019999250071123242,0.0026965041179209948
sGvmS07G46I,sGvmS07G46I_0000_S869_E1125_L810_T72_R1274_B536,artalk,214,0.007616528309881687,0.00013215716171544045,0.0026887240819633007
sGvmS07G46I,sGvmS07G46I_0000_S869_E1125_L810_T72_R1274_B536,multitalk,213,0.008937443606555462,0.00020957444212399423,0.0032203306909650564
sGvmS07G46I,sGvmS07G46I_0000_S869_E1125_L810_T72_R1274_B536,codetalker,215,0.01172961201518774,0.00022955663735046983,0.006470040418207645
sIesHZHrHck,sIesHZHrHck_0005_S1075_E1349_L468_T73_R820_B425,dpt,228,0.011975265108048916,0.00023342613712884486,0.0066304393112659454
sIesHZHrHck,sIesHZHrHck_0005_S1075_E1349_L468_T73_R820_B425,artalk,229,0.0080380504950881,0.00013101678632665426,0.004740261472761631
sIesHZHrHck,sIesHZHrHck_0005_S1075_E1349_L468_T73_R820_B425,multitalk,228,0.009866388514637947,0.00024564811610616744,0.006014665588736534
sIesHZHrHck,sIesHZHrHck_0005_S1075_E1349_L468_T73_R820_B425,codetalker,231,0.010155495256185532,0.0002402653481112793,0.0072416155599057674
sKFiaAcqTMY,sKFiaAcqTMY_0000_S1270_E1523_L713_T67_R1001_B355,dpt,253,0.006131219211965799,0.00010471402492839843,0.0018306383863091469
sKFiaAcqTMY,sKFiaAcqTMY_0000_S1270_E1523_L713_T67_R1001_B355,artalk,253,0.0056251841597259045,-5.243007035460323e-05,0.0035614955704659224
sKFiaAcqTMY,sKFiaAcqTMY_0000_S1270_E1523_L713_T67_R1001_B355,multitalk,252,0.010279009118676186,9.766687435330823e-05,0.003755473531782627
sKFiaAcqTMY,sKFiaAcqTMY_0000_S1270_E1523_L713_T67_R1001_B355,codetalker,253,0.009679245762526989,7.481467764591798e-05,0.00639910576865077
sS7O_qMN_pM,sS7O_qMN_pM_0001_S1090_E1795_L0_T44_R192_B332,dpt,559,0.012544507160782814,8.476144284941256e-05,0.009508405812084675
sS7O_qMN_pM,sS7O_qMN_pM_0001_S1090_E1795_L0_T44_R192_B332,artalk,560,0.010608569718897343,-6.420377758331597e-05,0.007785035762935877
sS7O_qMN_pM,sS7O_qMN_pM_0001_S1090_E1795_L0_T44_R192_B332,multitalk,558,0.013360166922211647,9.19144440558739e-05,0.00986556801944971
sS7O_qMN_pM,sS7O_qMN_pM_0001_S1090_E1795_L0_T44_R192_B332,codetalker,561,0.007987494580447674,9.99434560071677e-05,0.004347027745097876
sSrSorPjUvU,sSrSorPjUvU_0001_S343_E721_L507_T132_R779_B404,dpt,315,0.009716624394059181,4.283596354071051e-05,0.005858374759554863
sSrSorPjUvU,sSrSorPjUvU_0001_S343_E721_L507_T132_R779_B404,artalk,316,0.005820124410092831,-9.65727031143615e-06,0.003344512777402997
sSrSorPjUvU,sSrSorPjUvU_0001_S343_E721_L507_T132_R779_B404,multitalk,315,0.00934149231761694,8.239437738666311e-05,0.006741436664015055
sSrSorPjUvU,sSrSorPjUvU_0001_S343_E721_L507_T132_R779_B404,codetalker,317,0.009391586296260357,0.00014195713447406888,0.005353105720132589
sTKAL3OfgSQ,sTKAL3OfgSQ_0002_S1086_E1333_L406_T104_R902_B600,dpt,247,0.01171187125146389,0.00023020655498839915,0.005797700025141239
sTKAL3OfgSQ,sTKAL3OfgSQ_0002_S1086_E1333_L406_T104_R902_B600,artalk,247,0.00966996792703867,0.00010229180770693347,0.004927047993987799
sTKAL3OfgSQ,sTKAL3OfgSQ_0002_S1086_E1333_L406_T104_R902_B600,multitalk,247,0.0086334478110075,0.00020980800036340952,0.004339368082582951
sTKAL3OfgSQ,sTKAL3OfgSQ_0002_S1086_E1333_L406_T104_R902_B600,codetalker,247,0.007693237625062466,0.00023330998374149203,0.0027906426694244146
sboMcBqlShY,sboMcBqlShY_0000_S773_E976_L438_T30_R918_B510,dpt,211,0.00917217880487442,4.763957258546725e-05,0.003594041336327791
sboMcBqlShY,sboMcBqlShY_0000_S773_E976_L438_T30_R918_B510,artalk,211,0.013747692108154297,-7.78119356255047e-05,0.002389649860560894
sboMcBqlShY,sboMcBqlShY_0000_S773_E976_L438_T30_R918_B510,multitalk,211,0.008779694326221943,5.004781633033417e-05,0.003979970701038837
sboMcBqlShY,sboMcBqlShY_0000_S773_E976_L438_T30_R918_B510,codetalker,211,0.01230768021196127,6.238465721253306e-05,0.0076354509219527245
sdnbXzi5yDQ,sdnbXzi5yDQ_0000_S515_E922_L469_T0_R885_B416,dpt,424,0.011027227155864239,0.00039108889177441597,0.0034689148887991905
sdnbXzi5yDQ,sdnbXzi5yDQ_0000_S515_E922_L469_T0_R885_B416,artalk,424,0.010667279362678528,0.000262778892647475,0.0036944816820323467
sdnbXzi5yDQ,sdnbXzi5yDQ_0000_S515_E922_L469_T0_R885_B416,multitalk,424,0.012561831623315811,0.0004066994006279856,0.004155800677835941
sdnbXzi5yDQ,sdnbXzi5yDQ_0000_S515_E922_L469_T0_R885_B416,codetalker,424,0.013960631564259529,0.00045721951755695045,0.00835874117910862
sebF4SCrhgY,sebF4SCrhgY_0000_S1549_E1866_L275_T0_R899_B576,dpt,264,0.011430866084992886,0.00015301995154004544,0.0032180878333747387
sebF4SCrhgY,sebF4SCrhgY_0000_S1549_E1866_L275_T0_R899_B576,artalk,265,0.008608225733041763,8.469735621474683e-05,0.0029225233010947704
sebF4SCrhgY,sebF4SCrhgY_0000_S1549_E1866_L275_T0_R899_B576,multitalk,264,0.015947572886943817,0.00017851442680694163,0.0038678916171193123
sebF4SCrhgY,sebF4SCrhgY_0000_S1549_E1866_L275_T0_R899_B576,codetalker,266,0.014336028136312962,0.00021344967535696924,0.008022982627153397
sgGPHfZ6O00,sgGPHfZ6O00_0004_S1442_E1781_L543_T2_R895_B354,dpt,283,0.008027066476643085,8.44907553982921e-05,0.0034656645730137825
sgGPHfZ6O00,sgGPHfZ6O00_0004_S1442_E1781_L543_T2_R895_B354,artalk,284,0.008417947217822075,-4.3804964661831036e-05,0.00305120088160038
sgGPHfZ6O00,sgGPHfZ6O00_0004_S1442_E1781_L543_T2_R895_B354,multitalk,283,0.010934151709079742,9.850050992099568e-05,0.0035777674056589603
sgGPHfZ6O00,sgGPHfZ6O00_0004_S1442_E1781_L543_T2_R895_B354,codetalker,286,0.00887645035982132,0.00014442892279475927,0.005755790043622255
sgRTFPJ1MdE,sgRTFPJ1MdE_0000_S554_E1043_L318_T0_R734_B400,dpt,408,0.009082427248358727,-1.2284212061786093e-05,0.0030530632939189672
sgRTFPJ1MdE,sgRTFPJ1MdE_0000_S554_E1043_L318_T0_R734_B400,artalk,409,0.01079519186168909,-9.843931366049219e-06,0.0029787078965455294
sgRTFPJ1MdE,sgRTFPJ1MdE_0000_S554_E1043_L318_T0_R734_B400,multitalk,407,0.008796383626759052,1.6598056390648708e-05,0.0053559960797429085
sgRTFPJ1MdE,sgRTFPJ1MdE_0000_S554_E1043_L318_T0_R734_B400,codetalker,410,0.010081923566758633,3.2571762858424336e-05,0.004747029859572649
si4zS_Jx_uY,si4zS_Jx_uY_0001_S37_E465_L443_T32_R955_B544,dpt,428,0.012201500125229359,0.00022622247342951596,0.003666855627670884
si4zS_Jx_uY,si4zS_Jx_uY_0001_S37_E465_L443_T32_R955_B544,artalk,428,0.0102293835952878,8.625514601590112e-05,0.0032115746289491653
si4zS_Jx_uY,si4zS_Jx_uY_0001_S37_E465_L443_T32_R955_B544,multitalk,428,0.011900625191628933,0.0002018546947510913,0.0038727838546037674
si4zS_Jx_uY,si4zS_Jx_uY_0001_S37_E465_L443_T32_R955_B544,codetalker,428,0.013562786392867565,0.00024763037799857557,0.007947348058223724
skyd1JiJiYs,skyd1JiJiYs_0001_S0_E564_L310_T80_R870_B640,dpt,470,0.011399234645068645,0.0002917953534051776,0.005659510847181082
skyd1JiJiYs,skyd1JiJiYs_0001_S0_E564_L310_T80_R870_B640,artalk,471,0.013146765530109406,0.00014523592835757881,0.005626677069813013
skyd1JiJiYs,skyd1JiJiYs_0001_S0_E564_L310_T80_R870_B640,multitalk,470,0.015503562986850739,-0.0001927326520672068,0.005965727847069502
skyd1JiJiYs,skyd1JiJiYs_0001_S0_E564_L310_T80_R870_B640,codetalker,472,0.014328843913972378,0.00023935695935506374,0.0076075163669884205
sp4yAT08rqw,sp4yAT08rqw_0007_S353_E648_L59_T0_R827_B704,dpt,295,0.0065000904724001884,8.106049062917009e-05,0.001943127135746181
sp4yAT08rqw,sp4yAT08rqw_0007_S353_E648_L59_T0_R827_B704,artalk,295,0.007559973280876875,-6.621859211008996e-05,0.002806120552122593
sp4yAT08rqw,sp4yAT08rqw_0007_S353_E648_L59_T0_R827_B704,multitalk,295,0.007442907430231571,6.549205136252567e-05,0.002304093213751912
sp4yAT08rqw,sp4yAT08rqw_0007_S353_E648_L59_T0_R827_B704,codetalker,295,0.007511382922530174,6.015969120198861e-05,0.00572955934330821
sphx939ru4U,sphx939ru4U_0001_S1319_E1816_L223_T0_R1215_B704,dpt,415,0.012744625099003315,0.00026974189677275717,0.005338742397725582
sphx939ru4U,sphx939ru4U_0001_S1319_E1816_L223_T0_R1215_B704,artalk,416,0.010081717744469643,9.37592558329925e-05,0.004301887936890125
sphx939ru4U,sphx939ru4U_0001_S1319_E1816_L223_T0_R1215_B704,multitalk,414,0.021555358543992043,0.00027953030075877905,0.0037247061263769865
sphx939ru4U,sphx939ru4U_0001_S1319_E1816_L223_T0_R1215_B704,codetalker,417,0.01459346991032362,0.0002867521543521434,0.004782774951308966
stqdcOSqbnI,stqdcOSqbnI_0057_S1394_E1696_L370_T51_R722_B403,dpt,251,0.010291295126080513,1.3584016414824873e-05,0.0038763454649597406
stqdcOSqbnI,stqdcOSqbnI_0057_S1394_E1696_L370_T51_R722_B403,artalk,252,0.005308055318892002,-2.7149431844009086e-05,0.0020351114217191935
stqdcOSqbnI,stqdcOSqbnI_0057_S1394_E1696_L370_T51_R722_B403,multitalk,251,0.010644483380019665,3.3179163438035175e-05,0.003448494477197528
stqdcOSqbnI,stqdcOSqbnI_0057_S1394_E1696_L370_T51_R722_B403,codetalker,255,0.010796776041388512,6.0115751693956554e-05,0.007047566119581461
suK34prc56o,suK34prc56o_0003_S1164_E1407_L46_T0_R1038_B704,dpt,253,0.01078529842197895,0.0003954417770728469,0.003152536926791072
suK34prc56o,suK34prc56o_0003_S1164_E1407_L46_T0_R1038_B704,artalk,253,0.010250155813992023,0.00028894926072098315,0.00442907540127635
suK34prc56o,suK34prc56o_0003_S1164_E1407_L46_T0_R1038_B704,multitalk,253,0.01074130367487669,0.00024592518457211554,0.003413126803934574
suK34prc56o,suK34prc56o_0003_S1164_E1407_L46_T0_R1038_B704,codetalker,253,0.014005078002810478,0.00039102931623347104,0.007756133563816547
swP3fNDUD0M,swP3fNDUD0M_0000_S1291_E1799_L414_T5_R846_B437,dpt,423,0.00840750988572836,0.00019554269965738058,0.0018709455616772175
swP3fNDUD0M,swP3fNDUD0M_0000_S1291_E1799_L414_T5_R846_B437,artalk,424,0.006783520802855492,6.896591366967186e-05,0.0022881049662828445
swP3fNDUD0M,swP3fNDUD0M_0000_S1291_E1799_L414_T5_R846_B437,multitalk,423,0.013431345112621784,0.0002093812363455072,0.0022710731718689203
swP3fNDUD0M,swP3fNDUD0M_0000_S1291_E1799_L414_T5_R846_B437,codetalker,426,0.010883237235248089,0.00022231960610952228,0.004360731225460768
sy-JNEKRe6w,sy-JNEKRe6w_0039_S535_E838_L479_T27_R783_B331,dpt,253,0.009588447399437428,0.0002137939736712724,0.005242875777184963
sy-JNEKRe6w,sy-JNEKRe6w_0039_S535_E838_L479_T27_R783_B331,artalk,254,0.00976419448852539,9.355810470879078e-05,0.003965952433645725
sy-JNEKRe6w,sy-JNEKRe6w_0039_S535_E838_L479_T27_R783_B331,multitalk,252,0.012176282703876495,0.00015725355478934944,0.004697384312748909
sy-JNEKRe6w,sy-JNEKRe6w_0039_S535_E838_L479_T27_R783_B331,codetalker,255,0.009034530259668827,0.0002417667128611356,0.005860897712409496
t-N3In2rLI4,t-N3In2rLI4_0010_S1237_E1508_L362_T0_R970_B528,dpt,226,0.014084317721426487,0.00015888916095718741,0.0031698879320174456
t-N3In2rLI4,t-N3In2rLI4_0010_S1237_E1508_L362_T0_R970_B528,artalk,227,0.00945951510220766,0.00010960311919916421,0.002783095231279731
t-N3In2rLI4,t-N3In2rLI4_0010_S1237_E1508_L362_T0_R970_B528,multitalk,226,0.01678556017577648,0.00011380283831385896,0.0037126748356968164
t-N3In2rLI4,t-N3In2rLI4_0010_S1237_E1508_L362_T0_R970_B528,codetalker,228,0.015653051435947418,0.0002011868782574311,0.006796531844884157
t1hyNFQq1Qc,t1hyNFQq1Qc_0004_S1289_E1855_L389_T0_R997_B576,dpt,471,0.009322132915258408,0.00047361452016048133,0.003572327084839344
t1hyNFQq1Qc,t1hyNFQq1Qc_0004_S1289_E1855_L389_T0_R997_B576,artalk,472,0.007066786289215088,0.00039266710518859327,0.0023809275589883327
t1hyNFQq1Qc,t1hyNFQq1Qc_0004_S1289_E1855_L389_T0_R997_B576,multitalk,471,0.009793728590011597,0.0004966403357684612,0.005423084367066622
t1hyNFQq1Qc,t1hyNFQq1Qc_0004_S1289_E1855_L389_T0_R997_B576,codetalker,473,0.010345743037760258,0.0005192739190533757,0.006740100681781769
t1ok0e9gTRo,t1ok0e9gTRo_0004_S0_E205_L207_T0_R671_B464,dpt,205,0.012033501639962196,0.000159690753207542,0.0019657372031360865
t1ok0e9gTRo,t1ok0e9gTRo_0004_S0_E205_L207_T0_R671_B464,artalk,205,0.009088121354579926,7.955632463563234e-05,0.003690199228003621
t1ok0e9gTRo,t1ok0e9gTRo_0004_S0_E205_L207_T0_R671_B464,multitalk,205,0.01517417747527361,0.00011401055962778628,0.0036564702168107033
t1ok0e9gTRo,t1ok0e9gTRo_0004_S0_E205_L207_T0_R671_B464,codetalker,205,0.011741936206817627,0.0001545515115140006,0.004010570701211691
t3SPY13b64M,t3SPY13b64M_0000_S1255_E1496_L446_T29_R814_B397,dpt,201,0.009875254705548286,0.0002491468039806932,0.005476550664752722
t3SPY13b64M,t3SPY13b64M_0000_S1255_E1496_L446_T29_R814_B397,artalk,202,0.01039227657020092,0.00015371412155218422,0.006298582535237074
t3SPY13b64M,t3SPY13b64M_0000_S1255_E1496_L446_T29_R814_B397,multitalk,201,0.01297294907271862,0.0002520937123335898,0.0072940499521791935
t3SPY13b64M,t3SPY13b64M_0000_S1255_E1496_L446_T29_R814_B397,codetalker,203,0.012914883904159069,0.0003122785419691354,0.009302763268351555
t43zNbKooJs,t43zNbKooJs_0000_S13_E298_L491_T142_R891_B542,dpt,238,0.013622097671031952,0.00017211068188771605,0.007593520916998386
t43zNbKooJs,t43zNbKooJs_0000_S13_E298_L491_T142_R891_B542,artalk,239,0.013988007791340351,0.00010761350858956575,0.007696243468672037
t43zNbKooJs,t43zNbKooJs_0000_S13_E298_L491_T142_R891_B542,multitalk,237,0.009843951091170311,0.00019460139446891844,0.00699015473946929
t43zNbKooJs,t43zNbKooJs_0000_S13_E298_L491_T142_R891_B542,codetalker,240,0.00950231309980154,0.00016625026182737201,0.00445092748850584
t7caALtdVBM,t7caALtdVBM_0001_S600_E858_L531_T82_R803_B354,dpt,258,0.006744782440364361,0.00014961046690586954,0.002346220426261425
t7caALtdVBM,t7caALtdVBM_0001_S600_E858_L531_T82_R803_B354,artalk,258,0.005308207590132952,9.318002412328497e-06,0.002639654092490673
t7caALtdVBM,t7caALtdVBM_0001_S600_E858_L531_T82_R803_B354,multitalk,258,0.010414227843284607,0.00012487352069001645,0.0019626636058092117
t7caALtdVBM,t7caALtdVBM_0001_S600_E858_L531_T82_R803_B354,codetalker,258,0.006717983167618513,0.00015272194286808372,0.0037609939463436604
t7f-iQf3PRA,t7f-iQf3PRA_0000_S621_E916_L526_T0_R926_B384,dpt,246,0.00907612219452858,0.0002127479820046574,0.004213318694382906
t7f-iQf3PRA,t7f-iQf3PRA_0000_S621_E916_L526_T0_R926_B384,artalk,247,0.006639610044658184,0.00014432123862206936,0.0032070439774543047
t7f-iQf3PRA,t7f-iQf3PRA_0000_S621_E916_L526_T0_R926_B384,multitalk,246,0.011996726505458355,0.0002098357945214957,0.008400206454098225
t7f-iQf3PRA,t7f-iQf3PRA_0000_S621_E916_L526_T0_R926_B384,codetalker,248,0.0094841830432415,0.00026549561880528927,0.0056804935447871685
tC0vzGbKXWs,tC0vzGbKXWs_0000_S1077_E1397_L384_T18_R960_B594,dpt,320,0.009949034079909325,0.0002215396671090275,0.002563102636486292
tC0vzGbKXWs,tC0vzGbKXWs_0000_S1077_E1397_L384_T18_R960_B594,artalk,320,0.009177827276289463,0.0002294877776876092,0.0036334251053631306
tC0vzGbKXWs,tC0vzGbKXWs_0000_S1077_E1397_L384_T18_R960_B594,multitalk,320,0.012144497595727444,0.00021476621623151004,0.004798273090273142
tC0vzGbKXWs,tC0vzGbKXWs_0000_S1077_E1397_L384_T18_R960_B594,codetalker,320,0.011054868809878826,0.00026693937252275646,0.00634533166885376
tCskNV4zvIA,tCskNV4zvIA_0006_S0_E431_L548_T51_R836_B339,dpt,359,0.008910028263926506,-1.837062882259488e-05,0.0023890268057584763
tCskNV4zvIA,tCskNV4zvIA_0006_S0_E431_L548_T51_R836_B339,artalk,360,0.00512244226410985,-7.740106229903176e-05,0.0022483086213469505
tCskNV4zvIA,tCskNV4zvIA_0006_S0_E431_L548_T51_R836_B339,multitalk,359,0.0088211540132761,-1.7032738469424658e-05,0.004829661920666695
tCskNV4zvIA,tCskNV4zvIA_0006_S0_E431_L548_T51_R836_B339,codetalker,361,0.00928665604442358,1.1821825864899438e-05,0.005427074618637562
tE9_u7slTrc,tE9_u7slTrc_0000_S904_E1288_L302_T47_R910_B655,dpt,320,0.009994633495807648,3.375621963641606e-05,0.004866010043770075
tE9_u7slTrc,tE9_u7slTrc_0000_S904_E1288_L302_T47_R910_B655,artalk,321,0.007394246757030487,4.172095577814616e-05,0.003656157059594989
tE9_u7slTrc,tE9_u7slTrc_0000_S904_E1288_L302_T47_R910_B655,multitalk,320,0.014625835232436657,9.636260801926255e-05,0.007343892008066177
tE9_u7slTrc,tE9_u7slTrc_0000_S904_E1288_L302_T47_R910_B655,codetalker,322,0.008345154114067554,0.0001236960815731436,0.004463327582925558
tMTZDgGaWqE,tMTZDgGaWqE_0000_S1309_E1773_L226_T0_R1042_B704,dpt,387,0.010839398019015789,0.00022849938250146806,0.0026542856357991695
tMTZDgGaWqE,tMTZDgGaWqE_0000_S1309_E1773_L226_T0_R1042_B704,artalk,388,0.007445954717695713,0.00016734532255213708,0.0031849790830165148
tMTZDgGaWqE,tMTZDgGaWqE_0000_S1309_E1773_L226_T0_R1042_B704,multitalk,387,0.010614432394504547,0.0002407610008958727,0.0026764103677123785
tMTZDgGaWqE,tMTZDgGaWqE_0000_S1309_E1773_L226_T0_R1042_B704,codetalker,389,0.011250915005803108,0.00028091613785363734,0.006204923614859581
tSUX6HReL6o,tSUX6HReL6o_0000_S118_E475_L383_T0_R767_B368,dpt,297,0.008072554133832455,8.403105312027037e-05,0.003996548242866993
tSUX6HReL6o,tSUX6HReL6o_0000_S118_E475_L383_T0_R767_B368,artalk,298,0.007050065323710442,-6.842968286946416e-05,0.0036331890150904655
tSUX6HReL6o,tSUX6HReL6o_0000_S118_E475_L383_T0_R767_B368,multitalk,297,0.011712858453392982,0.00010689128248486668,0.004162610974162817
tSUX6HReL6o,tSUX6HReL6o_0000_S118_E475_L383_T0_R767_B368,codetalker,299,0.012556539848446846,0.0001270111242774874,0.007959047332406044
tSf72G2vTU8,tSf72G2vTU8_0000_S1113_E1522_L438_T20_R918_B500,dpt,409,0.011327496729791164,5.964979573036544e-05,0.003240179968997836
tSf72G2vTU8,tSf72G2vTU8_0000_S1113_E1522_L438_T20_R918_B500,artalk,409,0.012478501535952091,-6.0418744396883994e-05,0.004107898101210594
tSf72G2vTU8,tSf72G2vTU8_0000_S1113_E1522_L438_T20_R918_B500,multitalk,409,0.014013610780239105,-0.000670736888423562,0.00867143552750349
tSf72G2vTU8,tSf72G2vTU8_0000_S1113_E1522_L438_T20_R918_B500,codetalker,409,0.011832787655293941,7.71420236560516e-05,0.0030486711766570807
tUPzZFsH9NM,tUPzZFsH9NM_0000_S1305_E1919_L550_T14_R870_B334,dpt,512,0.011690963059663773,0.00017577616381458938,0.0031939258333295584
tUPzZFsH9NM,tUPzZFsH9NM_0000_S1305_E1919_L550_T14_R870_B334,artalk,513,0.00674047414213419,6.7441891587805e-05,0.002804027870297432
tUPzZFsH9NM,tUPzZFsH9NM_0000_S1305_E1919_L550_T14_R870_B334,multitalk,512,0.010142731480300426,0.0001681145076872781,0.003505751956254244
tUPzZFsH9NM,tUPzZFsH9NM_0000_S1305_E1919_L550_T14_R870_B334,codetalker,514,0.010309009812772274,0.0002103304141201079,0.00543889170512557
tXwwOXxj3Wk,tXwwOXxj3Wk_0000_S1509_E1836_L325_T0_R917_B544,dpt,272,0.013322305865585804,0.00017615745309740305,0.004583156667649746
tXwwOXxj3Wk,tXwwOXxj3Wk_0000_S1509_E1836_L325_T0_R917_B544,artalk,273,0.008582081645727158,3.9631271647522226e-05,0.004283623769879341
tXwwOXxj3Wk,tXwwOXxj3Wk_0000_S1509_E1836_L325_T0_R917_B544,multitalk,272,0.0189641285687685,0.00017651671078056097,0.004546294920146465
tXwwOXxj3Wk,tXwwOXxj3Wk_0000_S1509_E1836_L325_T0_R917_B544,codetalker,275,0.014573950320482254,0.00020767468959093094,0.00888205785304308
tYS3l-lh39Q,tYS3l-lh39Q_0000_S1400_E1647_L248_T183_R536_B471,dpt,206,0.01535145752131939,9.17237121029757e-05,0.0031973407603800297
tYS3l-lh39Q,tYS3l-lh39Q_0000_S1400_E1647_L248_T183_R536_B471,artalk,207,0.01653331145644188,-1.953765968210064e-05,0.003592412918806076
tYS3l-lh39Q,tYS3l-lh39Q_0000_S1400_E1647_L248_T183_R536_B471,multitalk,205,0.011889203451573849,0.00010900001507252455,0.0032560802064836025
tYS3l-lh39Q,tYS3l-lh39Q_0000_S1400_E1647_L248_T183_R536_B471,codetalker,208,0.013182754628360271,0.00018088132492266595,0.008167833089828491
tZMO74qrrJk,tZMO74qrrJk_0009_S83_E375_L488_T41_R936_B489,dpt,292,0.009012638591229916,5.6688255426706746e-05,0.0029562548734247684
tZMO74qrrJk,tZMO74qrrJk_0009_S83_E375_L488_T41_R936_B489,artalk,292,0.007135369349271059,-4.2216022848151624e-05,0.0029120619874447584
tZMO74qrrJk,tZMO74qrrJk_0009_S83_E375_L488_T41_R936_B489,multitalk,292,0.010486091487109661,2.4340501113329083e-05,0.006114905700087547
tZMO74qrrJk,tZMO74qrrJk_0009_S83_E375_L488_T41_R936_B489,codetalker,292,0.009094721637666225,0.00011779829219449311,0.004445848520845175
tZZyNqO9bQ0,tZZyNqO9bQ0_0007_S1392_E1647_L517_T84_R773_B340,dpt,213,0.014106513001024723,4.192531923763454e-05,0.004064671695232391
tZZyNqO9bQ0,tZZyNqO9bQ0_0007_S1392_E1647_L517_T84_R773_B340,artalk,214,0.009430729784071445,-3.757013473659754e-05,0.004020574036985636
tZZyNqO9bQ0,tZZyNqO9bQ0_0007_S1392_E1647_L517_T84_R773_B340,multitalk,212,0.00980068277567625,2.2632571926806122e-05,0.004417866934090853
tZZyNqO9bQ0,tZZyNqO9bQ0_0007_S1392_E1647_L517_T84_R773_B340,codetalker,215,0.014606157317757607,4.492600055527873e-05,0.007912054657936096
tgKPxj4-0QE,tgKPxj4-0QE_0000_S1233_E1473_L481_T57_R849_B425,dpt,200,0.009045376442372799,0.00014812470180913806,0.005085545592010021
tgKPxj4-0QE,tgKPxj4-0QE_0000_S1233_E1473_L481_T57_R849_B425,artalk,201,0.00654969597235322,7.912205546745099e-06,0.0034751512575894594
tgKPxj4-0QE,tgKPxj4-0QE_0000_S1233_E1473_L481_T57_R849_B425,multitalk,200,0.010574703104794025,0.00014065401046536863,0.005598509218543768
tgKPxj4-0QE,tgKPxj4-0QE_0000_S1233_E1473_L481_T57_R849_B425,codetalker,202,0.008657902479171753,0.00017457963258493692,0.00502318749204278
tlPIi5sLOoI,tlPIi5sLOoI_0001_S357_E718_L405_T4_R805_B404,dpt,361,0.011437841691076756,0.000258846819633618,0.0025737578980624676
tlPIi5sLOoI,tlPIi5sLOoI_0001_S357_E718_L405_T4_R805_B404,artalk,361,0.009097632020711899,0.00013385100464802235,0.003717403393238783
tlPIi5sLOoI,tlPIi5sLOoI_0001_S357_E718_L405_T4_R805_B404,multitalk,360,0.010076003149151802,0.00027098803548142314,0.0029392389114946127
tlPIi5sLOoI,tlPIi5sLOoI_0001_S357_E718_L405_T4_R805_B404,codetalker,361,0.014067618176341057,0.0003059934242628515,0.007907941937446594
tlSl7JSQ35w,tlSl7JSQ35w_0021_S571_E831_L288_T8_R544_B264,dpt,217,0.022073350846767426,-6.919080624356866e-05,0.00438981968909502
tlSl7JSQ35w,tlSl7JSQ35w_0021_S571_E831_L288_T8_R544_B264,artalk,218,0.02517685294151306,-8.321271161548793e-05,0.0036757858470082283
tlSl7JSQ35w,tlSl7JSQ35w_0021_S571_E831_L288_T8_R544_B264,multitalk,216,0.02271568775177002,-0.0006595117738470435,0.00658700754866004
tlSl7JSQ35w,tlSl7JSQ35w_0021_S571_E831_L288_T8_R544_B264,codetalker,219,0.021172281354665756,-0.00011874327901750803,0.00255383737385273
tm50929wbaA,tm50929wbaA_0000_S1349_E1604_L351_T30_R767_B446,dpt,213,0.007936941459774971,2.2095548047218472e-05,0.004198543261736631
tm50929wbaA,tm50929wbaA_0000_S1349_E1604_L351_T30_R767_B446,artalk,214,0.00551953399553895,-7.0943046011962e-05,0.0033056079410016537
tm50929wbaA,tm50929wbaA_0000_S1349_E1604_L351_T30_R767_B446,multitalk,212,0.011217267252504826,-5.47676472706371e-06,0.004883166868239641
tm50929wbaA,tm50929wbaA_0000_S1349_E1604_L351_T30_R767_B446,codetalker,214,0.007904067635536194,3.3752989111235365e-05,0.004555153660476208
tng9I_Yfhg8,tng9I_Yfhg8_0000_S1011_E1265_L536_T35_R792_B291,dpt,254,0.008758376352488995,4.450386404641904e-05,0.0033135332632809877
tng9I_Yfhg8,tng9I_Yfhg8_0000_S1011_E1265_L536_T35_R792_B291,artalk,254,0.006365529261529446,-5.174337638891302e-05,0.0024654269218444824
tng9I_Yfhg8,tng9I_Yfhg8_0000_S1011_E1265_L536_T35_R792_B291,multitalk,254,0.008456375449895859,6.508203659905121e-05,0.003940156660974026
tng9I_Yfhg8,tng9I_Yfhg8_0000_S1011_E1265_L536_T35_R792_B291,codetalker,254,0.007576789706945419,9.701579983811826e-05,0.005470775067806244
trGNjNAxMMA,trGNjNAxMMA_0000_S715_E1158_L170_T76_R602_B508,dpt,369,0.011196769773960114,0.0001297736307606101,0.0039652492851018906
trGNjNAxMMA,trGNjNAxMMA_0000_S715_E1158_L170_T76_R602_B508,artalk,370,0.012875419110059738,6.349664545268752e-06,0.004112808965146542
trGNjNAxMMA,trGNjNAxMMA_0000_S715_E1158_L170_T76_R602_B508,multitalk,369,0.010243191383779049,0.0001756462879711762,0.004887077491730452
trGNjNAxMMA,trGNjNAxMMA_0000_S715_E1158_L170_T76_R602_B508,codetalker,371,0.012539313174784184,0.00017673750699032098,0.0048831067979335785
tsxCu5Fom2A,tsxCu5Fom2A_0000_S1234_E1535_L132_T0_R1028_B704,dpt,314,0.013400224037468433,0.0004948762361891568,0.009744545444846153
tsxCu5Fom2A,tsxCu5Fom2A_0000_S1234_E1535_L132_T0_R1028_B704,artalk,314,0.014417877420783043,0.0003918508009519428,0.006696218159049749
tsxCu5Fom2A,tsxCu5Fom2A_0000_S1234_E1535_L132_T0_R1028_B704,multitalk,313,0.014648184180259705,0.0004898242768831551,0.010815341025590897
tsxCu5Fom2A,tsxCu5Fom2A_0000_S1234_E1535_L132_T0_R1028_B704,codetalker,314,0.014274533838033676,0.000503794988617301,0.004738016054034233
tvsBIX44mQM,tvsBIX44mQM_0000_S0_E548_L333_T12_R829_B508,dpt,457,0.011173221282660961,0.0003613604640122503,0.0032005656976252794
tvsBIX44mQM,tvsBIX44mQM_0000_S0_E548_L333_T12_R829_B508,artalk,458,0.009424432180821896,0.0002457359223626554,0.003668868215754628
tvsBIX44mQM,tvsBIX44mQM_0000_S0_E548_L333_T12_R829_B508,multitalk,457,0.011068610474467278,0.00032531574834138155,0.005235410761088133
tvsBIX44mQM,tvsBIX44mQM_0000_S0_E548_L333_T12_R829_B508,codetalker,459,0.015012209303677082,0.0004187110171187669,0.0102046774700284
tygH_zAKRvc,tygH_zAKRvc_0001_S0_E263_L381_T76_R813_B508,dpt,219,0.009747820906341076,0.00015764081035740674,0.0036332455929368734
tygH_zAKRvc,tygH_zAKRvc_0001_S0_E263_L381_T76_R813_B508,artalk,220,0.008808237500488758,-1.2568674719659612e-05,0.002904742956161499
tygH_zAKRvc,tygH_zAKRvc_0001_S0_E263_L381_T76_R813_B508,multitalk,219,0.012371087446808815,2.3129385226638988e-05,0.0035518696531653404
tygH_zAKRvc,tygH_zAKRvc_0001_S0_E263_L381_T76_R813_B508,codetalker,222,0.010257111862301826,0.00016211859474424273,0.003511525457724929
u5eti_-WK9g,u5eti_-WK9g_0007_S457_E1023_L853_T162_R1109_B418,dpt,472,0.01621287129819393,0.00010053923324448988,0.010799812152981758
u5eti_-WK9g,u5eti_-WK9g_0007_S457_E1023_L853_T162_R1109_B418,artalk,473,0.013146607205271721,-6.573808150278637e-06,0.007548483554273844
u5eti_-WK9g,u5eti_-WK9g_0007_S457_E1023_L853_T162_R1109_B418,multitalk,472,0.017161039635539055,0.00018263058154843748,0.012064660899341106
u5eti_-WK9g,u5eti_-WK9g_0007_S457_E1023_L853_T162_R1109_B418,codetalker,474,0.010760681703686714,0.00014383975940290838,0.005579862277954817
u61kdTMLJTQ,u61kdTMLJTQ_0000_S1128_E1493_L521_T62_R809_B350,dpt,365,0.007871400564908981,8.537623943993822e-05,0.0037111775018274784
u61kdTMLJTQ,u61kdTMLJTQ_0000_S1128_E1493_L521_T62_R809_B350,artalk,365,0.005830017384141684,-3.655006003100425e-05,0.0030995924025774
u61kdTMLJTQ,u61kdTMLJTQ_0000_S1128_E1493_L521_T62_R809_B350,multitalk,365,0.009969048202037811,4.601417458616197e-06,0.00499576423317194
u61kdTMLJTQ,u61kdTMLJTQ_0000_S1128_E1493_L521_T62_R809_B350,codetalker,365,0.007577873766422272,0.00011809791612904519,0.003772839205339551
u8B3lvaw9tw,u8B3lvaw9tw_0006_S1258_E1505_L382_T56_R750_B424,dpt,206,0.009617768228054047,0.0002480238617863506,0.004596963059157133
u8B3lvaw9tw,u8B3lvaw9tw_0006_S1258_E1505_L382_T56_R750_B424,artalk,207,0.009203060530126095,0.0002389168948866427,0.004387020133435726
u8B3lvaw9tw,u8B3lvaw9tw_0006_S1258_E1505_L382_T56_R750_B424,multitalk,205,0.007237978745251894,0.0001989500888157636,0.003338894573971629
u8B3lvaw9tw,u8B3lvaw9tw_0006_S1258_E1505_L382_T56_R750_B424,codetalker,208,0.00716532813385129,0.0002650809765327722,0.003684831317514181
uAWBQI7PVKA,uAWBQI7PVKA_0000_S0_E497_L258_T0_R994_B704,dpt,518,0.013453747145831585,0.0003354389627929777,0.005361849907785654
uAWBQI7PVKA,uAWBQI7PVKA_0000_S0_E497_L258_T0_R994_B704,artalk,518,0.01151958480477333,0.00015961161989253014,0.006263234652578831
uAWBQI7PVKA,uAWBQI7PVKA_0000_S0_E497_L258_T0_R994_B704,multitalk,518,0.014574124477803707,0.000306937494315207,0.004843146074563265
uAWBQI7PVKA,uAWBQI7PVKA_0000_S0_E497_L258_T0_R994_B704,codetalker,518,0.017000850290060043,0.00037282929406501353,0.010953336022794247
uAsqM8rL8GA,uAsqM8rL8GA_0001_S401_E676_L360_T108_R744_B492,dpt,229,0.01200286764651537,0.0001928562269313261,0.005562072154134512
uAsqM8rL8GA,uAsqM8rL8GA_0001_S401_E676_L360_T108_R744_B492,artalk,230,0.008111704140901566,0.00010131733870366588,0.0022867072839289904
uAsqM8rL8GA,uAsqM8rL8GA_0001_S401_E676_L360_T108_R744_B492,multitalk,229,0.013225455768406391,0.0001611085026524961,0.0072467140853405
uAsqM8rL8GA,uAsqM8rL8GA_0001_S401_E676_L360_T108_R744_B492,codetalker,231,0.013158110901713371,0.00023773673456162214,0.007263439707458019
uQ2I4dZh9O4,uQ2I4dZh9O4_0003_S0_E481_L374_T51_R774_B451,dpt,481,0.006503221578896046,0.0002015442296396941,0.002043043961748481
uQ2I4dZh9O4,uQ2I4dZh9O4_0003_S0_E481_L374_T51_R774_B451,artalk,481,0.004569661803543568,8.169339707819745e-05,0.0017495803767815232
uQ2I4dZh9O4,uQ2I4dZh9O4_0003_S0_E481_L374_T51_R774_B451,multitalk,481,0.012471183203160763,-0.00031891389517113566,0.0032144850119948387
uQ2I4dZh9O4,uQ2I4dZh9O4_0003_S0_E481_L374_T51_R774_B451,codetalker,481,0.008105362765491009,0.00025194764020852745,0.0032458521891385317
uTUY9W-eDZk,uTUY9W-eDZk_0006_S1424_E1903_L375_T70_R855_B550,dpt,399,0.01045387051999569,0.00024657766334712505,0.0030028631445020437
uTUY9W-eDZk,uTUY9W-eDZk_0006_S1424_E1903_L375_T70_R855_B550,artalk,400,0.006588287185877562,0.00017549954645801336,0.0021716479677706957
uTUY9W-eDZk,uTUY9W-eDZk_0006_S1424_E1903_L375_T70_R855_B550,multitalk,399,0.010750340297818184,0.000296368874842301,0.003157969331368804
uTUY9W-eDZk,uTUY9W-eDZk_0006_S1424_E1903_L375_T70_R855_B550,codetalker,401,0.010162679478526115,0.0003085075586568564,0.005024505779147148
uxBzmTylbwg,uxBzmTylbwg_0001_S0_E281_L158_T36_R638_B516,dpt,234,0.016506385058164597,0.0002513696381356567,0.007072473410516977
uxBzmTylbwg,uxBzmTylbwg_0001_S0_E281_L158_T36_R638_B516,artalk,235,0.015092493034899235,0.0001041634168359451,0.008174670860171318
uxBzmTylbwg,uxBzmTylbwg_0001_S0_E281_L158_T36_R638_B516,multitalk,234,0.015073955990374088,0.0002821623638737947,0.0051037902012467384
uxBzmTylbwg,uxBzmTylbwg_0001_S0_E281_L158_T36_R638_B516,codetalker,236,0.01808067038655281,0.0003315372741781175,0.012406846508383751
uxQbWbWVWug,uxQbWbWVWug_0001_S299_E755_L538_T39_R858_B359,dpt,456,0.009508928284049034,1.4627141354139894e-05,0.004686233587563038
uxQbWbWVWug,uxQbWbWVWug_0001_S299_E755_L538_T39_R858_B359,artalk,456,0.007967877201735973,-8.720505138626322e-05,0.0039062367286533117
uxQbWbWVWug,uxQbWbWVWug_0001_S299_E755_L538_T39_R858_B359,multitalk,456,0.010260486975312233,3.0080764190643094e-05,0.006508972961455584
uxQbWbWVWug,uxQbWbWVWug_0001_S299_E755_L538_T39_R858_B359,codetalker,456,0.007644358556717634,6.843317532911897e-05,0.0033392247278243303
uxy82zQnQpo,uxy82zQnQpo_0000_S231_E602_L320_T0_R992_B576,dpt,309,0.013022379949688911,8.914392674341798e-05,0.004621757194399834
uxy82zQnQpo,uxy82zQnQpo_0000_S231_E602_L320_T0_R992_B576,artalk,310,0.008669674396514893,4.934598837280646e-05,0.0037445107009261847
uxy82zQnQpo,uxy82zQnQpo_0000_S231_E602_L320_T0_R992_B576,multitalk,309,0.019122926518321037,8.386476110899821e-05,0.003093624720349908
uxy82zQnQpo,uxy82zQnQpo_0000_S231_E602_L320_T0_R992_B576,codetalker,311,0.01500353217124939,9.074255649466068e-05,0.008634733967483044
v1wFRiV9_v4,v1wFRiV9_v4_0001_S441_E955_L375_T0_R1095_B672,dpt,428,0.010562533512711525,0.00018967242795042694,0.006038157735019922
v1wFRiV9_v4,v1wFRiV9_v4_0001_S441_E955_L375_T0_R1095_B672,artalk,429,0.009077269583940506,2.0641766241169535e-05,0.0050439839251339436
v1wFRiV9_v4,v1wFRiV9_v4_0001_S441_E955_L375_T0_R1095_B672,multitalk,428,0.011589951813220978,0.0001845265505835414,0.006551327183842659
v1wFRiV9_v4,v1wFRiV9_v4_0001_S441_E955_L375_T0_R1095_B672,codetalker,430,0.011362249031662941,0.0002497942477930337,0.005294427741318941
v2DjHVhnjQI,v2DjHVhnjQI_0001_S904_E1286_L183_T0_R823_B608,dpt,382,0.008342771790921688,0.00013325807231012732,0.0033561158925294876
v2DjHVhnjQI,v2DjHVhnjQI_0001_S904_E1286_L183_T0_R823_B608,artalk,382,0.006050802767276764,4.6532317355740815e-05,0.0023520798422396183
v2DjHVhnjQI,v2DjHVhnjQI_0001_S904_E1286_L183_T0_R823_B608,multitalk,382,0.00681736133992672,0.00015728843573015183,0.0030139214359223843
v2DjHVhnjQI,v2DjHVhnjQI_0001_S904_E1286_L183_T0_R823_B608,codetalker,382,0.006441567093133926,0.0001444126246497035,0.004544366616755724
v2_u0yV5ua0,v2_u0yV5ua0_0002_S0_E267_L631_T35_R919_B323,dpt,222,0.008392476476728916,0.00021626781381201,0.003383033210411668
v2_u0yV5ua0,v2_u0yV5ua0_0002_S0_E267_L631_T35_R919_B323,artalk,223,0.00722282100468874,0.00016670442710164934,0.0034266512375324965
v2_u0yV5ua0,v2_u0yV5ua0_0002_S0_E267_L631_T35_R919_B323,multitalk,222,0.010172773152589798,0.0002273441496072337,0.0032211258076131344
v2_u0yV5ua0,v2_u0yV5ua0_0002_S0_E267_L631_T35_R919_B323,codetalker,224,0.010553543455898762,0.00024350552121177316,0.0075193303637206554
v5vIyfkumj0,v5vIyfkumj0_0006_S658_E1213_L492_T0_R860_B320,dpt,463,0.012560398317873478,0.00011857701611006632,0.0036442840937525034
v5vIyfkumj0,v5vIyfkumj0_0006_S658_E1213_L492_T0_R860_B320,artalk,464,0.011344950646162033,2.462777410983108e-05,0.004885308910161257
v5vIyfkumj0,v5vIyfkumj0_0006_S658_E1213_L492_T0_R860_B320,multitalk,463,0.013271252624690533,0.00013853148266207427,0.00354590080678463
v5vIyfkumj0,v5vIyfkumj0_0006_S658_E1213_L492_T0_R860_B320,codetalker,465,0.01655317284166813,0.00018073551473207772,0.011000976897776127
v62wDFbK7iM,v62wDFbK7iM_0000_S115_E372_L0_T30_R448_B510,dpt,257,0.011679835617542267,4.630098374036606e-06,0.008478033356368542
v62wDFbK7iM,v62wDFbK7iM_0000_S115_E372_L0_T30_R448_B510,artalk,257,0.009873568080365658,-1.2154057912994176e-05,0.00908675603568554
v62wDFbK7iM,v62wDFbK7iM_0000_S115_E372_L0_T30_R448_B510,multitalk,257,0.011209358461201191,-0.00010873789142351598,0.007389661855995655
v62wDFbK7iM,v62wDFbK7iM_0000_S115_E372_L0_T30_R448_B510,codetalker,257,0.013019166886806488,1.8345370335737243e-05,0.011281190440058708
v7-eoymQp3o,v7-eoymQp3o_0000_S1211_E1811_L411_T155_R795_B539,dpt,500,0.011283822357654572,0.0002841872919816524,0.004171468783169985
v7-eoymQp3o,v7-eoymQp3o_0000_S1211_E1811_L411_T155_R795_B539,artalk,501,0.00597615260630846,0.00024177457089535892,0.0028716339729726315
v7-eoymQp3o,v7-eoymQp3o_0000_S1211_E1811_L411_T155_R795_B539,multitalk,500,0.011488084681332111,0.000295203150017187,0.004450812004506588
v7-eoymQp3o,v7-eoymQp3o_0000_S1211_E1811_L411_T155_R795_B539,codetalker,502,0.009927387349307537,0.00031161977676674724,0.00623346446081996
vC-uE8RAzbo,vC-uE8RAzbo_0001_S1208_E1449_L398_T36_R830_B468,dpt,241,0.008078866638243198,0.0001293452805839479,0.0045250472612679005
vC-uE8RAzbo,vC-uE8RAzbo_0001_S1208_E1449_L398_T36_R830_B468,artalk,241,0.006823886185884476,3.627691330621019e-05,0.0036772903986275196
vC-uE8RAzbo,vC-uE8RAzbo_0001_S1208_E1449_L398_T36_R830_B468,multitalk,241,0.009728345088660717,0.00011153004015795887,0.0060636731795966625
vC-uE8RAzbo,vC-uE8RAzbo_0001_S1208_E1449_L398_T36_R830_B468,codetalker,241,0.009198841638863087,0.00017504151037428528,0.003869820386171341
vO87PpdQKV4,vO87PpdQKV4_0000_S1195_E1535_L205_T0_R1277_B688,dpt,330,0.00927985180169344,0.00022545292449649423,0.0021082719322293997
vO87PpdQKV4,vO87PpdQKV4_0000_S1195_E1535_L205_T0_R1277_B688,artalk,330,0.011396480724215508,3.211542934877798e-05,0.003079707268625498
vO87PpdQKV4,vO87PpdQKV4_0000_S1195_E1535_L205_T0_R1277_B688,multitalk,330,0.015038189478218555,0.00019874493591487408,0.002327457070350647
vO87PpdQKV4,vO87PpdQKV4_0000_S1195_E1535_L205_T0_R1277_B688,codetalker,330,0.013436599634587765,0.00020521378610283136,0.007161554414778948
vOFoltimf5o,vOFoltimf5o_0000_S0_E344_L444_T70_R764_B390,dpt,286,0.008670208044350147,0.00032616028329357505,0.002544775605201721
vOFoltimf5o,vOFoltimf5o_0000_S0_E344_L444_T70_R764_B390,artalk,287,0.00622748164460063,0.00019218880333937705,0.003059038193896413
vOFoltimf5o,vOFoltimf5o_0000_S0_E344_L444_T70_R764_B390,multitalk,286,0.011723474599421024,0.0003309012099634856,0.0028487653471529484
vOFoltimf5o,vOFoltimf5o_0000_S0_E344_L444_T70_R764_B390,codetalker,288,0.01007832121104002,0.0003480245650280267,0.0064581395126879215
vT4z4TCf4uk,vT4z4TCf4uk_0000_S139_E366_L464_T0_R1168_B688,dpt,227,0.008127037435770035,0.00013825370115227997,0.0035859288182109594
vT4z4TCf4uk,vT4z4TCf4uk_0000_S139_E366_L464_T0_R1168_B688,artalk,227,0.006523753982037306,-1.7084672435885295e-05,0.0030461184214800596
vT4z4TCf4uk,vT4z4TCf4uk_0000_S139_E366_L464_T0_R1168_B688,multitalk,227,0.01016747485846281,-5.874433554708958e-06,0.004848594777286053
vT4z4TCf4uk,vT4z4TCf4uk_0000_S139_E366_L464_T0_R1168_B688,codetalker,227,0.009829278104007244,0.00012495866394601762,0.005267925560474396
vXPaPV2Ii-Y,vXPaPV2Ii-Y_0041_S542_E846_L445_T0_R797_B336,dpt,253,0.014348450116813183,2.9030115911155008e-05,0.004294496960937977
vXPaPV2Ii-Y,vXPaPV2Ii-Y_0041_S542_E846_L445_T0_R797_B336,artalk,254,0.014081167988479137,-3.5651457437779754e-05,0.005746483337134123
vXPaPV2Ii-Y,vXPaPV2Ii-Y_0041_S542_E846_L445_T0_R797_B336,multitalk,253,0.014558105729520321,3.6279885534895584e-05,0.004392514005303383
vXPaPV2Ii-Y,vXPaPV2Ii-Y_0041_S542_E846_L445_T0_R797_B336,codetalker,255,0.016189781948924065,0.00012258173956070095,0.008589894510805607
v_bumG-g0Dc,v_bumG-g0Dc_0000_S1192_E1811_L243_T18_R899_B674,dpt,516,0.009057349525392056,0.00020109103934373707,0.007339628878980875
v_bumG-g0Dc,v_bumG-g0Dc_0000_S1192_E1811_L243_T18_R899_B674,artalk,517,0.009495680220425129,4.9558260798221454e-05,0.007582780905067921
v_bumG-g0Dc,v_bumG-g0Dc_0000_S1192_E1811_L243_T18_R899_B674,multitalk,516,0.011242061853408813,8.97667559911497e-05,0.0054758572950959206
v_bumG-g0Dc,v_bumG-g0Dc_0000_S1192_E1811_L243_T18_R899_B674,codetalker,518,0.013037885539233685,0.0002356788027100265,0.012093046680092812
vf4CrrsnVWs,vf4CrrsnVWs_0000_S1257_E1511_L219_T0_R811_B592,dpt,254,0.009269865229725838,0.0001498384226579219,0.003832311602309346
vf4CrrsnVWs,vf4CrrsnVWs_0000_S1257_E1511_L219_T0_R811_B592,artalk,254,0.00857910793274641,5.9285513998474926e-05,0.0023055183701217175
vf4CrrsnVWs,vf4CrrsnVWs_0000_S1257_E1511_L219_T0_R811_B592,multitalk,254,0.00957550574094057,0.00017554339137859643,0.003203409258276224
vf4CrrsnVWs,vf4CrrsnVWs_0000_S1257_E1511_L219_T0_R811_B592,codetalker,254,0.00829081330448389,0.00017211130762007087,0.00348471337929368
vjjNnix_rGQ,vjjNnix_rGQ_0001_S1260_E1775_L246_T91_R614_B459,dpt,430,0.009564364328980446,0.00013744973693974316,0.005727329291403294
vjjNnix_rGQ,vjjNnix_rGQ_0001_S1260_E1775_L246_T91_R614_B459,artalk,431,0.00677866768091917,3.453411045484245e-05,0.006414088886231184
vjjNnix_rGQ,vjjNnix_rGQ_0001_S1260_E1775_L246_T91_R614_B459,multitalk,430,0.007826307788491249,0.00014316104352474213,0.004617914091795683
vjjNnix_rGQ,vjjNnix_rGQ_0001_S1260_E1775_L246_T91_R614_B459,codetalker,431,0.01297740824520588,0.00018116243882104754,0.011762747541069984
vlddfDNoCS8,vlddfDNoCS8_0000_S741_E1012_L431_T76_R751_B396,dpt,226,0.008033719845116138,0.00014747885870747268,0.004219849593937397
vlddfDNoCS8,vlddfDNoCS8_0000_S741_E1012_L431_T76_R751_B396,artalk,227,0.006809097249060869,2.4911310902098194e-05,0.0038339702878147364
vlddfDNoCS8,vlddfDNoCS8_0000_S741_E1012_L431_T76_R751_B396,multitalk,226,0.011591174639761448,9.676534682512283e-05,0.004804215393960476
vlddfDNoCS8,vlddfDNoCS8_0000_S741_E1012_L431_T76_R751_B396,codetalker,228,0.011812403798103333,0.00017539935652166605,0.00950536597520113
vmGW-kulgy8,vmGW-kulgy8_0000_S677_E901_L430_T35_R782_B387,dpt,224,0.016731897369027138,3.3485797757748514e-05,0.008079254068434238
vmGW-kulgy8,vmGW-kulgy8_0000_S677_E901_L430_T35_R782_B387,artalk,224,0.019308090209960938,3.699274020618759e-05,0.007923225872218609
vmGW-kulgy8,vmGW-kulgy8_0000_S677_E901_L430_T35_R782_B387,multitalk,223,0.020918721333146095,-0.00015367400192189962,0.012500084936618805
vmGW-kulgy8,vmGW-kulgy8_0000_S677_E901_L430_T35_R782_B387,codetalker,224,0.014366636984050274,7.92802675277926e-05,0.0038703337777405977
vmhYHtGvqCI,vmhYHtGvqCI_0000_S33_E405_L316_T0_R1004_B672,dpt,310,0.010799388401210308,0.00022917176829650998,0.004957555793225765
vmhYHtGvqCI,vmhYHtGvqCI_0000_S33_E405_L316_T0_R1004_B672,artalk,311,0.009181197732686996,0.00016530339780729264,0.004399828612804413
vmhYHtGvqCI,vmhYHtGvqCI_0000_S33_E405_L316_T0_R1004_B672,multitalk,310,0.01618419587612152,0.0002377652854193002,0.004463971592485905
vmhYHtGvqCI,vmhYHtGvqCI_0000_S33_E405_L316_T0_R1004_B672,codetalker,312,0.010435319505631924,0.00027741867233999074,0.0052068959921598434
vmtEmebxSwo,vmtEmebxSwo_0002_S0_E407_L368_T0_R848_B448,dpt,424,0.009534891694784164,0.00037632707972079515,0.0027441983111202717
vmtEmebxSwo,vmtEmebxSwo_0002_S0_E407_L368_T0_R848_B448,artalk,425,0.008014239370822906,0.00024917081464082,0.003904209937900305
vmtEmebxSwo,vmtEmebxSwo_0002_S0_E407_L368_T0_R848_B448,multitalk,424,0.00818796455860138,0.00035674223909154534,0.002644310472533107
vmtEmebxSwo,vmtEmebxSwo_0002_S0_E407_L368_T0_R848_B448,codetalker,425,0.010849623940885067,0.0003935513086616993,0.007513105869293213
vt6evh25rpY,vt6evh25rpY_0006_S153_E397_L430_T0_R702_B272,dpt,244,0.008962891064584255,0.0001504304091213271,0.0049344743601977825
vt6evh25rpY,vt6evh25rpY_0006_S153_E397_L430_T0_R702_B272,artalk,244,0.007513286080211401,8.249942766269669e-06,0.003842621808871627
vt6evh25rpY,vt6evh25rpY_0006_S153_E397_L430_T0_R702_B272,multitalk,244,0.01191150676459074,0.0001587506412761286,0.0042698560282588005
vt6evh25rpY,vt6evh25rpY_0006_S153_E397_L430_T0_R702_B272,codetalker,244,0.008294177241623402,0.0001613893109606579,0.004520343150943518
vtBXhiKZjWk,vtBXhiKZjWk_0001_S719_E987_L470_T18_R1046_B594,dpt,224,0.007506846450269222,3.0089078791206703e-05,0.0025665354914963245
vtBXhiKZjWk,vtBXhiKZjWk_0001_S719_E987_L470_T18_R1046_B594,artalk,225,0.009400452487170696,-9.441636939300224e-05,0.0021488333586603403
vtBXhiKZjWk,vtBXhiKZjWk_0001_S719_E987_L470_T18_R1046_B594,multitalk,223,0.008316123858094215,9.045022125064861e-06,0.00493655214086175
vtBXhiKZjWk,vtBXhiKZjWk_0001_S719_E987_L470_T18_R1046_B594,codetalker,226,0.009804770350456238,7.658263348275796e-05,0.00537142064422369
vuHbp02YfKA,vuHbp02YfKA_0000_S196_E450_L498_T4_R818_B324,dpt,211,0.0137192877009511,0.00023639173014089465,0.00282116886228323
vuHbp02YfKA,vuHbp02YfKA_0000_S196_E450_L498_T4_R818_B324,artalk,212,0.00906536914408207,0.0002015226928051561,0.0027174376882612705
vuHbp02YfKA,vuHbp02YfKA_0000_S196_E450_L498_T4_R818_B324,multitalk,211,0.012528862804174423,0.0002520079433452338,0.0030281085055321455
vuHbp02YfKA,vuHbp02YfKA_0000_S196_E450_L498_T4_R818_B324,codetalker,214,0.0140164690092206,0.0002524588489905,0.007264949381351471
vueMpDhosM8,vueMpDhosM8_0000_S228_E380_L84_T154_R548_B618,dpt,253,0.009933598339557648,0.00017582910368219018,0.009272065944969654
vueMpDhosM8,vueMpDhosM8_0000_S228_E380_L84_T154_R548_B618,artalk,254,0.01063830778002739,2.7983439849776914e-06,0.00909076165407896
vueMpDhosM8,vueMpDhosM8_0000_S228_E380_L84_T154_R548_B618,multitalk,253,0.010891027748584747,5.3578067308990285e-05,0.007618358358740807
vueMpDhosM8,vueMpDhosM8_0000_S228_E380_L84_T154_R548_B618,codetalker,254,0.009491091594099998,0.00016519348719157279,0.007371141109615564
vviufcserks,vviufcserks_0000_S382_E968_L479_T28_R1039_B588,dpt,586,0.010676919482648373,7.940270006656647e-05,0.002656617434695363
vviufcserks,vviufcserks_0000_S382_E968_L479_T28_R1039_B588,artalk,586,0.007978413254022598,5.983861774438992e-05,0.0027779284864664078
vviufcserks,vviufcserks_0000_S382_E968_L479_T28_R1039_B588,multitalk,586,0.009417769499123096,0.00011211786477360874,0.002787313424050808
vviufcserks,vviufcserks_0000_S382_E968_L479_T28_R1039_B588,codetalker,586,0.012019284069538116,0.00011285074288025498,0.008117265067994595
vyUiZfxuXXk,vyUiZfxuXXk_0002_S180_E453_L349_T0_R781_B416,dpt,273,0.01117232907563448,0.0002765296958386898,0.007326087448745966
vyUiZfxuXXk,vyUiZfxuXXk_0002_S180_E453_L349_T0_R781_B416,artalk,273,0.010693510062992573,0.00017245196795556694,0.005844640079885721
vyUiZfxuXXk,vyUiZfxuXXk_0002_S180_E453_L349_T0_R781_B416,multitalk,273,0.010629133321344852,0.00022908546088729054,0.006908783223479986
vyUiZfxuXXk,vyUiZfxuXXk_0002_S180_E453_L349_T0_R781_B416,codetalker,273,0.010913921520113945,0.0002797369088511914,0.00357818347401917
vyrHk4_-epU,vyrHk4_-epU_0001_S951_E1189_L487_T98_R775_B386,dpt,238,0.009276782162487507,0.00015118607552722096,0.0056317453272640705
vyrHk4_-epU,vyrHk4_-epU_0001_S951_E1189_L487_T98_R775_B386,artalk,238,0.009008330292999744,4.086341505171731e-05,0.00687264371663332
vyrHk4_-epU,vyrHk4_-epU_0001_S951_E1189_L487_T98_R775_B386,multitalk,237,0.008880349807441235,0.00016985213733278215,0.004942812025547028
vyrHk4_-epU,vyrHk4_-epU_0001_S951_E1189_L487_T98_R775_B386,codetalker,238,0.011314338073134422,0.00015986761718522757,0.009478013031184673
w0ztlIAYTCU,w0ztlIAYTCU_0007_S1122_E1437_L475_T45_R779_B349,dpt,317,0.011927736923098564,0.0001663287985138595,0.003639936912804842
w0ztlIAYTCU,w0ztlIAYTCU_0007_S1122_E1437_L475_T45_R779_B349,artalk,318,0.010647043585777283,9.594271978130564e-05,0.00509305577725172
w0ztlIAYTCU,w0ztlIAYTCU_0007_S1122_E1437_L475_T45_R779_B349,multitalk,317,0.0113949254155159,0.0001857129973359406,0.003035928588360548
w0ztlIAYTCU,w0ztlIAYTCU_0007_S1122_E1437_L475_T45_R779_B349,codetalker,318,0.014569105580449104,0.00017077538359444588,0.008175748400390148
w7zqBnrLxiw,w7zqBnrLxiw_0000_S363_E974_L497_T0_R1121_B560,dpt,611,0.010495815426111221,9.559578029438853e-05,0.002872411161661148
w7zqBnrLxiw,w7zqBnrLxiw_0000_S363_E974_L497_T0_R1121_B560,artalk,611,0.007040307857096195,2.6993724532076158e-05,0.0026908954605460167
w7zqBnrLxiw,w7zqBnrLxiw_0000_S363_E974_L497_T0_R1121_B560,multitalk,611,0.012649640440940857,8.14814047771506e-05,0.002408543834462762
w7zqBnrLxiw,w7zqBnrLxiw_0000_S363_E974_L497_T0_R1121_B560,codetalker,611,0.01321828830987215,0.00014782571815885603,0.006266810931265354
wAaHY_SXdgY,wAaHY_SXdgY_0002_S1294_E1699_L42_T69_R810_B709,dpt,337,0.013951830565929413,0.00014165608445182443,0.00550962146371603
wAaHY_SXdgY,wAaHY_SXdgY_0002_S1294_E1699_L42_T69_R810_B709,artalk,338,0.00968138873577118,0.00012384647561702877,0.0061135548166930676
wAaHY_SXdgY,wAaHY_SXdgY_0002_S1294_E1699_L42_T69_R810_B709,multitalk,337,0.01581493765115738,0.00013940392818767577,0.010602454654872417
wAaHY_SXdgY,wAaHY_SXdgY_0002_S1294_E1699_L42_T69_R810_B709,codetalker,340,0.014072611927986145,0.00016501745267305523,0.005437302403151989
wB5lKhN4uoY,wB5lKhN4uoY_0004_S1080_E1371_L212_T98_R468_B354,dpt,291,0.007059501949697733,5.6836375733837485e-05,0.0053820982575416565
wB5lKhN4uoY,wB5lKhN4uoY_0004_S1080_E1371_L212_T98_R468_B354,artalk,291,0.007804976310580969,-0.00011406331032048911,0.005055504385381937
wB5lKhN4uoY,wB5lKhN4uoY_0004_S1080_E1371_L212_T98_R468_B354,multitalk,291,0.013212747871875763,5.569033601204865e-05,0.003723593195900321
wB5lKhN4uoY,wB5lKhN4uoY_0004_S1080_E1371_L212_T98_R468_B354,codetalker,291,0.007709804456681013,6.05771601840388e-05,0.0037235021591186523
wFS3088FEUk,wFS3088FEUk_0000_S1343_E1919_L418_T57_R786_B425,dpt,480,0.008929836563766003,7.307704800041392e-05,0.002965182065963745
wFS3088FEUk,wFS3088FEUk_0000_S1343_E1919_L418_T57_R786_B425,artalk,481,0.006607457064092159,-6.664815737167373e-05,0.0028572622686624527
wFS3088FEUk,wFS3088FEUk_0000_S1343_E1919_L418_T57_R786_B425,multitalk,480,0.010046597570180893,0.00010177613876294345,0.005316296126693487
wFS3088FEUk,wFS3088FEUk_0000_S1343_E1919_L418_T57_R786_B425,codetalker,482,0.009291686117649078,0.00011226611968595535,0.004528374876827002
wFkig7Vh8YU,wFkig7Vh8YU_0000_S1009_E1345_L170_T72_R522_B424,dpt,280,0.010692693293094635,0.00021529280638787895,0.004065138753503561
wFkig7Vh8YU,wFkig7Vh8YU_0000_S1009_E1345_L170_T72_R522_B424,artalk,281,0.007061840500682592,0.00014826942060608417,0.00313772214576602
wFkig7Vh8YU,wFkig7Vh8YU_0000_S1009_E1345_L170_T72_R522_B424,multitalk,280,0.009927500039339066,0.00023785092344041914,0.005280773621052504
wFkig7Vh8YU,wFkig7Vh8YU_0000_S1009_E1345_L170_T72_R522_B424,codetalker,282,0.010969218797981739,0.00027224249788559973,0.007833833806216717
wJKn7xElol8,wJKn7xElol8_0001_S570_E832_L523_T11_R1099_B587,dpt,262,0.008706801570951939,0.00032160989940166473,0.006099087651818991
wJKn7xElol8,wJKn7xElol8_0001_S570_E832_L523_T11_R1099_B587,artalk,262,0.0075171650387346745,0.000104981787444558,0.00533636286854744
wJKn7xElol8,wJKn7xElol8_0001_S570_E832_L523_T11_R1099_B587,multitalk,262,0.012888661585748196,0.00029601575806736946,0.0036680279299616814
wJKn7xElol8,wJKn7xElol8_0001_S570_E832_L523_T11_R1099_B587,codetalker,262,0.008043216541409492,0.0002966997853945941,0.004283706657588482
wN-xfvQKBgc,wN-xfvQKBgc_0010_S1029_E1229_L422_T66_R822_B466,dpt,200,0.010431652888655663,0.00013489443517755717,0.007374393753707409
wN-xfvQKBgc,wN-xfvQKBgc_0010_S1029_E1229_L422_T66_R822_B466,artalk,200,0.010516071692109108,4.961839658790268e-05,0.006597431842237711
wN-xfvQKBgc,wN-xfvQKBgc_0010_S1029_E1229_L422_T66_R822_B466,multitalk,200,0.01201291661709547,0.00013918752665631473,0.00828042346984148
wN-xfvQKBgc,wN-xfvQKBgc_0010_S1029_E1229_L422_T66_R822_B466,codetalker,200,0.009537297300994396,0.0001426699891453609,0.003991118166595697
wRQGTMig_P8,wRQGTMig_P8_0001_S1261_E1607_L463_T8_R719_B264,dpt,289,0.008958544582128525,0.00019635510398074985,0.0030827829614281654
wRQGTMig_P8,wRQGTMig_P8_0001_S1261_E1607_L463_T8_R719_B264,artalk,290,0.0071698944084346294,0.0001013098590192385,0.00300850672647357
wRQGTMig_P8,wRQGTMig_P8_0001_S1261_E1607_L463_T8_R719_B264,multitalk,288,0.014040693640708923,0.00023594747472088784,0.004706705920398235
wRQGTMig_P8,wRQGTMig_P8_0001_S1261_E1607_L463_T8_R719_B264,codetalker,290,0.009099770337343216,0.00027317326748743653,0.00556819885969162
wTYpjp9Bzrs,wTYpjp9Bzrs_0024_S1144_E1412_L372_T61_R772_B461,dpt,224,0.007955671288073063,6.195413880050182e-05,0.0033242679201066494
wTYpjp9Bzrs,wTYpjp9Bzrs_0024_S1144_E1412_L372_T61_R772_B461,artalk,225,0.006235815584659576,7.380825991276652e-05,0.0029959704261273146
wTYpjp9Bzrs,wTYpjp9Bzrs_0024_S1144_E1412_L372_T61_R772_B461,multitalk,223,0.00917060300707817,7.206211739685386e-05,0.0023358198814094067
wTYpjp9Bzrs,wTYpjp9Bzrs_0024_S1144_E1412_L372_T61_R772_B461,codetalker,225,0.01251958217471838,3.226355693186633e-05,0.00757092097774148
wV7TB-8PyhU,wV7TB-8PyhU_0000_S894_E1331_L480_T119_R768_B407,dpt,437,0.011324183084070683,8.699634781805798e-05,0.003059037495404482
wV7TB-8PyhU,wV7TB-8PyhU_0000_S894_E1331_L480_T119_R768_B407,artalk,437,0.007593995425850153,2.4239418053184636e-05,0.002752732252702117
wV7TB-8PyhU,wV7TB-8PyhU_0000_S894_E1331_L480_T119_R768_B407,multitalk,436,0.008497274480760098,0.00011743276263587177,0.004310885909944773
wV7TB-8PyhU,wV7TB-8PyhU_0000_S894_E1331_L480_T119_R768_B407,codetalker,437,0.010757631622254848,0.00013907309039495885,0.005701135843992233
w_Ms7re3lYU,w_Ms7re3lYU_0000_S0_E510_L154_T0_R1098_B704,dpt,425,0.01258237473666668,0.0004415708244778216,0.0061435033567249775
w_Ms7re3lYU,w_Ms7re3lYU_0000_S0_E510_L154_T0_R1098_B704,artalk,426,0.010202348232269287,0.0004072947194799781,0.007011649664491415
w_Ms7re3lYU,w_Ms7re3lYU_0000_S0_E510_L154_T0_R1098_B704,multitalk,425,0.012801697477698326,0.0004733957175631076,0.007157591637223959
w_Ms7re3lYU,w_Ms7re3lYU_0000_S0_E510_L154_T0_R1098_B704,codetalker,427,0.016843482851982117,0.0004859090258833021,0.013357039541006088
waHHFLAet8A,waHHFLAet8A_0013_S1141_E1478_L149_T3_R661_B515,dpt,280,0.011792304925620556,9.73998467088677e-05,0.004085189197212458
waHHFLAet8A,waHHFLAet8A_0013_S1141_E1478_L149_T3_R661_B515,artalk,281,0.012216554023325443,5.361907460610382e-05,0.0023245951160788536
waHHFLAet8A,waHHFLAet8A_0013_S1141_E1478_L149_T3_R661_B515,multitalk,280,0.010623299516737461,9.772714838618413e-05,0.0030307734850794077
waHHFLAet8A,waHHFLAet8A_0013_S1141_E1478_L149_T3_R661_B515,codetalker,283,0.01123417541384697,0.00020661056623794138,0.004392352420836687
wbokl5PhXEg,wbokl5PhXEg_0000_S753_E1101_L92_T6_R812_B710,dpt,290,0.007816276513040066,0.000213681734749116,0.0022672913037240505
wbokl5PhXEg,wbokl5PhXEg_0000_S753_E1101_L92_T6_R812_B710,artalk,291,0.006220311392098665,6.958242011023685e-05,0.002345672342926264
wbokl5PhXEg,wbokl5PhXEg_0000_S753_E1101_L92_T6_R812_B710,multitalk,290,0.009074616245925426,0.00019517011241987348,0.005873540416359901
wbokl5PhXEg,wbokl5PhXEg_0000_S753_E1101_L92_T6_R812_B710,codetalker,292,0.007975385524332523,0.00022610509768128395,0.004593547433614731
whbyuy2nHBg,whbyuy2nHBg_0000_S1456_E1828_L232_T0_R1032_B704,dpt,310,0.011038336902856827,0.00027858029352501035,0.007947000674903393
whbyuy2nHBg,whbyuy2nHBg_0000_S1456_E1828_L232_T0_R1032_B704,artalk,311,0.010927395895123482,0.0001493546151323244,0.008031117729842663
whbyuy2nHBg,whbyuy2nHBg_0000_S1456_E1828_L232_T0_R1032_B704,multitalk,310,0.012358322739601135,0.00031031647813506424,0.010811575688421726
whbyuy2nHBg,whbyuy2nHBg_0000_S1456_E1828_L232_T0_R1032_B704,codetalker,312,0.009158793836832047,0.0002718971227295697,0.005463756620883942
wm9QvbgryRg,wm9QvbgryRg_0000_S154_E454_L290_T0_R818_B448,dpt,312,0.009906398132443428,9.42075639613904e-05,0.005921753589063883
wm9QvbgryRg,wm9QvbgryRg_0000_S154_E454_L290_T0_R818_B448,artalk,313,0.009365051984786987,-6.097845471231267e-06,0.004644555971026421
wm9QvbgryRg,wm9QvbgryRg_0000_S154_E454_L290_T0_R818_B448,multitalk,312,0.010632849298417568,0.00012897417764179409,0.0032279507722705603
wm9QvbgryRg,wm9QvbgryRg_0000_S154_E454_L290_T0_R818_B448,codetalker,313,0.0088057154789567,0.00014761966303922236,0.0040779197588562965
wmKPIm2HuXM,wmKPIm2HuXM_0000_S49_E426_L333_T52_R973_B692,dpt,314,0.014018377289175987,8.467177394777536e-05,0.0047136759385466576
wmKPIm2HuXM,wmKPIm2HuXM_0000_S49_E426_L333_T52_R973_B692,artalk,315,0.012097829021513462,-1.1346120118105318e-05,0.004773471038788557
wmKPIm2HuXM,wmKPIm2HuXM_0000_S49_E426_L333_T52_R973_B692,multitalk,314,0.011406407691538334,0.00010691995703382418,0.004508685786277056
wmKPIm2HuXM,wmKPIm2HuXM_0000_S49_E426_L333_T52_R973_B692,codetalker,316,0.012775039300322533,0.00015057114069350064,0.005972894839942455
wonfEPTNA0w,wonfEPTNA0w_0000_S1255_E1479_L98_T0_R898_B688,dpt,233,0.016056686639785767,0.0003722826950252056,0.004935275763273239
wonfEPTNA0w,wonfEPTNA0w_0000_S1255_E1479_L98_T0_R898_B688,artalk,233,0.01676531881093979,0.00025411101523786783,0.004932558164000511
wonfEPTNA0w,wonfEPTNA0w_0000_S1255_E1479_L98_T0_R898_B688,multitalk,233,0.013851196505129337,0.0003252500027883798,0.006066206842660904
wonfEPTNA0w,wonfEPTNA0w_0000_S1255_E1479_L98_T0_R898_B688,codetalker,233,0.01863734982907772,0.0003861364384647459,0.004361320286989212
wrtkQSU_Ekc,wrtkQSU_Ekc_0002_S158_E420_L447_T0_R879_B432,dpt,218,0.01010040007531643,0.00023816319298930466,0.003864022670313716
wrtkQSU_Ekc,wrtkQSU_Ekc_0002_S158_E420_L447_T0_R879_B432,artalk,219,0.008842197246849537,0.0001366334327030927,0.0032705727498978376
wrtkQSU_Ekc,wrtkQSU_Ekc_0002_S158_E420_L447_T0_R879_B432,multitalk,218,0.011233777739107609,0.00025305888266302645,0.003991898149251938
wrtkQSU_Ekc,wrtkQSU_Ekc_0002_S158_E420_L447_T0_R879_B432,codetalker,221,0.009741706773638725,0.00028838272555731237,0.005477949045598507
wrtrwY2caSI,wrtrwY2caSI_0001_S1518_E1799_L253_T25_R589_B361,dpt,234,0.007901964709162712,0.00026205723406746984,0.0036330274306237698
wrtrwY2caSI,wrtrwY2caSI_0001_S1518_E1799_L253_T25_R589_B361,artalk,235,0.004851125180721283,0.0002013538614846766,0.0021870562341064215
wrtrwY2caSI,wrtrwY2caSI_0001_S1518_E1799_L253_T25_R589_B361,multitalk,234,0.0087825832888484,0.0002686292864382267,0.003206053748726845
wrtrwY2caSI,wrtrwY2caSI_0001_S1518_E1799_L253_T25_R589_B361,codetalker,236,0.009269865229725838,0.00030568495276384056,0.005378912668675184
wwBfqXf-1Xg,wwBfqXf-1Xg_0000_S1302_E1919_L316_T0_R924_B560,dpt,514,0.011414438486099243,0.0003969956305809319,0.002669427776709199
wwBfqXf-1Xg,wwBfqXf-1Xg_0000_S1302_E1919_L316_T0_R924_B560,artalk,515,0.006446335464715958,0.00026241125306114554,0.0036205961368978024
wwBfqXf-1Xg,wwBfqXf-1Xg_0000_S1302_E1919_L316_T0_R924_B560,multitalk,514,0.01199580729007721,0.0003802230639848858,0.0050967722199857235
wwBfqXf-1Xg,wwBfqXf-1Xg_0000_S1302_E1919_L316_T0_R924_B560,codetalker,516,0.012599017471075058,0.00041577141382731497,0.008942294865846634
wyM-7ra8uY4,wyM-7ra8uY4_0002_S1317_E1629_L389_T35_R837_B483,dpt,260,0.01046404242515564,0.0001557428331580013,0.003497903933748603
wyM-7ra8uY4,wyM-7ra8uY4_0002_S1317_E1629_L389_T35_R837_B483,artalk,261,0.008931300602853298,1.652565333642997e-05,0.0032513150945305824
wyM-7ra8uY4,wyM-7ra8uY4_0002_S1317_E1629_L389_T35_R837_B483,multitalk,259,0.012542949989438057,0.00016726169269531965,0.004422912374138832
wyM-7ra8uY4,wyM-7ra8uY4_0002_S1317_E1629_L389_T35_R837_B483,codetalker,262,0.012719818390905857,0.00018266109691467136,0.007382093463093042
wz3TSWrZVjM,wz3TSWrZVjM_0001_S1055_E1405_L454_T9_R966_B521,dpt,291,0.011633160524070263,0.00019385918858461082,0.006103884428739548
wz3TSWrZVjM,wz3TSWrZVjM_0001_S1055_E1405_L454_T9_R966_B521,artalk,292,0.005977024789899588,2.1459016352309845e-05,0.004087368026375771
wz3TSWrZVjM,wz3TSWrZVjM_0001_S1055_E1405_L454_T9_R966_B521,multitalk,291,0.013631199486553669,0.00019798653374891728,0.004045672249048948
wz3TSWrZVjM,wz3TSWrZVjM_0001_S1055_E1405_L454_T9_R966_B521,codetalker,294,0.009081650525331497,0.00020388599659781903,0.004149829503148794
x-YG6j9ZYsY,x-YG6j9ZYsY_0000_S27_E369_L306_T8_R946_B648,dpt,309,0.009834942407906055,0.00019462064665276557,0.004475747235119343
x-YG6j9ZYsY,x-YG6j9ZYsY_0000_S27_E369_L306_T8_R946_B648,artalk,310,0.008390463888645172,5.745763337472454e-05,0.0052579594776034355
x-YG6j9ZYsY,x-YG6j9ZYsY_0000_S27_E369_L306_T8_R946_B648,multitalk,309,0.015216385945677757,0.00020756741287186742,0.005499407649040222
x-YG6j9ZYsY,x-YG6j9ZYsY_0000_S27_E369_L306_T8_R946_B648,codetalker,312,0.010334828868508339,0.00021923077292740345,0.0066953301429748535
x-ty9x6-P1o,x-ty9x6-P1o_0000_S1040_E1294_L191_T0_R511_B304,dpt,254,0.009248815476894379,0.0001641797280171886,0.0038987372536212206
x-ty9x6-P1o,x-ty9x6-P1o_0000_S1040_E1294_L191_T0_R511_B304,artalk,254,0.00946427509188652,5.885936479899101e-05,0.005930506158620119
x-ty9x6-P1o,x-ty9x6-P1o_0000_S1040_E1294_L191_T0_R511_B304,multitalk,254,0.009076114743947983,0.00018842164718080312,0.004789660219103098
x-ty9x6-P1o,x-ty9x6-P1o_0000_S1040_E1294_L191_T0_R511_B304,codetalker,254,0.013576244004070759,0.0002336403849767521,0.011308732442557812
x2Sh6TOWjkM,x2Sh6TOWjkM_0001_S1026_E1290_L218_T0_R1082_B448,dpt,220,0.016552569344639778,4.2689574911491945e-05,0.0037955935113132
x2Sh6TOWjkM,x2Sh6TOWjkM_0001_S1026_E1290_L218_T0_R1082_B448,artalk,221,0.012388813309371471,-4.345588604337536e-05,0.002789173973724246
x2Sh6TOWjkM,x2Sh6TOWjkM_0001_S1026_E1290_L218_T0_R1082_B448,multitalk,219,0.021510299295186996,6.6763001086656e-05,0.0037506604567170143
x2Sh6TOWjkM,x2Sh6TOWjkM_0001_S1026_E1290_L218_T0_R1082_B448,codetalker,222,0.01633247174322605,7.107081910362467e-05,0.0035533697810024023
x8LIzP4vBrQ,x8LIzP4vBrQ_0006_S105_E574_L219_T0_R891_B624,dpt,391,0.010663776658475399,0.00025029247626662254,0.006502470467239618
x8LIzP4vBrQ,x8LIzP4vBrQ_0006_S105_E574_L219_T0_R891_B624,artalk,392,0.010628286749124527,0.00015322941180784255,0.007324156817048788
x8LIzP4vBrQ,x8LIzP4vBrQ_0006_S105_E574_L219_T0_R891_B624,multitalk,391,0.012645574286580086,0.00024651363492012024,0.006666270550340414
x8LIzP4vBrQ,x8LIzP4vBrQ_0006_S105_E574_L219_T0_R891_B624,codetalker,393,0.014170825481414795,0.000292501033982262,0.009780352003872395
x99gUDpak34,x99gUDpak34_0000_S860_E1080_L382_T57_R830_B505,dpt,220,0.011144129559397697,3.465095505816862e-05,0.006876110099256039
x99gUDpak34,x99gUDpak34_0000_S860_E1080_L382_T57_R830_B505,artalk,220,0.011526374146342278,-9.843051520874724e-05,0.007592098321765661
x99gUDpak34,x99gUDpak34_0000_S860_E1080_L382_T57_R830_B505,multitalk,219,0.011012532748281956,2.573811616457533e-05,0.008550088852643967
x99gUDpak34,x99gUDpak34_0000_S860_E1080_L382_T57_R830_B505,codetalker,220,0.008080922067165375,8.020245149964467e-05,0.0036881619598716497
xCDQAlQfzNs,xCDQAlQfzNs_0000_S0_E297_L451_T0_R867_B400,dpt,247,0.00783754326403141,0.00012671269359998405,0.003302426543086767
xCDQAlQfzNs,xCDQAlQfzNs_0000_S0_E297_L451_T0_R867_B400,artalk,248,0.006737851072102785,1.819003591663204e-05,0.0027100564911961555
xCDQAlQfzNs,xCDQAlQfzNs_0000_S0_E297_L451_T0_R867_B400,multitalk,247,0.008864827454090118,0.00010261532588629052,0.00391733180731535
xCDQAlQfzNs,xCDQAlQfzNs_0000_S0_E297_L451_T0_R867_B400,codetalker,249,0.008801971562206745,0.00013978446077089757,0.004986543208360672
xFFs9UgOAlE,xFFs9UgOAlE_0037_S0_E301_L463_T106_R735_B378,dpt,251,0.008490197360515594,9.75292205112055e-05,0.006236958783119917
xFFs9UgOAlE,xFFs9UgOAlE_0037_S0_E301_L463_T106_R735_B378,artalk,252,0.00719284825026989,5.602771125268191e-06,0.0052862162701785564
xFFs9UgOAlE,xFFs9UgOAlE_0037_S0_E301_L463_T106_R735_B378,multitalk,251,0.010956469923257828,0.00013055290037300438,0.00734569551423192
xFFs9UgOAlE,xFFs9UgOAlE_0037_S0_E301_L463_T106_R735_B378,codetalker,253,0.009311683475971222,0.00017026571731548756,0.003778288373723626
xIyfkI0jJMs,xIyfkI0jJMs_0002_S0_E568_L312_T31_R840_B559,dpt,474,0.015110233798623085,0.0002571374352555722,0.0022654745262116194
xIyfkI0jJMs,xIyfkI0jJMs_0002_S0_E568_L312_T31_R840_B559,artalk,475,0.00863785482943058,0.00023310110555030406,0.0050017195753753185
xIyfkI0jJMs,xIyfkI0jJMs_0002_S0_E568_L312_T31_R840_B559,multitalk,474,0.014571286737918854,0.00017212957027368248,0.0021841563284397125
xIyfkI0jJMs,xIyfkI0jJMs_0002_S0_E568_L312_T31_R840_B559,codetalker,476,0.012876435182988644,0.00022589047148358077,0.0027180355973541737
xJUlD1q4bRw,xJUlD1q4bRw_0000_S1253_E1546_L70_T0_R1238_B704,dpt,244,0.012341385707259178,0.00015068694483488798,0.007611194625496864
xJUlD1q4bRw,xJUlD1q4bRw_0000_S1253_E1546_L70_T0_R1238_B704,artalk,245,0.010546618141233921,5.693439015885815e-05,0.007011426612734795
xJUlD1q4bRw,xJUlD1q4bRw_0000_S1253_E1546_L70_T0_R1238_B704,multitalk,244,0.012126132845878601,0.00013851080439053476,0.002664149273186922
xJUlD1q4bRw,xJUlD1q4bRw_0000_S1253_E1546_L70_T0_R1238_B704,codetalker,246,0.015528889372944832,0.00020669290097430348,0.013398295268416405
xMhd22uQusw,xMhd22uQusw_0000_S1358_E1756_L368_T43_R880_B555,dpt,332,0.010478491894900799,0.00013726335600949824,0.0035997892264276743
xMhd22uQusw,xMhd22uQusw_0000_S1358_E1756_L368_T43_R880_B555,artalk,333,0.0061651538126170635,-3.328662569401786e-05,0.0022406510543078184
xMhd22uQusw,xMhd22uQusw_0000_S1358_E1756_L368_T43_R880_B555,multitalk,331,0.015385237522423267,0.00015298393554985523,0.006460617762058973
xMhd22uQusw,xMhd22uQusw_0000_S1358_E1756_L368_T43_R880_B555,codetalker,334,0.011497731320559978,0.00013310716894920915,0.007564915809780359
xSaGl8fiiYk,xSaGl8fiiYk_0000_S2_E315_L18_T0_R1026_B704,dpt,326,0.007726175710558891,0.0001835466973716393,0.003012854140251875
xSaGl8fiiYk,xSaGl8fiiYk_0000_S2_E315_L18_T0_R1026_B704,artalk,326,0.006410426925867796,8.930618787417188e-05,0.0031688623130321503
xSaGl8fiiYk,xSaGl8fiiYk_0000_S2_E315_L18_T0_R1026_B704,multitalk,326,0.010001445189118385,0.00018086368800140917,0.002448307117447257
xSaGl8fiiYk,xSaGl8fiiYk_0000_S2_E315_L18_T0_R1026_B704,codetalker,326,0.008570881560444832,0.00022306389291770756,0.006609328556805849
xe21-4hVA20,xe21-4hVA20_0000_S0_E376_L300_T123_R940_B715,dpt,313,0.013705450110137463,0.0001907605183077976,0.0036146154161542654
xe21-4hVA20,xe21-4hVA20_0000_S0_E376_L300_T123_R940_B715,artalk,314,0.007184954825788736,6.612559081986547e-05,0.0026552588678896427
xe21-4hVA20,xe21-4hVA20_0000_S0_E376_L300_T123_R940_B715,multitalk,313,0.018369166180491447,0.00019486928067635745,0.004682248458266258
xe21-4hVA20,xe21-4hVA20_0000_S0_E376_L300_T123_R940_B715,codetalker,315,0.011528639122843742,0.00021931763330940157,0.005229444708675146
xgpgHZ9iTMo,xgpgHZ9iTMo_0001_S1050_E1390_L580_T38_R948_B406,dpt,283,0.0077370028011500835,0.000294400000711903,0.003926592878997326
xgpgHZ9iTMo,xgpgHZ9iTMo_0001_S1050_E1390_L580_T38_R948_B406,artalk,284,0.005916011054068804,0.0001867732935352251,0.003820214420557022
xgpgHZ9iTMo,xgpgHZ9iTMo_0001_S1050_E1390_L580_T38_R948_B406,multitalk,283,0.01229341421276331,0.0002960212295874953,0.0033634647261351347
xgpgHZ9iTMo,xgpgHZ9iTMo_0001_S1050_E1390_L580_T38_R948_B406,codetalker,286,0.009181352332234383,0.00031417133868671954,0.007789907045662403
xjwSr2qv1cY,xjwSr2qv1cY_0000_S1167_E1361_L496_T14_R768_B286,dpt,202,0.008198926225304604,0.00015606021042913198,0.00356909423135221
xjwSr2qv1cY,xjwSr2qv1cY_0000_S1167_E1361_L496_T14_R768_B286,artalk,202,0.008543441072106361,5.5181473726406693e-05,0.003919900860637426
xjwSr2qv1cY,xjwSr2qv1cY_0000_S1167_E1361_L496_T14_R768_B286,multitalk,202,0.010048309341073036,0.0001579191884957254,0.007036521099507809
xjwSr2qv1cY,xjwSr2qv1cY_0000_S1167_E1361_L496_T14_R768_B286,codetalker,202,0.010916108265519142,0.00022513128351420164,0.005388952791690826
xkf9Gk1QuYo,xkf9Gk1QuYo_0000_S1013_E1385_L592_T13_R960_B381,dpt,310,0.010441796854138374,0.00012206862447783351,0.004628816153854132
xkf9Gk1QuYo,xkf9Gk1QuYo_0000_S1013_E1385_L592_T13_R960_B381,artalk,311,0.006689080968499184,5.752934157499112e-05,0.00415201298892498
xkf9Gk1QuYo,xkf9Gk1QuYo_0000_S1013_E1385_L592_T13_R960_B381,multitalk,310,0.009351938031613827,6.704353290842846e-05,0.005291779525578022
xkf9Gk1QuYo,xkf9Gk1QuYo_0000_S1013_E1385_L592_T13_R960_B381,codetalker,312,0.010959593579173088,0.00011781360080931336,0.009407078847289085
xnLoToJVQH4,xnLoToJVQH4_0000_S1368_E1823_L526_T7_R990_B471,dpt,379,0.012947340495884418,0.00013044607476331294,0.004573374520987272
xnLoToJVQH4,xnLoToJVQH4_0000_S1368_E1823_L526_T7_R990_B471,artalk,380,0.016691137105226517,1.0989391739713028e-05,0.006593566387891769
xnLoToJVQH4,xnLoToJVQH4_0000_S1368_E1823_L526_T7_R990_B471,multitalk,379,0.00963607057929039,0.00010416848090244457,0.0034668873995542526
xnLoToJVQH4,xnLoToJVQH4_0000_S1368_E1823_L526_T7_R990_B471,codetalker,381,0.018349507823586464,0.00014700651809107512,0.00870223343372345
xt7bRz9dX4A,xt7bRz9dX4A_0030_S1228_E1477_L297_T26_R553_B282,dpt,207,0.009421328082680702,0.0001907492842292413,0.003375257831066847
xt7bRz9dX4A,xt7bRz9dX4A_0030_S1228_E1477_L297_T26_R553_B282,artalk,208,0.008409292437136173,0.00011146286851726472,0.00329026416875422
xt7bRz9dX4A,xt7bRz9dX4A_0030_S1228_E1477_L297_T26_R553_B282,multitalk,207,0.01035910565406084,0.00018537999130785465,0.0048424978740513325
xt7bRz9dX4A,xt7bRz9dX4A_0030_S1228_E1477_L297_T26_R553_B282,codetalker,209,0.00998244434595108,0.000259884400293231,0.005867696832865477
xz7Ilex4McU,xz7Ilex4McU_0000_S0_E252_L365_T16_R1021_B672,dpt,210,0.01497319433838129,0.00039940470014698803,0.005790359806269407
xz7Ilex4McU,xz7Ilex4McU_0000_S0_E252_L365_T16_R1021_B672,artalk,211,0.011311005800962448,0.0003589634725358337,0.006049716845154762
xz7Ilex4McU,xz7Ilex4McU_0000_S0_E252_L365_T16_R1021_B672,multitalk,210,0.01560279168188572,0.00042484112782403827,0.004503326490521431
xz7Ilex4McU,xz7Ilex4McU_0000_S0_E252_L365_T16_R1021_B672,codetalker,212,0.018827160820364952,0.00043856058618985116,0.012242834083735943
y6Ge4RZsq4I,y6Ge4RZsq4I_0000_S936_E1535_L251_T20_R555_B324,dpt,599,0.012281584553420544,9.604120714357123e-05,0.006144765764474869
y6Ge4RZsq4I,y6Ge4RZsq4I_0000_S936_E1535_L251_T20_R555_B324,artalk,599,0.011662537232041359,-4.887831892119721e-06,0.004653134383261204
y6Ge4RZsq4I,y6Ge4RZsq4I_0000_S936_E1535_L251_T20_R555_B324,multitalk,598,0.012160762213170528,4.1724779293872416e-05,0.0074884891510009766
y6Ge4RZsq4I,y6Ge4RZsq4I_0000_S936_E1535_L251_T20_R555_B324,codetalker,599,0.009456290863454342,0.00014610119978897274,0.004273982252925634
y6zsW14YDBY,y6zsW14YDBY_0000_S553_E837_L501_T11_R869_B379,dpt,284,0.0073656379245221615,0.00011537554382812232,0.004795603454113007
y6zsW14YDBY,y6zsW14YDBY_0000_S553_E837_L501_T11_R869_B379,artalk,284,0.007761013228446245,9.670759027358145e-05,0.005927803926169872
y6zsW14YDBY,y6zsW14YDBY_0000_S553_E837_L501_T11_R869_B379,multitalk,284,0.01213599368929863,0.00018323872063774616,0.0081211868673563
y6zsW14YDBY,y6zsW14YDBY_0000_S553_E837_L501_T11_R869_B379,codetalker,284,0.00816403329372406,0.00016876439622137696,0.0035074735060334206
yHaY_d3QQR8,yHaY_d3QQR8_0000_S0_E273_L83_T0_R723_B640,dpt,228,0.012423055246472359,0.00020065417629666626,0.006490751169621944
yHaY_d3QQR8,yHaY_d3QQR8_0000_S0_E273_L83_T0_R723_B640,artalk,229,0.010857482440769672,8.862179674906656e-05,0.005101879592984915
yHaY_d3QQR8,yHaY_d3QQR8_0000_S0_E273_L83_T0_R723_B640,multitalk,228,0.00992755126208067,0.00023481751850340515,0.005617357324808836
yHaY_d3QQR8,yHaY_d3QQR8_0000_S0_E273_L83_T0_R723_B640,codetalker,229,0.015515120700001717,0.00025976100005209446,0.009495096281170845
yPqieOw41gc,yPqieOw41gc_0000_S1523_E1855_L736_T95_R1088_B447,dpt,277,0.012874596752226353,0.00026462264941073954,0.006383033003658056
yPqieOw41gc,yPqieOw41gc_0000_S1523_E1855_L736_T95_R1088_B447,artalk,278,0.00998222641646862,5.48174066352658e-05,0.005041702184826136
yPqieOw41gc,yPqieOw41gc_0000_S1523_E1855_L736_T95_R1088_B447,multitalk,277,0.013811836019158363,0.00022689167235512286,0.005654933862388134
yPqieOw41gc,yPqieOw41gc_0000_S1523_E1855_L736_T95_R1088_B447,codetalker,279,0.013844148255884647,0.0003101211041212082,0.0078082033433020115
yX5g1OHKE-E,yX5g1OHKE-E_0001_S1379_E1695_L456_T136_R808_B504,dpt,263,0.012770278379321098,7.848835957702249e-05,0.005595812574028969
yX5g1OHKE-E,yX5g1OHKE-E_0001_S1379_E1695_L456_T136_R808_B504,artalk,264,0.007909892126917839,8.682924999448005e-06,0.003068952588364482
yX5g1OHKE-E,yX5g1OHKE-E_0001_S1379_E1695_L456_T136_R808_B504,multitalk,263,0.01673186756670475,8.50210853968747e-05,0.008682637475430965
yX5g1OHKE-E,yX5g1OHKE-E_0001_S1379_E1695_L456_T136_R808_B504,codetalker,265,0.0104385269805789,0.0001380409230478108,0.006015648599714041
yXRXk5ubwW8,yXRXk5ubwW8_0000_S1524_E1774_L446_T40_R782_B376,dpt,208,0.011409127153456211,0.0001988089206861332,0.004832242149859667
yXRXk5ubwW8,yXRXk5ubwW8_0000_S1524_E1774_L446_T40_R782_B376,artalk,209,0.00820348784327507,0.00017025107808876783,0.0037109567783772945
yXRXk5ubwW8,yXRXk5ubwW8_0000_S1524_E1774_L446_T40_R782_B376,multitalk,208,0.02013504132628441,0.00023343788052443415,0.005287170875817537
yXRXk5ubwW8,yXRXk5ubwW8_0000_S1524_E1774_L446_T40_R782_B376,codetalker,210,0.012691148556768894,0.0002797427005134523,0.005078074987977743
yc3l8Xsk4k4,yc3l8Xsk4k4_0017_S1125_E1319_L548_T64_R1044_B560,dpt,202,0.009887280873954296,0.00012913181853946298,0.004710707813501358
yc3l8Xsk4k4,yc3l8Xsk4k4_0017_S1125_E1319_L548_T64_R1044_B560,artalk,203,0.007618722505867481,2.634027805470396e-05,0.004519702401012182
yc3l8Xsk4k4,yc3l8Xsk4k4_0017_S1125_E1319_L548_T64_R1044_B560,multitalk,202,0.010303192771971226,9.5825431344565e-05,0.004333900287747383
yc3l8Xsk4k4,yc3l8Xsk4k4_0017_S1125_E1319_L548_T64_R1044_B560,codetalker,203,0.010850624181330204,0.00020579433476086706,0.007000752259045839
yeVl67bOTD4,yeVl67bOTD4_0002_S364_E651_L496_T0_R848_B352,dpt,287,0.00937668327242136,0.00022335039102472365,0.0067810374312102795
yeVl67bOTD4,yeVl67bOTD4_0002_S364_E651_L496_T0_R848_B352,artalk,287,0.008341928943991661,9.439468703931198e-05,0.005866075865924358
yeVl67bOTD4,yeVl67bOTD4_0002_S364_E651_L496_T0_R848_B352,multitalk,287,0.011602934449911118,0.00011973885557381436,0.011307875625789165
yeVl67bOTD4,yeVl67bOTD4_0002_S364_E651_L496_T0_R848_B352,codetalker,287,0.009682371281087399,0.00023152299399953336,0.00519414059817791
yjD-_z6P75s,yjD-_z6P75s_0002_S0_E257_L815_T55_R1215_B455,dpt,214,0.008354158140718937,0.00012146803783252835,0.0038088704459369183
yjD-_z6P75s,yjD-_z6P75s_0002_S0_E257_L815_T55_R1215_B455,artalk,215,0.00824104342609644,7.941386138554662e-05,0.0019953998271375895
yjD-_z6P75s,yjD-_z6P75s_0002_S0_E257_L815_T55_R1215_B455,multitalk,214,0.009289895184338093,0.00013534935715142637,0.0038258282002061605
yjD-_z6P75s,yjD-_z6P75s_0002_S0_E257_L815_T55_R1215_B455,codetalker,217,0.009918144904077053,0.00016180654347408563,0.004148050677031279
yqCnnSfXrRg,yqCnnSfXrRg_0000_S447_E647_L470_T36_R1030_B596,dpt,208,0.010811526328325272,0.00014989716873969883,0.0036853705532848835
yqCnnSfXrRg,yqCnnSfXrRg_0000_S447_E647_L470_T36_R1030_B596,artalk,208,0.010280024260282516,3.048385406145826e-05,0.004228424746543169
yqCnnSfXrRg,yqCnnSfXrRg_0000_S447_E647_L470_T36_R1030_B596,multitalk,208,0.015038673765957355,8.465246355626732e-05,0.006581122055649757
yqCnnSfXrRg,yqCnnSfXrRg_0000_S447_E647_L470_T36_R1030_B596,codetalker,208,0.014406031928956509,0.0001925108372233808,0.00783880427479744
yrqpVREbHfs,yrqpVREbHfs_0002_S313_E568_L361_T0_R809_B448,dpt,265,0.011583839543163776,0.00011846399866044521,0.0029212390072643757
yrqpVREbHfs,yrqpVREbHfs_0002_S313_E568_L361_T0_R809_B448,artalk,266,0.007753020152449608,-3.769762315641856e-06,0.0030067411717027426
yrqpVREbHfs,yrqpVREbHfs_0002_S313_E568_L361_T0_R809_B448,multitalk,265,0.015463044866919518,0.00012438867997843772,0.002972894813865423
yrqpVREbHfs,yrqpVREbHfs_0002_S313_E568_L361_T0_R809_B448,codetalker,266,0.013416490517556667,0.00015781335241626948,0.007362996693700552
ysogiWIjy10,ysogiWIjy10_0003_S798_E1188_L418_T32_R978_B592,dpt,406,0.010112294927239418,0.00025745670427568257,0.00666317343711853
ysogiWIjy10,ysogiWIjy10_0003_S798_E1188_L418_T32_R978_B592,artalk,407,0.00914442352950573,0.00021185992227401584,0.005965421441942453
ysogiWIjy10,ysogiWIjy10_0003_S798_E1188_L418_T32_R978_B592,multitalk,406,0.011299417354166508,0.00029087383882142603,0.005188938230276108
ysogiWIjy10,ysogiWIjy10_0003_S798_E1188_L418_T32_R978_B592,codetalker,407,0.013442189432680607,0.0002948559704236686,0.011998512782156467
yu2iuSrpjHo,yu2iuSrpjHo_0003_S916_E1286_L449_T58_R1025_B634,dpt,308,0.011831915006041527,0.00020977098029106855,0.004390171263366938
yu2iuSrpjHo,yu2iuSrpjHo_0003_S916_E1286_L449_T58_R1025_B634,artalk,309,0.008153104223310947,0.00014192711387295276,0.0029719399753957987
yu2iuSrpjHo,yu2iuSrpjHo_0003_S916_E1286_L449_T58_R1025_B634,multitalk,308,0.01363325770944357,6.672413292108104e-05,0.004889641422778368
yu2iuSrpjHo,yu2iuSrpjHo_0003_S916_E1286_L449_T58_R1025_B634,codetalker,310,0.009485702030360699,0.00024278112687170506,0.003550328081473708
yu6gBfUQFNI,yu6gBfUQFNI_0000_S0_E264_L85_T0_R965_B704,dpt,264,0.011680220253765583,0.00023901583335828036,0.003268399043008685
yu6gBfUQFNI,yu6gBfUQFNI_0000_S0_E264_L85_T0_R965_B704,artalk,264,0.005905421916395426,0.00013371808745432645,0.002983131678774953
yu6gBfUQFNI,yu6gBfUQFNI_0000_S0_E264_L85_T0_R965_B704,multitalk,264,0.014888420701026917,0.00028490828117355704,0.0055525945499539375
yu6gBfUQFNI,yu6gBfUQFNI_0000_S0_E264_L85_T0_R965_B704,codetalker,264,0.010740789584815502,0.00028546174871735275,0.004728715401142836
yuNg5JugqrE,yuNg5JugqrE_0001_S281_E778_L358_T5_R982_B629,dpt,497,0.009009931236505508,0.0004290941287763417,0.004462736658751965
yuNg5JugqrE,yuNg5JugqrE_0001_S281_E778_L358_T5_R982_B629,artalk,497,0.006642795633524656,0.0003240990627091378,0.004337498918175697
yuNg5JugqrE,yuNg5JugqrE_0001_S281_E778_L358_T5_R982_B629,multitalk,497,0.01258635614067316,0.00045382321695797145,0.0030704978853464127
yuNg5JugqrE,yuNg5JugqrE_0001_S281_E778_L358_T5_R982_B629,codetalker,497,0.009690710343420506,0.0004583127738442272,0.0031460770405828953
yvGUNb80FTI,yvGUNb80FTI_0013_S769_E1176_L485_T70_R789_B374,dpt,339,0.00874179694801569,9.646104444982484e-05,0.003597269067540765
yvGUNb80FTI,yvGUNb80FTI_0013_S769_E1176_L485_T70_R789_B374,artalk,340,0.007790080737322569,5.769895778939826e-06,0.00424846401438117
yvGUNb80FTI,yvGUNb80FTI_0013_S769_E1176_L485_T70_R789_B374,multitalk,339,0.008593554608523846,0.00011950480984523892,0.003558175638318062
yvGUNb80FTI,yvGUNb80FTI_0013_S769_E1176_L485_T70_R789_B374,codetalker,342,0.010168373584747314,0.00011717328743543476,0.00391951622441411
yxuTqbqzzpM,yxuTqbqzzpM_0006_S1351_E1752_L519_T48_R871_B400,dpt,334,0.008309689350426197,0.00014333560829982162,0.003334986511617899
yxuTqbqzzpM,yxuTqbqzzpM_0006_S1351_E1752_L519_T48_R871_B400,artalk,335,0.005429454147815704,2.1568686861428432e-05,0.0025999571662396193
yxuTqbqzzpM,yxuTqbqzzpM_0006_S1351_E1752_L519_T48_R871_B400,multitalk,334,0.012736823409795761,0.0001690705685177818,0.0030732189770787954
yxuTqbqzzpM,yxuTqbqzzpM_0006_S1351_E1752_L519_T48_R871_B400,codetalker,336,0.007357710041105747,0.00017948896856978536,0.0035701848100870848
z-KziTO_5so,z-KziTO_5so_0000_S1380_E1835_L459_T101_R923_B565,dpt,379,0.007533866912126541,8.508250175509602e-05,0.002768018515780568
z-KziTO_5so,z-KziTO_5so_0000_S1380_E1835_L459_T101_R923_B565,artalk,380,0.005491279996931553,-3.931329047190957e-05,0.0023640766739845276
z-KziTO_5so,z-KziTO_5so_0000_S1380_E1835_L459_T101_R923_B565,multitalk,379,0.007344565354287624,9.315512579632923e-05,0.002860914682969451
z-KziTO_5so,z-KziTO_5so_0000_S1380_E1835_L459_T101_R923_B565,codetalker,381,0.006762286648154259,8.00948910182342e-05,0.003718298627063632
z2-YMvHXvkk,z2-YMvHXvkk_0001_S162_E405_L757_T61_R1157_B461,dpt,253,0.010061378590762615,2.2078558686189353e-05,0.003843755694106221
z2-YMvHXvkk,z2-YMvHXvkk_0001_S162_E405_L757_T61_R1157_B461,artalk,253,0.0062199728563427925,-7.704201561864465e-05,0.0029412272851914167
z2-YMvHXvkk,z2-YMvHXvkk_0001_S162_E405_L757_T61_R1157_B461,multitalk,253,0.011801030486822128,-4.3283253035042435e-05,0.003992533776909113
z2-YMvHXvkk,z2-YMvHXvkk_0001_S162_E405_L757_T61_R1157_B461,codetalker,253,0.009538490325212479,3.9437509258277714e-05,0.00895667914301157
z83CZnYt72o,z83CZnYt72o_0001_S0_E278_L442_T0_R1162_B672,dpt,290,0.010700659826397896,0.00029433201416395605,0.0034521480556577444
z83CZnYt72o,z83CZnYt72o_0001_S0_E278_L442_T0_R1162_B672,artalk,290,0.008021444082260132,0.00022230876493267715,0.005357690155506134
z83CZnYt72o,z83CZnYt72o_0001_S0_E278_L442_T0_R1162_B672,multitalk,290,0.01236158050596714,0.00032940172241069376,0.005370548460632563
z83CZnYt72o,z83CZnYt72o_0001_S0_E278_L442_T0_R1162_B672,codetalker,290,0.012601561844348907,0.00035313135595060885,0.008424346335232258
z8gNQpsYIco,z8gNQpsYIco_0000_S407_E708_L797_T192_R1133_B528,dpt,251,0.016912730410695076,3.91447392757982e-05,0.013287152163684368
z8gNQpsYIco,z8gNQpsYIco_0000_S407_E708_L797_T192_R1133_B528,artalk,252,0.016821833327412605,-8.317992069351021e-06,0.01188927423208952
z8gNQpsYIco,z8gNQpsYIco_0000_S407_E708_L797_T192_R1133_B528,multitalk,251,0.016869887709617615,-6.47206834401004e-05,0.012682807631790638
z8gNQpsYIco,z8gNQpsYIco_0000_S407_E708_L797_T192_R1133_B528,codetalker,253,0.012752772308886051,-1.2603498362295795e-05,0.007511289790272713
zArkP0YCXw0,zArkP0YCXw0_0000_S1179_E1545_L416_T63_R768_B415,dpt,305,0.009723669849336147,0.00035467350971885026,0.0073671177960932255
zArkP0YCXw0,zArkP0YCXw0_0000_S1179_E1545_L416_T63_R768_B415,artalk,306,0.0064633553847670555,0.0002503309806343168,0.005491163115948439
zArkP0YCXw0,zArkP0YCXw0_0000_S1179_E1545_L416_T63_R768_B415,multitalk,305,0.009860766120254993,0.0003513211559038609,0.00671578012406826
zArkP0YCXw0,zArkP0YCXw0_0000_S1179_E1545_L416_T63_R768_B415,codetalker,307,0.0076811653561890125,0.0004069611895829439,0.0036622153129428625
zF-pekRLJ3M,zF-pekRLJ3M_0003_S0_E429_L50_T0_R1250_B704,dpt,357,0.01677928864955902,0.00024995175772346556,0.005752507597208023
zF-pekRLJ3M,zF-pekRLJ3M_0003_S0_E429_L50_T0_R1250_B704,artalk,358,0.013956868089735508,0.00019550908473320305,0.004780173767358065
zF-pekRLJ3M,zF-pekRLJ3M_0003_S0_E429_L50_T0_R1250_B704,multitalk,357,0.015433116815984249,0.00021852576173841953,0.005606432911008596
zF-pekRLJ3M,zF-pekRLJ3M_0003_S0_E429_L50_T0_R1250_B704,codetalker,359,0.018772747367620468,0.0003036644484382123,0.01048457995057106
zJIKjeOLOFw,zJIKjeOLOFw_0000_S0_E267_L544_T119_R992_B567,dpt,222,0.015638593584299088,7.814622222213075e-05,0.007645449135452509
zJIKjeOLOFw,zJIKjeOLOFw_0000_S0_E267_L544_T119_R992_B567,artalk,223,0.01347100455313921,-3.136205123155378e-05,0.008695298805832863
zJIKjeOLOFw,zJIKjeOLOFw_0000_S0_E267_L544_T119_R992_B567,multitalk,222,0.017745664343237877,1.956028245331254e-05,0.008509357459843159
zJIKjeOLOFw,zJIKjeOLOFw_0000_S0_E267_L544_T119_R992_B567,codetalker,224,0.01711028814315796,0.00011896811338374391,0.011563503183424473
zJahR4BmskA,zJahR4BmskA_0000_S33_E395_L346_T0_R1002_B640,dpt,301,0.00859837792813778,7.14305933797732e-05,0.0034596410114318132
zJahR4BmskA,zJahR4BmskA_0000_S33_E395_L346_T0_R1002_B640,artalk,302,0.006774359382688999,-4.663410800276324e-05,0.002808317309245467
zJahR4BmskA,zJahR4BmskA_0000_S33_E395_L346_T0_R1002_B640,multitalk,301,0.014529017731547356,6.709230365231633e-05,0.003307957900688052
zJahR4BmskA,zJahR4BmskA_0000_S33_E395_L346_T0_R1002_B640,codetalker,303,0.008133170194923878,0.00011109329352620989,0.0038814882282167673
zJuuBn8mTP8,zJuuBn8mTP8_0000_S1129_E1506_L192_T0_R928_B704,dpt,314,0.00723003875464201,3.1992807635106146e-05,0.004892702214419842
zJuuBn8mTP8,zJuuBn8mTP8_0000_S1129_E1506_L192_T0_R928_B704,artalk,315,0.006403231993317604,-6.621929787797853e-05,0.004204182419925928
zJuuBn8mTP8,zJuuBn8mTP8_0000_S1129_E1506_L192_T0_R928_B704,multitalk,314,0.011361697688698769,1.9385304767638445e-05,0.009414070285856724
zJuuBn8mTP8,zJuuBn8mTP8_0000_S1129_E1506_L192_T0_R928_B704,codetalker,316,0.008920375257730484,7.553238538093865e-05,0.0027296789921820164
zKwgR9IBovs,zKwgR9IBovs_0002_S1135_E1439_L466_T47_R754_B335,dpt,257,0.012999474070966244,0.0001252487418241799,0.008639819920063019
zKwgR9IBovs,zKwgR9IBovs_0002_S1135_E1439_L466_T47_R754_B335,artalk,258,0.010694802738726139,-3.645029210019857e-05,0.008682537823915482
zKwgR9IBovs,zKwgR9IBovs_0002_S1135_E1439_L466_T47_R754_B335,multitalk,257,0.01633336767554283,0.00012031489313812926,0.007616710849106312
zKwgR9IBovs,zKwgR9IBovs_0002_S1135_E1439_L466_T47_R754_B335,codetalker,258,0.01627969555556774,0.00014977628597989678,0.01302416156977415
zL_d7b1bsUE,zL_d7b1bsUE_0000_S1232_E1486_L428_T77_R780_B429,dpt,211,0.009985888376832008,9.928535291692242e-05,0.0025099501945078373
zL_d7b1bsUE,zL_d7b1bsUE_0000_S1232_E1486_L428_T77_R780_B429,artalk,212,0.008436248637735844,3.043453580175992e-05,0.0035486179403960705
zL_d7b1bsUE,zL_d7b1bsUE_0000_S1232_E1486_L428_T77_R780_B429,multitalk,211,0.008974066004157066,0.00016200380923692137,0.0028410262893885374
zL_d7b1bsUE,zL_d7b1bsUE_0000_S1232_E1486_L428_T77_R780_B429,codetalker,213,0.014080526307225227,0.00014205407933332026,0.0073095220141112804
zLaE0SmZdMo,zLaE0SmZdMo_0000_S338_E543_L43_T0_R987_B704,dpt,214,0.01170840673148632,0.0002622010069899261,0.005122211296111345
zLaE0SmZdMo,zLaE0SmZdMo_0000_S338_E543_L43_T0_R987_B704,artalk,214,0.013177947141230106,0.00014302783529274166,0.00690032122656703
zLaE0SmZdMo,zLaE0SmZdMo_0000_S338_E543_L43_T0_R987_B704,multitalk,214,0.011891200207173824,0.00022930814884603024,0.005631996318697929
zLaE0SmZdMo,zLaE0SmZdMo_0000_S338_E543_L43_T0_R987_B704,codetalker,214,0.01595018059015274,0.00027092790696769953,0.009184313006699085
zUDEten_j9o,zUDEten_j9o_0001_S492_E1049_L326_T33_R950_B657,dpt,557,0.013875814154744148,0.00011256659490754828,0.010312294587492943
zUDEten_j9o,zUDEten_j9o_0001_S492_E1049_L326_T33_R950_B657,artalk,557,0.013353707268834114,1.122902631323086e-06,0.00946982204914093
zUDEten_j9o,zUDEten_j9o_0001_S492_E1049_L326_T33_R950_B657,multitalk,557,0.010681727901101112,0.0001578184892423451,0.006185697391629219
zUDEten_j9o,zUDEten_j9o_0001_S492_E1049_L326_T33_R950_B657,codetalker,557,0.017615176737308502,0.00014774169540032744,0.014580612070858479
zZb8HVaO4Nc,zZb8HVaO4Nc_0001_S936_E1200_L654_T14_R1070_B430,dpt,264,0.006804872304201126,0.00017664053302723914,0.002776380628347397
zZb8HVaO4Nc,zZb8HVaO4Nc_0001_S936_E1200_L654_T14_R1070_B430,artalk,264,0.005659920629113913,9.517298894934356e-05,0.0029238301794975996
zZb8HVaO4Nc,zZb8HVaO4Nc_0001_S936_E1200_L654_T14_R1070_B430,multitalk,264,0.01442616805434227,0.00018782973347697407,0.0023651786614209414
zZb8HVaO4Nc,zZb8HVaO4Nc_0001_S936_E1200_L654_T14_R1070_B430,codetalker,264,0.00902570877224207,0.00021081131126265973,0.004048333037644625
zeO8n9byqg0,zeO8n9byqg0_0000_S192_E464_L475_T113_R891_B529,dpt,226,0.007630605716258287,0.00016258748655673116,0.0034019779413938522
zeO8n9byqg0,zeO8n9byqg0_0000_S192_E464_L475_T113_R891_B529,artalk,227,0.0071512130089104176,4.2573556129354984e-05,0.003160195192322135
zeO8n9byqg0,zeO8n9byqg0_0000_S192_E464_L475_T113_R891_B529,multitalk,226,0.00919817853718996,0.0001610941835679114,0.004031782504171133
zeO8n9byqg0,zeO8n9byqg0_0000_S192_E464_L475_T113_R891_B529,codetalker,228,0.010014977306127548,0.00018075988919008523,0.0062689282931387424
zesVY6sbjoM,zesVY6sbjoM_0000_S1486_E1817_L384_T117_R720_B453,dpt,276,0.008834237232804298,2.0271618268452585e-05,0.005020365584641695
zesVY6sbjoM,zesVY6sbjoM_0000_S1486_E1817_L384_T117_R720_B453,artalk,277,0.00987951923161745,-4.485038880375214e-05,0.004427132662385702
zesVY6sbjoM,zesVY6sbjoM_0000_S1486_E1817_L384_T117_R720_B453,multitalk,276,0.007969140075147152,2.7795427740784362e-05,0.005530199967324734
zesVY6sbjoM,zesVY6sbjoM_0000_S1486_E1817_L384_T117_R720_B453,codetalker,278,0.010774265043437481,4.770894884131849e-05,0.004617677535861731
zhESYHHbzsc,zhESYHHbzsc_0000_S0_E263_L394_T0_R1018_B592,dpt,274,0.01023690402507782,0.0002304633380845189,0.0019214506028220057
zhESYHHbzsc,zhESYHHbzsc_0000_S0_E263_L394_T0_R1018_B592,artalk,274,0.009187649004161358,0.00010196182847721502,0.0036391541361808777
zhESYHHbzsc,zhESYHHbzsc_0000_S0_E263_L394_T0_R1018_B592,multitalk,274,0.014034857973456383,0.00016608668374828994,0.002938272198662162
zhESYHHbzsc,zhESYHHbzsc_0000_S0_E263_L394_T0_R1018_B592,codetalker,274,0.012282481417059898,0.00026309414533898234,0.00585882319137454
zhI__xPhoW4,zhI__xPhoW4_0000_S1095_E1375_L476_T55_R860_B439,dpt,280,0.007623685989528894,0.00023548948229290545,0.0029767449013888836
zhI__xPhoW4,zhI__xPhoW4_0000_S1095_E1375_L476_T55_R860_B439,artalk,280,0.006546194665133953,0.00015542833716608584,0.003397765103727579
zhI__xPhoW4,zhI__xPhoW4_0000_S1095_E1375_L476_T55_R860_B439,multitalk,280,0.008367904461920261,0.0002616218407638371,0.0037320563569664955
zhI__xPhoW4,zhI__xPhoW4_0000_S1095_E1375_L476_T55_R860_B439,codetalker,280,0.008297893218696117,0.000257971667451784,0.004504713229835033
zlHe6erNcQA,zlHe6erNcQA_0002_S1234_E1504_L160_T0_R1040_B704,dpt,225,0.009129682555794716,0.00020622176816686988,0.0036209323443472385
zlHe6erNcQA,zlHe6erNcQA_0002_S1234_E1504_L160_T0_R1040_B704,artalk,226,0.00622826861217618,0.00020389042038004845,0.0022024645004421473
zlHe6erNcQA,zlHe6erNcQA_0002_S1234_E1504_L160_T0_R1040_B704,multitalk,225,0.009319707751274109,0.00021325168199837208,0.004165228921920061
zlHe6erNcQA,zlHe6erNcQA_0002_S1234_E1504_L160_T0_R1040_B704,codetalker,227,0.008415425196290016,0.0002823883551172912,0.003969770390540361
zotrHY6f1-4,zotrHY6f1-4_0001_S1137_E1759_L332_T4_R812_B484,dpt,518,0.011068048886954784,0.00030870488262735307,0.005511318799108267
zotrHY6f1-4,zotrHY6f1-4_0001_S1137_E1759_L332_T4_R812_B484,artalk,519,0.006931365001946688,0.00022429645468946546,0.004024716559797525
zotrHY6f1-4,zotrHY6f1-4_0001_S1137_E1759_L332_T4_R812_B484,multitalk,518,0.014513511210680008,0.00024974107509478927,0.004345648922026157
zotrHY6f1-4,zotrHY6f1-4_0001_S1137_E1759_L332_T4_R812_B484,codetalker,521,0.012886101379990578,0.00031926180236041546,0.010629074648022652
zqFEtAUGItg,zqFEtAUGItg_0002_S188_E442_L255_T0_R879_B576,dpt,265,0.010631073266267776,4.043929584440775e-05,0.005472828168421984
zqFEtAUGItg,zqFEtAUGItg_0002_S188_E442_L255_T0_R879_B576,artalk,265,0.008493872359395027,-7.347934115387034e-06,0.005441977176815271
zqFEtAUGItg,zqFEtAUGItg_0002_S188_E442_L255_T0_R879_B576,multitalk,265,0.009740048088133335,6.700940866721794e-05,0.0077538867481052876
zqFEtAUGItg,zqFEtAUGItg_0002_S188_E442_L255_T0_R879_B576,codetalker,265,0.00954076275229454,6.717043288517743e-05,0.004548655357211828
zqVaXf-E8us,zqVaXf-E8us_0006_S190_E428_L358_T0_R934_B544,dpt,238,0.008707158267498016,0.0002534354862291366,0.0026398897171020508
zqVaXf-E8us,zqVaXf-E8us_0006_S190_E428_L358_T0_R934_B544,artalk,238,0.005656642373651266,0.00018644120427779853,0.003043306525796652
zqVaXf-E8us,zqVaXf-E8us_0006_S190_E428_L358_T0_R934_B544,multitalk,237,0.009723635390400887,0.0002627502253744751,0.0027610710822045803
zqVaXf-E8us,zqVaXf-E8us_0006_S190_E428_L358_T0_R934_B544,codetalker,238,0.008893517777323723,0.0002562436566222459,0.005259939003735781
zucFlVCiV-g,zucFlVCiV-g_0000_S1436_E1935_L483_T41_R787_B345,dpt,416,0.013982145115733147,0.00016392675752285868,0.004262023605406284
zucFlVCiV-g,zucFlVCiV-g_0000_S1436_E1935_L483_T41_R787_B345,artalk,417,0.008193474262952805,5.6745986512396485e-05,0.0040868851356208324
zucFlVCiV-g,zucFlVCiV-g_0000_S1436_E1935_L483_T41_R787_B345,multitalk,416,0.015813805162906647,0.00016661874542478472,0.0032534077763557434
zucFlVCiV-g,zucFlVCiV-g_0000_S1436_E1935_L483_T41_R787_B345,codetalker,418,0.014226838946342468,0.00019633177726063877,0.008832039311528206
zwGcVuZCM4Y,zwGcVuZCM4Y_0000_S1348_E1855_L411_T7_R843_B439,dpt,376,0.009426715783774853,0.00026194643578492105,0.004469070117920637
zwGcVuZCM4Y,zwGcVuZCM4Y_0000_S1348_E1855_L411_T7_R843_B439,artalk,377,0.008900796994566917,0.00016269627667497844,0.0035032308660447598
zwGcVuZCM4Y,zwGcVuZCM4Y_0000_S1348_E1855_L411_T7_R843_B439,multitalk,376,0.012043725699186325,0.00022239249665290117,0.004468288738280535
zwGcVuZCM4Y,zwGcVuZCM4Y_0000_S1348_E1855_L411_T7_R843_B439,codetalker,378,0.0118394885212183,0.00026200333377346396,0.008432402275502682
zxN1HYq4iEg,zxN1HYq4iEg_0000_S656_E931_L536_T206_R840_B510,dpt,229,0.009870714507997036,0.000142928387504071,0.00683056004345417
zxN1HYq4iEg,zxN1HYq4iEg_0000_S656_E931_L536_T206_R840_B510,artalk,230,0.008378151804208755,7.931720756459981e-05,0.006140056066215038
zxN1HYq4iEg,zxN1HYq4iEg_0000_S656_E931_L536_T206_R840_B510,multitalk,229,0.01359571423381567,-0.000513532548211515,0.007456973195075989
zxN1HYq4iEg,zxN1HYq4iEg_0000_S656_E931_L536_T206_R840_B510,codetalker,231,0.006904181092977524,0.00017450787709094584,0.0036746577825397253
zygTUJZ93dE,zygTUJZ93dE_0000_S879_E1107_L471_T11_R839_B363,dpt,228,0.007609476801007986,0.00013940651842858642,0.003503580344840884
zygTUJZ93dE,zygTUJZ93dE_0000_S879_E1107_L471_T11_R839_B363,artalk,228,0.008758691139519215,5.475510624819435e-05,0.0034311721101403236
zygTUJZ93dE,zygTUJZ93dE_0000_S879_E1107_L471_T11_R839_B363,multitalk,228,0.011000633239746094,-2.8090740670450032e-05,0.008248819969594479
zygTUJZ93dE,zygTUJZ93dE_0000_S879_E1107_L471_T11_R839_B363,codetalker,228,0.00857502780854702,0.00017082264821510762,0.00429942412301898
